"codigo","nome","estado","lat","long","network","year.size","is_sul","rbar","classe_rbar","confia_theta","theta","mes_oposto","mes_oposto_nome","mes_relatorio","mes_relatorio_nome","n_meses_secos","seco_frac","mes_artigo","mes_hibrido_rbar","fonte_hibrido_rbar","mes_hibrido_nome"
"1068000","Xapuri","AC",-10.6497,-68.5067,"Hidroweb diário",41,FALSE,0.46246122541177126,"alta (>=0.3)",TRUE,0.31125383647864246,7,"jul",8,"ago",3,0.15,7,7,"theta_pi","jul"
"1069000","Assis Brasil","AC",-10.9436,-69.5656,"Hidroweb diário",38,FALSE,0.5433407006692791,"alta (>=0.3)",TRUE,6.219331503521854,6,"jun",8,"ago",3,0.15,6,6,"theta_pi","jun"
"1168001","Brasiléia","AC",-11.0233,-68.735,"Hidroweb diário",39,FALSE,0.4603144241359335,"alta (>=0.3)",TRUE,0.12648110879353514,7,"jul",8,"ago",3,0.15,6,7,"theta_pi","jul"
"771001","Tarauacá","AC",-7.9511,-71.4822,"Hidroweb diário",32,FALSE,0.44537196107174093,"alta (>=0.3)",TRUE,0.5969663676307315,8,"ago",8,"ago",3,0.15,7,8,"theta_pi","ago"
"772003","Tarauacá","AC",-7.8503,-72.0192,"Hidroweb diário",31,FALSE,0.4910732703414461,"alta (>=0.3)",TRUE,0.9733002431172356,8,"ago",9,"set",4,0.15,7,8,"theta_pi","ago"
"773000","Cruzeiro do Sul","AC",-7.4356,-73.6522,"Hidroweb diário",42,FALSE,0.2920292868555665,"media (0.20-0.3)",FALSE,0.5310190298516012,8,"ago",8,"ago",2,0.15,8,8,"ultimo_mes_seco","ago"
"82704","Cruzeiro do Sul","AC",-7.61,-72.68,"INMET diário",45,FALSE,0.28917044489547206,"media (0.20-0.3)",FALSE,1.1963715775097163,9,"set",8,"ago",3,0.15,7,8,"ultimo_mes_seco","ago"
"82807","Tarauaca","AC",-8.16027777,-70.7686111,"INMET diário",51,FALSE,0.5136300520337959,"alta (>=0.3)",TRUE,0.24965028995065075,7,"jul",8,"ago",3,0.15,7,7,"theta_pi","jul"
"82915","Rio Branco","AC",-9.96,-67.87,"INMET diário",51,FALSE,0.5258863278314115,"alta (>=0.3)",TRUE,0.4017498727678366,7,"jul",8,"ago",3,0.15,7,7,"theta_pi","jul"
"869000","Manoel Urbano","AC",-8.8842,-69.2681,"Hidroweb diário",31,FALSE,0.5471440726531357,"alta (>=0.3)",TRUE,0.29136511450477515,7,"jul",8,"ago",3,0.15,7,7,"theta_pi","jul"
"870002","Feijó","AC",-8.1636,-70.3564,"Hidroweb diário",35,FALSE,0.42983533178364486,"alta (>=0.3)",TRUE,0.3998872466652767,7,"jul",8,"ago",3,0.15,7,7,"theta_pi","jul"
"872000","Marechal Thaumaturgo","AC",-8.9353,-72.785,"Hidroweb diário",41,FALSE,0.40547895128596106,"alta (>=0.3)",TRUE,0.27794086408027546,7,"jul",8,"ago",3,0.15,7,7,"theta_pi","jul"
"872001","Porto Walter","AC",-8.2675,-72.7344,"Hidroweb diário",39,FALSE,0.6073723496967606,"alta (>=0.3)",TRUE,0.4541761741623512,7,"jul",8,"ago",3,0.15,7,7,"theta_pi","jul"
"967000","Rio Branco","AC",-9.9758,-67.8,"Hidroweb diário",49,FALSE,0.5300857091315966,"alta (>=0.3)",TRUE,0.46003133398802987,7,"jul",8,"ago",3,0.15,7,7,"theta_pi","jul"
"969001","Sena Madureira","AC",-9.1103,-68.9933,"Hidroweb diário",34,FALSE,0.5439728196210193,"alta (>=0.3)",TRUE,0.1912468192564654,7,"jul",8,"ago",3,0.15,7,7,"theta_pi","jul"
"972000","Marechal Thaumaturgo","AC",-9.4017,-72.7025,"Hidroweb diário",38,FALSE,0.44987487011757843,"alta (>=0.3)",TRUE,0.3823779728503962,7,"jul",9,"set",4,0.15,7,7,"theta_pi","jul"
"1036003","Igreja Nova","AL",-10.1167,-36.65,"Hidroweb diário",34,FALSE,0.5599672895402127,"alta (>=0.3)",TRUE,2.2437855424340443,11,"nov",1,"jan",4,0.15,11,11,"theta_pi","nov"
"1036004","Penedo","AL",-10.2833,-36.5833,"Hidroweb diário",61,FALSE,0.6230315076813796,"alta (>=0.3)",TRUE,2.402092853667965,11,"nov",2,"fev",5,0.15,12,11,"theta_pi","nov"
"1036005","Penedo","AL",-10.285,-36.5564,"Hidroweb diário",90,FALSE,0.5988110978114127,"alta (>=0.3)",TRUE,2.381861614076256,11,"nov",2,"fev",5,0.15,11,11,"theta_pi","nov"
"1036007","Piaçabuçú","AL",-10.4064,-36.4261,"Hidroweb diário",89,FALSE,0.5131781992456252,"alta (>=0.3)",TRUE,2.3664647741511375,11,"nov",2,"fev",6,0.15,10,11,"theta_pi","nov"
"1036008","Piaçabuçú","AL",-10.4053,-36.4219,"Hidroweb diário",69,FALSE,0.5442238982551616,"alta (>=0.3)",TRUE,2.1457459566613,11,"nov",2,"fev",6,0.15,11,11,"theta_pi","nov"
"1036009","Porto Real do Colégio","AL",-10.1833,-36.8333,"Hidroweb diário",81,FALSE,0.4494656345843713,"alta (>=0.3)",TRUE,1.9681083726632833,10,"out",2,"fev",5,0.15,10,10,"theta_pi","out"
"1036011","Coruripe","AL",-10.1167,-36.4,"Hidroweb diário",31,FALSE,0.5105188305610853,"alta (>=0.3)",TRUE,2.527010049404825,11,"nov",1,"jan",4,0.15,11,11,"theta_pi","nov"
"1036013","Coruripe","AL",-10.1167,-36.1667,"Hidroweb diário",49,FALSE,0.6187390377497538,"alta (>=0.3)",TRUE,2.2030345014403556,11,"nov",2,"fev",5,0.15,12,11,"theta_pi","nov"
"1036062","Coruripe","AL",-10.0314,-36.3039,"Hidroweb diário",36,FALSE,0.5899384197072244,"alta (>=0.3)",TRUE,2.680973444829044,12,"dez",3,"mar",6,0.15,11,12,"theta_pi","dez"
"82989","Agua Branca","AL",-9.26,-37.94,"INMET diário",44,FALSE,0.41212712008493085,"alta (>=0.3)",TRUE,1.3954183763140757,9,"set",2,"fev",5,0.15,11,9,"theta_pi","set"
"82990","Pao de Acucar","AL",-9.75,-37.43,"INMET diário",42,FALSE,0.317122002515642,"alta (>=0.3)",TRUE,1.6331481213790648,10,"out",1,"jan",4,0.15,11,10,"theta_pi","out"
"82992","Palmeira dos Indios","AL",-9.42027777,-36.62027777,"INMET diário",47,FALSE,0.444791407363885,"alta (>=0.3)",TRUE,1.9882503828812357,10,"out",2,"fev",6,0.15,11,10,"theta_pi","out"
"82994","Maceio","AL",-9.55,-35.77,"INMET diário",51,FALSE,0.5605547840759512,"alta (>=0.3)",TRUE,2.4461211904652496,11,"nov",2,"fev",5,0.15,11,11,"theta_pi","nov"
"82996","Porto de Pedras","AL",-9.162012,-35.299881,"INMET diário",46,FALSE,0.5654886485833632,"alta (>=0.3)",TRUE,2.6132594526415405,11,"nov",1,"jan",4,0.15,11,11,"theta_pi","nov"
"835072","Colônia Leopoldina","AL",-8.9167,-35.7167,"Hidroweb diário",37,FALSE,0.6360142335936262,"alta (>=0.3)",TRUE,2.6761038792447955,12,"dez",2,"fev",5,0.15,10,12,"theta_pi","dez"
"835139","Jacuípe","AL",-8.8419,-35.4475,"Hidroweb diário",36,FALSE,0.6290274894028764,"alta (>=0.3)",TRUE,2.6480084264683446,12,"dez",1,"jan",5,0.15,12,12,"theta_pi","dez"
"935001","Flexeiras","AL",-9.2833,-35.7167,"Hidroweb diário",34,FALSE,0.5612784340271044,"alta (>=0.3)",TRUE,2.70768950727486,12,"dez",1,"jan",4,0.15,11,12,"theta_pi","dez"
"935004","Maceió","AL",-9.5511,-35.77,"Hidroweb diário",41,FALSE,0.5514990459920759,"alta (>=0.3)",TRUE,2.4777058124588036,11,"nov",1,"jan",4,0.15,11,11,"theta_pi","nov"
"935005","Maceió","AL",-9.5667,-35.7833,"Hidroweb diário",75,FALSE,0.6303985607193621,"alta (>=0.3)",TRUE,2.5069664581851576,11,"nov",2,"fev",5,0.15,11,11,"theta_pi","nov"
"935010","Maragogi","AL",-9.0167,-35.2333,"Hidroweb diário",31,FALSE,0.5495381144869322,"alta (>=0.3)",TRUE,2.1883002040255883,11,"nov",1,"jan",4,0.15,11,11,"theta_pi","nov"
"935011","Matriz de Camaragibe","AL",-9.1667,-35.5167,"Hidroweb diário",35,FALSE,0.6568515513789476,"alta (>=0.3)",TRUE,2.808121700424904,12,"dez",1,"jan",3,0.15,12,12,"theta_pi","dez"
"935012","Murici","AL",-9.3136,-35.9497,"Hidroweb diário",57,FALSE,0.6574084891433092,"alta (>=0.3)",TRUE,2.60682827148361,11,"nov",2,"fev",5,0.15,11,11,"theta_pi","nov"
"935013","Passo de Camaragibe","AL",-9.2333,-35.4833,"Hidroweb diário",40,FALSE,0.5392888869700028,"alta (>=0.3)",TRUE,2.4306329528677866,11,"nov",1,"jan",4,0.15,11,11,"theta_pi","nov"
"935016","Porto Calvo","AL",-9.0667,-35.4,"Hidroweb diário",49,FALSE,0.7655740770171896,"alta (>=0.3)",TRUE,2.7993254615760383,12,"dez",12,"dez",3,0.15,11,12,"theta_pi","dez"
"935023","Satuba","AL",-9.5833,-35.8167,"Hidroweb diário",33,FALSE,0.5046693582472904,"alta (>=0.3)",TRUE,2.562809586451778,11,"nov",2,"fev",5,0.15,12,11,"theta_pi","nov"
"935025","São Luís do Quitunde","AL",-9.3333,-35.55,"Hidroweb diário",47,FALSE,0.6488731362836504,"alta (>=0.3)",TRUE,2.56349343835594,11,"nov",1,"jan",4,0.15,11,11,"theta_pi","nov"
"935028","Porto de Pedras","AL",-9.2333,-35.35,"Hidroweb diário",34,FALSE,0.46946252636957986,"alta (>=0.3)",TRUE,2.201801255979063,11,"nov",1,"jan",4,0.15,12,11,"theta_pi","nov"
"935056","Rio Largo","AL",-9.4675,-35.8564,"Hidroweb diário",37,FALSE,0.6828430780064532,"alta (>=0.3)",TRUE,2.667465383943286,12,"dez",1,"jan",4,0.15,12,12,"theta_pi","dez"
"935057","Marechal Deodoro","AL",-9.7164,-35.8917,"Hidroweb diário",36,FALSE,0.6947552099095773,"alta (>=0.3)",TRUE,2.5968212868087237,11,"nov",1,"jan",5,0.15,11,11,"theta_pi","nov"
"936010","Atalaia","AL",-9.5167,-36.0167,"Hidroweb diário",77,FALSE,0.640316631485945,"alta (>=0.3)",TRUE,2.478383891403017,11,"nov",2,"fev",5,0.15,11,11,"theta_pi","nov"
"936020","Junqueiro","AL",-9.9333,-36.4833,"Hidroweb diário",69,FALSE,0.46387244397201793,"alta (>=0.3)",TRUE,2.271885954173907,11,"nov",2,"fev",5,0.15,11,11,"theta_pi","nov"
"936022","Lagoa da Canoa","AL",-9.8286,-36.5094,"Hidroweb diário",67,FALSE,0.4846919354853867,"alta (>=0.3)",TRUE,1.8312746788117886,10,"out",2,"fev",5,0.15,11,10,"theta_pi","out"
"936026","Limoeiro de Anadia","AL",-9.7436,-36.5038,"Hidroweb diário",81,FALSE,0.5064485146958405,"alta (>=0.3)",TRUE,2.303199084040706,11,"nov",2,"fev",5,0.15,11,11,"theta_pi","nov"
"936028","Major Isidoro","AL",-9.5333,-36.9833,"Hidroweb diário",77,FALSE,0.5281838023757337,"alta (>=0.3)",TRUE,1.376377389844717,9,"set",1,"jan",5,0.15,11,9,"theta_pi","set"
"936031","Mar Vermelho","AL",-9.45,-36.3833,"Hidroweb diário",34,FALSE,0.47064335028747983,"alta (>=0.3)",TRUE,2.6785522776685515,12,"dez",2,"fev",5,0.15,12,12,"theta_pi","dez"
"936034","Palmeira dos Índios","AL",-9.4,-36.65,"Hidroweb diário",71,FALSE,0.463183176667669,"alta (>=0.3)",TRUE,1.8354268226310935,10,"out",2,"fev",5,0.15,11,10,"theta_pi","out"
"936041","Quebrangulo","AL",-9.3022,-36.4728,"Hidroweb diário",75,FALSE,0.47510154397710214,"alta (>=0.3)",TRUE,2.239081600492283,11,"nov",2,"fev",5,0.15,11,11,"theta_pi","nov"
"936045","Santana do Mundaú","AL",-9.1667,-36.2167,"Hidroweb diário",35,FALSE,0.4293240399333204,"alta (>=0.3)",TRUE,2.3087932184854467,11,"nov",2,"fev",5,0.15,11,11,"theta_pi","nov"
"936048","São Miguel dos Campos","AL",-9.7833,-36.1,"Hidroweb diário",64,FALSE,0.6962205477893131,"alta (>=0.3)",TRUE,2.5409518084758567,11,"nov",1,"jan",4,0.15,11,11,"theta_pi","nov"
"936049","Capela","AL",-9.3,-36.1333,"Hidroweb diário",33,FALSE,0.5827026121884756,"alta (>=0.3)",TRUE,2.379805155987793,11,"nov",2,"fev",5,0.15,12,11,"theta_pi","nov"
"936050","Traipu","AL",-9.9667,-36.9833,"Hidroweb diário",78,FALSE,0.38804827671079134,"alta (>=0.3)",TRUE,1.3083791242420397,9,"set",2,"fev",5,0.15,10,9,"theta_pi","set"
"936051","Traipu","AL",-9.9667,-36.9833,"Hidroweb diário",49,FALSE,0.35968081184680495,"alta (>=0.3)",TRUE,1.9496293261841977,10,"out",12,"dez",4,0.15,10,10,"theta_pi","out"
"936052","Tanque D'arca","AL",-9.5333,-36.4333,"Hidroweb diário",34,FALSE,0.4686457257329871,"alta (>=0.3)",TRUE,2.548596709010505,11,"nov",2,"fev",5,0.15,12,11,"theta_pi","nov"
"936053","União dos Palmares","AL",-9.1667,-36.05,"Hidroweb diário",72,FALSE,0.5930005124206104,"alta (>=0.3)",TRUE,2.5368739417178183,11,"nov",2,"fev",5,0.15,11,11,"theta_pi","nov"
"936057","Viçosa","AL",-9.3833,-36.25,"Hidroweb diário",75,FALSE,0.4921753786842268,"alta (>=0.3)",TRUE,2.359333690951696,11,"nov",2,"fev",5,0.15,11,11,"theta_pi","nov"
"936070","Anadia","AL",-9.6836,-36.3036,"Hidroweb diário",73,FALSE,0.5573728935601812,"alta (>=0.3)",TRUE,2.264913828942773,11,"nov",2,"fev",5,0.15,11,11,"theta_pi","nov"
"936076","Traipu","AL",-9.9728,-37.0033,"Hidroweb diário",50,FALSE,0.48045980161924223,"alta (>=0.3)",TRUE,1.8297004807742405,10,"out",1,"jan",4,0.15,11,10,"theta_pi","out"
"936110","Atalaia","AL",-9.5072,-36.0233,"Hidroweb diário",36,FALSE,0.653692118912489,"alta (>=0.3)",TRUE,2.515390613703338,11,"nov",2,"fev",5,0.15,11,11,"theta_pi","nov"
"936111","Viçosa","AL",-9.3792,-36.2492,"Hidroweb diário",35,FALSE,0.4678024835457357,"alta (>=0.3)",TRUE,2.6997683775259116,12,"dez",2,"fev",5,0.15,11,12,"theta_pi","dez"
"936112","São José da Laje","AL",-9.0042,-36.0511,"Hidroweb diário",32,FALSE,0.47449872442986746,"alta (>=0.3)",TRUE,2.2897335721109626,11,"nov",1,"jan",5,0.15,12,11,"theta_pi","nov"
"936113","União dos Palmares","AL",-9.1544,-36.0358,"Hidroweb diário",34,FALSE,0.43406169238222164,"alta (>=0.3)",TRUE,2.4068695751335616,11,"nov",2,"fev",6,0.15,11,11,"theta_pi","nov"
"936114","Santana do Mundaú","AL",-9.1689,-36.2197,"Hidroweb diário",35,FALSE,0.39291519159375093,"alta (>=0.3)",TRUE,2.5026727468337984,11,"nov",12,"dez",3,0.15,11,11,"theta_pi","nov"
"937004","Poço das Trincheiras","AL",-9.2167,-37.2833,"Hidroweb diário",70,FALSE,0.5570547212217396,"alta (>=0.3)",TRUE,1.1923785377713594,9,"set",12,"dez",3,0.15,10,9,"theta_pi","set"
"937005","Santana do Ipanema","AL",-9.4667,-37.4667,"Hidroweb diário",35,FALSE,0.2959217220468611,"media (0.20-0.3)",FALSE,1.4477384426408721,9,"set",12,"dez",3,0.15,10,12,"ultimo_mes_seco","dez"
"937006","Santana do Ipanema","AL",-9.3972,-37.2281,"Hidroweb diário",80,FALSE,0.3549522683202822,"alta (>=0.3)",TRUE,1.7467021280602284,10,"out",1,"jan",4,0.15,10,10,"theta_pi","out"
"937007","Água Branca","AL",-9.2833,-37.9333,"Hidroweb diário",71,FALSE,0.5828019293916411,"alta (>=0.3)",TRUE,1.292338332655353,9,"set",12,"dez",5,0.15,11,9,"theta_pi","set"
"937011","Cacimbinhas","AL",-9.4,-37,"Hidroweb diário",35,FALSE,0.35143710817387275,"alta (>=0.3)",TRUE,1.5845236037007393,10,"out",12,"dez",4,0.15,10,10,"theta_pi","out"
"937012","Canapi","AL",-9.1833,-37.4333,"Hidroweb diário",58,FALSE,0.5918734525882675,"alta (>=0.3)",TRUE,0.8872678762637825,8,"ago",11,"nov",4,0.15,9,8,"theta_pi","ago"
"937013","Delmiro Gouvéia","AL",-9.3928,-37.9942,"Hidroweb diário",85,FALSE,0.7009314689893817,"alta (>=0.3)",TRUE,0.8236276356962638,8,"ago",11,"nov",3,0.15,10,8,"theta_pi","ago"
"937014","Mata Grande","AL",-9.1333,-37.7333,"Hidroweb diário",41,FALSE,0.42463073549940944,"alta (>=0.3)",TRUE,1.7090885639824558,10,"out",2,"fev",6,0.15,10,10,"theta_pi","out"
"937016","Olho D'água das Flores","AL",-9.5333,-37.2833,"Hidroweb diário",31,FALSE,0.760962109168313,"alta (>=0.3)",TRUE,1.3512630149768032,9,"set",12,"dez",3,0.15,10,9,"theta_pi","set"
"937018","Pão de Açúcar","AL",-9.7486,-37.4497,"Hidroweb diário",83,FALSE,0.5704444634289537,"alta (>=0.3)",TRUE,0.7790681275913769,8,"ago",1,"jan",4,0.15,11,8,"theta_pi","ago"
"937019","Pão de Açúcar","AL",-9.7333,-37.4333,"Hidroweb diário",72,FALSE,0.4171309767586086,"alta (>=0.3)",TRUE,0.8460155722047642,8,"ago",12,"dez",3,0.15,10,8,"theta_pi","ago"
"937021","Pão de Açúcar","AL",-9.7333,-37.4333,"Hidroweb diário",38,FALSE,0.36540524409257913,"alta (>=0.3)",TRUE,1.144155738539666,9,"set",2,"fev",6,0.15,10,9,"theta_pi","set"
"937022","Piranhas","AL",-9.6115579,-37.7616366,"Hidroweb diário",80,FALSE,0.516366428029107,"alta (>=0.3)",TRUE,0.6923827370449773,8,"ago",11,"nov",3,0.15,10,8,"theta_pi","ago"
"937023","Piranhas","AL",-9.6261,-37.756100000000004,"Hidroweb diário",85,FALSE,0.5627208122391248,"alta (>=0.3)",TRUE,0.9347197702778437,8,"ago",12,"dez",4,0.15,10,8,"theta_pi","ago"
"937032","Santana do Ipanema","AL",-9.3728,-37.2453,"Hidroweb diário",48,FALSE,0.4186728929838057,"alta (>=0.3)",TRUE,1.4248713654763612,9,"set",12,"dez",3,0.15,10,9,"theta_pi","set"
"160000","Presidente Figueiredo","AM",-1.2989,-60.3997,"Hidroweb diário",40,FALSE,0.48425452247223555,"alta (>=0.3)",TRUE,1.2824209949693601,9,"set",11,"nov",5,0.15,8,9,"theta_pi","set"
"161002","Barcelos","AM",-1.4589,-61.6331,"Hidroweb diário",46,FALSE,0.4510200623949726,"alta (>=0.3)",TRUE,1.1996508061333542,9,"set",10,"out",3,0.15,9,9,"theta_pi","set"
"162000","Barcelos","AM",-1.3944,-61.9792,"Hidroweb diário",49,FALSE,0.24839209880164415,"media (0.20-0.3)",FALSE,0.843755426414498,8,"ago",10,"out",3,0.15,9,10,"ultimo_mes_seco","out"
"162002","Barcelos","AM",-1.8872,-62.4367,"Hidroweb diário",42,FALSE,0.3164119516800866,"alta (>=0.3)",TRUE,1.381693203559841,9,"set",9,"set",2,0.15,9,9,"theta_pi","set"
"165000","Maraã","AM",-1.8611,-65.5906,"Hidroweb diário",48,FALSE,0.39891726311542797,"alta (>=0.3)",TRUE,1.7144258317416714,10,"out",10,"out",3,0.15,9,10,"theta_pi","out"
"166000","Japurá","AM",-1.8211,-66.6,"Hidroweb diário",53,FALSE,0.2783191345020467,"media (0.20-0.3)",FALSE,1.3455549999311314,9,"set",10,"out",3,0.15,9,10,"ultimo_mes_seco","out"
"169000","Japurá","AM",-1.3947,-69.4283,"Hidroweb diário",46,FALSE,0.40800162721703204,"alta (>=0.3)",TRUE,1.2036616616256595,9,"set",9,"set",1,0.15,9,9,"theta_pi","set"
"256000","Parintins","AM",-2.6333,-56.7333,"Hidroweb diário",31,FALSE,0.6401403113185111,"alta (>=0.3)",TRUE,1.1255549459442495,9,"set",11,"nov",4,0.15,9,9,"theta_pi","set"
"256002","Nhamundá","AM",-2.1897,-56.7106,"Hidroweb diário",43,FALSE,0.6422293359792156,"alta (>=0.3)",TRUE,1.1647667813230644,9,"set",11,"nov",5,0.15,8,9,"theta_pi","set"
"257000","Urucará","AM",-2.5378,-57.7581,"Hidroweb diário",48,FALSE,0.49889801994295135,"alta (>=0.3)",TRUE,1.0230852953271599,8,"ago",9,"set",3,0.15,9,8,"theta_pi","ago"
"257001","Barreirinha","AM",-2.7922,-57.0644,"Hidroweb diário",44,FALSE,0.4139430946725773,"alta (>=0.3)",TRUE,1.0029244217956679,8,"ago",10,"out",3,0.15,9,8,"theta_pi","ago"
"257002","Boa Vista do Ramos","AM",-2.9703,-57.59,"Hidroweb diário",37,FALSE,0.5827608352329517,"alta (>=0.3)",TRUE,1.1516740834966657,9,"set",11,"nov",4,0.15,9,9,"theta_pi","set"
"257003","Parintins","AM",-2.4556,-57.2825,"Hidroweb diário",37,FALSE,0.5687880321504488,"alta (>=0.3)",TRUE,1.081316799947476,9,"set",10,"out",4,0.15,8,9,"theta_pi","set"
"259000","Presidente Figueiredo","AM",-2.1039,-59.3442,"Hidroweb diário",45,FALSE,0.5070928127945471,"alta (>=0.3)",TRUE,0.9758048655746964,8,"ago",10,"out",3,0.15,8,8,"theta_pi","ago"
"259004","Rio Preto da Eva","AM",-2.7003,-59.6997,"Hidroweb diário",32,FALSE,0.4511308567079531,"alta (>=0.3)",TRUE,1.059427035483159,9,"set",9,"set",3,0.15,8,9,"theta_pi","set"
"260006","Novo Airão","AM",-2.62,-60.9478,"Hidroweb diário",44,FALSE,0.5027023530242961,"alta (>=0.3)",TRUE,0.8770507547356162,8,"ago",9,"set",3,0.15,8,8,"theta_pi","ago"
"260007","Presidente Figueiredo","AM",-2.0417,-60.0258,"Hidroweb diário",40,FALSE,0.4688604872250296,"alta (>=0.3)",TRUE,1.344403397435666,9,"set",11,"nov",4,0.15,8,9,"theta_pi","set"
"261000","Novo Airão","AM",-2.0247,-61.5414,"Hidroweb diário",37,FALSE,0.3107827121420207,"alta (>=0.3)",TRUE,1.3797359643304432,9,"set",10,"out",4,0.15,8,9,"theta_pi","set"
"265000","Maraã","AM",-2.35,-65.1167,"Hidroweb diário",43,FALSE,0.33003749094129786,"alta (>=0.3)",TRUE,1.2368756582100802,9,"set",9,"set",2,0.15,9,9,"theta_pi","set"
"266004","Jutaí","AM",-2.8903,-66.9492,"Hidroweb diário",41,FALSE,0.49381285798261043,"alta (>=0.3)",TRUE,0.861310959584646,8,"ago",9,"set",2,0.15,8,8,"theta_pi","ago"
"267001","Fonte Boa","AM",-2.75,-67.5667,"Hidroweb diário",34,FALSE,0.3721836637757979,"alta (>=0.3)",TRUE,0.793643419863242,8,"ago",9,"set",2,0.15,8,8,"theta_pi","ago"
"268000","Santo Antônio do Içá","AM",-2.8806,-68.7986,"Hidroweb diário",42,FALSE,0.5457637576617004,"alta (>=0.3)",TRUE,0.25347233241500866,7,"jul",6,"jun",2,0.15,9,7,"theta_pi","jul"
"357001","Maués","AM",-3.4006,-57.7156,"Hidroweb diário",46,FALSE,0.4828500068456864,"alta (>=0.3)",TRUE,0.8251006235162083,8,"ago",10,"out",3,0.15,9,8,"theta_pi","ago"
"357003","Maués","AM",-3.8967,-57.5042,"Hidroweb diário",35,FALSE,0.6185865717871452,"alta (>=0.3)",TRUE,0.7864037592669224,8,"ago",9,"set",4,0.15,8,8,"theta_pi","ago"
"358002","Itacoatiara","AM",-2.9131,-59.0433,"Hidroweb diário",46,FALSE,0.4520575588933872,"alta (>=0.3)",TRUE,0.9042476123304466,8,"ago",10,"out",4,0.15,8,8,"theta_pi","ago"
"358003","Nova Olinda do Norte","AM",-3.8167,-58.2861,"Hidroweb diário",44,FALSE,0.4185686816728532,"alta (>=0.3)",TRUE,0.7663471124898897,8,"ago",9,"set",3,0.15,8,8,"theta_pi","ago"
"359001","Nova Olinda do Norte","AM",-3.8847,-59.0897,"Hidroweb diário",42,FALSE,0.37959595783961153,"alta (>=0.3)",TRUE,0.9686328259388629,8,"ago",10,"out",4,0.15,8,8,"theta_pi","ago"
"360000","Manaus","AM",-3.1167,-59.95,"Hidroweb diário",57,FALSE,0.4627082804201655,"alta (>=0.3)",TRUE,0.9537023751432208,8,"ago",9,"set",3,0.15,8,8,"theta_pi","ago"
"360001","Manacapuru","AM",-3.3083,-60.6094,"Hidroweb diário",48,FALSE,0.4419899824262047,"alta (>=0.3)",TRUE,0.9540971787954171,8,"ago",9,"set",3,0.15,8,8,"theta_pi","ago"
"361000","Manacapuru","AM",-3.8978,-61.3747,"Hidroweb diário",46,FALSE,0.47778496212963456,"alta (>=0.3)",TRUE,0.4745938801801357,7,"jul",9,"set",3,0.15,8,7,"theta_pi","jul"
"361001","Codajás","AM",-3.3297,-61.2133,"Hidroweb diário",44,FALSE,0.3427103768317248,"alta (>=0.3)",TRUE,1.185420545140083,9,"set",8,"ago",2,0.15,8,9,"theta_pi","set"
"362002","Codajás","AM",-3.4183,-62.6786,"Hidroweb diário",41,FALSE,0.3773229260006323,"alta (>=0.3)",TRUE,1.1860245241832206,9,"set",9,"set",3,0.15,7,9,"theta_pi","set"
"363000","Coari","AM",-3.875,-63.7858,"Hidroweb diário",43,FALSE,0.41748890895505986,"alta (>=0.3)",TRUE,0.54687197198191,8,"ago",9,"set",3,0.15,8,8,"theta_pi","ago"
"364001","Tefé","AM",-3.5903,-64.3069,"Hidroweb diário",32,FALSE,0.31482397772820586,"alta (>=0.3)",TRUE,0.6813220289781551,8,"ago",8,"ago",2,0.15,8,8,"theta_pi","ago"
"366000","Juruá","AM",-3.6414,-66.1031,"Hidroweb diário",44,FALSE,0.3653957588481372,"alta (>=0.3)",TRUE,0.43179182688575685,7,"jul",8,"ago",2,0.15,7,7,"theta_pi","jul"
"367000","Santo Antônio do Içá","AM",-3.1017,-67.9356,"Hidroweb diário",51,FALSE,0.2943664728813635,"media (0.20-0.3)",FALSE,0.8703368664003619,8,"ago",9,"set",2,0.15,8,9,"ultimo_mes_seco","set"
"367001","Jutaí","AM",-3.3372,-67.4889,"Hidroweb diário",34,FALSE,0.3898075032364823,"alta (>=0.3)",TRUE,1.1269812727418416,9,"set",9,"set",2,0.15,9,9,"theta_pi","set"
"368001","São Paulo de Olivença","AM",-3.4569,-68.9119,"Hidroweb diário",53,FALSE,0.28881368830531445,"media (0.20-0.3)",FALSE,0.869798812897902,8,"ago",9,"set",2,0.15,8,9,"ultimo_mes_seco","set"
"369000","São Paulo de Olivença","AM",-3.5731,-69.3708,"Hidroweb diário",43,FALSE,0.5708419973716462,"alta (>=0.3)",TRUE,2.957024449802115,12,"dez",9,"set",3,0.15,8,12,"theta_pi","dez"
"458001","Borba","AM",-4.2308,-58.6714,"Hidroweb diário",34,FALSE,0.6014879850350805,"alta (>=0.3)",TRUE,0.5761540863566259,8,"ago",9,"set",3,0.15,7,8,"theta_pi","ago"
"459000","Borba","AM",-4.3914,-59.5983,"Hidroweb diário",41,FALSE,0.31987015488576753,"alta (>=0.3)",TRUE,1.7122908438452316,10,"out",8,"ago",2,0.15,8,10,"theta_pi","out"
"459001","Nova Olinda do Norte","AM",-4.7497,-59.2494,"Hidroweb diário",31,FALSE,0.5897859761675088,"alta (>=0.3)",TRUE,0.9078354268687012,8,"ago",9,"set",4,0.15,8,8,"theta_pi","ago"
"462001","Beruri","AM",-4.7408,-62.1519,"Hidroweb diário",35,FALSE,0.41525641539193636,"alta (>=0.3)",TRUE,0.6025558866638168,8,"ago",8,"ago",2,0.15,7,8,"theta_pi","ago"
"462002","Tapauá","AM",-4.8586,-62.8683,"Hidroweb diário",38,FALSE,0.4652180587919632,"alta (>=0.3)",TRUE,0.5630561689508793,8,"ago",9,"set",3,0.15,7,8,"theta_pi","ago"
"463001","Coari","AM",-4.0833,-63.1333,"Hidroweb diário",41,FALSE,0.7082139371614009,"alta (>=0.3)",TRUE,1.2796446519333458,9,"set",9,"set",3,0.15,7,9,"theta_pi","set"
"465000","Tefé","AM",-4.2922,-65.2017,"Hidroweb diário",35,FALSE,0.3659636582912535,"alta (>=0.3)",TRUE,0.9231041558797938,8,"ago",9,"set",3,0.15,8,8,"theta_pi","ago"
"466001","Carauari","AM",-4.8392,-66.8506,"Hidroweb diário",41,FALSE,0.39322520715459575,"alta (>=0.3)",TRUE,0.09838562951005463,7,"jul",8,"ago",2,0.15,8,7,"theta_pi","jul"
"468003","Jutaí","AM",-4.8967,-68.6633,"Hidroweb diário",32,FALSE,0.4281627876561577,"alta (>=0.3)",TRUE,0.717425999647638,8,"ago",9,"set",3,0.15,8,8,"theta_pi","ago"
"470002","Atalaia do Norte","AM",-4.3833,-70.9667,"Hidroweb diário",35,FALSE,0.3895690904652872,"alta (>=0.3)",TRUE,0.8443381969835339,8,"ago",9,"set",3,0.15,7,8,"theta_pi","ago"
"470005","Atalaia do Norte","AM",-4.3658547,-70.1908742,"Hidroweb diário",31,FALSE,0.5587728468138099,"alta (>=0.3)",TRUE,0.8238346901125121,8,"ago",9,"set",4,0.15,8,8,"theta_pi","ago"
"560000","Novo Aripuanã","AM",-5.1211,-60.3831,"Hidroweb diário",40,FALSE,0.5246442679096623,"alta (>=0.3)",TRUE,0.910999556827177,8,"ago",9,"set",3,0.15,7,8,"theta_pi","ago"
"560001","Novo Aripuanã","AM",-5.2964,-60.7006,"Hidroweb diário",33,FALSE,0.5039196635360909,"alta (>=0.3)",TRUE,1.0056431243777322,8,"ago",9,"set",3,0.15,7,8,"theta_pi","ago"
"560002","Novo Aripuanã","AM",-5.5892,-60.3736,"Hidroweb diário",33,FALSE,0.5937574350224771,"alta (>=0.3)",TRUE,0.8114987469055671,8,"ago",8,"ago",2,0.15,7,8,"theta_pi","ago"
"563000","Tefé","AM",-5.1092,-63.9847,"Hidroweb diário",38,FALSE,0.42886402198632917,"alta (>=0.3)",TRUE,0.8127733218862403,8,"ago",8,"ago",3,0.15,7,8,"theta_pi","ago"
"563002","Tapauá","AM",-5.7219,-63.5108,"Hidroweb diário",32,FALSE,0.5111476722711633,"alta (>=0.3)",TRUE,0.49520616241441573,7,"jul",8,"ago",2,0.15,7,7,"theta_pi","jul"
"564001","Tapauá","AM",-5.5831,-64.3353,"Hidroweb diário",34,FALSE,0.5012386122001647,"alta (>=0.3)",TRUE,0.9806392831051604,8,"ago",9,"set",3,0.15,8,8,"theta_pi","ago"
"564002","Tapauá","AM",-5.9533,-64.3164,"Hidroweb diário",34,FALSE,0.4913936158426261,"alta (>=0.3)",TRUE,0.6848969624740558,8,"ago",8,"ago",2,0.15,7,8,"theta_pi","ago"
"567001","Carauari","AM",-5.8936,-67.8569,"Hidroweb diário",43,FALSE,0.335287201248958,"alta (>=0.3)",TRUE,0.10796691543027621,7,"jul",8,"ago",2,0.15,7,7,"theta_pi","jul"
"567002","Carauari","AM",-5.4608,-67.4058,"Hidroweb diário",31,FALSE,0.5804931200193039,"alta (>=0.3)",TRUE,0.9138584206596034,8,"ago",8,"ago",2,0.15,7,8,"theta_pi","ago"
"572000","Atalaia do Norte","AM",-5.1375,-72.8136,"Hidroweb diário",39,FALSE,0.32677169761957775,"alta (>=0.3)",TRUE,0.7360235267020433,8,"ago",8,"ago",2,0.15,8,8,"theta_pi","ago"
"63000","Barcelos","AM",-0.5983,-63.3978,"Hidroweb diário",47,FALSE,0.42067549344857735,"alta (>=0.3)",TRUE,1.5931174482274586,10,"out",1,"jan",5,0.15,10,10,"theta_pi","out"
"65001","Santa Izabel do Rio Negro","AM",-0.4203,-65.0153,"Hidroweb diário",42,FALSE,0.29034582424780186,"media (0.20-0.3)",FALSE,0.8785453566616597,8,"ago",10,"out",3,0.15,9,10,"ultimo_mes_seco","out"
"658000","Apuí","AM",-6.7953,-59.0408,"Hidroweb diário",48,FALSE,0.5807307018692777,"alta (>=0.3)",TRUE,0.5811242251197273,8,"ago",8,"ago",3,0.15,7,8,"theta_pi","ago"
"66000","São Gabriel da Cachoeira","AM",-0.2889,-66.1533,"Hidroweb diário",46,FALSE,0.22640792862040976,"media (0.20-0.3)",FALSE,0.952033369473665,8,"ago",12,"dez",5,0.15,10,12,"ultimo_mes_seco","dez"
"660000","Novo Aripuanã","AM",-6.0028,-60.1853,"Hidroweb diário",46,FALSE,0.564825131482217,"alta (>=0.3)",TRUE,0.8362715192152094,8,"ago",8,"ago",3,0.15,8,8,"theta_pi","ago"
"661000","Humaitá","AM",-6.2478,-61.8392,"Hidroweb diário",37,FALSE,0.4581616740524798,"alta (>=0.3)",TRUE,0.3962618919090959,7,"jul",8,"ago",3,0.15,7,7,"theta_pi","jul"
"661001","Manicoré","AM",-6.3606,-61.7667,"Hidroweb diário",42,FALSE,0.4813866141930141,"alta (>=0.3)",TRUE,0.5628100283873875,8,"ago",9,"set",4,0.15,7,8,"theta_pi","ago"
"662001","Humaitá","AM",-7.0083,-62.7872,"Hidroweb diário",32,FALSE,0.32093642871897804,"alta (>=0.3)",TRUE,0.6743006785942119,8,"ago",8,"ago",2,0.15,7,8,"theta_pi","ago"
"664000","Tapauá","AM",-6.325,-64.8911,"Hidroweb diário",36,FALSE,0.4748420295216985,"alta (>=0.3)",TRUE,0.6933105995394333,8,"ago",8,"ago",2,0.15,7,8,"theta_pi","ago"
"664001","Canutama","AM",-6.5389,-64.3858,"Hidroweb diário",46,FALSE,0.5858737751110569,"alta (>=0.3)",TRUE,0.7213675757345973,8,"ago",8,"ago",3,0.15,7,8,"theta_pi","ago"
"668000","Carauari","AM",-6.4417,-68.2439,"Hidroweb diário",44,FALSE,0.45127246560868944,"alta (>=0.3)",TRUE,0.47451192476700466,7,"jul",8,"ago",3,0.15,7,7,"theta_pi","jul"
"669001","Eirunepé","AM",-6.6139,-69.1217,"Hidroweb diário",32,FALSE,0.48539771262705705,"alta (>=0.3)",TRUE,0.4201503097361477,7,"jul",8,"ago",2,0.15,8,7,"theta_pi","jul"
"67000","São Gabriel da Cachoeira","AM",-0.1253,-67.0611,"Hidroweb diário",34,FALSE,0.34925544208820936,"alta (>=0.3)",TRUE,0.9519988107933481,8,"ago",10,"out",4,0.15,10,8,"theta_pi","ago"
"670000","Eirunepé","AM",-6.8,-70.65,"Hidroweb diário",35,FALSE,0.2731677642463349,"media (0.20-0.3)",FALSE,0.5153837430825066,7,"jul",8,"ago",2,0.15,7,8,"ultimo_mes_seco","ago"
"758000","Borba","AM",-7.3389,-58.155,"Hidroweb diário",42,FALSE,0.5507065109895382,"alta (>=0.3)",TRUE,0.5753043677976735,8,"ago",8,"ago",3,0.15,7,8,"theta_pi","ago"
"759000","Novo Aripuanã","AM",-7.2044,-59.8931,"Hidroweb diário",44,FALSE,0.5455929879147527,"alta (>=0.3)",TRUE,0.5176011257404719,8,"ago",8,"ago",3,0.15,7,8,"theta_pi","ago"
"760000","Novo Aripuanã","AM",-7.205,-60.6436,"Hidroweb diário",45,FALSE,0.5443490575302883,"alta (>=0.3)",TRUE,0.4785768356125412,7,"jul",8,"ago",3,0.15,7,7,"theta_pi","jul"
"760001","Apuí","AM",-7.7053,-60.5783,"Hidroweb diário",49,FALSE,0.502601826890764,"alta (>=0.3)",TRUE,0.33647697038526403,7,"jul",8,"ago",3,0.15,7,7,"theta_pi","jul"
"762002","Humaitá","AM",-7.6308,-62.6606,"Hidroweb diário",32,FALSE,0.7082337998863902,"alta (>=0.3)",TRUE,0.48775894815139753,7,"jul",8,"ago",3,0.15,7,7,"theta_pi","jul"
"763001","Humaitá","AM",-7.5153,-63.0286,"Hidroweb diário",42,FALSE,0.5365058648872914,"alta (>=0.3)",TRUE,0.5513700503659874,8,"ago",9,"set",4,0.15,7,8,"theta_pi","ago"
"764003","Lábrea","AM",-7.465,-64.2433,"Hidroweb diário",38,FALSE,0.5005131519908195,"alta (>=0.3)",TRUE,0.36879378078982655,7,"jul",8,"ago",3,0.15,7,7,"theta_pi","jul"
"765000","Lábrea","AM",-7.7156,-66.0583,"Hidroweb diário",49,FALSE,0.6185230125206442,"alta (>=0.3)",TRUE,0.3917118622903788,7,"jul",8,"ago",3,0.15,7,7,"theta_pi","jul"
"765001","Lábrea","AM",-7.5306,-65.35,"Hidroweb diário",44,FALSE,0.4206872253610038,"alta (>=0.3)",TRUE,0.7603960493748616,8,"ago",8,"ago",2,0.15,7,8,"theta_pi","ago"
"766001","Pauini","AM",-7.7172,-66.9847,"Hidroweb diário",46,FALSE,0.5039051298769853,"alta (>=0.3)",TRUE,0.2889522530142489,7,"jul",8,"ago",3,0.15,7,7,"theta_pi","jul"
"767002","Pauini","AM",-7.54,-67.4778,"Hidroweb diário",38,FALSE,0.6154487490872778,"alta (>=0.3)",TRUE,0.5068676729276507,7,"jul",9,"set",4,0.15,7,7,"theta_pi","jul"
"770000","Envira","AM",-7.4281,-70.0225,"Hidroweb diário",36,FALSE,0.4413053103341544,"alta (>=0.3)",TRUE,0.3808899090772152,7,"jul",8,"ago",3,0.15,7,7,"theta_pi","jul"
"770001","Eirunepé","AM",-7.2667,-70.9833,"Hidroweb diário",32,FALSE,0.44059261369797065,"alta (>=0.3)",TRUE,0.874487661851996,8,"ago",8,"ago",2,0.15,7,8,"theta_pi","ago"
"771000","Ipixuna","AM",-7.0508,-71.6842,"Hidroweb diário",39,FALSE,0.36550416938837205,"alta (>=0.3)",TRUE,0.5078632551837748,7,"jul",8,"ago",2,0.15,7,7,"theta_pi","jul"
"772002","Ipixuna","AM",-7.2358,-72.3336,"Hidroweb diário",37,FALSE,0.4159499800253306,"alta (>=0.3)",TRUE,0.8727810587240308,8,"ago",8,"ago",3,0.15,7,8,"theta_pi","ago"
"8062000","Barcelos","AM",0.8842,-62.6222,"Hidroweb diário",43,FALSE,0.5206100212101157,"alta (>=0.3)",TRUE,2.5289081125937445,11,"nov",2,"fev",5,0.15,12,11,"theta_pi","nov"
"8066002","São Gabriel da Cachoeira","AM",0.3875,-66.6492,"Hidroweb diário",37,FALSE,0.2691878217892926,"media (0.20-0.3)",FALSE,1.8593110074189396,10,"out",11,"nov",3,0.15,10,11,"ultimo_mes_seco","nov"
"8067001","São Gabriel da Cachoeira","AM",0.3711,-67.3136,"Hidroweb diário",46,FALSE,0.25294464855888005,"media (0.20-0.3)",FALSE,1.9406468733953508,10,"out",11,"nov",3,0.15,9,11,"ultimo_mes_seco","nov"
"8067002","São Gabriel da Cachoeira","AM",0.1758,-67.9458,"Hidroweb diário",44,FALSE,0.26915105171890275,"media (0.20-0.3)",FALSE,1.0150097089720223,8,"ago",10,"out",3,0.15,9,10,"ultimo_mes_seco","out"
"8068000","São Gabriel da Cachoeira","AM",0.1314,-68.5406,"Hidroweb diário",63,FALSE,0.27995001832933275,"media (0.20-0.3)",FALSE,1.7656785497764926,10,"out",11,"nov",4,0.15,11,11,"ultimo_mes_seco","nov"
"8069000","São Gabriel da Cachoeira","AM",0.6022,-69.1928,"Hidroweb diário",33,FALSE,0.242718708256798,"media (0.20-0.3)",FALSE,1.996928199797907,10,"out",2,"fev",4,0.15,2,2,"ultimo_mes_seco","fev"
"8069003","São Gabriel da Cachoeira","AM",0.2517,-69.7844,"Hidroweb diário",45,FALSE,0.29344577268455274,"media (0.20-0.3)",FALSE,1.3648855103016972,9,"set",9,"set",1,0.15,9,9,"ultimo_mes_seco","set"
"8069004","São Gabriel da Cachoeira","AM",0.1428,-69.2133,"Hidroweb diário",33,FALSE,0.27528624953224334,"media (0.20-0.3)",FALSE,1.6457950960347496,10,"out",10,"out",3,0.15,9,10,"ultimo_mes_seco","out"
"8166000","São Gabriel da Cachoeira","AM",1.2147,-66.8522,"Hidroweb diário",46,FALSE,0.2751546259995024,"media (0.20-0.3)",FALSE,2.9807205656223963,12,"dez",11,"nov",4,0.15,9,11,"ultimo_mes_seco","nov"
"8167000","São Gabriel da Cachoeira","AM",1.0742,-67.5933,"Hidroweb diário",46,FALSE,0.18762962237022435,"baixa (<0.20)",FALSE,2.5701379538875195,11,"nov",11,"nov",6,0.15,10,11,"ultimo_mes_seco","nov"
"8168000","São Gabriel da Cachoeira","AM",1.3889,-68.1536,"Hidroweb diário",45,FALSE,0.6152767932752169,"alta (>=0.3)",TRUE,2.341346008461499,11,"nov",11,"nov",4,0.15,10,11,"theta_pi","nov"
"82067","Iauarete","AM",0.6,-69.19,"INMET diário",55,FALSE,0.2636564281554716,"media (0.20-0.3)",FALSE,2.053036507718468,10,"out",11,"nov",4,0.15,11,11,"ultimo_mes_seco","nov"
"82106","Sao Gabriel da Cachoeira(uaupes)","AM",-0.13,-67.06,"INMET diário",61,FALSE,0.3080035570449116,"alta (>=0.3)",TRUE,1.3025472622311993,9,"set",10,"out",2,0.15,10,9,"theta_pi","set"
"82113","Barcelos","AM",-0.97,-62.93,"INMET diário",57,FALSE,0.3948565931742231,"alta (>=0.3)",TRUE,1.513152982572799,9,"set",10,"out",4,0.15,10,9,"theta_pi","set"
"82212","Fonte Boa","AM",-2.51583333,-66.10083333,"INMET diário",56,FALSE,0.3128219700518498,"alta (>=0.3)",TRUE,1.192769752213031,9,"set",9,"set",2,0.15,8,9,"theta_pi","set"
"82240","Parintins","AM",-2.63,-56.73,"INMET diário",50,FALSE,0.5969346622033868,"alta (>=0.3)",TRUE,1.1229164852768596,9,"set",11,"nov",4,0.15,9,9,"theta_pi","set"
"82317","Tefe","AM",-3.38027777,-64.72527777,"INMET diário",49,FALSE,0.4290626862528105,"alta (>=0.3)",TRUE,1.0499722554412971,8,"ago",9,"set",3,0.15,8,8,"theta_pi","ago"
"82326","Codajas","AM",-3.8411111,-62.055277769999996,"INMET diário",42,FALSE,0.4561526102639188,"alta (>=0.3)",TRUE,0.6954275920163399,8,"ago",9,"set",3,0.15,8,8,"theta_pi","ago"
"82331","Manaus","AM",-3.10333333,-60.01638888,"INMET diário",63,FALSE,0.45791082584249976,"alta (>=0.3)",TRUE,0.9091634147488469,8,"ago",9,"set",3,0.15,8,8,"theta_pi","ago"
"82336","Itacoatiara","AM",-3.14,-58.44,"INMET diário",48,FALSE,0.553309431299077,"alta (>=0.3)",TRUE,0.9751173857571448,8,"ago",10,"out",4,0.15,8,8,"theta_pi","ago"
"82410","Benjamin Constant","AM",-4.38,-70.03,"INMET diário",53,FALSE,0.331885441999735,"alta (>=0.3)",TRUE,0.4491885334720534,7,"jul",9,"set",4,0.15,8,7,"theta_pi","jul"
"82425","Coari","AM",-4.09,-63.15,"INMET diário",49,FALSE,0.48943400194276804,"alta (>=0.3)",TRUE,0.7884467566087453,8,"ago",9,"set",3,0.15,8,8,"theta_pi","ago"
"82533","Manicore","AM",-5.82,-61.29,"INMET diário",67,FALSE,0.6239265991582597,"alta (>=0.3)",TRUE,1.1857913912892701,9,"set",8,"ago",2,0.15,7,9,"theta_pi","set"
"82610","Eirunepe","AM",-6.66166666,-69.86777777,"INMET diário",37,FALSE,0.5131317968778273,"alta (>=0.3)",TRUE,0.5409302268999754,8,"ago",8,"ago",3,0.15,7,8,"theta_pi","ago"
"82723","Labrea","AM",-7.26138888,-64.78999999,"INMET diário",43,FALSE,0.5190287448300094,"alta (>=0.3)",TRUE,0.5083682864955398,7,"jul",8,"ago",3,0.15,7,7,"theta_pi","jul"
"82727","Humaitá","AM",-7.52,-63.03,"INMET diário",44,FALSE,0.8060791023277517,"alta (>=0.3)",TRUE,0.9477043760389116,8,"ago",8,"ago",3,0.15,7,8,"theta_pi","ago"
"865000","Lábrea","AM",-8.3344,-65.7194,"Hidroweb diário",31,FALSE,0.5857509928661585,"alta (>=0.3)",TRUE,0.527979171570105,8,"ago",8,"ago",3,0.15,7,8,"theta_pi","ago"
"867001","Boca do Acre","AM",-8.7356,-67.4003,"Hidroweb diário",52,FALSE,0.43296679621074796,"alta (>=0.3)",TRUE,0.3921799651639989,7,"jul",8,"ago",3,0.15,7,7,"theta_pi","jul"
"867002","Boca do Acre","AM",-8.25,-67.3667,"Hidroweb diário",36,FALSE,0.5282026107645692,"alta (>=0.3)",TRUE,0.6036699572925779,8,"ago",8,"ago",3,0.15,7,8,"theta_pi","ago"
"967001","Boca do Acre","AM",-9.0667,-67.3969,"Hidroweb diário",34,FALSE,0.4798179562614981,"alta (>=0.3)",TRUE,0.4282079287886026,7,"jul",8,"ago",3,0.15,7,7,"theta_pi","jul"
"967004","Lábrea","AM",-9.5008,-67.2822,"Hidroweb diário",40,FALSE,0.547980933597663,"alta (>=0.3)",TRUE,0.6855987994157987,8,"ago",9,"set",4,0.15,7,8,"theta_pi","ago"
"968001","Boca do Acre","AM",-9.0439,-68.5772,"Hidroweb diário",49,FALSE,0.4485415052711179,"alta (>=0.3)",TRUE,0.23085291337271696,7,"jul",8,"ago",3,0.15,7,7,"theta_pi","jul"
"51002","Mazagão","AP",-0.3992,-51.4203,"Hidroweb diário",43,FALSE,0.579424278248582,"alta (>=0.3)",TRUE,1.2470279542358564,9,"set",11,"nov",3,0.15,10,9,"theta_pi","set"
"52000","Laranjal do Jarí","AP",-0.5711,-52.575,"Hidroweb diário",45,FALSE,0.5763259088707827,"alta (>=0.3)",TRUE,1.569306115001186,10,"out",11,"nov",3,0.15,9,10,"theta_pi","out"
"8050000","Macapá","AP",0.5081,-50.7483,"Hidroweb diário",40,FALSE,0.6542431240696979,"alta (>=0.3)",TRUE,1.5383769054741439,9,"set",11,"nov",4,0.15,10,9,"theta_pi","set"
"8051010","Macapá","AP",0.3031,-51.1267,"Hidroweb diário",42,FALSE,0.5575726610243544,"alta (>=0.3)",TRUE,1.2475091863049044,9,"set",11,"nov",4,0.15,9,9,"theta_pi","set"
"8051012","Porto Grande","AP",0.615,-51.765,"Hidroweb diário",31,FALSE,0.5121363608842519,"alta (>=0.3)",TRUE,1.4217903980204407,9,"set",11,"nov",3,0.15,11,9,"theta_pi","set"
"8052000","Serra do Navio","AP",0.8803,-52.0094,"Hidroweb diário",53,FALSE,0.41536737760725945,"alta (>=0.3)",TRUE,1.3967638149930153,9,"set",11,"nov",3,0.15,10,9,"theta_pi","set"
"8150000","Tartarugalzinho","AP",1.2261,-50.8972,"Hidroweb diário",51,FALSE,0.6215458526850784,"alta (>=0.3)",TRUE,1.3786134335043811,9,"set",11,"nov",4,0.15,10,9,"theta_pi","set"
"8151000","Tartarugalzinho","AP",1.5803,-50.9028,"Hidroweb diário",41,FALSE,0.6077279381216173,"alta (>=0.3)",TRUE,1.3587268970789441,9,"set",11,"nov",3,0.15,10,9,"theta_pi","set"
"82098","Macapa","AP",-0.04499999,-51.11,"INMET diário",58,FALSE,0.622797696958235,"alta (>=0.3)",TRUE,1.1693620533903775,9,"set",11,"nov",3,0.15,10,9,"theta_pi","set"
"8250002","Calçoene","AP",2.4956,-50.9508,"Hidroweb diário",48,FALSE,0.6666929590920257,"alta (>=0.3)",TRUE,1.229294663747866,9,"set",11,"nov",4,0.15,10,9,"theta_pi","set"
"8250003","Amapá","AP",2.0547,-50.7881,"Hidroweb diário",41,FALSE,0.7075495318379285,"alta (>=0.3)",TRUE,1.33360327799971,9,"set",11,"nov",4,0.15,9,9,"theta_pi","set"
"8251001","Calçoene","AP",2.6983,-51.3614,"Hidroweb diário",40,FALSE,0.608607040411577,"alta (>=0.3)",TRUE,1.3352586893558962,9,"set",11,"nov",4,0.15,10,9,"theta_pi","set"
"8351002","Oiapoque","AP",3.8436,-51.8375,"Hidroweb diário",42,FALSE,0.5735421945661088,"alta (>=0.3)",TRUE,1.4524088663606218,9,"set",10,"out",3,0.15,9,9,"theta_pi","set"
"1037052","Pedro Alexandre","BA",-10.2,-37.7833,"Hidroweb diário",51,FALSE,0.5553772156125221,"alta (>=0.3)",TRUE,0.5519195798780887,8,"ago",1,"jan",4,0.15,10,8,"theta_pi","ago"
"1037054","Pedro Alexandre","BA",-10.0122,-37.8939,"Hidroweb diário",57,FALSE,0.4571544892584247,"alta (>=0.3)",TRUE,0.9345227465691074,8,"ago",1,"jan",4,0.15,10,8,"theta_pi","ago"
"1037055","Paripiranga","BA",-10.6881,-37.86,"Hidroweb diário",79,FALSE,0.28205700174239673,"media (0.20-0.3)",FALSE,1.2045638521129243,9,"set",2,"fev",5,0.15,12,2,"ultimo_mes_seco","fev"
"1038004","Cícero Dantas","BA",-10.595,-38.3858,"Hidroweb diário",81,FALSE,0.33970499448368646,"alta (>=0.3)",TRUE,1.1520942314363596,9,"set",11,"nov",4,0.15,10,9,"theta_pi","set"
"1038008","Jeremoabo","BA",-10.0781,-38.3528,"Hidroweb diário",64,FALSE,0.33899898225772984,"alta (>=0.3)",TRUE,1.1187164616187497,9,"set",12,"dez",4,0.15,10,9,"theta_pi","set"
"1038010","Ribeira do Pombal","BA",-10.6667,-38.6167,"Hidroweb diário",47,FALSE,0.4375066424361476,"alta (>=0.3)",TRUE,0.6869226684783285,8,"ago",10,"out",2,0.15,10,8,"theta_pi","ago"
"1038014","Euclides da Cunha","BA",-10.1,-38.9833,"Hidroweb diário",31,FALSE,0.554243315641675,"alta (>=0.3)",TRUE,0.6958286728444857,8,"ago",10,"out",3,0.15,9,8,"theta_pi","ago"
"1038015","Tucano","BA",-10.9667,-38.7667,"Hidroweb diário",49,FALSE,0.5074341033313612,"alta (>=0.3)",TRUE,0.5064979432111222,7,"jul",10,"out",3,0.15,9,7,"theta_pi","jul"
"1038016","Ribeira do Pombal","BA",-10.8233,-38.5458,"Hidroweb diário",53,FALSE,0.3369962579993273,"alta (>=0.3)",TRUE,1.0121591200575324,8,"ago",10,"out",2,0.15,10,8,"theta_pi","ago"
"1039000","Uauá","BA",-9.9222,-39.7044,"Hidroweb diário",33,FALSE,0.6249259879113137,"alta (>=0.3)",TRUE,0.4519268605765603,7,"jul",10,"out",3,0.15,9,7,"theta_pi","jul"
"1039003","Cansanção","BA",-10.6667,-39.4967,"Hidroweb diário",48,FALSE,0.4976018132438461,"alta (>=0.3)",TRUE,0.5273636010045311,8,"ago",10,"out",2,0.15,10,8,"theta_pi","ago"
"1039005","Euclides da Cunha","BA",-10.5,-39.0167,"Hidroweb diário",80,FALSE,0.4559532182368447,"alta (>=0.3)",TRUE,0.6290541564972272,8,"ago",10,"out",2,0.15,10,8,"theta_pi","ago"
"1039006","Itiúba","BA",-10.6833,-39.85,"Hidroweb diário",46,FALSE,0.503664584463499,"alta (>=0.3)",TRUE,0.5515089195249969,8,"ago",10,"out",2,0.15,10,8,"theta_pi","ago"
"1039011","Queimadas","BA",-10.8275,-39.6008,"Hidroweb diário",50,FALSE,0.6164988016058326,"alta (>=0.3)",TRUE,0.6520489593190367,8,"ago",10,"out",2,0.15,10,8,"theta_pi","ago"
"1039012","Monte Santo","BA",-10.4333,-39.3333,"Hidroweb diário",72,FALSE,0.4011406739287182,"alta (>=0.3)",TRUE,0.7124193835971839,8,"ago",10,"out",2,0.15,10,8,"theta_pi","ago"
"1039013","Monte Santo","BA",-10.3614,-39.5094,"Hidroweb diário",36,FALSE,0.4158687674123237,"alta (>=0.3)",TRUE,0.5280376786502311,8,"ago",10,"out",2,0.15,9,8,"theta_pi","ago"
"1039015","Queimadas","BA",-10.9667,-39.6333,"Hidroweb diário",81,FALSE,0.5825257651946605,"alta (>=0.3)",TRUE,0.4296961456614437,7,"jul",10,"out",2,0.15,9,7,"theta_pi","jul"
"1039016","Quijingue","BA",-10.75,-39.2,"Hidroweb diário",31,FALSE,0.2746433428647818,"media (0.20-0.3)",FALSE,1.5977243024691357,10,"out",2,"fev",7,0.15,1,2,"ultimo_mes_seco","fev"
"1039017","Jaguarari","BA",-10.0833,-39.8333,"Hidroweb diário",40,FALSE,0.5740555792319281,"alta (>=0.3)",TRUE,0.26539801751967257,7,"jul",10,"out",4,0.15,8,7,"theta_pi","jul"
"1039019","Queimadas","BA",-10.9742,-39.6328,"Hidroweb diário",80,FALSE,0.5818969012397689,"alta (>=0.3)",TRUE,0.6265671931073435,8,"ago",10,"out",2,0.15,10,8,"theta_pi","ago"
"1039025","Itiúba","BA",-10.6514,-39.7211,"Hidroweb diário",41,FALSE,0.5910276538993744,"alta (>=0.3)",TRUE,0.7838550984807945,8,"ago",10,"out",2,0.15,10,8,"theta_pi","ago"
"1040001","Campo Formoso","BA",-10.0097,-40.6908,"Hidroweb diário",31,FALSE,0.6138167837782684,"alta (>=0.3)",TRUE,0.19202669532144473,7,"jul",10,"out",6,0.15,5,7,"theta_pi","jul"
"1040003","Campo Formoso","BA",-10.5,-40.3167,"Hidroweb diário",37,FALSE,0.31789691098822687,"alta (>=0.3)",TRUE,0.48726960769267413,7,"jul",10,"out",1,0.15,10,7,"theta_pi","jul"
"1040004","Jaguarari","BA",-10.2583,-40.1975,"Hidroweb diário",58,FALSE,0.5753441231331816,"alta (>=0.3)",TRUE,0.5632797168877717,8,"ago",10,"out",2,0.15,10,8,"theta_pi","ago"
"1040006","Mirangaba","BA",-10.9539,-40.5753,"Hidroweb diário",34,FALSE,0.605694019858773,"alta (>=0.3)",TRUE,0.2908027641807534,7,"jul",10,"out",1,0.15,10,7,"theta_pi","jul"
"1040010","Pindobaçu","BA",-10.7333,-40.35,"Hidroweb diário",56,FALSE,0.5341153223519294,"alta (>=0.3)",TRUE,0.8465413170735724,8,"ago",10,"out",2,0.15,10,8,"theta_pi","ago"
"1040011","Pindobaçu","BA",-10.7333,-40.35,"Hidroweb diário",39,FALSE,0.6471228775054064,"alta (>=0.3)",TRUE,1.1391665482703281,9,"set",10,"out",2,0.15,10,9,"theta_pi","set"
"1040013","Senhor do Bonfim","BA",-10.4878,-40.0103,"Hidroweb diário",33,FALSE,0.48319464090539926,"alta (>=0.3)",TRUE,0.7515786742894505,8,"ago",10,"out",3,0.15,9,8,"theta_pi","ago"
"1040014","Senhor do Bonfim","BA",-10.3703,-40.0939,"Hidroweb diário",40,FALSE,0.5846765215140888,"alta (>=0.3)",TRUE,0.6548075715127462,8,"ago",10,"out",2,0.15,10,8,"theta_pi","ago"
"1040016","Mirangaba","BA",-10.89,-40.6997,"Hidroweb diário",33,FALSE,0.6209346928269753,"alta (>=0.3)",TRUE,0.32338334392397644,7,"jul",10,"out",7,0.15,5,7,"theta_pi","jul"
"1040018","Campo Formoso","BA",-10.6,-40.95,"Hidroweb diário",56,FALSE,0.6261324870826016,"alta (>=0.3)",TRUE,0.206636755293362,7,"jul",10,"out",7,0.15,5,7,"theta_pi","jul"
"1040019","Saúde","BA",-10.9333,-40.4,"Hidroweb diário",63,FALSE,0.5263517102701143,"alta (>=0.3)",TRUE,0.4582612968290424,7,"jul",10,"out",2,0.15,10,7,"theta_pi","jul"
"1040020","Senhor do Bonfim","BA",-10.4681,-40.1886,"Hidroweb diário",77,FALSE,0.6073371507860598,"alta (>=0.3)",TRUE,0.5536939374051406,8,"ago",10,"out",2,0.15,10,8,"theta_pi","ago"
"1040022","Senhor do Bonfim","BA",-10.45,-40.1833,"Hidroweb diário",34,FALSE,0.39768175412174145,"alta (>=0.3)",TRUE,0.555925652422269,8,"ago",10,"out",2,0.15,9,8,"theta_pi","ago"
"1040025","Pindobaçu","BA",-10.8025,-40.38,"Hidroweb diário",41,FALSE,0.5763960054090403,"alta (>=0.3)",TRUE,0.5577215755096101,8,"ago",10,"out",2,0.15,10,8,"theta_pi","ago"
"1040026","Caldeirão Grande","BA",-10.8444,-40.1117,"Hidroweb diário",41,FALSE,0.6004252591156409,"alta (>=0.3)",TRUE,0.5208144437288909,8,"ago",10,"out",2,0.15,9,8,"theta_pi","ago"
"1040027","Senhor do Bonfim","BA",-10.3947,-40.1147,"Hidroweb diário",40,FALSE,0.6273154286912409,"alta (>=0.3)",TRUE,0.5046666522438403,7,"jul",10,"out",2,0.15,10,7,"theta_pi","jul"
"1041005","Sento Sé","BA",-10.3225,-41.8306,"Hidroweb diário",31,FALSE,0.5932012306985386,"alta (>=0.3)",TRUE,0.5745772351150386,8,"ago",9,"set",5,0.15,5,8,"theta_pi","ago"
"1041007","Sento Sé","BA",-10.3833,-41.4167,"Hidroweb diário",71,FALSE,0.6106953514330278,"alta (>=0.3)",TRUE,0.1429735641861259,7,"jul",9,"set",5,0.15,6,7,"theta_pi","jul"
"1042001","Ibitiara","BA",-10.4333,-42.3167,"Hidroweb diário",52,FALSE,0.7475661822207458,"alta (>=0.3)",TRUE,0.47690209334561096,7,"jul",9,"set",5,0.15,5,7,"theta_pi","jul"
"1042004","Sento Sé","BA",-10.1533,-42.08,"Hidroweb diário",31,FALSE,0.7136610842828566,"alta (>=0.3)",TRUE,0.48720549029680504,7,"jul",10,"out",6,0.15,5,7,"theta_pi","jul"
"1042007","Pilão Arcado","BA",-10.1667,-42.4333,"Hidroweb diário",74,FALSE,0.683609791010714,"alta (>=0.3)",TRUE,0.6166157761851606,8,"ago",10,"out",6,0.15,6,8,"theta_pi","ago"
"1042009","Pilão Arcado","BA",-10.1667,-42.4333,"Hidroweb diário",35,FALSE,0.659949983936932,"alta (>=0.3)",TRUE,0.5896783192722015,8,"ago",10,"out",6,0.15,5,8,"theta_pi","ago"
"1042011","Xique-xique","BA",-10.8333,-42.7167,"Hidroweb diário",61,FALSE,0.6405295805078872,"alta (>=0.3)",TRUE,0.47821208410642957,7,"jul",9,"set",5,0.15,5,7,"theta_pi","jul"
"1042012","Itaguaçu da Bahia","BA",-10.9864,-42.3422,"Hidroweb diário",49,FALSE,0.6320134982995144,"alta (>=0.3)",TRUE,0.347715515653855,7,"jul",9,"set",5,0.15,5,7,"theta_pi","jul"
"1042013","Barra","BA",-10.8333,-42.9167,"Hidroweb diário",39,FALSE,0.7187941777967171,"alta (>=0.3)",TRUE,0.3256014578465117,7,"jul",10,"out",6,0.15,5,7,"theta_pi","jul"
"1044006","Santa Rita de Cássia","BA",-10.6994,-44.4508,"Hidroweb diário",31,FALSE,0.6991122951337615,"alta (>=0.3)",TRUE,0.17301021003817713,7,"jul",9,"set",5,0.15,5,7,"theta_pi","jul"
"1044007","Mansidão","BA",-10.7164,-44.0347,"Hidroweb diário",54,FALSE,0.5762996987500328,"alta (>=0.3)",TRUE,0.18560846917018897,7,"jul",9,"set",5,0.15,5,7,"theta_pi","jul"
"1137027","Jandaíra","BA",-11.5419,-37.5661,"Hidroweb diário",59,FALSE,0.4756106295743193,"alta (>=0.3)",TRUE,2.2922199833467385,11,"nov",1,"jan",4,0.15,11,11,"theta_pi","nov"
"1137028","Esplanada","BA",-11.7833,-37.95,"Hidroweb diário",78,FALSE,0.3071214396727541,"alta (>=0.3)",TRUE,1.2257260944235473,9,"set",2,"fev",4,0.15,1,9,"theta_pi","set"
"1137029","Conde","BA",-11.8131,-37.6114,"Hidroweb diário",43,FALSE,0.4269482029542918,"alta (>=0.3)",TRUE,2.2136215705322226,11,"nov",2,"fev",5,0.15,12,11,"theta_pi","nov"
"1137033","Rio Real","BA",-11.4667,-37.9333,"Hidroweb diário",79,FALSE,0.2422822156286263,"media (0.20-0.3)",FALSE,0.6644736446156854,8,"ago",2,"fev",6,0.15,1,2,"ultimo_mes_seco","fev"
"1137039","Conde","BA",-11.7667,-37.8167,"Hidroweb diário",37,FALSE,0.286365025861106,"media (0.20-0.3)",FALSE,2.508679149605818,11,"nov",2,"fev",6,0.15,1,2,"ultimo_mes_seco","fev"
"1137041","Itapicuru","BA",-11.6,-37.95,"Hidroweb diário",48,FALSE,0.44549523604407815,"alta (>=0.3)",TRUE,1.6486983590501663,10,"out",2,"fev",4,0.15,10,10,"theta_pi","out"
"1137042","Acajutiba","BA",-11.655,-37.9369,"Hidroweb diário",37,FALSE,0.28916268147275875,"media (0.20-0.3)",FALSE,2.258378036307022,11,"nov",1,"jan",4,0.15,1,1,"ultimo_mes_seco","jan"
"1137043","Conde","BA",-11.7683,-37.8036,"Hidroweb diário",33,FALSE,0.30739983206835453,"alta (>=0.3)",TRUE,2.00681325933669,10,"out",1,"jan",3,0.15,12,10,"theta_pi","out"
"1138001","Nova Soure","BA",-11.2333,-38.4833,"Hidroweb diário",53,FALSE,0.3975097949502824,"alta (>=0.3)",TRUE,0.8146950266861679,8,"ago",2,"fev",6,0.15,10,8,"theta_pi","ago"
"1138002","Inhambupe","BA",-11.7828,-38.3481,"Hidroweb diário",75,FALSE,0.39620165478112973,"alta (>=0.3)",TRUE,1.0980353921170984,9,"set",1,"jan",3,0.15,12,9,"theta_pi","set"
"1138003","Inhambupe","BA",-11.7833,-38.35,"Hidroweb diário",45,FALSE,0.2958796389574263,"media (0.20-0.3)",FALSE,0.6540127863130136,8,"ago",2,"fev",5,0.15,10,2,"ultimo_mes_seco","fev"
"1138006","Itapicuru","BA",-11.3,-38.2167,"Hidroweb diário",46,FALSE,0.3458171416222418,"alta (>=0.3)",TRUE,0.9223849606310408,8,"ago",10,"out",3,0.15,10,8,"theta_pi","ago"
"1138014","Cipó","BA",-11.0981,-38.5131,"Hidroweb diário",79,FALSE,0.38115070989246885,"alta (>=0.3)",TRUE,0.6690969394466239,8,"ago",10,"out",2,0.15,10,8,"theta_pi","ago"
"1138015","Araci","BA",-11.3333,-38.95,"Hidroweb diário",78,FALSE,0.5724738764629844,"alta (>=0.3)",TRUE,0.23834270527400084,7,"jul",10,"out",2,0.15,10,7,"theta_pi","jul"
"1138016","Satiro Dias","BA",-11.5833,-38.5833,"Hidroweb diário",33,FALSE,0.37830029761205974,"alta (>=0.3)",TRUE,1.0098878401497415,8,"ago",10,"out",2,0.15,9,8,"theta_pi","ago"
"1138017","Ribeira do Amparo","BA",-11.0333,-38.4333,"Hidroweb diário",35,FALSE,0.28542691227482353,"media (0.20-0.3)",FALSE,1.0004073896693921,8,"ago",1,"jan",5,0.15,10,1,"ultimo_mes_seco","jan"
"1138026","Tucano","BA",-11.0631,-38.8353,"Hidroweb diário",42,FALSE,0.380249458742076,"alta (>=0.3)",TRUE,0.6889476220593136,8,"ago",2,"fev",4,0.15,10,8,"theta_pi","ago"
"1138027","Crisópolis","BA",-11.5121,-38.1245,"Hidroweb diário",31,FALSE,0.304516408678717,"alta (>=0.3)",TRUE,1.3402584826438328,9,"set",12,"dez",5,0.15,10,9,"theta_pi","set"
"1139000","Conceição do Coite","BA",-11.4667,-39.1833,"Hidroweb diário",53,FALSE,0.5789183064689623,"alta (>=0.3)",TRUE,0.38181890177899275,7,"jul",10,"out",2,0.15,9,7,"theta_pi","jul"
"1139002","Valente","BA",-11.5667,-39.4667,"Hidroweb diário",51,FALSE,0.4937554401604312,"alta (>=0.3)",TRUE,0.274675824640269,7,"jul",10,"out",2,0.15,9,7,"theta_pi","jul"
"1139009","Araci","BA",-11.2531,-39.0944,"Hidroweb diário",32,FALSE,0.5234648805194222,"alta (>=0.3)",TRUE,0.40224805565766725,7,"jul",10,"out",3,0.15,9,7,"theta_pi","jul"
"1139011","Riachão do Jacuípe","BA",-11.8,-39.3667,"Hidroweb diário",56,FALSE,0.6707817387472919,"alta (>=0.3)",TRUE,0.18834993561166624,7,"jul",10,"out",2,0.15,10,7,"theta_pi","jul"
"1139017","Serrinha","BA",-11.65,-39,"Hidroweb diário",68,FALSE,0.38463631574205764,"alta (>=0.3)",TRUE,4.637645351795118,3,"mar",10,"out",2,0.15,10,3,"theta_pi","mar"
"1139022","Gavião","BA",-11.4742,-39.7847,"Hidroweb diário",42,FALSE,0.5670847833814335,"alta (>=0.3)",TRUE,0.25338918001184096,7,"jul",10,"out",2,0.15,10,7,"theta_pi","jul"
"1140000","Miguel Calmon","BA",-11.4325,-40.6044,"Hidroweb diário",60,FALSE,0.6848934852235965,"alta (>=0.3)",TRUE,0.41543803825143555,7,"jul",10,"out",3,0.15,9,7,"theta_pi","jul"
"1140001","Piritiba","BA",-11.7167,-40.5667,"Hidroweb diário",32,FALSE,0.6110502786585115,"alta (>=0.3)",TRUE,0.24091205610113875,7,"jul",8,"ago",2,0.15,8,7,"theta_pi","jul"
"1140002","Mundo Novo","BA",-11.85,-40.4667,"Hidroweb diário",73,FALSE,0.601598409055156,"alta (>=0.3)",TRUE,0.4345105744952141,7,"jul",10,"out",2,0.15,9,7,"theta_pi","jul"
"1140004","Mairi (ex-monte Alegre da Ba)","BA",-11.7133,-40.1483,"Hidroweb diário",57,FALSE,0.6197019060846263,"alta (>=0.3)",TRUE,0.7398000883106449,8,"ago",10,"out",2,0.15,9,8,"theta_pi","ago"
"1140006","Miguel Calmon","BA",-11.4167,-40.6,"Hidroweb diário",46,FALSE,0.6042906081192329,"alta (>=0.3)",TRUE,0.3948798302047609,7,"jul",10,"out",2,0.15,9,7,"theta_pi","jul"
"1140009","Piritiba","BA",-11.5736,-40.5931,"Hidroweb diário",56,FALSE,0.575574793686605,"alta (>=0.3)",TRUE,0.251241304828884,7,"jul",10,"out",2,0.15,10,7,"theta_pi","jul"
"1140010","Piritiba","BA",-11.5533,-40.6,"Hidroweb diário",59,FALSE,0.6847412490616003,"alta (>=0.3)",TRUE,0.2926618927298247,7,"jul",10,"out",2,0.15,10,7,"theta_pi","jul"
"1140011","Jacobina","BA",-11.1892,-40.2664,"Hidroweb diário",33,FALSE,0.5081831944673053,"alta (>=0.3)",TRUE,0.2328349577336808,7,"jul",10,"out",2,0.15,10,7,"theta_pi","jul"
"1140014","Jacobina","BA",-11.1667,-40.5167,"Hidroweb diário",75,FALSE,0.5190878801836976,"alta (>=0.3)",TRUE,0.30603828955420476,7,"jul",10,"out",2,0.15,10,7,"theta_pi","jul"
"1140015","Jacobina","BA",-11.1667,-40.5167,"Hidroweb diário",33,FALSE,0.5282445496662392,"alta (>=0.3)",TRUE,0.17066488680081632,7,"jul",10,"out",3,0.15,10,7,"theta_pi","jul"
"1140016","Jacobina","BA",-11.2036,-40.4842,"Hidroweb diário",57,FALSE,0.6164213116820418,"alta (>=0.3)",TRUE,0.4185950006642015,7,"jul",10,"out",2,0.15,9,7,"theta_pi","jul"
"1140017","Morro do Chapéu","BA",-11.9667,-40.9667,"Hidroweb diário",31,FALSE,0.45833038043022895,"alta (>=0.3)",TRUE,0.5139544534371102,7,"jul",10,"out",3,0.15,9,7,"theta_pi","jul"
"1140018","Baixa Grande","BA",-11.9606,-40.1783,"Hidroweb diário",33,FALSE,0.48667282074635926,"alta (>=0.3)",TRUE,0.19874775396523842,7,"jul",10,"out",3,0.15,10,7,"theta_pi","jul"
"1140019","Morro do Chapéu","BA",-11.5167,-40.7833,"Hidroweb diário",34,FALSE,0.6326575091130967,"alta (>=0.3)",TRUE,0.22621351412553992,7,"jul",10,"out",2,0.15,9,7,"theta_pi","jul"
"1140020","Caém","BA",-11.0942,-40.435,"Hidroweb diário",35,FALSE,0.5346034079469802,"alta (>=0.3)",TRUE,0.36558238703631746,7,"jul",10,"out",2,0.15,9,7,"theta_pi","jul"
"1140022","Jacobina","BA",-11.2,-40.0167,"Hidroweb diário",61,FALSE,0.47855088755995573,"alta (>=0.3)",TRUE,0.4950802640804433,7,"jul",10,"out",2,0.15,9,7,"theta_pi","jul"
"1140023","Serrolândia","BA",-11.4,-40.3,"Hidroweb diário",42,FALSE,0.6114223598086597,"alta (>=0.3)",TRUE,0.5211724456295284,8,"ago",10,"out",2,0.15,9,8,"theta_pi","ago"
"1140026","Morro do Chapéu","BA",-11.6431,-40.9461,"Hidroweb diário",49,FALSE,0.6721484710972618,"alta (>=0.3)",TRUE,6.234982242965426,6,"jun",10,"out",4,0.15,9,6,"theta_pi","jun"
"1140027","Jacobina","BA",-11.25,-40.9167,"Hidroweb diário",31,FALSE,0.6764916388346764,"alta (>=0.3)",TRUE,6.211281844601982,6,"jun",10,"out",7,0.15,5,6,"theta_pi","jun"
"1140031","Mundo Novo","BA",-11.8656,-40.5178,"Hidroweb diário",41,FALSE,0.64514071371469,"alta (>=0.3)",TRUE,0.11359624477523426,7,"jul",10,"out",2,0.15,10,7,"theta_pi","jul"
"1140032","Serrolândia","BA",-11.4106,-40.3036,"Hidroweb diário",41,FALSE,0.5238709857742058,"alta (>=0.3)",TRUE,0.41014946202028385,7,"jul",9,"set",1,0.15,9,7,"theta_pi","jul"
"1140033","Capim Grosso","BA",-11.2303,-39.9658,"Hidroweb diário",42,FALSE,0.6195145152925754,"alta (>=0.3)",TRUE,0.34222614579955035,7,"jul",10,"out",2,0.15,9,7,"theta_pi","jul"
"1140035","Morro do Chapéu","BA",-11.6708,-40.9819,"Hidroweb diário",48,FALSE,0.4735714935016778,"alta (>=0.3)",TRUE,0.19263968396976666,7,"jul",10,"out",3,0.15,9,7,"theta_pi","jul"
"1141002","Morro do Chapéu","BA",-11.5,-41.1167,"Hidroweb diário",68,FALSE,0.5370075349160871,"alta (>=0.3)",TRUE,0.30260639454075583,7,"jul",10,"out",2,0.15,9,7,"theta_pi","jul"
"1141005","Ibitita","BA",-11.55,-41.9667,"Hidroweb diário",34,FALSE,0.6576973541438014,"alta (>=0.3)",TRUE,0.1148226650736337,7,"jul",9,"set",5,0.15,6,7,"theta_pi","jul"
"1141006","Irecê","BA",-11.3667,-41.6,"Hidroweb diário",31,FALSE,0.6753990521612447,"alta (>=0.3)",TRUE,0.3458847732235199,7,"jul",9,"set",5,0.15,5,7,"theta_pi","jul"
"1141007","Irecê","BA",-11.3,-41.8667,"Hidroweb diário",42,FALSE,0.6809340986951338,"alta (>=0.3)",TRUE,0.3029208197628114,7,"jul",9,"set",5,0.15,8,7,"theta_pi","jul"
"1141008","Jussara","BA",-11.0167,-41.8833,"Hidroweb diário",34,FALSE,0.6145898341710879,"alta (>=0.3)",TRUE,0.4334613172464776,7,"jul",9,"set",5,0.15,5,7,"theta_pi","jul"
"1141009","Canarana","BA",-11.7667,-41.8833,"Hidroweb diário",33,FALSE,0.6071032028459178,"alta (>=0.3)",TRUE,0.1182129595371882,7,"jul",9,"set",5,0.15,5,7,"theta_pi","jul"
"1141012","Utinga","BA",-11.9656,-41.2686,"Hidroweb diário",57,FALSE,0.65609122308427,"alta (>=0.3)",TRUE,6.254052926968868,6,"jun",9,"set",5,0.15,6,6,"theta_pi","jun"
"1141014","Irecê","BA",-11.3,-41.8667,"Hidroweb diário",34,FALSE,0.6528180279003043,"alta (>=0.3)",TRUE,0.18661358774348102,7,"jul",10,"out",6,0.15,8,7,"theta_pi","jul"
"1141017","Irecê","BA",-11.7,-41.85,"Hidroweb diário",42,FALSE,0.5979168088133818,"alta (>=0.3)",TRUE,0.21464265352762923,7,"jul",10,"out",7,0.15,5,7,"theta_pi","jul"
"1142004","Gentio do Ouro","BA",-11.1167,-42.7333,"Hidroweb diário",55,FALSE,0.6769604585271861,"alta (>=0.3)",TRUE,0.13883267653785528,7,"jul",9,"set",5,0.15,5,7,"theta_pi","jul"
"1142013","Ipupiara","BA",-11.8167,-42.6167,"Hidroweb diário",57,FALSE,0.648675626063478,"alta (>=0.3)",TRUE,6.177087626681557,6,"jun",9,"set",5,0.15,5,6,"theta_pi","jun"
"1142014","Barra do Mendes","BA",-11.8167,-42.0667,"Hidroweb diário",53,FALSE,0.62113959272909,"alta (>=0.3)",TRUE,6.2469355632463035,6,"jun",9,"set",5,0.15,5,6,"theta_pi","jun"
"1142017","Ibipeba","BA",-11.3286,-42.305,"Hidroweb diário",51,FALSE,0.6530240545354801,"alta (>=0.3)",TRUE,0.3793297283975822,7,"jul",9,"set",5,0.15,6,7,"theta_pi","jul"
"1142020","Ibipeba","BA",-11.3561,-42.2736,"Hidroweb diário",49,FALSE,0.6668956286364043,"alta (>=0.3)",TRUE,0.3169994222457783,7,"jul",9,"set",5,0.15,6,7,"theta_pi","jul"
"1143001","Morpará","BA",-11.5667,-43.2833,"Hidroweb diário",52,FALSE,0.67660146078954,"alta (>=0.3)",TRUE,0.2802388173045187,7,"jul",9,"set",5,0.15,6,7,"theta_pi","jul"
"1143002","Morpará","BA",-11.5633,-43.2753,"Hidroweb diário",77,FALSE,0.6380194829764875,"alta (>=0.3)",TRUE,0.22819325481220165,7,"jul",9,"set",5,0.15,6,7,"theta_pi","jul"
"1143004","Barra","BA",-11.0833,-43.1333,"Hidroweb diário",35,FALSE,0.5821477972767799,"alta (>=0.3)",TRUE,0.3456906463946693,7,"jul",10,"out",6,0.15,5,7,"theta_pi","jul"
"1143006","Barra","BA",-11.0833,-43.15,"Hidroweb diário",50,FALSE,0.6708395007088088,"alta (>=0.3)",TRUE,0.3495823050901776,7,"jul",9,"set",5,0.15,6,7,"theta_pi","jul"
"1143009","Barra","BA",-11.3428,-43.825,"Hidroweb diário",55,FALSE,0.586650405959066,"alta (>=0.3)",TRUE,0.2691026946741923,7,"jul",9,"set",5,0.15,6,7,"theta_pi","jul"
"1143010","Mansidão","BA",-11.3553,-43.8456,"Hidroweb diário",89,FALSE,0.6231938561370692,"alta (>=0.3)",TRUE,0.27182819589757584,7,"jul",9,"set",5,0.15,6,7,"theta_pi","jul"
"1144000","Cotegipe","BA",-11.7228,-44.5022,"Hidroweb diário",35,FALSE,0.6146347147868063,"alta (>=0.3)",TRUE,0.11482270409456688,7,"jul",9,"set",5,0.15,6,7,"theta_pi","jul"
"1144002","Santa Rita de Cássia","BA",-11,-44.5167,"Hidroweb diário",66,FALSE,0.6478152805064992,"alta (>=0.3)",TRUE,0.3135260562575797,7,"jul",9,"set",5,0.15,6,7,"theta_pi","jul"
"1144005","Cotegipe","BA",-11.6139,-44.1575,"Hidroweb diário",61,FALSE,0.689268639988826,"alta (>=0.3)",TRUE,0.09522404035790297,7,"jul",9,"set",5,0.15,6,7,"theta_pi","jul"
"1144009","Santa Rita de Cássia","BA",-11.0181,-44.5125,"Hidroweb diário",37,FALSE,0.631332231870237,"alta (>=0.3)",TRUE,0.3334056723708149,7,"jul",9,"set",5,0.15,6,7,"theta_pi","jul"
"1144010","Santa Rita de Cássia","BA",-11.0094,-44.8658,"Hidroweb diário",32,FALSE,0.6526840002451917,"alta (>=0.3)",TRUE,0.12849781727055926,7,"jul",9,"set",5,0.15,5,7,"theta_pi","jul"
"1144013","Cotegipe","BA",-11.7189,-44.5019,"Hidroweb diário",45,FALSE,0.6850418165610502,"alta (>=0.3)",TRUE,6.0574997965377175,6,"jun",9,"set",5,0.15,5,6,"theta_pi","jun"
"1144014","Angical","BA",-11.9794,-44.8772,"Hidroweb diário",52,FALSE,0.6525397900349166,"alta (>=0.3)",TRUE,0.1916566602966803,7,"jul",9,"set",5,0.15,6,7,"theta_pi","jul"
"1144027","Santa Rita de Cássia","BA",-11.0061,-44.5256,"Hidroweb diário",99,FALSE,0.5712306667880757,"alta (>=0.3)",TRUE,0.3042233844566628,7,"jul",9,"set",5,0.15,6,7,"theta_pi","jul"
"1145001","Formosa do Rio Preto","BA",-11.0478,-45.2019,"Hidroweb diário",80,FALSE,0.6955732686834134,"alta (>=0.3)",TRUE,0.1531884655135697,7,"jul",9,"set",5,0.15,6,7,"theta_pi","jul"
"1145002","Formosa do Rio Preto","BA",-11.05,-45.2,"Hidroweb diário",59,FALSE,0.7175151557816719,"alta (>=0.3)",TRUE,6.237756058833622,6,"jun",9,"set",6,0.15,5,6,"theta_pi","jun"
"1145003","Riachão das Neves","BA",-11.5333,-45.0667,"Hidroweb diário",45,FALSE,0.6660583840888629,"alta (>=0.3)",TRUE,0.1434819126977976,7,"jul",9,"set",5,0.15,6,7,"theta_pi","jul"
"1145004","Formosa do Rio Preto","BA",-10.9925,-45.5267,"Hidroweb diário",54,FALSE,0.723100647900982,"alta (>=0.3)",TRUE,0.15936789748481836,7,"jul",9,"set",5,0.15,6,7,"theta_pi","jul"
"1145012","Formosa do Rio Preto","BA",-11.05,-45.1833,"Hidroweb diário",44,FALSE,0.7061641249327774,"alta (>=0.3)",TRUE,6.2509099414373805,6,"jun",9,"set",5,0.15,5,6,"theta_pi","jun"
"1145013","Barreiras","BA",-11.8961,-45.6119,"Hidroweb diário",48,FALSE,0.5961286056372113,"alta (>=0.3)",TRUE,0.1725182025372621,7,"jul",9,"set",5,0.15,6,7,"theta_pi","jul"
"1145014","Barreiras","BA",-11.8525,-45.1222,"Hidroweb diário",51,FALSE,0.6864434623586606,"alta (>=0.3)",TRUE,0.025279461171197976,7,"jul",9,"set",5,0.15,6,7,"theta_pi","jul"
"1145019","Riachão das Neves","BA",-11.5119,-45.0419,"Hidroweb diário",42,FALSE,0.6123897479825465,"alta (>=0.3)",TRUE,0.10799695883041059,7,"jul",9,"set",5,0.15,6,7,"theta_pi","jul"
"1237000","Esplanada","BA",-12.0575,-37.7564,"Hidroweb diário",57,FALSE,0.6222307650558098,"alta (>=0.3)",TRUE,2.20520637141132,11,"nov",1,"jan",4,0.15,12,11,"theta_pi","nov"
"1237001","Cardeal da Silva","BA",-12.1333,-37.9667,"Hidroweb diário",32,FALSE,0.4578111772282373,"alta (>=0.3)",TRUE,2.2382227154836687,11,"nov",2,"fev",5,0.15,2,11,"theta_pi","nov"
"1238000","Camaçari","BA",-12.5703,-38.0567,"Hidroweb diário",63,FALSE,0.38839616557664314,"alta (>=0.3)",TRUE,2.232056318215351,11,"nov",2,"fev",5,0.15,12,11,"theta_pi","nov"
"1238005","Alagoinhas","BA",-12.1333,-38.4167,"Hidroweb diário",36,FALSE,0.28440463427127877,"media (0.20-0.3)",FALSE,2.3986444168917513,11,"nov",1,"jan",3,0.15,1,1,"ultimo_mes_seco","jan"
"1238010","Araças","BA",-12.2103,-38.2006,"Hidroweb diário",62,FALSE,0.371166921846839,"alta (>=0.3)",TRUE,2.0658445918713197,10,"out",2,"fev",4,0.15,12,10,"theta_pi","out"
"1238019","Muritiba","BA",-12.65,-38.9833,"Hidroweb diário",35,FALSE,0.12828173791439168,"baixa (<0.20)",FALSE,2.135090060686455,11,"nov",2,"fev",5,0.15,12,2,"ultimo_mes_seco","fev"
"1238025","São Félix","BA",-12.6333,-38.9833,"Hidroweb diário",43,FALSE,0.16973835347154173,"baixa (<0.20)",FALSE,1.9616823158996082,10,"out",2,"fev",6,0.15,1,2,"ultimo_mes_seco","fev"
"1238026","São Francisco do Conde","BA",-12.6167,-38.6667,"Hidroweb diário",34,FALSE,0.36630296217226743,"alta (>=0.3)",TRUE,1.9624841749029507,10,"out",2,"fev",5,0.15,2,10,"theta_pi","out"
"1238028","Feira de Santana","BA",-12.2667,-38.9667,"Hidroweb diário",52,FALSE,0.44802822978577317,"alta (>=0.3)",TRUE,0.676281429474193,8,"ago",10,"out",3,0.15,9,8,"theta_pi","ago"
"1238031","Irará","BA",-12.0333,-38.75,"Hidroweb diário",69,FALSE,0.5096436027566758,"alta (>=0.3)",TRUE,0.15878561717240125,7,"jul",10,"out",2,0.15,10,7,"theta_pi","jul"
"1238033","São Gonçalo dos Campos","BA",-12.3883,-38.9567,"Hidroweb diário",55,FALSE,0.5270405323390956,"alta (>=0.3)",TRUE,0.006992499572808632,7,"jul",6,"jun",4,0.15,8,7,"theta_pi","jul"
"1238037","Alagoinhas","BA",-12.1333,-38.4167,"Hidroweb diário",31,FALSE,0.14675390138024955,"baixa (<0.20)",FALSE,2.0513674869563006,10,"out",3,"mar",5,0.15,2,3,"ultimo_mes_seco","mar"
"1238042","Alagoinhas","BA",-12.2514,-38.515,"Hidroweb diário",63,FALSE,0.22646581557691425,"media (0.20-0.3)",FALSE,1.235922263032909,9,"set",2,"fev",4,0.15,10,2,"ultimo_mes_seco","fev"
"1238046","Camaçari","BA",-12.6031,-38.1375,"Hidroweb diário",59,FALSE,0.4676805325386335,"alta (>=0.3)",TRUE,2.2179291904930944,11,"nov",2,"fev",6,0.15,12,11,"theta_pi","nov"
"1238051","Teodoro Sampaio","BA",-12.3003,-38.6439,"Hidroweb diário",58,FALSE,0.1413187651373331,"baixa (<0.20)",FALSE,0.7280657897305748,8,"ago",1,"jan",3,0.15,10,1,"ultimo_mes_seco","jan"
"1238057","Vera Cruz","BA",-12.9833,-38.6333,"Hidroweb diário",43,FALSE,0.3730951583094873,"alta (>=0.3)",TRUE,2.3478499601209286,11,"nov",2,"fev",5,0.15,1,11,"theta_pi","nov"
"1239000","Rafael Jambeiro","BA",-12.5833,-39.5333,"Hidroweb diário",31,FALSE,0.1421963278741638,"baixa (<0.20)",FALSE,0.8765178411150271,8,"ago",10,"out",2,0.15,9,10,"ultimo_mes_seco","out"
"1239002","Castro Alves","BA",-12.7667,-39.4167,"Hidroweb diário",66,FALSE,0.15937076588288143,"baixa (<0.20)",FALSE,1.6997613897298802,10,"out",10,"out",2,0.15,10,10,"ultimo_mes_seco","out"
"1239004","Conceição da Feira","BA",-12.55,-39.0833,"Hidroweb diário",41,FALSE,0.5601702371284251,"alta (>=0.3)",TRUE,6.208094385027048,6,"jun",10,"out",1,0.15,10,6,"theta_pi","jun"
"1239007","Rafael Jambeiro","BA",-12.585,-39.5183,"Hidroweb diário",64,FALSE,0.6741091351638069,"alta (>=0.3)",TRUE,0.496159372738923,7,"jul",10,"out",1,0.15,10,7,"theta_pi","jul"
"1239010","Milagres","BA",-12.9,-39.85,"Hidroweb diário",32,FALSE,0.5791743190260578,"alta (>=0.3)",TRUE,0.16091558553190508,7,"jul",9,"set",2,0.15,9,7,"theta_pi","jul"
"1239013","Santa Teresinha","BA",-12.7167,-39.6833,"Hidroweb diário",31,FALSE,0.6254648917440779,"alta (>=0.3)",TRUE,0.19878279307659158,7,"jul",10,"out",3,0.15,9,7,"theta_pi","jul"
"1239014","Ipirá","BA",-12.1606,-39.7408,"Hidroweb diário",61,FALSE,0.4486854305144767,"alta (>=0.3)",TRUE,0.4350363255845897,7,"jul",10,"out",1,0.15,10,7,"theta_pi","jul"
"1239017","Iaçu","BA",-12.7167,-39.8667,"Hidroweb diário",31,FALSE,0.6738453586374802,"alta (>=0.3)",TRUE,0.0025522264670562087,7,"jul",9,"set",3,0.15,8,7,"theta_pi","jul"
"1239018","Serra Preta","BA",-12.15,-39.3167,"Hidroweb diário",34,FALSE,0.5007287923832322,"alta (>=0.3)",TRUE,0.5075268796720713,7,"jul",11,"nov",3,0.15,9,7,"theta_pi","jul"
"1239019","Santa Teresinha","BA",-12.7667,-39.5333,"Hidroweb diário",46,FALSE,0.6081392287693208,"alta (>=0.3)",TRUE,0.13795524714646118,7,"jul",10,"out",2,0.15,9,7,"theta_pi","jul"
"1239022","Santo Antônio de Jesus","BA",-12.9667,-39.25,"Hidroweb diário",46,FALSE,0.24563849985381545,"media (0.20-0.3)",FALSE,0.34381121089467004,7,"jul",10,"out",3,0.15,10,10,"ultimo_mes_seco","out"
"1239026","Castro Alves","BA",-12.7667,-39.4167,"Hidroweb diário",31,FALSE,0.42378872831221565,"alta (>=0.3)",TRUE,0.07016959717010338,7,"jul",10,"out",2,0.15,9,7,"theta_pi","jul"
"1240001","Ibiquera","BA",-12.6508,-40.9347,"Hidroweb diário",50,FALSE,0.5969424142763763,"alta (>=0.3)",TRUE,0.34541487034453955,7,"jul",9,"set",3,0.15,9,7,"theta_pi","jul"
"1240003","Iaçu","BA",-12.7833,-40.35,"Hidroweb diário",69,FALSE,0.6843230772689833,"alta (>=0.3)",TRUE,0.2610614947846109,7,"jul",10,"out",3,0.15,9,7,"theta_pi","jul"
"1240004","Boa Vista do Tupim","BA",-12.6569,-40.6092,"Hidroweb diário",50,FALSE,0.6261996446415183,"alta (>=0.3)",TRUE,0.38167005897206,7,"jul",10,"out",4,0.15,9,7,"theta_pi","jul"
"1240010","Itaeté","BA",-12.9833,-40.9667,"Hidroweb diário",70,FALSE,0.3499784050889164,"alta (>=0.3)",TRUE,0.12295969404229373,7,"jul",10,"out",5,0.15,9,7,"theta_pi","jul"
"1240012","Itaeté","BA",-12.99,-40.9633,"Hidroweb diário",93,FALSE,0.5836807763966243,"alta (>=0.3)",TRUE,0.38912413540068935,7,"jul",10,"out",5,0.15,9,7,"theta_pi","jul"
"1240013","Itaberaba","BA",-12.5,-40.2833,"Hidroweb diário",60,FALSE,0.6212768777497075,"alta (>=0.3)",TRUE,0.41224948619354307,7,"jul",9,"set",1,0.15,9,7,"theta_pi","jul"
"1240016","Iaçu","BA",-12.7622,-40.2108,"Hidroweb diário",77,FALSE,0.6814098875726488,"alta (>=0.3)",TRUE,0.1968374755538212,7,"jul",10,"out",3,0.15,9,7,"theta_pi","jul"
"1240018","Ipirá","BA",-12.3569,-40.0389,"Hidroweb diário",33,FALSE,0.5884643492014191,"alta (>=0.3)",TRUE,0.25922118567090746,7,"jul",10,"out",2,0.15,9,7,"theta_pi","jul"
"1240020","Macajuba","BA",-12.1333,-40.35,"Hidroweb diário",52,FALSE,0.5451412215880435,"alta (>=0.3)",TRUE,0.723112856056663,8,"ago",10,"out",2,0.15,9,8,"theta_pi","ago"
"1240022","Lajedinho","BA",-12.3567,-40.9056,"Hidroweb diário",49,FALSE,0.5272527233847244,"alta (>=0.3)",TRUE,0.236097364242507,7,"jul",9,"set",1,0.15,9,7,"theta_pi","jul"
"1240023","Ruy Barbosa","BA",-12.2833,-40.45,"Hidroweb diário",55,FALSE,0.6742564744121653,"alta (>=0.3)",TRUE,0.19603335372456712,7,"jul",9,"set",2,0.15,9,7,"theta_pi","jul"
"1241001","Itaeté","BA",-12.9347,-41.0658,"Hidroweb diário",57,FALSE,0.5149379833847127,"alta (>=0.3)",TRUE,0.167250289771057,7,"jul",9,"set",4,0.15,9,7,"theta_pi","jul"
"1241006","Mucugê","BA",-12.9833,-41.3667,"Hidroweb diário",31,FALSE,0.5314996991299707,"alta (>=0.3)",TRUE,6.259721933962534,6,"jun",9,"set",5,0.15,8,6,"theta_pi","jun"
"1241007","Andaraí","BA",-12.8333,-41.3333,"Hidroweb diário",66,FALSE,0.5677785762583982,"alta (>=0.3)",TRUE,0.010367998068227021,7,"jul",10,"out",5,0.15,9,7,"theta_pi","jul"
"1241008","Andaraí","BA",-12.8017,-41.3275,"Hidroweb diário",72,FALSE,0.5378465742811372,"alta (>=0.3)",TRUE,0.23904270960454005,7,"jul",9,"set",4,0.15,9,7,"theta_pi","jul"
"1241016","Lençóis","BA",-12.5833,-41.3833,"Hidroweb diário",74,FALSE,0.5386585570077783,"alta (>=0.3)",TRUE,6.22553213029266,6,"jun",9,"set",2,0.15,9,6,"theta_pi","jun"
"1241017","Lençóis","BA",-12.4975,-41.2961,"Hidroweb diário",85,FALSE,0.5028303581420562,"alta (>=0.3)",TRUE,0.25605221661145355,7,"jul",9,"set",2,0.15,9,7,"theta_pi","jul"
"1241018","Wagner","BA",-12.2875,-41.17,"Hidroweb diário",52,FALSE,0.5647305776324696,"alta (>=0.3)",TRUE,0.12405135062442295,7,"jul",9,"set",3,0.15,9,7,"theta_pi","jul"
"1241026","Utinga","BA",-12.5019,-41.2078,"Hidroweb diário",38,FALSE,0.5134984001298986,"alta (>=0.3)",TRUE,0.4087454903110187,7,"jul",10,"out",3,0.15,10,7,"theta_pi","jul"
"1241027","Bonito","BA",-12.06,-41.3475,"Hidroweb diário",38,FALSE,0.5219792384559319,"alta (>=0.3)",TRUE,0.42899425352271836,7,"jul",10,"out",1,0.15,10,7,"theta_pi","jul"
"1241028","Utinga","BA",-12.0192,-41.0547,"Hidroweb diário",35,FALSE,0.4803626703450947,"alta (>=0.3)",TRUE,0.06208449726038829,7,"jul",9,"set",2,0.15,9,7,"theta_pi","jul"
"1241032","Mucugê","BA",-12.7664,-41.5361,"Hidroweb diário",42,FALSE,0.6812396218746636,"alta (>=0.3)",TRUE,0.3549540272005047,7,"jul",10,"out",5,0.15,8,7,"theta_pi","jul"
"1241033","Mucugê","BA",-13.0075,-41.37,"Hidroweb diário",41,FALSE,0.6356055364727045,"alta (>=0.3)",TRUE,0.12914712774752804,7,"jul",9,"set",5,0.15,9,7,"theta_pi","jul"
"1242003","Ibitiara","BA",-12.55,-42.0667,"Hidroweb diário",34,FALSE,0.755224340967021,"alta (>=0.3)",TRUE,0.30581393827866343,7,"jul",9,"set",5,0.15,5,7,"theta_pi","jul"
"1242005","Boquira","BA",-12.8228,-42.73,"Hidroweb diário",31,FALSE,0.631291937210339,"alta (>=0.3)",TRUE,6.279675490477764,7,"jul",9,"set",6,0.15,4,7,"theta_pi","jul"
"1242006","Brotas de Macaúbas","BA",-12,-42.6333,"Hidroweb diário",46,FALSE,0.7295267285760227,"alta (>=0.3)",TRUE,0.038270475540856844,7,"jul",9,"set",5,0.15,5,7,"theta_pi","jul"
"1242008","Oliveira dos Brejinhos","BA",-12.3161,-42.8956,"Hidroweb diário",58,FALSE,0.6265881455326698,"alta (>=0.3)",TRUE,0.14609502609184252,7,"jul",9,"set",5,0.15,5,7,"theta_pi","jul"
"1242009","Seabra","BA",-12.3061,-42.0919,"Hidroweb diário",32,FALSE,0.5485137939447732,"alta (>=0.3)",TRUE,0.004725744959608542,7,"jul",9,"set",5,0.15,5,7,"theta_pi","jul"
"1242011","Ibitiara","BA",-12.4667,-42.2333,"Hidroweb diário",32,FALSE,0.8585211222367266,"alta (>=0.3)",TRUE,4.632563988958256,3,"mar",10,"out",8,0.15,2,3,"theta_pi","mar"
"1242013","Brotas de Macaúbas","BA",-12.0625,-42.2322,"Hidroweb diário",33,FALSE,0.5135671776944777,"alta (>=0.3)",TRUE,0.07695229995211139,7,"jul",9,"set",5,0.15,8,7,"theta_pi","jul"
"1242015","Brotas de Macaúbas","BA",-12.0036,-42.6283,"Hidroweb diário",47,FALSE,0.6361832664056213,"alta (>=0.3)",TRUE,0.12340744530973231,7,"jul",9,"set",5,0.15,6,7,"theta_pi","jul"
"1242016","Oliveira dos Brejinhos","BA",-12.2519,-42.7628,"Hidroweb diário",53,FALSE,0.6171319086967972,"alta (>=0.3)",TRUE,0.24167268930138106,7,"jul",9,"set",5,0.15,5,7,"theta_pi","jul"
"1243000","Sítio do Mato","BA",-12.8669,-43.3814,"Hidroweb diário",54,FALSE,0.5936349280136491,"alta (>=0.3)",TRUE,0.23174794447694716,7,"jul",9,"set",5,0.15,5,7,"theta_pi","jul"
"1243002","Muquém do São Francisco","BA",-12.1997,-43.8317,"Hidroweb diário",33,FALSE,0.6433906714742207,"alta (>=0.3)",TRUE,0.2842491305572443,7,"jul",9,"set",5,0.15,5,7,"theta_pi","jul"
"1243003","Paratinga","BA",-12.6931,-43.1869,"Hidroweb diário",37,FALSE,0.6884742467011943,"alta (>=0.3)",TRUE,0.1346604950483637,7,"jul",9,"set",5,0.15,5,7,"theta_pi","jul"
"1243004","Paratinga","BA",-12.6878,-43.1806,"Hidroweb diário",38,FALSE,0.6913709738140584,"alta (>=0.3)",TRUE,0.11560275348389173,7,"jul",9,"set",5,0.15,6,7,"theta_pi","jul"
"1243006","Paratinga","BA",-12.7,-43.1667,"Hidroweb diário",76,FALSE,0.6493319663188606,"alta (>=0.3)",TRUE,0.0460854730442302,7,"jul",9,"set",5,0.15,6,7,"theta_pi","jul"
"1243007","Paratinga","BA",-12.5,-43.1,"Hidroweb diário",50,FALSE,0.5217205475381991,"alta (>=0.3)",TRUE,0.20034680504840635,7,"jul",9,"set",5,0.15,5,7,"theta_pi","jul"
"1243009","Paratinga","BA",-12.2167,-43.0833,"Hidroweb diário",31,FALSE,0.5660605395556616,"alta (>=0.3)",TRUE,0.2847343854344792,7,"jul",9,"set",5,0.15,6,7,"theta_pi","jul"
"1243010","Brejolândia","BA",-12.4833,-43.95,"Hidroweb diário",45,FALSE,0.6371702862895733,"alta (>=0.3)",TRUE,6.150833282926853,6,"jun",9,"set",5,0.15,5,6,"theta_pi","jun"
"1243011","Ibotirama","BA",-12.1806,-43.2233,"Hidroweb diário",69,FALSE,0.633932631175894,"alta (>=0.3)",TRUE,0.22240288733166713,7,"jul",9,"set",5,0.15,6,7,"theta_pi","jul"
"1243013","Serra Dourada","BA",-12.7667,-43.95,"Hidroweb diário",31,FALSE,0.5978576534002962,"alta (>=0.3)",TRUE,0.18869053119901105,7,"jul",9,"set",5,0.15,5,7,"theta_pi","jul"
"1243017","Ibotirama","BA",-12.3167,-43.1833,"Hidroweb diário",48,FALSE,0.6537403930718133,"alta (>=0.3)",TRUE,0.23661351552648732,7,"jul",9,"set",5,0.15,5,7,"theta_pi","jul"
"1243019","Serra Dourada","BA",-12.7692,-43.9575,"Hidroweb diário",41,FALSE,0.5594918838262788,"alta (>=0.3)",TRUE,0.09046071038229797,7,"jul",10,"out",6,0.15,6,7,"theta_pi","jul"
"1244000","Baianópolis","BA",-12.7244,-44.5597,"Hidroweb diário",48,FALSE,0.6490417873341182,"alta (>=0.3)",TRUE,0.23775775584075082,7,"jul",9,"set",5,0.15,5,7,"theta_pi","jul"
"1244004","Cotegipe","BA",-12.0297,-44.2564,"Hidroweb diário",53,FALSE,0.6159840332368292,"alta (>=0.3)",TRUE,0.47709955547344557,7,"jul",9,"set",5,0.15,5,7,"theta_pi","jul"
"1244008","Tabocas do Brejo Velho","BA",-12.4,-44.25,"Hidroweb diário",49,FALSE,0.6179237189886843,"alta (>=0.3)",TRUE,0.12046005143853283,7,"jul",9,"set",5,0.15,5,7,"theta_pi","jul"
"1244009","Barreiras","BA",-12.1667,-44.9833,"Hidroweb diário",65,FALSE,0.6335697618547853,"alta (>=0.3)",TRUE,0.16276289807638988,7,"jul",9,"set",5,0.15,6,7,"theta_pi","jul"
"1244011","Barreiras","BA",-11.1544,-45.0092,"Hidroweb diário",86,FALSE,0.6819066808779506,"alta (>=0.3)",TRUE,0.12977937497636702,7,"jul",9,"set",5,0.15,6,7,"theta_pi","jul"
"1244013","Wanderley","BA",-12.0183,-44.0333,"Hidroweb diário",31,FALSE,0.6304773473610435,"alta (>=0.3)",TRUE,0.2807191970479074,7,"jul",10,"out",7,0.15,5,7,"theta_pi","jul"
"1244018","Santana","BA",-12.9833,-44.05,"Hidroweb diário",57,FALSE,0.6312503186467707,"alta (>=0.3)",TRUE,0.06951639557037527,7,"jul",9,"set",5,0.15,5,7,"theta_pi","jul"
"1244019","São Desidério","BA",-12.3892,-44.9322,"Hidroweb diário",54,FALSE,0.6557875995311431,"alta (>=0.3)",TRUE,0.1025006996306066,7,"jul",9,"set",5,0.15,6,7,"theta_pi","jul"
"1245001","São Desidério","BA",-12.4333,-45.0833,"Hidroweb diário",52,FALSE,0.6362798375755511,"alta (>=0.3)",TRUE,0.09847053032785621,7,"jul",9,"set",5,0.15,6,7,"theta_pi","jul"
"1245004","Barreiras","BA",-12.1347,-45.1042,"Hidroweb diário",53,FALSE,0.671742934962487,"alta (>=0.3)",TRUE,0.1572803698179709,7,"jul",9,"set",5,0.15,6,7,"theta_pi","jul"
"1245005","São Desidério","BA",-12.4114,-45.1203,"Hidroweb diário",53,FALSE,0.7158998657343704,"alta (>=0.3)",TRUE,0.3121493660478203,7,"jul",9,"set",5,0.15,6,7,"theta_pi","jul"
"1245007","São Desidério","BA",-12.4306,-45.0858,"Hidroweb diário",55,FALSE,0.7106382257849256,"alta (>=0.3)",TRUE,0.03278706088578346,7,"jul",9,"set",5,0.15,5,7,"theta_pi","jul"
"1245014","Barreiras","BA",-12.1256,-45.8108,"Hidroweb diário",42,FALSE,0.7065334648416443,"alta (>=0.3)",TRUE,0.24141785084996148,7,"jul",9,"set",5,0.15,6,7,"theta_pi","jul"
"1245015","São Desidério","BA",-12.7653,-45.9439,"Hidroweb diário",42,FALSE,0.6130850199596773,"alta (>=0.3)",TRUE,0.34847499367964174,7,"jul",9,"set",5,0.15,6,7,"theta_pi","jul"
"1338003","Salvador","BA",-12.9822499,-38.4812772,"Hidroweb diário",50,FALSE,0.3750791798593475,"alta (>=0.3)",TRUE,2.0048495223291325,10,"out",2,"fev",6,0.15,1,10,"theta_pi","out"
"1338007","Salvador","BA",-13.0167,-38.8833,"Hidroweb diário",48,FALSE,0.6141115163145388,"alta (>=0.3)",TRUE,1.8947410008600085,10,"out",2,"fev",5,0.15,12,10,"theta_pi","out"
"1338009","Vera Cruz","BA",-13.0025,-38.6431,"Hidroweb diário",36,FALSE,0.49932751599202774,"alta (>=0.3)",TRUE,2.0359858695878863,10,"out",2,"fev",5,0.15,12,10,"theta_pi","out"
"1339000","Wenceslau Guimarães","BA",-13.6011,-39.4917,"Hidroweb diário",68,FALSE,0.4115704430226834,"alta (>=0.3)",TRUE,5.915275910163006,6,"jun",10,"out",2,0.15,10,6,"theta_pi","jun"
"1339012","Ituberá","BA",-13.8106,-39.1692,"Hidroweb diário",60,FALSE,0.20380400102388022,"media (0.20-0.3)",FALSE,1.1187052005833635,9,"set",10,"out",2,0.15,10,10,"ultimo_mes_seco","out"
"1339018","Jaguaquara","BA",-13.6661,-39.7997,"Hidroweb diário",31,FALSE,0.088289481274953,"baixa (<0.20)",FALSE,5.668063935710599,5,"mai",2,"fev",3,0.15,1,2,"ultimo_mes_seco","fev"
"1339019","Brejões","BA",-13.1,-39.7833,"Hidroweb diário",32,FALSE,0.5375090224265646,"alta (>=0.3)",TRUE,0.6057320097296339,8,"ago",10,"out",3,0.15,9,8,"theta_pi","ago"
"1339020","Aratuipe","BA",-13.5669,-39.0019,"Hidroweb diário",68,FALSE,0.32936529726292396,"alta (>=0.3)",TRUE,2.196293591403526,11,"nov",1,"jan",2,0.15,1,11,"theta_pi","nov"
"1339021","Amargosa","BA",-13.0167,-39.5833,"Hidroweb diário",44,FALSE,0.3644392464710431,"alta (>=0.3)",TRUE,6.089829451871844,6,"jun",10,"out",2,0.15,10,6,"theta_pi","jun"
"1339027","Wenceslau Guimarães","BA",-13.6847,-39.4789,"Hidroweb diário",60,FALSE,0.41080448228503225,"alta (>=0.3)",TRUE,0.3868365219775242,7,"jul",10,"out",2,0.15,9,7,"theta_pi","jul"
"1339029","Laje","BA",-13.1667,-39.4167,"Hidroweb diário",33,FALSE,0.38397276082007986,"alta (>=0.3)",TRUE,0.3428821839315412,7,"jul",10,"out",2,0.15,10,7,"theta_pi","jul"
"1339030","Mutuípe","BA",-13.225,-39.5042,"Hidroweb diário",55,FALSE,0.3563102021335885,"alta (>=0.3)",TRUE,0.47733107871145875,7,"jul",10,"out",2,0.15,10,7,"theta_pi","jul"
"1339033","Nilo Peçanha","BA",-13.6167,-39.0833,"Hidroweb diário",38,FALSE,0.1327873401988012,"baixa (<0.20)",FALSE,2.1783171488868196,11,"nov",12,"dez",1,0.15,12,12,"ultimo_mes_seco","dez"
"1339034","Nazaré","BA",-13.0308,-39.0322,"Hidroweb diário",76,FALSE,0.4830228668763565,"alta (>=0.3)",TRUE,2.0387904384270157,10,"out",1,"jan",2,0.15,1,10,"theta_pi","out"
"1339035","Nazaré","BA",-13.0167,-39,"Hidroweb diário",45,FALSE,0.11836237981662599,"baixa (<0.20)",FALSE,3.4746795930355745,1,"jan",1,"jan",4,0.15,10,1,"ultimo_mes_seco","jan"
"1339037","Ubaíra","BA",-13.2667,-39.65,"Hidroweb diário",68,FALSE,0.5292155850828301,"alta (>=0.3)",TRUE,0.40001013125413964,7,"jul",9,"set",1,0.15,9,7,"theta_pi","jul"
"1339038","Valença","BA",-13.3672,-39.0772,"Hidroweb diário",76,FALSE,0.15009702863069646,"baixa (<0.20)",FALSE,1.5688645387938593,10,"out",1,"jan",3,0.15,12,1,"ultimo_mes_seco","jan"
"1339039","Valença","BA",-13.3667,-39.0667,"Hidroweb diário",36,FALSE,0.17320145131430018,"baixa (<0.20)",FALSE,3.508756372546816,1,"jan",1,"jan",4,0.15,12,1,"ultimo_mes_seco","jan"
"1339041","Santa Inês","BA",-13.2975,-39.8214,"Hidroweb diário",78,FALSE,0.49278120106180184,"alta (>=0.3)",TRUE,0.7349863108927451,8,"ago",9,"set",1,0.15,9,8,"theta_pi","ago"
"1339044","Nilo Peçanha","BA",-13.5967,-39.1247,"Hidroweb diário",62,FALSE,0.17532153144682852,"baixa (<0.20)",FALSE,0.9476267506785634,8,"ago",10,"out",2,0.15,12,10,"ultimo_mes_seco","out"
"1340000","Jequié","BA",-13.8667,-40.0833,"Hidroweb diário",66,FALSE,0.25124965612932154,"media (0.20-0.3)",FALSE,0.7685959230451204,8,"ago",9,"set",2,0.15,9,9,"ultimo_mes_seco","set"
"1340003","Jequié","BA",-13.8822,-40.1403,"Hidroweb diário",78,FALSE,0.6158942445793761,"alta (>=0.3)",TRUE,0.09074822075536264,7,"jul",9,"set",2,0.15,9,7,"theta_pi","jul"
"1340007","Itiruçu","BA",-13.5333,-40.1333,"Hidroweb diário",33,FALSE,0.4239180978770864,"alta (>=0.3)",TRUE,6.275403196307877,7,"jul",9,"set",2,0.15,9,7,"theta_pi","jul"
"1340008","Maracás","BA",-13.85,-40.6667,"Hidroweb diário",40,FALSE,0.644455248025232,"alta (>=0.3)",TRUE,0.13283950999537558,7,"jul",9,"set",5,0.15,8,7,"theta_pi","jul"
"1340010","Marcionílio Souza","BA",-13.2167,-40.5833,"Hidroweb diário",32,FALSE,0.57858845847743,"alta (>=0.3)",TRUE,0.48558390647533956,7,"jul",9,"set",4,0.15,7,7,"theta_pi","jul"
"1340015","Nova Itarana","BA",-13.0222,-40.0681,"Hidroweb diário",34,FALSE,0.6592798548202012,"alta (>=0.3)",TRUE,0.22039243401716882,7,"jul",10,"out",4,0.15,9,7,"theta_pi","jul"
"1340016","Marcionílio Souza","BA",-13.1333,-40.7667,"Hidroweb diário",56,FALSE,0.6547314826453304,"alta (>=0.3)",TRUE,0.20677422205046886,7,"jul",9,"set",4,0.15,9,7,"theta_pi","jul"
"1340019","Iramaia","BA",-13.5042,-40.7486,"Hidroweb diário",31,FALSE,0.5439435285070442,"alta (>=0.3)",TRUE,6.1357932311874555,6,"jun",9,"set",5,0.15,8,6,"theta_pi","jun"
"1340024","Maracás","BA",-13.45,-40.4333,"Hidroweb diário",55,FALSE,0.4724914273128817,"alta (>=0.3)",TRUE,0.026690038175468368,7,"jul",5,"mai",2,0.15,9,7,"theta_pi","jul"
"1340031","Maracás","BA",-13.85,-40.6667,"Hidroweb diário",50,FALSE,0.5991615179000488,"alta (>=0.3)",TRUE,6.265094512820121,6,"jun",9,"set",5,0.15,8,6,"theta_pi","jun"
"1341001","Barra da Estiva","BA",-13.6333,-41.3333,"Hidroweb diário",46,FALSE,0.5168579043719004,"alta (>=0.3)",TRUE,0.24887598780142522,7,"jul",9,"set",3,0.15,9,7,"theta_pi","jul"
"1341006","Piatã","BA",-13.15,-41.7833,"Hidroweb diário",47,FALSE,0.3545834231435272,"alta (>=0.3)",TRUE,0.06467256119221118,7,"jul",9,"set",2,0.15,9,7,"theta_pi","jul"
"1341007","Contendas do Sincora","BA",-13.7667,-41.0333,"Hidroweb diário",61,FALSE,0.5409926480572874,"alta (>=0.3)",TRUE,0.03236294804254723,7,"jul",9,"set",5,0.15,8,7,"theta_pi","jul"
"1341008","Mucugê","BA",-13.2822,-41.3947,"Hidroweb diário",31,FALSE,0.5640898187622139,"alta (>=0.3)",TRUE,0.06555156189919363,7,"jul",6,"jun",4,0.15,9,7,"theta_pi","jul"
"1341009","Piatã","BA",-13.1167,-41.9833,"Hidroweb diário",33,FALSE,0.6194706138457786,"alta (>=0.3)",TRUE,0.07829139481153102,7,"jul",9,"set",5,0.15,5,7,"theta_pi","jul"
"1341010","Jequié","BA",-13.9297,-41.8992,"Hidroweb diário",32,FALSE,0.5731594991101752,"alta (>=0.3)",TRUE,0.2600151183248306,7,"jul",10,"out",10,0.15,3,7,"theta_pi","jul"
"1341011","Rio de Contas","BA",-13.5667,-41.8167,"Hidroweb diário",81,FALSE,0.526527000783639,"alta (>=0.3)",TRUE,0.3198826750849825,7,"jul",9,"set",5,0.15,9,7,"theta_pi","jul"
"1341013","Ituaçu","BA",-13.8167,-41.3,"Hidroweb diário",68,FALSE,0.6085888867315841,"alta (>=0.3)",TRUE,0.17615388709722157,7,"jul",9,"set",5,0.15,9,7,"theta_pi","jul"
"1341015","Iramaia","BA",-13.4333,-41.1,"Hidroweb diário",66,FALSE,0.6131169971377044,"alta (>=0.3)",TRUE,0.11422258808147016,7,"jul",9,"set",5,0.15,8,7,"theta_pi","jul"
"1341029","Ituaçu","BA",-13.8128,-41.3019,"Hidroweb diário",42,FALSE,0.6038945191553885,"alta (>=0.3)",TRUE,0.17398694790829444,7,"jul",9,"set",5,0.15,9,7,"theta_pi","jul"
"1342001","Riacho de Santana","BA",-13.6,-42.9333,"Hidroweb diário",55,FALSE,0.7057236906265838,"alta (>=0.3)",TRUE,0.02355129737431778,7,"jul",9,"set",5,0.15,5,7,"theta_pi","jul"
"1342003","Macaúbas","BA",-13.4,-42.7,"Hidroweb diário",51,FALSE,0.5973291105992655,"alta (>=0.3)",TRUE,0.11290958209252121,7,"jul",9,"set",5,0.15,5,7,"theta_pi","jul"
"1342004","Paramirim","BA",-13.4161,-42.1414,"Hidroweb diário",36,FALSE,0.6711711110891228,"alta (>=0.3)",TRUE,6.266182269022872,7,"jul",1,"jan",12,0.15,1,7,"theta_pi","jul"
"1342009","Macaúbas","BA",-13.0167,-42.7,"Hidroweb diário",53,FALSE,0.6221145959035199,"alta (>=0.3)",TRUE,0.355003816777231,7,"jul",9,"set",5,0.15,5,7,"theta_pi","jul"
"1342011","Macaúbas","BA",-13.0333,-42.7,"Hidroweb diário",70,FALSE,0.5670309075843107,"alta (>=0.3)",TRUE,0.14654435593681772,7,"jul",9,"set",5,0.15,6,7,"theta_pi","jul"
"1342013","Paramirim","BA",-13.45,-42.2333,"Hidroweb diário",70,FALSE,0.6959647294029665,"alta (>=0.3)",TRUE,0.01434026151495182,7,"jul",9,"set",5,0.15,5,7,"theta_pi","jul"
"1342017","Maracás","BA",-13.85,-42.2,"Hidroweb diário",54,FALSE,0.6056094541181514,"alta (>=0.3)",TRUE,0.03251123688939942,7,"jul",9,"set",5,0.15,5,7,"theta_pi","jul"
"1343001","Malhada","BA",-13.9167,-43.55,"Hidroweb diário",55,FALSE,0.6476115364522567,"alta (>=0.3)",TRUE,0.3844710821580102,7,"jul",9,"set",6,0.15,5,7,"theta_pi","jul"
"1343006","Bom Jesus da Lapa","BA",-13.2886,-42.9542,"Hidroweb diário",31,FALSE,0.67512145371569,"alta (>=0.3)",TRUE,0.25095546583270906,7,"jul",9,"set",5,0.15,5,7,"theta_pi","jul"
"1343008","Santana","BA",-13.2925,-43.9092,"Hidroweb diário",85,FALSE,0.6613611204355159,"alta (>=0.3)",TRUE,0.23997646541939402,7,"jul",9,"set",5,0.15,5,7,"theta_pi","jul"
"1343009","Bom Jesus da Lapa","BA",-13.6383,-43.4706,"Hidroweb diário",51,FALSE,0.6718506425528452,"alta (>=0.3)",TRUE,0.2496315973499924,7,"jul",9,"set",5,0.15,5,7,"theta_pi","jul"
"1343013","Bom Jesus da Lapa","BA",-13.2833,-43.4167,"Hidroweb diário",69,FALSE,0.6597008744221002,"alta (>=0.3)",TRUE,0.06481986265355082,7,"jul",9,"set",5,0.15,6,7,"theta_pi","jul"
"1343017","Bom Jesus da Lapa","BA",-13.0847,-43.4661,"Hidroweb diário",57,FALSE,0.7312994773054917,"alta (>=0.3)",TRUE,0.1605884687181993,7,"jul",9,"set",5,0.15,5,7,"theta_pi","jul"
"1343019","Serra do Ramalho","BA",-13.2553,-43.4358,"Hidroweb diário",47,FALSE,0.6544952760035557,"alta (>=0.3)",TRUE,0.2207574379980516,7,"jul",10,"out",7,0.15,5,7,"theta_pi","jul"
"1344001","Coribe","BA",-13.8333,-44.4667,"Hidroweb diário",42,FALSE,0.7430553563980884,"alta (>=0.3)",TRUE,6.271528364181743,7,"jul",9,"set",6,0.15,5,7,"theta_pi","jul"
"1344002","Santa Maria da Vitória","BA",-13.2778,-44.5589,"Hidroweb diário",78,FALSE,0.633218426010506,"alta (>=0.3)",TRUE,0.16341785679384818,7,"jul",9,"set",5,0.15,5,7,"theta_pi","jul"
"1344004","Correntina","BA",-13.3333,-44.6333,"Hidroweb diário",48,FALSE,0.6596037806420841,"alta (>=0.3)",TRUE,0.08209424523344427,7,"jul",9,"set",5,0.15,5,7,"theta_pi","jul"
"1344007","Santa Maria da Vitória","BA",-13.4,-44.2,"Hidroweb diário",34,FALSE,0.6602805410409085,"alta (>=0.3)",TRUE,0.0778975276456627,7,"jul",9,"set",5,0.15,6,7,"theta_pi","jul"
"1344008","Santa Maria da Vitória","BA",-13.1961,-44.1533,"Hidroweb diário",35,FALSE,0.6828479126152811,"alta (>=0.3)",TRUE,6.2805439506844385,7,"jul",9,"set",5,0.15,5,7,"theta_pi","jul"
"1344009","Correntina","BA",-13.7,-44.6333,"Hidroweb diário",41,FALSE,0.5950109672451783,"alta (>=0.3)",TRUE,0.07472080308587044,7,"jul",9,"set",5,0.15,5,7,"theta_pi","jul"
"1344010","Santa Maria da Vitória","BA",-13.4,-44.2,"Hidroweb diário",48,FALSE,0.7066966236278521,"alta (>=0.3)",TRUE,0.06129844135890482,7,"jul",9,"set",6,0.15,5,7,"theta_pi","jul"
"1344013","Jaborandi","BA",-13.7106,-44.6325,"Hidroweb diário",63,FALSE,0.6521453729756539,"alta (>=0.3)",TRUE,0.09432448446105997,7,"jul",9,"set",5,0.15,5,7,"theta_pi","jul"
"1344014","Correntina","BA",-13.3364,-44.6522,"Hidroweb diário",50,FALSE,0.7207432862730071,"alta (>=0.3)",TRUE,6.139709355330201,6,"jun",9,"set",5,0.15,5,6,"theta_pi","jun"
"1344015","Coribe","BA",-13.5667,-44.3061,"Hidroweb diário",54,FALSE,0.7233483494029762,"alta (>=0.3)",TRUE,6.18657828152896,6,"jun",9,"set",5,0.15,6,6,"theta_pi","jun"
"1344016","Correntina","BA",-13.4508,-44.5656,"Hidroweb diário",49,FALSE,0.7223056507597995,"alta (>=0.3)",TRUE,6.223720787643772,6,"jun",9,"set",5,0.15,6,6,"theta_pi","jun"
"1344017","Santa Maria da Vitória","BA",-13.4006,-44.1975,"Hidroweb diário",75,FALSE,0.6997452927904497,"alta (>=0.3)",TRUE,0.2473876966680214,7,"jul",9,"set",5,0.15,6,7,"theta_pi","jul"
"1345000","Correntina","BA",-13.7342,-45.4033,"Hidroweb diário",44,FALSE,0.6026823967288898,"alta (>=0.3)",TRUE,0.06519343612913882,7,"jul",9,"set",5,0.15,6,7,"theta_pi","jul"
"1346006","Correntina","BA",-13.7519,-46.14,"Hidroweb diário",43,FALSE,0.570755024378141,"alta (>=0.3)",TRUE,0.05536019590212476,7,"jul",9,"set",5,0.15,6,7,"theta_pi","jul"
"1346007","São Desidério","BA",-13.3125,-46.0631,"Hidroweb diário",38,FALSE,0.6067811940607001,"alta (>=0.3)",TRUE,0.33789644708768224,7,"jul",9,"set",5,0.15,6,7,"theta_pi","jul"
"1439001","Ibicaraí","BA",-14.8103,-39.4714,"Hidroweb diário",52,FALSE,0.35191138685060547,"alta (>=0.3)",TRUE,0.13069840517592712,7,"jul",9,"set",1,0.15,9,7,"theta_pi","jul"
"1439002","Floresta Azul","BA",-14.8597,-39.6583,"Hidroweb diário",54,FALSE,0.3501594178901991,"alta (>=0.3)",TRUE,0.11618706137089163,7,"jul",9,"set",1,0.15,9,7,"theta_pi","jul"
"1439006","Gongogi","BA",-14.3267,-39.4686,"Hidroweb diário",72,FALSE,0.35469096555951374,"alta (>=0.3)",TRUE,0.2376501704735324,7,"jul",9,"set",1,0.15,9,7,"theta_pi","jul"
"1439013","Ipiaú","BA",-14.1333,-39.7167,"Hidroweb diário",33,FALSE,0.173822177453181,"baixa (<0.20)",FALSE,0.19877343604183176,7,"jul",10,"out",6,0.15,5,10,"ultimo_mes_seco","out"
"1439014","Ipiaú","BA",-14.1708,-39.6897,"Hidroweb diário",64,FALSE,0.5545711160427965,"alta (>=0.3)",TRUE,0.06646266502176934,7,"jul",9,"set",1,0.15,9,7,"theta_pi","jul"
"1439023","Itajuípe","BA",-14.6778,-39.3894,"Hidroweb diário",70,FALSE,0.4132933738701118,"alta (>=0.3)",TRUE,0.3018326631230892,7,"jul",9,"set",2,0.15,9,7,"theta_pi","jul"
"1439026","Buerarema","BA",-14.95,-39.3,"Hidroweb diário",31,FALSE,0.36067900033921413,"alta (>=0.3)",TRUE,0.06409892901893885,7,"jul",9,"set",2,0.15,8,7,"theta_pi","jul"
"1439034","Ilhéus","BA",-14.6667,-39.2667,"Hidroweb diário",38,FALSE,0.3185582254514692,"alta (>=0.3)",TRUE,0.5513778325286172,8,"ago",2,"fev",5,0.15,9,8,"theta_pi","ago"
"1439042","Ubaitaba","BA",-14.3167,-39.3333,"Hidroweb diário",32,FALSE,0.29312936951984875,"media (0.20-0.3)",FALSE,0.6393393337666884,8,"ago",9,"set",1,0.15,9,9,"ultimo_mes_seco","set"
"1439043","Ubaitaba","BA",-14.3,-39.3167,"Hidroweb diário",51,FALSE,0.24779957789748489,"media (0.20-0.3)",FALSE,0.6676880548780808,8,"ago",9,"set",2,0.15,9,9,"ultimo_mes_seco","set"
"1439044","Santa Cruz da Vitória","BA",-14.9589,-39.8075,"Hidroweb diário",57,FALSE,0.5284291295377818,"alta (>=0.3)",TRUE,0.20072514056730428,7,"jul",9,"set",2,0.15,9,7,"theta_pi","jul"
"1439071","Itagibá","BA",-14.2833,-39.85,"Hidroweb diário",44,FALSE,0.21746201957422287,"media (0.20-0.3)",FALSE,0.10599478907225113,7,"jul",10,"out",2,0.15,9,10,"ultimo_mes_seco","out"
"1439089","Ibicaraí","BA",-14.8694,-39.5883,"Hidroweb diário",41,FALSE,0.41872423843310524,"alta (>=0.3)",TRUE,6.187171235509227,6,"jun",5,"mai",2,0.15,9,6,"theta_pi","jun"
"1440002","Vitória da Conquista","BA",-14.85,-40.8333,"Hidroweb diário",49,FALSE,0.5822487654788627,"alta (>=0.3)",TRUE,6.267360699749736,7,"jul",9,"set",5,0.15,9,7,"theta_pi","jul"
"1440003","Poções","BA",-14.5333,-40.3667,"Hidroweb diário",43,FALSE,0.6414636775427056,"alta (>=0.3)",TRUE,0.002116808006086795,7,"jul",9,"set",5,0.15,8,7,"theta_pi","jul"
"1440007","Manoel Vitorino","BA",-14.1333,-40.25,"Hidroweb diário",32,FALSE,0.5844267816993698,"alta (>=0.3)",TRUE,0.05381459436051351,7,"jul",10,"out",6,0.15,9,7,"theta_pi","jul"
"1440009","Planalto","BA",-14.7444,-40.4917,"Hidroweb diário",59,FALSE,0.6760857404404514,"alta (>=0.3)",TRUE,0.06496960681789693,7,"jul",9,"set",3,0.15,9,7,"theta_pi","jul"
"1440017","Manoel Vitorino","BA",-14.0333,-40.5667,"Hidroweb diário",35,FALSE,0.602102459687529,"alta (>=0.3)",TRUE,0.056715078977448104,7,"jul",9,"set",5,0.15,7,7,"theta_pi","jul"
"1440022","Caetanos","BA",-14.3372,-40.9089,"Hidroweb diário",32,FALSE,0.6345554063705577,"alta (>=0.3)",TRUE,0.03592064492805003,7,"jul",9,"set",5,0.15,5,7,"theta_pi","jul"
"1440032","Mirante","BA",-14.0339,-40.9675,"Hidroweb diário",41,FALSE,0.6799552709027007,"alta (>=0.3)",TRUE,0.042252581768433654,7,"jul",9,"set",5,0.15,8,7,"theta_pi","jul"
"1441000","Tanhaçu","BA",-14.0994,-41.2911,"Hidroweb diário",84,FALSE,0.5967978459970963,"alta (>=0.3)",TRUE,0.22367769376072189,7,"jul",9,"set",5,0.15,8,7,"theta_pi","jul"
"1441002","Piripá","BA",-14.9431,-41.7186,"Hidroweb diário",32,FALSE,0.7002579666730975,"alta (>=0.3)",TRUE,6.254761806427533,6,"jun",9,"set",6,0.15,8,6,"theta_pi","jun"
"1441003","Presidente Jânio Quadros","BA",-14.75,-41.7333,"Hidroweb diário",47,FALSE,0.67090526921928,"alta (>=0.3)",TRUE,6.223593566455871,6,"jun",9,"set",7,0.15,4,6,"theta_pi","jun"
"1441004","Malhada de Pedras","BA",-14.3833,-41.9,"Hidroweb diário",55,FALSE,0.6086161953256305,"alta (>=0.3)",TRUE,0.2667996877220588,7,"jul",9,"set",5,0.15,5,7,"theta_pi","jul"
"1441006","Condeúba","BA",-14.5486,-41.9403,"Hidroweb diário",31,FALSE,0.79040284257752,"alta (>=0.3)",TRUE,0.1069627521367312,7,"jul",9,"set",5,0.15,5,7,"theta_pi","jul"
"1441010","Brumado","BA",-14.0161,-41.443600000000004,"Hidroweb diário",31,FALSE,0.5675292821518853,"alta (>=0.3)",TRUE,6.2696540862446275,7,"jul",9,"set",5,0.15,7,7,"theta_pi","jul"
"1441011","Aracatú","BA",-14.4167,-41.4667,"Hidroweb diário",48,FALSE,0.5732444291448935,"alta (>=0.3)",TRUE,0.0770108977703372,7,"jul",10,"out",6,0.15,6,7,"theta_pi","jul"
"1441012","Brumado","BA",-14.2,-41.6667,"Hidroweb diário",66,FALSE,0.6450975120187872,"alta (>=0.3)",TRUE,0.040143905778323226,7,"jul",9,"set",5,0.15,9,7,"theta_pi","jul"
"1441014","Anagé","BA",-14.4308,-41.0775,"Hidroweb diário",31,FALSE,0.6867882748305963,"alta (>=0.3)",TRUE,0.17219423373579137,7,"jul",9,"set",5,0.15,7,7,"theta_pi","jul"
"1441015","Anagé","BA",-14.6094,-41.1342,"Hidroweb diário",32,FALSE,0.6283116843210373,"alta (>=0.3)",TRUE,6.231319177229359,6,"jun",9,"set",5,0.15,8,6,"theta_pi","jun"
"1441016","Condeúba","BA",-14.8833,-41.9833,"Hidroweb diário",74,FALSE,0.6131848459783309,"alta (>=0.3)",TRUE,0.21571960860897255,7,"jul",9,"set",5,0.15,5,7,"theta_pi","jul"
"1442000","Urandi","BA",-14.7372,-42.8167,"Hidroweb diário",31,FALSE,0.5916443172092496,"alta (>=0.3)",TRUE,6.082111295535098,6,"jun",9,"set",5,0.15,5,6,"theta_pi","jun"
"1442001","Candiba","BA",-14.4108,-42.8658,"Hidroweb diário",32,FALSE,0.7441204995686592,"alta (>=0.3)",TRUE,0.19809075523029687,7,"jul",9,"set",5,0.15,5,7,"theta_pi","jul"
"1442002","Guanambi","BA",-14.2833,-42.7333,"Hidroweb diário",44,FALSE,0.6205057609133581,"alta (>=0.3)",TRUE,0.2489704548139067,7,"jul",9,"set",6,0.15,5,7,"theta_pi","jul"
"1442003","Caetité","BA",-14.0667,-42.4833,"Hidroweb diário",67,FALSE,0.7117102529518393,"alta (>=0.3)",TRUE,0.13687639262000403,7,"jul",9,"set",5,0.15,8,7,"theta_pi","jul"
"1442004","Urandi","BA",-14.7667,-42.6667,"Hidroweb diário",40,FALSE,0.7148466275101713,"alta (>=0.3)",TRUE,0.011013888643216323,7,"jul",9,"set",5,0.15,5,7,"theta_pi","jul"
"1442006","Pindaí","BA",-14.5,-42.6833,"Hidroweb diário",57,FALSE,0.8060826888639548,"alta (>=0.3)",TRUE,0.12525850141058326,7,"jul",9,"set",6,0.15,5,7,"theta_pi","jul"
"1442007","Guanambi","BA",-14.0667,-42.9,"Hidroweb diário",43,FALSE,0.6508240325572383,"alta (>=0.3)",TRUE,0.24669636579767157,7,"jul",9,"set",5,0.15,5,7,"theta_pi","jul"
"1442009","Guanambi","BA",-14.2167,-42.7833,"Hidroweb diário",54,FALSE,0.6958684487693565,"alta (>=0.3)",TRUE,0.03407959966514083,7,"jul",10,"out",7,0.15,5,7,"theta_pi","jul"
"1442010","Pindaí","BA",-14.4,-42.6333,"Hidroweb diário",58,FALSE,0.6622681199895515,"alta (>=0.3)",TRUE,0.21172067549224183,7,"jul",9,"set",6,0.15,5,7,"theta_pi","jul"
"1442011","Ibiassucê","BA",-14.27,-42.2578,"Hidroweb diário",31,FALSE,0.6030199516735495,"alta (>=0.3)",TRUE,0.0946097730530072,7,"jul",9,"set",5,0.15,5,7,"theta_pi","jul"
"1442015","Caetité","BA",-14.0678,-42.4889,"Hidroweb diário",44,FALSE,0.6137955311877291,"alta (>=0.3)",TRUE,0.041574597997756854,7,"jul",9,"set",6,0.15,8,7,"theta_pi","jul"
"1442017","Caculé","BA",-14.5,-42.2167,"Hidroweb diário",49,FALSE,0.593828445599861,"alta (>=0.3)",TRUE,0.3531572913661577,7,"jul",9,"set",5,0.15,5,7,"theta_pi","jul"
"1442031","Urandi","BA",-14.7603,-42.6561,"Hidroweb diário",42,FALSE,0.6838978106897929,"alta (>=0.3)",TRUE,7.932195204271881e-4,7,"jul",9,"set",6,0.15,5,7,"theta_pi","jul"
"1443002","Carinhanha","BA",-14.3044,-43.7681,"Hidroweb diário",54,FALSE,0.6688334444511518,"alta (>=0.3)",TRUE,0.05971422349513647,7,"jul",9,"set",7,0.15,5,7,"theta_pi","jul"
"1443015","Palmas de Monte Alto","BA",-14.2667,-43.1667,"Hidroweb diário",77,FALSE,0.652834870424482,"alta (>=0.3)",TRUE,0.19543345349103472,7,"jul",9,"set",5,0.15,5,7,"theta_pi","jul"
"1443017","Sebastião Laranjeiras","BA",-14.4833,-43.05,"Hidroweb diário",37,FALSE,0.5548827899132425,"alta (>=0.3)",TRUE,0.5361399621959261,8,"ago",9,"set",5,0.15,5,8,"theta_pi","ago"
"1443018","Carinhanha","BA",-14.3,-43.7667,"Hidroweb diário",63,FALSE,0.6758192507727916,"alta (>=0.3)",TRUE,0.18109056742386517,7,"jul",9,"set",5,0.15,5,7,"theta_pi","jul"
"1443026","Palmas de Monte Alto","BA",-14.2594,-43.1656,"Hidroweb diário",42,FALSE,0.6649172380958525,"alta (>=0.3)",TRUE,6.272773831246434,7,"jul",9,"set",6,0.15,6,7,"theta_pi","jul"
"1444015","Cocos","BA",-14.1803,-44.5308,"Hidroweb diário",54,FALSE,0.6802471359219857,"alta (>=0.3)",TRUE,0.1270072951026317,7,"jul",9,"set",5,0.15,5,7,"theta_pi","jul"
"1444017","Cocos","BA",-14.2683,-44.5217,"Hidroweb diário",73,FALSE,0.6845895170884554,"alta (>=0.3)",TRUE,6.26658899117431,7,"jul",9,"set",5,0.15,6,7,"theta_pi","jul"
"1538001","Belmonte","BA",-15.8706,-38.8886,"Hidroweb diário",56,FALSE,0.17455828858261152,"baixa (<0.20)",FALSE,0.7431317161587516,8,"ago",2,"fev",3,0.15,9,2,"ultimo_mes_seco","fev"
"1539002","São José da Vitória","BA",-15.0922,-39.3456,"Hidroweb diário",57,FALSE,0.3770680908117678,"alta (>=0.3)",TRUE,0.22365325228914437,7,"jul",9,"set",2,0.15,9,7,"theta_pi","jul"
"1539005","Itapebi","BA",-15.95,-39.5167,"Hidroweb diário",32,FALSE,0.1373972057465329,"baixa (<0.20)",FALSE,6.1806740486836125,6,"jun",9,"set",3,0.15,9,9,"ultimo_mes_seco","set"
"1539006","Itapebi","BA",-15.9608,-39.5261,"Hidroweb diário",76,FALSE,0.5094830216145182,"alta (>=0.3)",TRUE,0.0957199761467568,7,"jul",9,"set",3,0.15,9,7,"theta_pi","jul"
"1539008","Itaju do Colônia","BA",-15.1389,-39.7242,"Hidroweb diário",55,FALSE,0.5445206378390787,"alta (>=0.3)",TRUE,0.28437354390999153,7,"jul",9,"set",2,0.15,9,7,"theta_pi","jul"
"1539010","Mascote","BA",-15.5642,-39.3017,"Hidroweb diário",82,FALSE,0.5451592917343642,"alta (>=0.3)",TRUE,0.10738023114627182,7,"jul",9,"set",1,0.15,9,7,"theta_pi","jul"
"1539012","Mascote","BA",-15.5667,-39.2833,"Hidroweb diário",35,FALSE,0.7550257004544729,"alta (>=0.3)",TRUE,5.6434027789011045,5,"mai",2,"fev",2,0.15,9,5,"theta_pi","mai"
"1539014","Camacan","BA",-15.6033,-39.5169,"Hidroweb diário",61,FALSE,0.516830511711745,"alta (>=0.3)",TRUE,0.24797964868947636,7,"jul",9,"set",1,0.15,9,7,"theta_pi","jul"
"1539016","Itaju do Colônia","BA",-15.1544,-39.7692,"Hidroweb diário",50,FALSE,0.4762882421643326,"alta (>=0.3)",TRUE,0.08111689828023128,7,"jul",9,"set",2,0.15,9,7,"theta_pi","jul"
"1539022","Camacan","BA",-15.4253,-39.4928,"Hidroweb diário",53,FALSE,0.34673333063734196,"alta (>=0.3)",TRUE,0.1765796928831735,7,"jul",9,"set",1,0.15,9,7,"theta_pi","jul"
"1540003","Vitória da Conquista","BA",-15.3408,-40.9328,"Hidroweb diário",61,FALSE,0.5710093160998452,"alta (>=0.3)",TRUE,6.1994700164773775,6,"jun",9,"set",5,0.15,9,6,"theta_pi","jun"
"1540004","Itambé","BA",-15.2483,-40.631100000000004,"Hidroweb diário",55,FALSE,0.5822499887569953,"alta (>=0.3)",TRUE,0.02798258885625954,7,"jul",9,"set",5,0.15,5,7,"theta_pi","jul"
"1540008","Itapetinga","BA",-15.25,-40.25,"Hidroweb diário",37,FALSE,0.22636772104285655,"media (0.20-0.3)",FALSE,0.448170036989439,7,"jul",9,"set",3,0.15,9,9,"ultimo_mes_seco","set"
"1540010","Vitória da Conquista","BA",-15.2736,-40.9514,"Hidroweb diário",34,FALSE,0.6085896092391898,"alta (>=0.3)",TRUE,6.175620060096565,6,"jun",9,"set",5,0.15,9,6,"theta_pi","jun"
"1541001","Cândido Sales","BA",-15.505,-41.2292,"Hidroweb diário",48,FALSE,0.658584670053914,"alta (>=0.3)",TRUE,6.188726010768237,6,"jun",9,"set",5,0.15,8,6,"theta_pi","jun"
"1541006","Tremedal","BA",-15.1847,-41.6081,"Hidroweb diário",34,FALSE,0.7014140107933883,"alta (>=0.3)",TRUE,0.023488811413400364,7,"jul",9,"set",5,0.15,6,7,"theta_pi","jul"
"1639000","Eunápolis","BA",-16.265,-39.5833,"Hidroweb diário",60,FALSE,0.5082553994103621,"alta (>=0.3)",TRUE,5.92648367809769,6,"jun",9,"set",2,0.15,9,6,"theta_pi","jun"
"1640012","Itamaraju","BA",-16.8386,-40.1564,"Hidroweb diário",33,FALSE,0.4731648895761025,"alta (>=0.3)",TRUE,0.32206587659961594,7,"jul",9,"set",5,0.15,8,7,"theta_pi","jul"
"1739001","Prado","BA",-17.3503,-39.22,"Hidroweb diário",60,FALSE,0.13003517863160954,"baixa (<0.20)",FALSE,0.14782621746207378,7,"jul",2,"fev",3,0.15,9,2,"ultimo_mes_seco","fev"
"1739005","Itamaraju","BA",-17.045,-39.5447,"Hidroweb diário",64,FALSE,0.4544173694605028,"alta (>=0.3)",TRUE,0.151807128543045,7,"jul",9,"set",2,0.15,9,7,"theta_pi","jul"
"1739006","Nova Viçosa","BA",-17.8081,-39.6625,"Hidroweb diário",82,FALSE,0.42113574953177313,"alta (>=0.3)",TRUE,9.031559198092067e-4,7,"jul",9,"set",2,0.15,8,7,"theta_pi","jul"
"1739010","Alcobaça","BA",-17.5156,-39.2275,"Hidroweb diário",65,FALSE,0.21308711222023044,"media (0.20-0.3)",FALSE,0.5904490382819043,8,"ago",2,"fev",2,0.15,2,2,"ultimo_mes_seco","fev"
"1739020","Teixeira de Freitas","BA",-17.5103,-39.6411,"Hidroweb diário",32,FALSE,0.4307785606495215,"alta (>=0.3)",TRUE,6.252312577914579,6,"jun",9,"set",3,0.15,8,6,"theta_pi","jun"
"1739021","Prado","BA",-17.2536,-39.7783,"Hidroweb diário",31,FALSE,0.4905635287306771,"alta (>=0.3)",TRUE,6.105595473826569,6,"jun",9,"set",4,0.15,8,6,"theta_pi","jun"
"1739022","Prado","BA",-17.2494,-39.6222,"Hidroweb diário",31,FALSE,0.3167250096126133,"alta (>=0.3)",TRUE,0.01679362861131429,7,"jul",2,"fev",2,0.15,2,7,"theta_pi","jul"
"1740005","Medeiros Neto","BA",-17.3722,-40.2258,"Hidroweb diário",66,FALSE,0.5888516049738781,"alta (>=0.3)",TRUE,6.216153569049998,6,"jun",9,"set",5,0.15,8,6,"theta_pi","jun"
"1740006","Vereda","BA",-17.1875,-39.9822,"Hidroweb diário",63,FALSE,0.585963363157536,"alta (>=0.3)",TRUE,5.989912141714365,6,"jun",9,"set",4,0.15,9,6,"theta_pi","jun"
"1740008","Itanhém","BA",-17.1633,-40.3267,"Hidroweb diário",58,FALSE,0.5497365262005467,"alta (>=0.3)",TRUE,0.005732023010143692,7,"jul",6,"jun",4,0.15,8,7,"theta_pi","jul"
"82979","Remanso","BA",-9.63,-42.08,"INMET diário",76,FALSE,0.6564326551744762,"alta (>=0.3)",TRUE,0.7435089521356494,8,"ago",10,"out",6,0.15,6,8,"theta_pi","ago"
"82986","Paulo Afonso","BA",-9.38,-38.23,"INMET diário",98,FALSE,0.5123075390092883,"alta (>=0.3)",TRUE,1.239558209605565,9,"set",11,"nov",3,0.15,10,9,"theta_pi","set"
"83076","Sta. R. de Cassia (ibipetuba)","BA",-11,-44.52,"INMET diário",92,FALSE,0.6299721677304138,"alta (>=0.3)",TRUE,0.12237182608024202,7,"jul",9,"set",5,0.15,6,7,"theta_pi","jul"
"83088","Senhor do Bonfim","BA",-10.443072,-40.148244,"INMET diário",47,FALSE,0.6091594549772497,"alta (>=0.3)",TRUE,0.5924945012287056,8,"ago",10,"out",2,0.15,10,8,"theta_pi","ago"
"83090","Monte Santo","BA",-10.44,-39.33,"INMET diário",55,FALSE,0.6020343866281428,"alta (>=0.3)",TRUE,0.4204258794432176,7,"jul",10,"out",1,0.15,10,7,"theta_pi","jul"
"83179","Barra","BA",-11.08472221,-43.13888888,"INMET diário",47,FALSE,0.6648299073616633,"alta (>=0.3)",TRUE,0.43286961848598904,7,"jul",9,"set",5,0.15,6,7,"theta_pi","jul"
"83182","Irece","BA",-11.31,-41.86,"INMET diário",49,FALSE,0.6501644354860182,"alta (>=0.3)",TRUE,0.21845192984630749,7,"jul",9,"set",5,0.15,8,7,"theta_pi","jul"
"83184","Morro do Chapeu","BA",-11.54749999,-41.15111111,"INMET diário",104,FALSE,0.5898819021445557,"alta (>=0.3)",TRUE,0.3815888851619063,7,"jul",10,"out",3,0.15,9,7,"theta_pi","jul"
"83186","Jacobina","BA",-11.17,-40.53,"INMET diário",58,FALSE,0.5977443220151084,"alta (>=0.3)",TRUE,0.589102081683095,8,"ago",10,"out",2,0.15,10,8,"theta_pi","ago"
"83190","Serrinha","BA",-11.67,-39,"INMET diário",97,FALSE,0.5962664600624387,"alta (>=0.3)",TRUE,0.1820337755161477,7,"jul",10,"out",1,0.15,10,7,"theta_pi","jul"
"83192","Cipo","BA",-11.10138888,-38.52416666,"INMET diário",57,FALSE,0.25219612919314316,"media (0.20-0.3)",FALSE,1.2804518256769908,9,"set",10,"out",1,0.15,10,10,"ultimo_mes_seco","out"
"83222","Cruz das Almas","BA",-12.67527777,-39.08972221,"INMET diário",53,FALSE,0.347241680846244,"alta (>=0.3)",TRUE,0.9133953365625761,8,"ago",1,"jan",3,0.15,12,8,"theta_pi","ago"
"83229","Salvador (ondina)","BA",-13.01,-38.51,"INMET diário",61,FALSE,0.5291735455332394,"alta (>=0.3)",TRUE,1.9285344189241787,10,"out",2,"fev",5,0.15,1,10,"theta_pi","out"
"83236","Barreiras","BA",-12.15583333,-45.00833333,"INMET diário",60,FALSE,0.6786553672698568,"alta (>=0.3)",TRUE,0.1315154121498997,7,"jul",9,"set",5,0.15,6,7,"theta_pi","jul"
"83242","Lencois","BA",-12.55777777,-41.38888888,"INMET diário",60,FALSE,0.5058780946291924,"alta (>=0.3)",TRUE,0.28958404073015653,7,"jul",9,"set",2,0.15,9,7,"theta_pi","jul"
"83244","Itaberaba","BA",-12.52,-40.3,"INMET diário",55,FALSE,0.7448549226590454,"alta (>=0.3)",TRUE,0.19153184790298383,7,"jul",10,"out",3,0.15,9,7,"theta_pi","jul"
"83249","Alagoinhas","BA",-12.15,-38.43,"INMET diário",65,FALSE,0.21346613307412024,"media (0.20-0.3)",FALSE,1.5397287462661529,9,"set",2,"fev",4,0.15,1,2,"ultimo_mes_seco","fev"
"83286","Correntina","BA",-13.33249999,-44.61749999,"INMET diário",45,FALSE,0.6789274629824725,"alta (>=0.3)",TRUE,0.030125494366110544,7,"jul",9,"set",5,0.15,6,7,"theta_pi","jul"
"83288","Bom Jesus da Lapa","BA",-13.25,-43.41,"INMET diário",54,FALSE,0.6847650243243526,"alta (>=0.3)",TRUE,6.278096988317821,7,"jul",9,"set",5,0.15,6,7,"theta_pi","jul"
"83292","Ituacu","BA",-13.81,-41.3,"INMET diário",35,FALSE,0.6027677959960273,"alta (>=0.3)",TRUE,0.3362815572946327,7,"jul",9,"set",4,0.15,8,7,"theta_pi","jul"
"83295","Itirucu (jaguaquara)","BA",-13.53,-40.12,"INMET diário",46,FALSE,0.6032438540244213,"alta (>=0.3)",TRUE,0.06227568959951088,7,"jul",10,"out",3,0.15,9,7,"theta_pi","jul"
"83297","Santo Antônio de Jesus","BA",-12.97,-39.27,"INMET diário",32,FALSE,0.2820495031315695,"media (0.20-0.3)",FALSE,0.5841527169438123,8,"ago",2,"fev",4,0.15,1,2,"ultimo_mes_seco","fev"
"83339","Caetite","BA",-14.07,-42.49,"INMET diário",54,FALSE,0.5941049447039346,"alta (>=0.3)",TRUE,0.12518108595012803,7,"jul",9,"set",5,0.15,8,7,"theta_pi","jul"
"83344","Vitoria da Conquista","BA",-14.88638888,-40.80138888,"INMET diário",55,FALSE,0.6398131665730797,"alta (>=0.3)",TRUE,0.04428880528713917,7,"jul",9,"set",3,0.15,9,7,"theta_pi","jul"
"83398","Canavieiras","BA",-15.67,-38.96,"INMET diário",45,FALSE,0.07111469053990199,"baixa (<0.20)",FALSE,0.7519969132637159,8,"ago",9,"set",1,0.15,9,9,"ultimo_mes_seco","set"
"83408","Carinhanha","BA",-14.3,-43.77,"INMET diário",44,FALSE,0.7010044242586276,"alta (>=0.3)",TRUE,0.09515679524286558,7,"jul",9,"set",5,0.15,6,7,"theta_pi","jul"
"83446","Guaratinga","BA",-16.58081,-39.783182,"INMET diário",47,FALSE,0.5006048955821457,"alta (>=0.3)",TRUE,0.14810025055314824,7,"jul",9,"set",4,0.15,9,7,"theta_pi","jul"
"83498","Caravelas","BA",-17.74,-39.26,"INMET diário",57,FALSE,0.3887230319431173,"alta (>=0.3)",TRUE,0.11652258038322093,7,"jul",2,"fev",4,0.15,2,7,"theta_pi","jul"
"839027","Chorrochó","BA",-8.9794,-39.0983,"Hidroweb diário",48,FALSE,0.7590977619553793,"alta (>=0.3)",TRUE,0.5849929450409967,8,"ago",10,"out",6,0.15,8,8,"theta_pi","ago"
"839028","Curaçá","BA",-8.9833,-39.9,"Hidroweb diário",63,FALSE,0.6932882517401354,"alta (>=0.3)",TRUE,0.7311836586649094,8,"ago",10,"out",6,0.15,7,8,"theta_pi","ago"
"839029","Curaçá","BA",-8.9833,-39.9,"Hidroweb diário",67,FALSE,0.72472857457814,"alta (>=0.3)",TRUE,0.8225671754657244,8,"ago",10,"out",6,0.15,7,8,"theta_pi","ago"
"841013","Casa Nova","BA",-8.9425,-41.4069,"Hidroweb diário",33,FALSE,0.6626735625981379,"alta (>=0.3)",TRUE,0.552813664953954,8,"ago",10,"out",6,0.15,5,8,"theta_pi","ago"
"938007","Glória","BA",-9.3444,-38.2564,"Hidroweb diário",71,FALSE,0.7367426355556201,"alta (>=0.3)",TRUE,0.9526321239327468,8,"ago",11,"nov",4,0.15,9,8,"theta_pi","ago"
"938013","Santa Brigida","BA",-9.7367,-38.1286,"Hidroweb diário",34,FALSE,0.6107879053768918,"alta (>=0.3)",TRUE,0.6896814228642012,8,"ago",12,"dez",3,0.15,10,8,"theta_pi","ago"
"938015","Chorrochó","BA",-9.5172,-38.9942,"Hidroweb diário",57,FALSE,0.6993008603948487,"alta (>=0.3)",TRUE,0.5691187714027314,8,"ago",10,"out",3,0.15,10,8,"theta_pi","ago"
"938017","Glória","BA",-9.3167,-38.25,"Hidroweb diário",31,FALSE,0.576310803772652,"alta (>=0.3)",TRUE,0.9067393349977794,8,"ago",10,"out",2,0.15,10,8,"theta_pi","ago"
"938020","Paulo Afonso","BA",-9.35,-38.25,"Hidroweb diário",64,FALSE,0.32748094309103487,"alta (>=0.3)",TRUE,1.8112630385539394,10,"out",11,"nov",4,0.15,11,10,"theta_pi","out"
"938028","Paulo Afonso","BA",-9.3833,-38.25,"Hidroweb diário",31,FALSE,0.3366529237953452,"alta (>=0.3)",TRUE,0.55200214520597,8,"ago",10,"out",2,0.15,10,8,"theta_pi","ago"
"939000","Curaçá","BA",-9.4353,-39.7808,"Hidroweb diário",56,FALSE,0.6725955559503805,"alta (>=0.3)",TRUE,0.7440492913861366,8,"ago",10,"out",5,0.15,9,8,"theta_pi","ago"
"939002","Abaré","BA",-9.1214,-39.3642,"Hidroweb diário",32,FALSE,0.7253022354534219,"alta (>=0.3)",TRUE,0.8756421230000235,8,"ago",10,"out",6,0.15,8,8,"theta_pi","ago"
"939003","Curaçá","BA",-9.77,-39.8764,"Hidroweb diário",33,FALSE,0.5138429507252402,"alta (>=0.3)",TRUE,0.5328131805244243,8,"ago",11,"nov",9,0.15,5,8,"theta_pi","ago"
"939007","Curaçá","BA",-9.5569,-39.4736,"Hidroweb diário",32,FALSE,0.7216016198814517,"alta (>=0.3)",TRUE,0.693882728487033,8,"ago",10,"out",6,0.15,8,8,"theta_pi","ago"
"939008","Uauá","BA",-9.4117,-39.4719,"Hidroweb diário",81,FALSE,0.6642189876352738,"alta (>=0.3)",TRUE,0.7989126792593712,8,"ago",10,"out",5,0.15,6,8,"theta_pi","ago"
"939009","Macururé","BA",-9.1667,-39.0589,"Hidroweb diário",33,FALSE,0.761561679515067,"alta (>=0.3)",TRUE,0.8809631301389131,8,"ago",12,"dez",8,0.15,5,8,"theta_pi","ago"
"939011","Macururé","BA",-9.5953,-39.1,"Hidroweb diário",34,FALSE,0.6191084110400533,"alta (>=0.3)",TRUE,0.4180000242826559,7,"jul",10,"out",6,0.15,5,7,"theta_pi","jul"
"939012","Canudos","BA",-9.8925,-39.0297,"Hidroweb diário",58,FALSE,0.6934239213142573,"alta (>=0.3)",TRUE,0.4051947464094867,7,"jul",10,"out",4,0.15,8,7,"theta_pi","jul"
"939014","Uauá","BA",-9.8333,-39.4833,"Hidroweb diário",82,FALSE,0.4121581132558615,"alta (>=0.3)",TRUE,0.18601291857830518,7,"jul",10,"out",3,0.15,9,7,"theta_pi","jul"
"939017","Curaçá","BA",-9.1225,-39.9364,"Hidroweb diário",49,FALSE,0.6970172670208832,"alta (>=0.3)",TRUE,0.584555734107259,8,"ago",10,"out",5,0.15,8,8,"theta_pi","ago"
"939018","Uauá","BA",-9.7372,-39.6292,"Hidroweb diário",31,FALSE,0.5027363731288247,"alta (>=0.3)",TRUE,0.446964439372024,7,"jul",10,"out",5,0.15,8,7,"theta_pi","jul"
"940008","Juazeiro","BA",-9.4167,-40.5,"Hidroweb diário",38,FALSE,0.6292231318726351,"alta (>=0.3)",TRUE,0.631147624860531,8,"ago",10,"out",6,0.15,8,8,"theta_pi","ago"
"940009","Jaguarari","BA",-9.9828,-40.2425,"Hidroweb diário",60,FALSE,0.6998349436691724,"alta (>=0.3)",TRUE,0.7048164619017565,8,"ago",10,"out",6,0.15,5,8,"theta_pi","ago"
"940016","Juazeiro","BA",-9.4167,-40.5,"Hidroweb diário",63,FALSE,0.644797783254677,"alta (>=0.3)",TRUE,0.8107407930093892,8,"ago",10,"out",6,0.15,5,8,"theta_pi","ago"
"940018","Juazeiro","BA",-9.5597,-40.6467,"Hidroweb diário",75,FALSE,0.6504264069297181,"alta (>=0.3)",TRUE,0.6084554262891397,8,"ago",10,"out",6,0.15,6,8,"theta_pi","ago"
"940020","Juazeiro","BA",-9.7286,-40.3578,"Hidroweb diário",58,FALSE,0.6291606633180982,"alta (>=0.3)",TRUE,0.4413208460421775,7,"jul",10,"out",6,0.15,5,7,"theta_pi","jul"
"940024","Juazeiro","BA",-9.4336959,-40.5068201,"Hidroweb diário",81,FALSE,0.6345821905383757,"alta (>=0.3)",TRUE,0.701140128394384,8,"ago",10,"out",6,0.15,6,8,"theta_pi","ago"
"940025","Juazeiro","BA",-9.4908,-40.2044,"Hidroweb diário",52,FALSE,0.6383846139936533,"alta (>=0.3)",TRUE,0.6897684228703312,8,"ago",10,"out",6,0.15,8,8,"theta_pi","ago"
"940028","Juazeiro","BA",-9.6767,-40.6039,"Hidroweb diário",53,FALSE,0.709041284915244,"alta (>=0.3)",TRUE,0.41529085496965373,7,"jul",10,"out",6,0.15,8,7,"theta_pi","jul"
"941004","Sento Sé","BA",-9.8758,-41.0739,"Hidroweb diário",47,FALSE,0.5708601052611397,"alta (>=0.3)",TRUE,0.39328810194117614,7,"jul",10,"out",7,0.15,5,7,"theta_pi","jul"
"941008","Sento Sé","BA",-9.6667,-41.3,"Hidroweb diário",31,FALSE,0.7040274710323927,"alta (>=0.3)",TRUE,0.5729143579727679,8,"ago",10,"out",6,0.15,5,8,"theta_pi","ago"
"941009","Sento Sé","BA",-9.8667,-41.9667,"Hidroweb diário",35,FALSE,0.631331418626303,"alta (>=0.3)",TRUE,0.597019379416697,8,"ago",10,"out",6,0.15,5,8,"theta_pi","ago"
"941011","Casa Nova","BA",-9.175,-40.97,"Hidroweb diário",82,FALSE,0.6318969024855001,"alta (>=0.3)",TRUE,0.6334619950303491,8,"ago",10,"out",6,0.15,6,8,"theta_pi","ago"
"941012","Sento Sé","BA",-9.7406,-41.8836,"Hidroweb diário",51,FALSE,0.5810089484378673,"alta (>=0.3)",TRUE,0.5608673969244774,8,"ago",10,"out",6,0.15,5,8,"theta_pi","ago"
"942008","Remanso","BA",-9.6833,-42.0667,"Hidroweb diário",35,FALSE,0.5991209438826933,"alta (>=0.3)",TRUE,0.40505582225382647,7,"jul",10,"out",6,0.15,5,7,"theta_pi","jul"
"942016","Remanso","BA",-9.6833,-42.0667,"Hidroweb diário",80,FALSE,0.6446475348357635,"alta (>=0.3)",TRUE,0.4895716108890257,7,"jul",10,"out",6,0.15,5,7,"theta_pi","jul"
"942020","Pilão Arcado","BA",-9.735,-42.7697,"Hidroweb diário",72,FALSE,0.6756728529939853,"alta (>=0.3)",TRUE,0.27230346689007906,7,"jul",9,"set",5,0.15,6,7,"theta_pi","jul"
"239001","Itarema","CE",-2.9167,-39.9167,"Hidroweb diário",36,FALSE,0.7780966504462401,"alta (>=0.3)",TRUE,1.4505572141370957,9,"set",12,"dez",6,0.15,8,9,"theta_pi","set"
"240000","Camocim","CE",-2.9,-40.8333,"Hidroweb diário",64,FALSE,0.781436571964013,"alta (>=0.3)",TRUE,1.2815634188264349,9,"set",12,"dez",7,0.15,7,9,"theta_pi","set"
"240001","Acaraú","CE",-2.8833,-40.1167,"Hidroweb diário",83,FALSE,0.8233492374599833,"alta (>=0.3)",TRUE,1.4790443835587999,9,"set",1,"jan",8,0.15,8,9,"theta_pi","set"
"240002","Camocim","CE",-2.9167,-40.8333,"Hidroweb diário",51,FALSE,0.8570257885660764,"alta (>=0.3)",TRUE,1.3476053509408699,9,"set",12,"dez",6,0.15,8,9,"theta_pi","set"
"240004","Camocim","CE",-2.85,-40.5833,"Hidroweb diário",36,FALSE,0.8198315110910877,"alta (>=0.3)",TRUE,1.3809137075162852,9,"set",1,"jan",8,0.15,7,9,"theta_pi","set"
"240007","Acaraú","CE",-2.8833,-40.1167,"Hidroweb diário",52,FALSE,0.8107165401520041,"alta (>=0.3)",TRUE,1.4519174551096714,9,"set",12,"dez",6,0.15,8,9,"theta_pi","set"
"240009","Acaraú","CE",-2.8167,-40.2167,"Hidroweb diário",49,FALSE,0.8335941059354481,"alta (>=0.3)",TRUE,1.4073126375858334,9,"set",12,"dez",7,0.15,8,9,"theta_pi","set"
"240012","Cruz","CE",-2.9333,-40.1833,"Hidroweb diário",37,FALSE,0.8110085672880862,"alta (>=0.3)",TRUE,1.3965902151886915,9,"set",12,"dez",7,0.15,7,9,"theta_pi","set"
"338001","Fortaleza","CE",-3.75,-38.5833,"Hidroweb diário",105,FALSE,0.7364134316437139,"alta (>=0.3)",TRUE,1.4297914736027215,9,"set",12,"dez",6,0.15,11,9,"theta_pi","set"
"338002","Pacatuba","CE",-3.9833,-38.6167,"Hidroweb diário",81,FALSE,0.7816329087971896,"alta (>=0.3)",TRUE,1.437471197013143,9,"set",12,"dez",6,0.15,8,9,"theta_pi","set"
"338003","Fortaleza","CE",-3.8164,-38.5792,"Hidroweb diário",33,FALSE,0.697659350137811,"alta (>=0.3)",TRUE,1.6006967799284255,10,"out",12,"dez",6,0.15,8,10,"theta_pi","out"
"338005","Maracanau","CE",-3.9,-38.6333,"Hidroweb diário",76,FALSE,0.74042737332376,"alta (>=0.3)",TRUE,1.4936408623407587,9,"set",12,"dez",6,0.15,8,9,"theta_pi","set"
"338007","Aquiraz","CE",-3.9,-38.3833,"Hidroweb diário",87,FALSE,0.744684980690827,"alta (>=0.3)",TRUE,1.6747115521111722,10,"out",12,"dez",6,0.15,10,10,"theta_pi","out"
"338008","São Gonçalo do Amarante","CE",-3.67,-38.98,"Hidroweb diário",93,FALSE,0.7766450165404383,"alta (>=0.3)",TRUE,1.4355993048091038,9,"set",12,"dez",6,0.15,8,9,"theta_pi","set"
"338009","Caucaia","CE",-3.75,-38.6833,"Hidroweb diário",112,FALSE,0.7252795851519196,"alta (>=0.3)",TRUE,1.4403407817367047,9,"set",12,"dez",6,0.15,10,9,"theta_pi","set"
"338014","São Gonçalo do Amarante","CE",-3.67,-38.9817,"Hidroweb diário",59,FALSE,0.7947381316364739,"alta (>=0.3)",TRUE,1.4945988897291986,9,"set",12,"dez",6,0.15,9,9,"theta_pi","set"
"338015","São Gonçalo do Amarante","CE",-3.6667,-38.9833,"Hidroweb diário",33,FALSE,0.7914192731242855,"alta (>=0.3)",TRUE,1.5215394157412332,9,"set",12,"dez",6,0.15,11,9,"theta_pi","set"
"338016","Maranguape","CE",-3.9,-38.6667,"Hidroweb diário",113,FALSE,0.7472105361926741,"alta (>=0.3)",TRUE,1.560702516311384,9,"set",12,"dez",6,0.15,11,9,"theta_pi","set"
"338018","Fortaleza","CE",-3.7667,-38.5167,"Hidroweb diário",52,FALSE,0.759136810415361,"alta (>=0.3)",TRUE,1.449896388164496,9,"set",1,"jan",7,0.15,8,9,"theta_pi","set"
"338026","Fortaleza","CE",-3.7333,-38.55,"Hidroweb diário",65,FALSE,0.7348477825019628,"alta (>=0.3)",TRUE,1.4019315108891874,9,"set",12,"dez",6,0.15,11,9,"theta_pi","set"
"338034","Eusébio","CE",-3.9,-38.5,"Hidroweb diário",36,FALSE,0.7290658430012816,"alta (>=0.3)",TRUE,1.7090281384576527,10,"out",12,"dez",6,0.15,8,10,"theta_pi","out"
"338037","Fortaleza","CE",-3.8167,-38.5333,"Hidroweb diário",33,FALSE,0.7183794531475806,"alta (>=0.3)",TRUE,1.6263952793920344,10,"out",12,"dez",6,0.15,10,10,"theta_pi","out"
"338040","Itaitinga","CE",-3.95,-38.5167,"Hidroweb diário",34,FALSE,0.7687244366534156,"alta (>=0.3)",TRUE,1.5157482926738526,9,"set",12,"dez",6,0.15,8,9,"theta_pi","set"
"338048","Fortaleza","CE",-3.7333,-38.5667,"Hidroweb diário",35,FALSE,0.7351196746949158,"alta (>=0.3)",TRUE,1.5470243107904103,9,"set",12,"dez",5,0.15,11,9,"theta_pi","set"
"339000","Amontada","CE",-3.3633,-39.8294,"Hidroweb diário",47,FALSE,0.7541230756819665,"alta (>=0.3)",TRUE,1.408643908961559,9,"set",12,"dez",7,0.15,8,9,"theta_pi","set"
"339001","Pentecoste","CE",-3.75,-39.3667,"Hidroweb diário",38,FALSE,0.7914941693981548,"alta (>=0.3)",TRUE,1.476802534772584,9,"set",12,"dez",8,0.15,7,9,"theta_pi","set"
"339004","Pentecoste","CE",-3.7833,-39.2667,"Hidroweb diário",69,FALSE,0.7823299750134202,"alta (>=0.3)",TRUE,1.43535976594158,9,"set",12,"dez",6,0.15,8,9,"theta_pi","set"
"339006","Acaraú","CE",-3.0333,-39.8833,"Hidroweb diário",31,FALSE,0.8556551036467563,"alta (>=0.3)",TRUE,1.6015849211746707,10,"out",1,"jan",7,0.15,8,10,"theta_pi","out"
"339007","Itapipoca","CE",-3.3833,-39.8333,"Hidroweb diário",48,FALSE,0.7362181333898958,"alta (>=0.3)",TRUE,1.6527594371941634,10,"out",12,"dez",7,0.15,8,10,"theta_pi","out"
"339009","Itapipoca","CE",-3.5667,-39.6333,"Hidroweb diário",46,FALSE,0.8260830108979135,"alta (>=0.3)",TRUE,1.3132804746585487,9,"set",12,"dez",7,0.15,8,9,"theta_pi","set"
"339012","Uruburetama","CE",-3.45,-39.4167,"Hidroweb diário",33,FALSE,0.7774277716944952,"alta (>=0.3)",TRUE,1.494790848916822,9,"set",12,"dez",6,0.15,9,9,"theta_pi","set"
"339014","Itapajé","CE",-3.6833,-39.5833,"Hidroweb diário",96,FALSE,0.8068242434919354,"alta (>=0.3)",TRUE,1.3139646085665095,9,"set",12,"dez",6,0.15,8,9,"theta_pi","set"
"339016","Itapipoca","CE",-3.2675,-39.6475,"Hidroweb diário",67,FALSE,0.775881144466642,"alta (>=0.3)",TRUE,1.3842457744578929,9,"set",12,"dez",7,0.15,8,9,"theta_pi","set"
"339017","Itapipoca","CE",-3.0667,-39.6167,"Hidroweb diário",36,FALSE,0.8345932912930807,"alta (>=0.3)",TRUE,1.5072387694760527,9,"set",12,"dez",6,0.15,10,9,"theta_pi","set"
"339018","Irauçuba","CE",-3.7333,-39.7833,"Hidroweb diário",85,FALSE,0.8287929614277374,"alta (>=0.3)",TRUE,1.3713719414817562,9,"set",12,"dez",6,0.15,8,9,"theta_pi","set"
"339019","Pentecoste","CE",-3.9167,-39.1333,"Hidroweb diário",33,FALSE,0.7828234148899409,"alta (>=0.3)",TRUE,1.5375430216980055,9,"set",12,"dez",7,0.15,8,9,"theta_pi","set"
"339020","Itapajé","CE",-3.7333,-39.5333,"Hidroweb diário",51,FALSE,0.7955346115335785,"alta (>=0.3)",TRUE,1.6141034183884024,10,"out",12,"dez",6,0.15,8,10,"theta_pi","out"
"339021","Irauçuba","CE",-3.8667,-39.8667,"Hidroweb diário",56,FALSE,0.7890396505740608,"alta (>=0.3)",TRUE,1.4341943961057295,9,"set",12,"dez",7,0.15,7,9,"theta_pi","set"
"339022","Pentecoste","CE",-3.9333,-39.0667,"Hidroweb diário",32,FALSE,0.832052588829272,"alta (>=0.3)",TRUE,1.6221167647800403,10,"out",1,"jan",7,0.15,8,10,"theta_pi","out"
"339023","Miraima","CE",-3.5667,-39.9667,"Hidroweb diário",94,FALSE,0.8220696449008649,"alta (>=0.3)",TRUE,1.3127274983846082,9,"set",12,"dez",7,0.15,7,9,"theta_pi","set"
"339024","Trairi","CE",-3.1833,-39.3667,"Hidroweb diário",71,FALSE,0.7873404079176092,"alta (>=0.3)",TRUE,1.450755544654637,9,"set",12,"dez",6,0.15,11,9,"theta_pi","set"
"339025","Itapipoca","CE",-3.5167,-39.4167,"Hidroweb diário",32,FALSE,0.8187002544835003,"alta (>=0.3)",TRUE,1.3362137433532186,9,"set",12,"dez",7,0.15,8,9,"theta_pi","set"
"339026","Paracuru","CE",-3.41436,-39.030028,"Hidroweb diário",79,FALSE,0.7978978876085886,"alta (>=0.3)",TRUE,1.481110452697459,9,"set",12,"dez",6,0.15,10,9,"theta_pi","set"
"339028","São Luís do Curu","CE",-3.6739,-39.2417,"Hidroweb diário",104,FALSE,0.8385478889753716,"alta (>=0.3)",TRUE,1.659430704268752,10,"out",12,"dez",7,0.15,8,10,"theta_pi","out"
"339030","Trairi","CE",-3.2833,-39.25,"Hidroweb diário",63,FALSE,0.7303816147423225,"alta (>=0.3)",TRUE,1.5287779941270028,9,"set",12,"dez",6,0.15,9,9,"theta_pi","set"
"339031","Itapajé","CE",-3.9333,-39.5667,"Hidroweb diário",46,FALSE,0.8010153053412337,"alta (>=0.3)",TRUE,1.6320325575251076,10,"out",12,"dez",6,0.15,7,10,"theta_pi","out"
"339034","Uruburetama","CE",-3.6167,-39.5,"Hidroweb diário",83,FALSE,0.7408000838863622,"alta (>=0.3)",TRUE,1.4723252020617836,9,"set",12,"dez",7,0.15,8,9,"theta_pi","set"
"339036","Paracuru","CE",-3.4167,-39.0333,"Hidroweb diário",49,FALSE,0.7155727411615979,"alta (>=0.3)",TRUE,1.532279699658056,9,"set",12,"dez",6,0.15,8,9,"theta_pi","set"
"339037","Itapajé","CE",-3.68,-39.58,"Hidroweb diário",53,FALSE,0.7101413390099324,"alta (>=0.3)",TRUE,1.4664139834908614,9,"set",12,"dez",6,0.15,8,9,"theta_pi","set"
"339040","Paraipaba","CE",-3.4,-39.1667,"Hidroweb diário",47,FALSE,0.7298271658876092,"alta (>=0.3)",TRUE,1.6071880170537016,10,"out",12,"dez",6,0.15,8,10,"theta_pi","out"
"339045","Apuiares","CE",-3.9453,-39.4111,"Hidroweb diário",34,FALSE,0.73866922861489,"alta (>=0.3)",TRUE,1.4738866733099119,9,"set",12,"dez",6,0.15,8,9,"theta_pi","set"
"339048","Amontada","CE",-3.3639,-39.8306,"Hidroweb diário",35,FALSE,0.7739073856026714,"alta (>=0.3)",TRUE,1.3975656738509463,9,"set",12,"dez",7,0.15,6,9,"theta_pi","set"
"339051","Apuiares","CE",-3.95,-39.4333,"Hidroweb diário",45,FALSE,0.7583933796529223,"alta (>=0.3)",TRUE,1.4856101304094802,9,"set",12,"dez",6,0.15,8,9,"theta_pi","set"
"339053","Irauçuba","CE",-3.7333,-39.75,"Hidroweb diário",44,FALSE,0.7478813744586699,"alta (>=0.3)",TRUE,1.4293663746594103,9,"set",12,"dez",7,0.15,7,9,"theta_pi","set"
"339070","Tejuçuoca","CE",-3.9833,-39.5833,"Hidroweb diário",36,FALSE,0.7536954332095633,"alta (>=0.3)",TRUE,1.3387644311896687,9,"set",12,"dez",7,0.15,7,9,"theta_pi","set"
"339074","Umirim","CE",-3.6667,-39.35,"Hidroweb diário",37,FALSE,0.7984838334003657,"alta (>=0.3)",TRUE,1.352984587705582,9,"set",12,"dez",7,0.15,8,9,"theta_pi","set"
"339075","Tururu","CE",-3.6,-39.45,"Hidroweb diário",39,FALSE,0.8039994684250373,"alta (>=0.3)",TRUE,1.3785524720744562,9,"set",12,"dez",7,0.15,7,9,"theta_pi","set"
"339078","São Luís do Curu","CE",-3.6667,-39.2667,"Hidroweb diário",52,FALSE,0.7792310715763687,"alta (>=0.3)",TRUE,1.5235750582322958,9,"set",12,"dez",7,0.15,7,9,"theta_pi","set"
"339084","Itapipoca","CE",-3.5,-39.5667,"Hidroweb diário",51,FALSE,0.785136527724358,"alta (>=0.3)",TRUE,1.294574139503526,9,"set",12,"dez",6,0.15,8,9,"theta_pi","set"
"340000","Sobral","CE",-3.8833,-40.0167,"Hidroweb diário",50,FALSE,0.7512222341591852,"alta (>=0.3)",TRUE,1.1733278104751612,9,"set",1,"jan",8,0.15,7,9,"theta_pi","set"
"340001","Coreaú","CE",-3.6167,-40.8167,"Hidroweb diário",60,FALSE,0.7303271598437975,"alta (>=0.3)",TRUE,1.351378311633778,9,"set",12,"dez",7,0.15,7,9,"theta_pi","set"
"340002","Sobral","CE",-3.7667,-40.5,"Hidroweb diário",41,FALSE,0.7535527733657607,"alta (>=0.3)",TRUE,1.3099720731803717,9,"set",1,"jan",10,0.15,1,9,"theta_pi","set"
"340003","Sobral","CE",-3.9,-40.0167,"Hidroweb diário",51,FALSE,0.7471106069857464,"alta (>=0.3)",TRUE,1.289705982573004,9,"set",1,"jan",8,0.15,6,9,"theta_pi","set"
"340005","Forquilha","CE",-3.8,-40.25,"Hidroweb diário",92,FALSE,0.7725378556375839,"alta (>=0.3)",TRUE,1.3014341104526164,9,"set",12,"dez",7,0.15,7,9,"theta_pi","set"
"340007","Massapê","CE",-3.5,-40.2667,"Hidroweb diário",78,FALSE,0.7804559974914524,"alta (>=0.3)",TRUE,1.3601376711339044,9,"set",12,"dez",7,0.15,8,9,"theta_pi","set"
"340008","Martinópole","CE",-3.2333,-40.6833,"Hidroweb diário",64,FALSE,0.7732192608418241,"alta (>=0.3)",TRUE,1.3482696755046641,9,"set",12,"dez",7,0.15,8,9,"theta_pi","set"
"340009","Sobral","CE",-3.7667,-40.0333,"Hidroweb diário",56,FALSE,0.8261779820470622,"alta (>=0.3)",TRUE,1.4036465029491232,9,"set",12,"dez",7,0.15,6,9,"theta_pi","set"
"340010","Santana do Acaraú","CE",-3.4,-40.2667,"Hidroweb diário",58,FALSE,0.8105404832404887,"alta (>=0.3)",TRUE,1.4657100485052332,9,"set",12,"dez",7,0.15,7,9,"theta_pi","set"
"340011","Sobral","CE",-3.6667,-40.3667,"Hidroweb diário",59,FALSE,0.73207990124596245,"alta (>=0.3)",TRUE,1.3926562401146176,9,"set",12,"dez",7,0.15,8,9,"theta_pi","set"
"340012","Senador Sá","CE",-3.1667,-40.4333,"Hidroweb diário",79,FALSE,0.8212570256244127,"alta (>=0.3)",TRUE,1.392867393935997,9,"set",12,"dez",7,0.15,8,9,"theta_pi","set"
"340013","Moraújo","CE",-3.5167,-40.6167,"Hidroweb diário",58,FALSE,0.8074107425765171,"alta (>=0.3)",TRUE,1.3679842022251467,9,"set",1,"jan",8,0.15,7,9,"theta_pi","set"
"340014","Carire","CE",-3.95,-40.4667,"Hidroweb diário",113,FALSE,0.7324603057665323,"alta (>=0.3)",TRUE,1.3886223596235792,9,"set",12,"dez",7,0.15,7,9,"theta_pi","set"
"340015","Frecheirinha","CE",-3.7667,-40.8167,"Hidroweb diário",86,FALSE,0.7562561250252593,"alta (>=0.3)",TRUE,1.316970364576444,9,"set",12,"dez",7,0.15,8,9,"theta_pi","set"
"340016","Granja","CE",-3.1167,-40.8333,"Hidroweb diário",58,FALSE,0.7474412635697241,"alta (>=0.3)",TRUE,1.3112539387640365,9,"set",12,"dez",7,0.15,7,9,"theta_pi","set"
"340017","Granja","CE",-3.1333,-40.8333,"Hidroweb diário",52,FALSE,0.8257474602136307,"alta (>=0.3)",TRUE,1.1609621848107312,9,"set",12,"dez",7,0.15,7,9,"theta_pi","set"
"340018","Ibiapina","CE",-3.9167,-40.8833,"Hidroweb diário",112,FALSE,0.7612666990968099,"alta (>=0.3)",TRUE,1.3359190134501566,9,"set",12,"dez",6,0.15,9,9,"theta_pi","set"
"340019","Granja","CE",-3.3833,-40.9167,"Hidroweb diário",51,FALSE,0.79533002687355,"alta (>=0.3)",TRUE,1.3300218144486982,9,"set",12,"dez",7,0.15,8,9,"theta_pi","set"
"340020","Marco","CE",-3.15,-40.15,"Hidroweb diário",64,FALSE,0.8445448002140283,"alta (>=0.3)",TRUE,1.2986653182965966,9,"set",12,"dez",7,0.15,8,9,"theta_pi","set"
"340023","Mucambo","CE",-3.9,-40.7667,"Hidroweb diário",90,FALSE,0.7004407334153494,"alta (>=0.3)",TRUE,1.2105791790505682,9,"set",12,"dez",7,0.15,8,9,"theta_pi","set"
"340025","Uruoca","CE",-3.3667,-40.7833,"Hidroweb diário",34,FALSE,0.7586642984643622,"alta (>=0.3)",TRUE,1.4699296018014258,9,"set",12,"dez",7,0.15,8,9,"theta_pi","set"
"340026","Granja","CE",-3.0333,-40.6667,"Hidroweb diário",31,FALSE,0.816413919082196,"alta (>=0.3)",TRUE,1.439323979837542,9,"set",1,"jan",12,0.15,1,9,"theta_pi","set"
"340029","Carire","CE",-3.85,-40.5333,"Hidroweb diário",42,FALSE,0.7704259969256331,"alta (>=0.3)",TRUE,1.4096109877870655,9,"set",12,"dez",7,0.15,8,9,"theta_pi","set"
"340030","Tianguá","CE",-3.7333,-40.9833,"Hidroweb diário",111,FALSE,0.7233536141745561,"alta (>=0.3)",TRUE,1.211076997946887,9,"set",12,"dez",7,0.15,9,9,"theta_pi","set"
"340031","Ubajara","CE",-3.85,-40.9167,"Hidroweb diário",113,FALSE,0.7638742329402636,"alta (>=0.3)",TRUE,1.3514636050280433,9,"set",12,"dez",6,0.15,9,9,"theta_pi","set"
"340035","Sobral","CE",-3.7167,-40.0167,"Hidroweb diário",61,FALSE,0.7869763538850483,"alta (>=0.3)",TRUE,1.2936610372674706,9,"set",1,"jan",9,0.15,6,9,"theta_pi","set"
"340038","Santana do Acaraú","CE",-3.4667,-40.2,"Hidroweb diário",69,FALSE,0.7596453151648512,"alta (>=0.3)",TRUE,1.3875425872462588,9,"set",12,"dez",7,0.15,6,9,"theta_pi","set"
"340039","Uruoca","CE",-3.3167,-40.5667,"Hidroweb diário",81,FALSE,0.7480836480014652,"alta (>=0.3)",TRUE,1.3807356095494236,9,"set",12,"dez",7,0.15,7,9,"theta_pi","set"
"340041","Meruoca","CE",-3.45,-40.4833,"Hidroweb diário",83,FALSE,0.7658924201338903,"alta (>=0.3)",TRUE,1.2559260940607935,9,"set",12,"dez",6,0.15,8,9,"theta_pi","set"
"340045","Sobral","CE",-3.7,-40.35,"Hidroweb diário",98,FALSE,0.8055554264309353,"alta (>=0.3)",TRUE,1.4291139920265157,9,"set",12,"dez",7,0.15,8,9,"theta_pi","set"
"340049","Massapê","CE",-3.5333,-40.3333,"Hidroweb diário",91,FALSE,0.7487096740986169,"alta (>=0.3)",TRUE,1.3631430648591691,9,"set",12,"dez",7,0.15,7,9,"theta_pi","set"
"340064","Sobral","CE",-3.6967,-40.34,"Hidroweb diário",34,FALSE,0.7875845585671593,"alta (>=0.3)",TRUE,1.2594500007598142,9,"set",12,"dez",7,0.15,8,9,"theta_pi","set"
"340066","Alcantaras","CE",-3.5833,-40.55,"Hidroweb diário",40,FALSE,0.8117515460156434,"alta (>=0.3)",TRUE,1.3170600616069228,9,"set",12,"dez",7,0.15,7,9,"theta_pi","set"
"340067","Bela Cruz","CE",-3.0575,-40.1683,"Hidroweb diário",46,FALSE,0.8002290535037466,"alta (>=0.3)",TRUE,1.3728520980176928,9,"set",12,"dez",7,0.15,7,9,"theta_pi","set"
"340080","Morrinhos","CE",-3.2333,-40.1167,"Hidroweb diário",42,FALSE,0.7626097165148852,"alta (>=0.3)",TRUE,1.3065972627702873,9,"set",12,"dez",7,0.15,8,9,"theta_pi","set"
"340102","Coreaú","CE",-3.5667,-40.65,"Hidroweb diário",48,FALSE,0.8234240789779376,"alta (>=0.3)",TRUE,1.348743849594336,9,"set",12,"dez",7,0.15,7,9,"theta_pi","set"
"340103","Senador Sá","CE",-3.35,-40.4667,"Hidroweb diário",45,FALSE,0.7853645973031389,"alta (>=0.3)",TRUE,1.2099425289315298,9,"set",12,"dez",7,0.15,7,9,"theta_pi","set"
"340107","Groairas","CE",-3.9167,-40.3833,"Hidroweb diário",44,FALSE,0.7996370214789501,"alta (>=0.3)",TRUE,1.3154913626142744,9,"set",12,"dez",7,0.15,7,9,"theta_pi","set"
"340108","Moraújo","CE",-3.4667,-40.6833,"Hidroweb diário",36,FALSE,0.7560722640673786,"alta (>=0.3)",TRUE,1.5039072368209128,9,"set",12,"dez",7,0.15,7,9,"theta_pi","set"
"340109","Pacujá","CE",-3.9833,-40.7,"Hidroweb diário",45,FALSE,0.7310284613737945,"alta (>=0.3)",TRUE,1.180184106799075,9,"set",12,"dez",7,0.15,7,9,"theta_pi","set"
"340113","Meruoca","CE",-3.55,-40.45,"Hidroweb diário",47,FALSE,0.7348064005316409,"alta (>=0.3)",TRUE,1.2871776025840815,9,"set",12,"dez",7,0.15,8,9,"theta_pi","set"
"341010","Chaval","CE",-3.0333,-41.2333,"Hidroweb diário",75,FALSE,0.7953765446136145,"alta (>=0.3)",TRUE,1.2530911932090736,9,"set",12,"dez",7,0.15,7,9,"theta_pi","set"
"341014","Ibiapina","CE",-4.0328,-41.0831,"Hidroweb diário",33,FALSE,0.759956768597665,"alta (>=0.3)",TRUE,1.382459940011649,9,"set",12,"dez",7,0.15,6,9,"theta_pi","set"
"341015","Viçosa do Ceará","CE",-3.5667,-41.3333,"Hidroweb diário",34,FALSE,0.7293837134703169,"alta (>=0.3)",TRUE,1.5559900138028877,9,"set",12,"dez",7,0.15,8,9,"theta_pi","set"
"341016","Viçosa do Ceará","CE",-3.5642,-41.0942,"Hidroweb diário",59,FALSE,0.7017132253968588,"alta (>=0.3)",TRUE,1.250108839739421,9,"set",12,"dez",6,0.15,8,9,"theta_pi","set"
"341018","Viçosa do Ceará","CE",-3.5642,-41.0942,"Hidroweb diário",52,FALSE,0.7387710180958587,"alta (>=0.3)",TRUE,1.247675475774526,9,"set",11,"nov",6,0.15,8,9,"theta_pi","set"
"341029","Barroquinha","CE",-3.0167,-41.1167,"Hidroweb diário",36,FALSE,0.798215359360906,"alta (>=0.3)",TRUE,1.3555957120450821,9,"set",12,"dez",7,0.15,7,9,"theta_pi","set"
"437000","Aracati","CE",-4.5667,-37.7667,"Hidroweb diário",97,FALSE,0.7844694434673649,"alta (>=0.3)",TRUE,1.499443514857984,9,"set",12,"dez",7,0.15,8,9,"theta_pi","set"
"437001","Aracati","CE",-4.5667,-37.9833,"Hidroweb diário",33,FALSE,0.747526744356927,"alta (>=0.3)",TRUE,1.4807583931963726,9,"set",1,"jan",8,0.15,9,9,"theta_pi","set"
"437006","Jaguaruana","CE",-4.8333,-37.7833,"Hidroweb diário",113,FALSE,0.8156963281267928,"alta (>=0.3)",TRUE,1.446953078403845,9,"set",12,"dez",6,0.15,8,9,"theta_pi","set"
"437008","Aracati","CE",-4.8,-37.4,"Hidroweb diário",41,FALSE,0.8246551515601873,"alta (>=0.3)",TRUE,1.631578835290142,10,"out",1,"jan",7,0.15,7,10,"theta_pi","out"
"437009","Palhano","CE",-4.75,-37.9667,"Hidroweb diário",78,FALSE,0.8179004545279562,"alta (>=0.3)",TRUE,1.2907738977820464,9,"set",12,"dez",6,0.15,8,9,"theta_pi","set"
"437010","Russas","CE",-4.9333,-37.9667,"Hidroweb diário",63,FALSE,0.7349640821538078,"alta (>=0.3)",TRUE,1.3624080029328687,9,"set",12,"dez",6,0.15,8,9,"theta_pi","set"
"437011","Beberibe","CE",-4.4667,-37.95,"Hidroweb diário",31,FALSE,0.773383627779706,"alta (>=0.3)",TRUE,1.5451627240254437,9,"set",12,"dez",7,0.15,8,9,"theta_pi","set"
"437019","Fortim","CE",-4.45,-37.7833,"Hidroweb diário",36,FALSE,0.7754166799861948,"alta (>=0.3)",TRUE,1.4369834839680011,9,"set",12,"dez",7,0.15,7,9,"theta_pi","set"
"437022","Icapuí","CE",-4.7,-37.3667,"Hidroweb diário",35,FALSE,0.7780989361718261,"alta (>=0.3)",TRUE,1.4445411218220239,9,"set",12,"dez",7,0.15,7,9,"theta_pi","set"
"437024","Itaiçaba","CE",-4.6833,-37.8167,"Hidroweb diário",45,FALSE,0.7867815374465649,"alta (>=0.3)",TRUE,1.3255290322134956,9,"set",12,"dez",7,0.15,7,9,"theta_pi","set"
"438002","Cascavel","CE",-4.2167,-38.3333,"Hidroweb diário",34,FALSE,0.7360909100842264,"alta (>=0.3)",TRUE,1.4644825694575778,9,"set",12,"dez",6,0.15,8,9,"theta_pi","set"
"438003","Redenção","CE",-4.3167,-38.75,"Hidroweb diário",36,FALSE,0.7249772598236188,"alta (>=0.3)",TRUE,1.5108360946912467,9,"set",1,"jan",12,0.15,1,9,"theta_pi","set"
"438005","Redenção","CE",-4.1833,-38.8167,"Hidroweb diário",53,FALSE,0.6988832384979343,"alta (>=0.3)",TRUE,1.2881574102432967,9,"set",1,"jan",8,0.15,11,9,"theta_pi","set"
"438007","Russas","CE",-4.8333,-38.1667,"Hidroweb diário",83,FALSE,0.816098798889052,"alta (>=0.3)",TRUE,1.335397392291048,9,"set",12,"dez",7,0.15,8,9,"theta_pi","set"
"438008","Pacatuba","CE",-4.0667,-38.5667,"Hidroweb diário",90,FALSE,0.7847430027113169,"alta (>=0.3)",TRUE,1.5568009605209623,9,"set",12,"dez",6,0.15,9,9,"theta_pi","set"
"438009","Aracoiaba","CE",-4.3667,-38.8,"Hidroweb diário",74,FALSE,0.6880152983839184,"alta (>=0.3)",TRUE,1.609914893911891,10,"out",12,"dez",6,0.15,8,10,"theta_pi","out"
"438010","Baturité","CE",-4.3333,-38.8667,"Hidroweb diário",106,FALSE,0.666508017945541,"alta (>=0.3)",TRUE,1.6355290520043597,10,"out",12,"dez",6,0.15,9,10,"theta_pi","out"
"438011","Guaiuba","CE",-4.1214,-38.6592,"Hidroweb diário",72,FALSE,0.7722309696225522,"alta (>=0.3)",TRUE,1.3485060748111086,9,"set",12,"dez",7,0.15,8,9,"theta_pi","set"
"438013","Limoeiro do Norte","CE",-4.9833,-38.2167,"Hidroweb diário",34,FALSE,0.770488466489214,"alta (>=0.3)",TRUE,1.5875556176301278,10,"out",12,"dez",6,0.15,8,10,"theta_pi","out"
"438014","Morada Nova","CE",-4.8333,-38.6167,"Hidroweb diário",31,FALSE,0.7504583990843133,"alta (>=0.3)",TRUE,1.3876391099716787,9,"set",12,"dez",6,0.15,8,9,"theta_pi","set"
"438015","Beberibe","CE",-4.5833,-38.2167,"Hidroweb diário",52,FALSE,0.751431983443615,"alta (>=0.3)",TRUE,1.5342906482473904,9,"set",12,"dez",6,0.15,7,9,"theta_pi","set"
"438017","Itapiuna","CE",-4.65,-38.9667,"Hidroweb diário",60,FALSE,0.7311756176891042,"alta (>=0.3)",TRUE,1.56042556077996,9,"set",12,"dez",6,0.15,8,9,"theta_pi","set"
"438019","Cascavel","CE",-4.4833,-38.35,"Hidroweb diário",94,FALSE,0.6951420555814711,"alta (>=0.3)",TRUE,1.3557152801236771,9,"set",12,"dez",6,0.15,8,9,"theta_pi","set"
"438020","Maranguape","CE",-4.0167,-38.8333,"Hidroweb diário",49,FALSE,0.8326758040577676,"alta (>=0.3)",TRUE,1.3891309731270538,9,"set",12,"dez",7,0.15,8,9,"theta_pi","set"
"438021","Chorozinho","CE",-4.3022,-38.4969,"Hidroweb diário",89,FALSE,0.8035647267715087,"alta (>=0.3)",TRUE,1.4213197608639716,9,"set",12,"dez",6,0.15,8,9,"theta_pi","set"
"438022","Cascavel","CE",-4.4975,-38.3606,"Hidroweb diário",92,FALSE,0.7787251708154469,"alta (>=0.3)",TRUE,1.3759583102636277,9,"set",12,"dez",6,0.15,8,9,"theta_pi","set"
"438023","Aracoiaba","CE",-4.5333,-38.5667,"Hidroweb diário",33,FALSE,0.7430566958646521,"alta (>=0.3)",TRUE,1.4287511039284624,9,"set",12,"dez",7,0.15,10,9,"theta_pi","set"
"438024","Pereiro","CE",-4.8667,-38.9333,"Hidroweb diário",67,FALSE,0.7927302697777946,"alta (>=0.3)",TRUE,1.5521513234364679,9,"set",12,"dez",7,0.15,7,9,"theta_pi","set"
"438026","Morada Nova","CE",-4.8667,-38.35,"Hidroweb diário",31,FALSE,0.7671276065340991,"alta (>=0.3)",TRUE,1.3426614058572597,9,"set",12,"dez",7,0.15,8,9,"theta_pi","set"
"438028","Pacatuba","CE",-4.1539,-38.7258,"Hidroweb diário",54,FALSE,0.7254674855755948,"alta (>=0.3)",TRUE,1.5107314012548174,9,"set",12,"dez",6,0.15,8,9,"theta_pi","set"
"438030","Morada Nova","CE",-4.9667,-38.65,"Hidroweb diário",34,FALSE,0.7115819987262754,"alta (>=0.3)",TRUE,1.5963023030693586,10,"out",12,"dez",6,0.15,9,10,"theta_pi","out"
"438031","Maranguape","CE",-4.0167,-38.9333,"Hidroweb diário",49,FALSE,0.7465172756587319,"alta (>=0.3)",TRUE,1.5226834074184987,9,"set",12,"dez",6,0.15,9,9,"theta_pi","set"
"438032","Itapiuna","CE",-4.5833,-38.95,"Hidroweb diário",82,FALSE,0.7295896311097068,"alta (>=0.3)",TRUE,1.522133189071791,9,"set",12,"dez",6,0.15,8,9,"theta_pi","set"
"438033","Beberibe","CE",-4.35,-38.1167,"Hidroweb diário",69,FALSE,0.8769536441235523,"alta (>=0.3)",TRUE,1.2169395727417882,9,"set",12,"dez",7,0.15,8,9,"theta_pi","set"
"438034","Maranguape","CE",-4.05,-38.7,"Hidroweb diário",33,FALSE,0.7307112636943753,"alta (>=0.3)",TRUE,1.3898368096713367,9,"set",12,"dez",5,0.15,11,9,"theta_pi","set"
"438035","Quixadá","CE",-4.75,-38.85,"Hidroweb diário",64,FALSE,0.6516192995876486,"alta (>=0.3)",TRUE,1.103739436767736,9,"set",12,"dez",7,0.15,8,9,"theta_pi","set"
"438036","Pacoti","CE",-4.2167,-38.9167,"Hidroweb diário",92,FALSE,0.6054507770212034,"alta (>=0.3)",TRUE,1.7045855927612896,10,"out",12,"dez",5,0.15,9,10,"theta_pi","out"
"438038","Palmácia","CE",-4.15,-38.85,"Hidroweb diário",56,FALSE,0.7583445018300156,"alta (>=0.3)",TRUE,1.5299410328032548,9,"set",12,"dez",6,0.15,8,9,"theta_pi","set"
"438042","Cascavel","CE",-4.4333,-38.3333,"Hidroweb diário",41,FALSE,0.7850687057440724,"alta (>=0.3)",TRUE,1.3630269399107513,9,"set",1,"jan",8,0.15,6,9,"theta_pi","set"
"438045","Quixadá","CE",-4.9667,-38.9167,"Hidroweb diário",66,FALSE,0.765253353188794,"alta (>=0.3)",TRUE,1.5311415442990617,9,"set",12,"dez",7,0.15,8,9,"theta_pi","set"
"438047","Maranguape","CE",-4.0833,-38.7833,"Hidroweb diário",34,FALSE,0.5305881051648149,"alta (>=0.3)",TRUE,1.4186346775757195,9,"set",12,"dez",5,0.15,8,9,"theta_pi","set"
"438049","Aracoiaba","CE",-4.4167,-38.6833,"Hidroweb diário",58,FALSE,0.7694331947805773,"alta (>=0.3)",TRUE,1.47511912837596,9,"set",12,"dez",7,0.15,8,9,"theta_pi","set"
"438051","Acarapé","CE",-4.2167,-38.7,"Hidroweb diário",106,FALSE,0.788287550516288,"alta (>=0.3)",TRUE,1.379516910610922,9,"set",12,"dez",6,0.15,8,9,"theta_pi","set"
"438053","Capistrano","CE",-4.4667,-38.9,"Hidroweb diário",52,FALSE,0.6416941456322718,"alta (>=0.3)",TRUE,1.7353102301994092,10,"out",12,"dez",6,0.15,8,10,"theta_pi","out"
"438061","Itapiuna","CE",-4.6564,-38.9431,"Hidroweb diário",33,FALSE,0.6386642789985447,"alta (>=0.3)",TRUE,1.4922818300999008,9,"set",12,"dez",6,0.15,8,9,"theta_pi","set"
"438064","Barreira","CE",-4.2833,-38.6333,"Hidroweb diário",36,FALSE,0.7499991837148722,"alta (>=0.3)",TRUE,1.4361293590442792,9,"set",12,"dez",6,0.15,7,9,"theta_pi","set"
"438067","Beberibe","CE",-4.2167,-38.1167,"Hidroweb diário",44,FALSE,0.7308632926322829,"alta (>=0.3)",TRUE,1.5106210227645438,9,"set",12,"dez",6,0.15,8,9,"theta_pi","set"
"438069","Horizonte","CE",-4.1,-38.4833,"Hidroweb diário",35,FALSE,0.7538856568469702,"alta (>=0.3)",TRUE,1.4326733886756913,9,"set",12,"dez",6,0.15,8,9,"theta_pi","set"
"438071","Ibaretama","CE",-4.8167,-38.8167,"Hidroweb diário",36,FALSE,0.725300619436563,"alta (>=0.3)",TRUE,1.5157356335440675,9,"set",12,"dez",6,0.15,8,9,"theta_pi","set"
"438072","Ibicuitinga","CE",-4.9667,-38.6333,"Hidroweb diário",38,FALSE,0.7247124242606565,"alta (>=0.3)",TRUE,1.5074859864641952,9,"set",12,"dez",6,0.15,8,9,"theta_pi","set"
"438073","Itapiuna","CE",-4.65,-38.9333,"Hidroweb diário",88,FALSE,0.7505291490043196,"alta (>=0.3)",TRUE,1.6106710708574057,10,"out",12,"dez",6,0.15,8,10,"theta_pi","out"
"438084","Ocara","CE",-4.4833,-38.6,"Hidroweb diário",37,FALSE,0.6438378986813734,"alta (>=0.3)",TRUE,1.30929230263587,9,"set",12,"dez",6,0.15,8,9,"theta_pi","set"
"438089","Pindoretama","CE",-4.05,-38.3333,"Hidroweb diário",36,FALSE,0.7403574895825035,"alta (>=0.3)",TRUE,1.5800525409510038,10,"out",12,"dez",6,0.15,8,10,"theta_pi","out"
"438095","Redenção","CE",-4.22,-38.73,"Hidroweb diário",44,FALSE,0.7176340173464575,"alta (>=0.3)",TRUE,1.5393452552119313,9,"set",12,"dez",6,0.15,8,9,"theta_pi","set"
"438100","Guaramiranga","CE",-4.2667,-38.9333,"Hidroweb diário",50,FALSE,0.603656378744378,"alta (>=0.3)",TRUE,1.7827511539292813,10,"out",12,"dez",5,0.15,9,10,"theta_pi","out"
"438101","Pacajus","CE",-4.1833,-38.4667,"Hidroweb diário",51,FALSE,0.7612603515462135,"alta (>=0.3)",TRUE,1.4234681574197767,9,"set",12,"dez",6,0.15,8,9,"theta_pi","set"
"438103","Chorozinho","CE",-4.3,-38.5,"Hidroweb diário",37,FALSE,0.7862507982129197,"alta (>=0.3)",TRUE,1.4403858661383704,9,"set",12,"dez",7,0.15,8,9,"theta_pi","set"
"438110","Cascavel","CE",-4.1333,-38.2333,"Hidroweb diário",47,FALSE,0.7284593264924575,"alta (>=0.3)",TRUE,1.4217332493835662,9,"set",12,"dez",6,0.15,8,9,"theta_pi","set"
"438111","Guaiuba","CE",-4.03,-38.63,"Hidroweb diário",51,FALSE,0.8197826692170662,"alta (>=0.3)",TRUE,1.4729049633674731,9,"set",12,"dez",6,0.15,8,9,"theta_pi","set"
"438114","Palmácia","CE",-4.15,-38.8333,"Hidroweb diário",46,FALSE,0.6833410950783919,"alta (>=0.3)",TRUE,1.4300606178865507,9,"set",12,"dez",6,0.15,9,9,"theta_pi","set"
"439001","Quixadá","CE",-4.9667,-39.0333,"Hidroweb diário",91,FALSE,0.7664012382958889,"alta (>=0.3)",TRUE,1.3606551587709732,9,"set",12,"dez",6,0.15,7,9,"theta_pi","set"
"439003","Paramoti","CE",-4.0833,-39.25,"Hidroweb diário",86,FALSE,0.7940077603293695,"alta (>=0.3)",TRUE,1.4164596985726998,9,"set",12,"dez",7,0.15,7,9,"theta_pi","set"
"439004","Quixeramobim","CE",-4.8011,-39.6142,"Hidroweb diário",31,FALSE,0.794111025197297,"alta (>=0.3)",TRUE,1.6157928409323545,10,"out",12,"dez",6,0.15,8,10,"theta_pi","out"
"439005","Paramoti","CE",-4.25,-39.4833,"Hidroweb diário",48,FALSE,0.7770557789402264,"alta (>=0.3)",TRUE,1.4486846685657704,9,"set",12,"dez",7,0.15,7,9,"theta_pi","set"
"439006","Caridade","CE",-4.2333,-39.1833,"Hidroweb diário",80,FALSE,0.820336787863421,"alta (>=0.3)",TRUE,1.216254539376894,9,"set",12,"dez",7,0.15,6,9,"theta_pi","set"
"439008","Mulungu","CE",-4.3,-38.9833,"Hidroweb diário",99,FALSE,0.6220602327598193,"alta (>=0.3)",TRUE,1.5745611479874633,10,"out",12,"dez",5,0.15,9,10,"theta_pi","out"
"439009","General Sampaio","CE",-4.0667,-39.4667,"Hidroweb diário",66,FALSE,0.7252030689338873,"alta (>=0.3)",TRUE,1.3954462496654871,9,"set",12,"dez",7,0.15,7,9,"theta_pi","set"
"439010","Canindé","CE",-4.2667,-39.65,"Hidroweb diário",49,FALSE,0.7919540694682513,"alta (>=0.3)",TRUE,1.3075153493329585,9,"set",1,"jan",8,0.15,7,9,"theta_pi","set"
"439012","Itatira","CE",-4.6667,-39.6167,"Hidroweb diário",40,FALSE,0.752408883957948,"alta (>=0.3)",TRUE,1.5417414657237118,9,"set",1,"jan",7,0.15,7,9,"theta_pi","set"
"439013","Canindé","CE",-4.4167,-39.6167,"Hidroweb diário",65,FALSE,0.766273459092644,"alta (>=0.3)",TRUE,1.2367692383065036,9,"set",12,"dez",7,0.15,9,9,"theta_pi","set"
"439015","Canindé","CE",-4.4167,-39.3167,"Hidroweb diário",70,FALSE,0.7974747755196547,"alta (>=0.3)",TRUE,1.4078813127835375,9,"set",12,"dez",7,0.15,7,9,"theta_pi","set"
"439016","Caridade","CE",-4.0833,-39.0333,"Hidroweb diário",37,FALSE,0.8444810880951075,"alta (>=0.3)",TRUE,1.6077594015115206,10,"out",1,"jan",12,0.15,1,10,"theta_pi","out"
"439017","Pentecoste","CE",-4.0333,-39.0167,"Hidroweb diário",37,FALSE,0.7720247746450689,"alta (>=0.3)",TRUE,1.4546550225624932,9,"set",3,"mar",10,0.15,1,9,"theta_pi","set"
"439018","Aratuba","CE",-4.4167,-39.05,"Hidroweb diário",91,FALSE,0.648037214429431,"alta (>=0.3)",TRUE,1.9562133259849728,10,"out",12,"dez",5,0.15,9,10,"theta_pi","out"
"439019","Itapajé","CE",-4.0333,-39.5167,"Hidroweb diário",60,FALSE,0.8000699091763693,"alta (>=0.3)",TRUE,1.4863302953599142,9,"set",12,"dez",7,0.15,7,9,"theta_pi","set"
"439020","Quixadá","CE",-4.9833,-39.0667,"Hidroweb diário",94,FALSE,0.6815834093181599,"alta (>=0.3)",TRUE,1.4442094750894916,9,"set",12,"dez",6,0.15,8,9,"theta_pi","set"
"439021","Sobral","CE",-4.0833,-39.9333,"Hidroweb diário",43,FALSE,0.7893466338831324,"alta (>=0.3)",TRUE,1.3545141215283794,9,"set",1,"jan",8,0.15,6,9,"theta_pi","set"
"439022","Quixadá","CE",-4.9833,-39.1667,"Hidroweb diário",65,FALSE,0.7072632167362625,"alta (>=0.3)",TRUE,1.5741905224186565,10,"out",12,"dez",6,0.15,8,10,"theta_pi","out"
"439023","Boa Viagem","CE",-4.7167,-39.9333,"Hidroweb diário",63,FALSE,0.7155102544823713,"alta (>=0.3)",TRUE,1.3155166336315967,9,"set",12,"dez",6,0.15,8,9,"theta_pi","set"
"439024","Quixadá","CE",-4.5667,-39.1667,"Hidroweb diário",50,FALSE,0.7098539544666614,"alta (>=0.3)",TRUE,1.36546173521738,9,"set",12,"dez",6,0.15,8,9,"theta_pi","set"
"439025","Quixadá","CE",-4.8,-39.1167,"Hidroweb diário",60,FALSE,0.7556470313871214,"alta (>=0.3)",TRUE,1.5383881001734974,9,"set",12,"dez",6,0.15,8,9,"theta_pi","set"
"439027","Quixadá","CE",-4.8833,-39.1833,"Hidroweb diário",37,FALSE,0.6755551997326132,"alta (>=0.3)",TRUE,1.5530895644482174,9,"set",12,"dez",6,0.15,8,9,"theta_pi","set"
"439028","Quixeramobim","CE",-4.8833,-39.3833,"Hidroweb diário",34,FALSE,0.7568749387198321,"alta (>=0.3)",TRUE,1.4869559431433894,9,"set",12,"dez",6,0.15,8,9,"theta_pi","set"
"439029","Itatira","CE",-4.5167,-39.6167,"Hidroweb diário",44,FALSE,0.7132505540691185,"alta (>=0.3)",TRUE,1.475252116004743,9,"set",1,"jan",7,0.15,8,9,"theta_pi","set"
"439030","Itatira","CE",-4.5333,-39.6167,"Hidroweb diário",98,FALSE,0.7245482281590645,"alta (>=0.3)",TRUE,1.5155667063318707,9,"set",12,"dez",6,0.15,8,9,"theta_pi","set"
"439031","General Sampaio","CE",-4.05,-39.45,"Hidroweb diário",45,FALSE,0.7364003065522782,"alta (>=0.3)",TRUE,1.4294792919900647,9,"set",12,"dez",7,0.15,8,9,"theta_pi","set"
"439036","Quixadá","CE",-4.92,-39.15,"Hidroweb diário",84,FALSE,0.6794280750731958,"alta (>=0.3)",TRUE,1.6031322489090545,10,"out",12,"dez",6,0.15,8,10,"theta_pi","out"
"439054","Choro","CE",-4.85,-39.2667,"Hidroweb diário",34,FALSE,0.7537898445213574,"alta (>=0.3)",TRUE,1.380224624741784,9,"set",12,"dez",6,0.15,8,9,"theta_pi","set"
"439061","Itatira","CE",-4.65,-39.6667,"Hidroweb diário",36,FALSE,0.7228987329755725,"alta (>=0.3)",TRUE,1.501577388553149,9,"set",12,"dez",6,0.15,8,9,"theta_pi","set"
"439063","Madalena","CE",-4.85,-39.5667,"Hidroweb diário",37,FALSE,0.7630606795186294,"alta (>=0.3)",TRUE,1.6192409702461033,10,"out",12,"dez",6,0.15,8,10,"theta_pi","out"
"439072","Canindé","CE",-4.35,-39.3,"Hidroweb diário",41,FALSE,0.7614392321880994,"alta (>=0.3)",TRUE,1.4669671160466975,9,"set",12,"dez",7,0.15,7,9,"theta_pi","set"
"440000","Reriutaba","CE",-4.15,-40.5833,"Hidroweb diário",111,FALSE,0.6877831820678607,"alta (>=0.3)",TRUE,1.0628280858610908,9,"set",12,"dez",7,0.15,7,9,"theta_pi","set"
"440001","Ipueiras","CE",-4.55,-40.9667,"Hidroweb diário",35,FALSE,0.779454450407806,"alta (>=0.3)",TRUE,0.8607507291696402,8,"ago",1,"jan",12,0.15,1,8,"theta_pi","ago"
"440002","Hidrolândia","CE",-4.4167,-40.4,"Hidroweb diário",73,FALSE,0.7954464732495196,"alta (>=0.3)",TRUE,1.2579806082087042,9,"set",12,"dez",7,0.15,7,9,"theta_pi","set"
"440003","Tamboril","CE",-4.9833,-40.2667,"Hidroweb diário",42,FALSE,0.7351819586355786,"alta (>=0.3)",TRUE,1.3608096657721152,9,"set",1,"jan",8,0.15,6,9,"theta_pi","set"
"440004","Carnaubal","CE",-4.1667,-40.95,"Hidroweb diário",60,FALSE,0.782156854567155,"alta (>=0.3)",TRUE,1.2855918838879896,9,"set",12,"dez",7,0.15,7,9,"theta_pi","set"
"440005","Croatá","CE",-4.4164,-40.9042,"Hidroweb diário",63,FALSE,0.7118733066790602,"alta (>=0.3)",TRUE,1.137602508237628,9,"set",12,"dez",7,0.15,8,9,"theta_pi","set"
"440006","Santa Quitéria","CE",-4.1,-40.4333,"Hidroweb diário",33,FALSE,0.774147697720565,"alta (>=0.3)",TRUE,1.2969906623150893,9,"set",12,"dez",7,0.15,6,9,"theta_pi","set"
"440007","Tamboril","CE",-4.8333,-40.3333,"Hidroweb diário",114,FALSE,0.7755662832897846,"alta (>=0.3)",TRUE,1.2431379730526093,9,"set",12,"dez",7,0.15,7,9,"theta_pi","set"
"440008","Nova Russas","CE",-4.7,-40.2833,"Hidroweb diário",31,FALSE,0.7754965276711304,"alta (>=0.3)",TRUE,1.2764941079339929,9,"set",12,"dez",7,0.15,7,9,"theta_pi","set"
"440009","Catunda","CE",-4.6667,-40.2,"Hidroweb diário",63,FALSE,0.7925751561751196,"alta (>=0.3)",TRUE,1.1849797636970318,9,"set",12,"dez",7,0.15,7,9,"theta_pi","set"
"440011","Monsenhor Tabosa","CE",-4.9167,-40.0333,"Hidroweb diário",63,FALSE,0.8042556127721019,"alta (>=0.3)",TRUE,1.3771965854516994,9,"set",12,"dez",6,0.15,9,9,"theta_pi","set"
"440014","Ipueiras","CE",-4.5333,-40.7167,"Hidroweb diário",108,FALSE,0.7696709596010941,"alta (>=0.3)",TRUE,1.2819929696432828,9,"set",12,"dez",7,0.15,8,9,"theta_pi","set"
"440017","Nova Russas","CE",-4.7167,-40.5667,"Hidroweb diário",106,FALSE,0.7999653103763852,"alta (>=0.3)",TRUE,1.2701508305734022,9,"set",12,"dez",7,0.15,7,9,"theta_pi","set"
"440018","Poranga","CE",-4.7333,-40.9167,"Hidroweb diário",92,FALSE,0.7813498312688995,"alta (>=0.3)",TRUE,1.2212187906575493,9,"set",12,"dez",7,0.15,8,9,"theta_pi","set"
"440019","Crateús","CE",-4.9333,-40.75,"Hidroweb diário",31,FALSE,0.7696621280530948,"alta (>=0.3)",TRUE,1.3033400514839883,9,"set",1,"jan",8,0.15,7,9,"theta_pi","set"
"440020","Tamboril","CE",-4.9333,-40.5333,"Hidroweb diário",82,FALSE,0.8469937730771661,"alta (>=0.3)",TRUE,1.238702799783565,9,"set",12,"dez",7,0.15,7,9,"theta_pi","set"
"440021","Santa Quitéria","CE",-4.3333,-40.1667,"Hidroweb diário",61,FALSE,0.8385858771730335,"alta (>=0.3)",TRUE,1.3632189239103605,9,"set",12,"dez",7,0.15,8,9,"theta_pi","set"
"440022","Graça","CE",-4.05,-40.75,"Hidroweb diário",89,FALSE,0.7678243803811537,"alta (>=0.3)",TRUE,1.34783584634832,9,"set",12,"dez",7,0.15,7,9,"theta_pi","set"
"440023","Guaraciaba do Norte","CE",-4.1833,-40.75,"Hidroweb diário",113,FALSE,0.7649600001657939,"alta (>=0.3)",TRUE,1.2254175318023084,9,"set",12,"dez",6,0.15,8,9,"theta_pi","set"
"440025","Monsenhor Tabosa","CE",-4.7833,-40.0667,"Hidroweb diário",68,FALSE,0.7576095082047082,"alta (>=0.3)",TRUE,1.2151478040413524,9,"set",12,"dez",6,0.15,8,9,"theta_pi","set"
"440026","São Benedito","CE",-4.05,-40.8667,"Hidroweb diário",62,FALSE,0.7980928689164204,"alta (>=0.3)",TRUE,1.3823109168765324,9,"set",12,"dez",6,0.15,9,9,"theta_pi","set"
"440029","Monsenhor Tabosa","CE",-4.8,-40.0667,"Hidroweb diário",52,FALSE,0.7118795180226977,"alta (>=0.3)",TRUE,1.1910476243155748,9,"set",12,"dez",6,0.15,8,9,"theta_pi","set"
"440030","São Benedito","CE",-4.05,-40.8667,"Hidroweb diário",52,FALSE,0.6448053362932289,"alta (>=0.3)",TRUE,1.296179601349494,9,"set",12,"dez",6,0.15,8,9,"theta_pi","set"
"440032","Ipú","CE",-4.35,-40.6,"Hidroweb diário",69,FALSE,0.7792522168172421,"alta (>=0.3)",TRUE,1.2637663641003534,9,"set",12,"dez",7,0.15,8,9,"theta_pi","set"
"440034","Hidrolândia","CE",-4.4167,-40.4,"Hidroweb diário",47,FALSE,0.773819053971637,"alta (>=0.3)",TRUE,1.165745608350051,9,"set",12,"dez",7,0.15,7,9,"theta_pi","set"
"440035","Ipú","CE",-4.45,-40.7333,"Hidroweb diário",32,FALSE,0.785870919016403,"alta (>=0.3)",TRUE,1.1699223122759754,9,"set",12,"dez",7,0.15,8,9,"theta_pi","set"
"440042","Hidrolândia","CE",-4.3678,-40.5356,"Hidroweb diário",34,FALSE,0.7455418842153445,"alta (>=0.3)",TRUE,1.3281846496383602,9,"set",12,"dez",7,0.15,8,9,"theta_pi","set"
"440043","Santa Quitéria","CE",-4.0969,-40.1264,"Hidroweb diário",34,FALSE,0.7635626962276578,"alta (>=0.3)",TRUE,1.2994882722560832,9,"set",12,"dez",7,0.15,8,9,"theta_pi","set"
"440044","Ararenda","CE",-4.7333,-40.8333,"Hidroweb diário",36,FALSE,0.7751373121013314,"alta (>=0.3)",TRUE,1.1229637608301983,9,"set",12,"dez",7,0.15,7,9,"theta_pi","set"
"440047","Croatá","CE",-4.4167,-40.9167,"Hidroweb diário",44,FALSE,0.802822398111928,"alta (>=0.3)",TRUE,1.2818918454030812,9,"set",12,"dez",7,0.15,7,9,"theta_pi","set"
"440055","Ipaporanga","CE",-4.8833,-40.75,"Hidroweb diário",37,FALSE,0.7629369514203063,"alta (>=0.3)",TRUE,1.2081706502090097,9,"set",12,"dez",7,0.15,6,9,"theta_pi","set"
"440071","Pires Ferreira","CE",-4.25,-40.65,"Hidroweb diário",37,FALSE,0.7030225673101141,"alta (>=0.3)",TRUE,1.1453797325960948,9,"set",12,"dez",7,0.15,8,9,"theta_pi","set"
"440075","São Gonçalo do Amarante","CE",-3.68,-39.12,"Hidroweb diário",37,FALSE,0.8064900388400428,"alta (>=0.3)",TRUE,1.2747689756905825,9,"set",12,"dez",7,0.15,7,9,"theta_pi","set"
"440077","Santa Quitéria","CE",-4.3333,-40.15,"Hidroweb diário",50,FALSE,0.8372773882971863,"alta (>=0.3)",TRUE,1.1847424846271413,9,"set",12,"dez",7,0.15,7,9,"theta_pi","set"
"440078","Ipú","CE",-4.3167,-40.7,"Hidroweb diário",52,FALSE,0.7314461838562925,"alta (>=0.3)",TRUE,1.1437120978294602,9,"set",12,"dez",7,0.15,8,9,"theta_pi","set"
"441015","Croatá","CE",-4.3667,-41.05,"Hidroweb diário",32,FALSE,0.7368491450404014,"alta (>=0.3)",TRUE,0.953259910345963,8,"ago",12,"dez",7,0.15,7,8,"theta_pi","ago"
"537041","Quixeré","CE",-5.0667,-37.9833,"Hidroweb diário",45,FALSE,0.7052222419992177,"alta (>=0.3)",TRUE,1.4338834157772036,9,"set",12,"dez",7,0.15,7,9,"theta_pi","set"
"538000","Morada Nova","CE",-5.1,-38.3833,"Hidroweb diário",72,FALSE,0.736996293813884,"alta (>=0.3)",TRUE,1.4390537509876806,9,"set",12,"dez",7,0.15,7,9,"theta_pi","set"
"538003","Alto Santo","CE",-5.5167,-38.25,"Hidroweb diário",65,FALSE,0.689439817446438,"alta (>=0.3)",TRUE,1.3335658016086092,9,"set",12,"dez",6,0.15,8,9,"theta_pi","set"
"538005","Solonópole","CE",-5.5667,-38.9667,"Hidroweb diário",33,FALSE,0.7486832925870538,"alta (>=0.3)",TRUE,1.493180177392316,9,"set",12,"dez",6,0.15,8,9,"theta_pi","set"
"538007","Jaguaretama","CE",-5.5167,-38.75,"Hidroweb diário",49,FALSE,0.7507920333584133,"alta (>=0.3)",TRUE,1.138037278256076,9,"set",12,"dez",6,0.15,8,9,"theta_pi","set"
"538008","Alto Santo","CE",-5.4669,-38.4075,"Hidroweb diário",64,FALSE,0.710767343238805,"alta (>=0.3)",TRUE,1.3204005240486512,9,"set",12,"dez",6,0.15,8,9,"theta_pi","set"
"538009","Limoeiro do Norte","CE",-5.1333,-38.1,"Hidroweb diário",108,FALSE,0.7084131487989058,"alta (>=0.3)",TRUE,1.369603707389834,9,"set",12,"dez",7,0.15,8,9,"theta_pi","set"
"538010","São João do Jaguaribe","CE",-5.2833,-38.2667,"Hidroweb diário",105,FALSE,0.686010493432071,"alta (>=0.3)",TRUE,1.3255438035487916,9,"set",12,"dez",7,0.15,8,9,"theta_pi","set"
"538011","Quixadá","CE",-5.1667,-38.6667,"Hidroweb diário",48,FALSE,0.7472126084928059,"alta (>=0.3)",TRUE,1.4826538144663788,9,"set",12,"dez",7,0.15,7,9,"theta_pi","set"
"538014","Morada Nova","CE",-5.3333,-38.5167,"Hidroweb diário",43,FALSE,0.7505869265751562,"alta (>=0.3)",TRUE,1.6206960652329354,10,"out",12,"dez",6,0.15,9,10,"theta_pi","out"
"538015","Jaguaribe","CE",-5.95,-38.9167,"Hidroweb diário",68,FALSE,0.6975905717696782,"alta (>=0.3)",TRUE,1.3338347930775103,9,"set",12,"dez",7,0.15,8,9,"theta_pi","set"
"538016","Jaguaribara","CE",-5.7167,-38.6833,"Hidroweb diário",31,FALSE,0.7185135518428336,"alta (>=0.3)",TRUE,1.4922427259268125,9,"set",12,"dez",7,0.15,7,9,"theta_pi","set"
"538017","Jaguaribara","CE",-5.6167,-38.5833,"Hidroweb diário",59,FALSE,0.7785125658682144,"alta (>=0.3)",TRUE,1.4768895370534416,9,"set",1,"jan",8,0.15,7,9,"theta_pi","set"
"538018","Quixadá","CE",-5.15,-38.8833,"Hidroweb diário",85,FALSE,0.7185448987465626,"alta (>=0.3)",TRUE,1.508779615516353,9,"set",12,"dez",7,0.15,8,9,"theta_pi","set"
"538019","Morada Nova","CE",-5.2833,-38.6,"Hidroweb diário",58,FALSE,0.7826393204732467,"alta (>=0.3)",TRUE,1.61281047659181,10,"out",12,"dez",6,0.15,8,10,"theta_pi","out"
"538020","Iracema","CE",-5.7667,-38.35,"Hidroweb diário",64,FALSE,0.756701822988251,"alta (>=0.3)",TRUE,1.4623825251120002,9,"set",12,"dez",7,0.15,8,9,"theta_pi","set"
"538021","Quixadá","CE",-5.2667,-38.9833,"Hidroweb diário",55,FALSE,0.693296538057938,"alta (>=0.3)",TRUE,1.394555293743648,9,"set",12,"dez",6,0.15,8,9,"theta_pi","set"
"538022","Jaguaribe","CE",-5.95,-38.65,"Hidroweb diário",56,FALSE,0.7637841258627669,"alta (>=0.3)",TRUE,1.3908251777862226,9,"set",12,"dez",7,0.15,8,9,"theta_pi","set"
"538023","Solonópole","CE",-5.6833,-38.9667,"Hidroweb diário",61,FALSE,0.7187051551577571,"alta (>=0.3)",TRUE,1.5095906089389672,9,"set",1,"jan",8,0.15,7,9,"theta_pi","set"
"538024","Jaguaribe","CE",-5.8833,-38.6167,"Hidroweb diário",63,FALSE,0.7748474467916258,"alta (>=0.3)",TRUE,1.2733001823893868,9,"set",12,"dez",7,0.15,8,9,"theta_pi","set"
"538025","Banabuiu","CE",-5.3167,-38.9167,"Hidroweb diário",38,FALSE,0.6349653937666294,"alta (>=0.3)",TRUE,1.2342290463957077,9,"set",12,"dez",6,0.15,8,9,"theta_pi","set"
"538029","Jaguaribe","CE",-5.9,-38.6167,"Hidroweb diário",52,FALSE,0.7711687345419,"alta (>=0.3)",TRUE,1.3486994567060224,9,"set",12,"dez",7,0.15,8,9,"theta_pi","set"
"538030","Iracema","CE",-5.8167,-38.3,"Hidroweb diário",52,FALSE,0.7577902395492954,"alta (>=0.3)",TRUE,1.3946627159824811,9,"set",12,"dez",6,0.15,8,9,"theta_pi","set"
"538032","Morada Nova","CE",-5.19,-38.35,"Hidroweb diário",52,FALSE,0.680820698923568,"alta (>=0.3)",TRUE,1.5913335099995225,10,"out",12,"dez",6,0.15,8,10,"theta_pi","out"
"538043","Jaguaribe","CE",-5.9022,-38.6314,"Hidroweb diário",34,FALSE,0.7376350647811531,"alta (>=0.3)",TRUE,1.2525178208127243,9,"set",12,"dez",7,0.15,8,9,"theta_pi","set"
"538044","Tabuleiro do Norte","CE",-5.2247,-38.2006,"Hidroweb diário",34,FALSE,0.7045786224219778,"alta (>=0.3)",TRUE,1.3719471293081595,9,"set",12,"dez",6,0.15,8,9,"theta_pi","set"
"538054","Jaguaribara","CE",-5.46,-38.46,"Hidroweb diário",46,FALSE,0.7679430665592284,"alta (>=0.3)",TRUE,1.3054846271899745,9,"set",12,"dez",6,0.15,8,9,"theta_pi","set"
"538059","Limoeiro do Norte","CE",-5.1833,-38.0833,"Hidroweb diário",38,FALSE,0.7060654710391683,"alta (>=0.3)",TRUE,1.3035122213858463,9,"set",12,"dez",6,0.15,9,9,"theta_pi","set"
"538066","Jaguaretama","CE",-5.62,-38.77,"Hidroweb diário",52,FALSE,0.6585020360697262,"alta (>=0.3)",TRUE,1.3023938104040644,9,"set",12,"dez",6,0.15,8,9,"theta_pi","set"
"538069","Tabuleiro do Norte","CE",-5.25,-38.1333,"Hidroweb diário",52,FALSE,0.7011691483555726,"alta (>=0.3)",TRUE,1.3651777262966358,9,"set",12,"dez",7,0.15,8,9,"theta_pi","set"
"538079","Potiretama","CE",-5.7,-38.1667,"Hidroweb diário",37,FALSE,0.6653481957711751,"alta (>=0.3)",TRUE,1.4024585217142749,9,"set",12,"dez",6,0.15,8,9,"theta_pi","set"
"539001","Mombaça","CE",-5.75,-39.6333,"Hidroweb diário",75,FALSE,0.7418838185556274,"alta (>=0.3)",TRUE,1.4745880538566833,9,"set",12,"dez",6,0.15,10,9,"theta_pi","set"
"539002","Senador Pompeu","CE",-5.5833,-39.4167,"Hidroweb diário",46,FALSE,0.6895343114976249,"alta (>=0.3)",TRUE,1.490240176320402,9,"set",12,"dez",7,0.15,7,9,"theta_pi","set"
"539003","Piquet Carneiro","CE",-5.9167,-39.4167,"Hidroweb diário",76,FALSE,0.6237095926569207,"alta (>=0.3)",TRUE,1.2513722619411987,9,"set",12,"dez",7,0.15,8,9,"theta_pi","set"
"539004","Mombaça","CE",-5.85,-39.7333,"Hidroweb diário",32,FALSE,0.7165340226996755,"alta (>=0.3)",TRUE,1.43634882854533,9,"set",12,"dez",6,0.15,9,9,"theta_pi","set"
"539005","Piquet Carneiro","CE",-5.8167,-39.4167,"Hidroweb diário",66,FALSE,0.6230702356095522,"alta (>=0.3)",TRUE,1.3042818730180028,9,"set",12,"dez",7,0.15,7,9,"theta_pi","set"
"539006","Quixadá","CE",-5.0833,-39.0333,"Hidroweb diário",40,FALSE,0.7509395461633092,"alta (>=0.3)",TRUE,1.4411687910825866,9,"set",1,"jan",8,0.15,7,9,"theta_pi","set"
"539010","Quixeramobim","CE",-5.15,-39.1667,"Hidroweb diário",79,FALSE,0.7087181520588741,"alta (>=0.3)",TRUE,1.517636949690308,9,"set",12,"dez",6,0.15,8,9,"theta_pi","set"
"539011","Milha","CE",-5.6806,-39.2,"Hidroweb diário",81,FALSE,0.6975002126837446,"alta (>=0.3)",TRUE,1.3738164845633507,9,"set",12,"dez",6,0.15,8,9,"theta_pi","set"
"539012","Quixeramobim","CE",-5.2,-39.2833,"Hidroweb diário",52,FALSE,0.6427370681330027,"alta (>=0.3)",TRUE,1.4413740744153214,9,"set",12,"dez",6,0.15,8,9,"theta_pi","set"
"539014","Mombaça","CE",-5.9167,-39.6333,"Hidroweb diário",61,FALSE,0.7589054728006692,"alta (>=0.3)",TRUE,1.3511300511471007,9,"set",12,"dez",7,0.15,8,9,"theta_pi","set"
"539016","Quixeramobim","CE",-5.2,-39.3,"Hidroweb diário",71,FALSE,0.7198192124679416,"alta (>=0.3)",TRUE,1.5465546841198372,9,"set",12,"dez",6,0.15,10,9,"theta_pi","set"
"539017","Quixeramobim","CE",-5.0333,-39.3333,"Hidroweb diário",59,FALSE,0.7879759297470154,"alta (>=0.3)",TRUE,1.5723986846911047,10,"out",12,"dez",6,0.15,8,10,"theta_pi","out"
"539018","Quixadá","CE",-5.2,-39.0333,"Hidroweb diário",62,FALSE,0.6885036813624511,"alta (>=0.3)",TRUE,1.6030285796933788,10,"out",12,"dez",6,0.15,8,10,"theta_pi","out"
"539019","Solonópole","CE",-5.5667,-39.1667,"Hidroweb diário",59,FALSE,0.6924971489727931,"alta (>=0.3)",TRUE,1.4484114619408786,9,"set",12,"dez",6,0.15,8,9,"theta_pi","set"
"539021","Pedra Branca","CE",-5.4333,-40,"Hidroweb diário",65,FALSE,0.7749736122589354,"alta (>=0.3)",TRUE,1.3253787028290276,9,"set",1,"jan",9,0.15,1,9,"theta_pi","set"
"539022","Pedra Branca","CE",-5.5333,-39.9167,"Hidroweb diário",38,FALSE,0.7671027507163947,"alta (>=0.3)",TRUE,1.4866768088383686,9,"set",12,"dez",6,0.15,8,9,"theta_pi","set"
"539023","Solonópole","CE",-5.7,-39.0167,"Hidroweb diário",114,FALSE,0.6576679971170649,"alta (>=0.3)",TRUE,1.4657258206504569,9,"set",12,"dez",6,0.15,8,9,"theta_pi","set"
"539024","Quixeramobim","CE",-5.35,-39.3167,"Hidroweb diário",65,FALSE,0.7751522975487263,"alta (>=0.3)",TRUE,1.5874198853903627,10,"out",12,"dez",7,0.15,8,10,"theta_pi","out"
"539026","Quixeramobim","CE",-5.2833,-39.4333,"Hidroweb diário",32,FALSE,0.649410830170656,"alta (>=0.3)",TRUE,1.4315233992641567,9,"set",12,"dez",5,0.15,8,9,"theta_pi","set"
"539028","Boa Viagem","CE",-5.2333,-39.9833,"Hidroweb diário",31,FALSE,0.7032187181748139,"alta (>=0.3)",TRUE,1.5049924575433598,9,"set",12,"dez",6,0.15,9,9,"theta_pi","set"
"539029","Boa Viagem","CE",-5.1333,-39.7167,"Hidroweb diário",112,FALSE,0.7221485810391667,"alta (>=0.3)",TRUE,1.4091565424174577,9,"set",12,"dez",6,0.15,8,9,"theta_pi","set"
"539030","Mombaça","CE",-5.6833,-39.8167,"Hidroweb diário",58,FALSE,0.667953405749395,"alta (>=0.3)",TRUE,1.1935740782953834,9,"set",12,"dez",7,0.15,8,9,"theta_pi","set"
"539033","Pedra Branca","CE",-5.45,-39.7167,"Hidroweb diário",51,FALSE,0.6602801282617707,"alta (>=0.3)",TRUE,1.4148614756787168,9,"set",12,"dez",5,0.15,8,9,"theta_pi","set"
"539034","Pedra Branca","CE",-5.5167,-39.6167,"Hidroweb diário",63,FALSE,0.5126381929811261,"alta (>=0.3)",TRUE,1.7438691685097145,10,"out",12,"dez",6,0.15,8,10,"theta_pi","out"
"539036","Solonópole","CE",-5.9167,-39.2667,"Hidroweb diário",52,FALSE,0.6773811602222226,"alta (>=0.3)",TRUE,1.4203136571964137,9,"set",12,"dez",7,0.15,8,9,"theta_pi","set"
"539037","Senador Pompeu","CE",-5.58,-39.3681,"Hidroweb diário",114,FALSE,0.6039976506013611,"alta (>=0.3)",TRUE,1.5473234904374882,9,"set",12,"dez",6,0.15,9,9,"theta_pi","set"
"539038","Pedra Branca","CE",-5.45,-39.7167,"Hidroweb diário",63,FALSE,0.5843914828773638,"alta (>=0.3)",TRUE,1.2497327171802728,9,"set",12,"dez",5,0.15,9,9,"theta_pi","set"
"539042","Boa Viagem","CE",-5.1833,-39.7833,"Hidroweb diário",40,FALSE,0.6739447036265545,"alta (>=0.3)",TRUE,1.5556681922263882,9,"set",1,"jan",7,0.15,7,9,"theta_pi","set"
"539051","Mombaça","CE",-5.75,-39.6167,"Hidroweb diário",52,FALSE,0.6294727514484455,"alta (>=0.3)",TRUE,1.3729006854219807,9,"set",12,"dez",6,0.15,8,9,"theta_pi","set"
"539053","Quixeramobim","CE",-5.2014,-39.2917,"Hidroweb diário",34,FALSE,0.6207598002817274,"alta (>=0.3)",TRUE,1.5703593715716968,10,"out",12,"dez",6,0.15,8,10,"theta_pi","out"
"539058","Deputado Irapuan Pinheiro","CE",-5.9167,-39.2667,"Hidroweb diário",52,FALSE,0.7210216160308953,"alta (>=0.3)",TRUE,1.4179619579328804,9,"set",12,"dez",7,0.15,7,9,"theta_pi","set"
"539060","Mombaça","CE",-5.6511,-39.8442,"Hidroweb diário",50,FALSE,0.7085543893407054,"alta (>=0.3)",TRUE,1.3614933517842258,9,"set",12,"dez",6,0.15,8,9,"theta_pi","set"
"539073","Senador Pompeu","CE",-5.5833,-39.3667,"Hidroweb diário",52,FALSE,0.6461528637740912,"alta (>=0.3)",TRUE,1.5644508384947726,9,"set",12,"dez",5,0.15,8,9,"theta_pi","set"
"540002","Independência","CE",-5.8333,-40.6833,"Hidroweb diário",56,FALSE,0.770281627737915,"alta (>=0.3)",TRUE,1.0356410053373986,8,"ago",12,"dez",8,0.15,6,8,"theta_pi","ago"
"540003","Novo Oriente","CE",-5.5386,-40.7739,"Hidroweb diário",88,FALSE,0.7711954501384624,"alta (>=0.3)",TRUE,1.0055652523250085,8,"ago",12,"dez",7,0.15,7,8,"theta_pi","ago"
"540005","Independência","CE",-5.5833,-40.55,"Hidroweb diário",36,FALSE,0.8420988500749702,"alta (>=0.3)",TRUE,1.036096952757815,8,"ago",12,"dez",7,0.15,6,8,"theta_pi","ago"
"540007","Independência","CE",-5.6167,-40.4167,"Hidroweb diário",50,FALSE,0.7039276204473869,"alta (>=0.3)",TRUE,1.0215574203579336,8,"ago",12,"dez",7,0.15,6,8,"theta_pi","ago"
"540011","Crateús","CE",-5.0667,-40.9333,"Hidroweb diário",57,FALSE,0.7731176661709787,"alta (>=0.3)",TRUE,1.2425075539468495,9,"set",12,"dez",7,0.15,8,9,"theta_pi","set"
"540015","Tauá","CE",-5.91,-40.25,"Hidroweb diário",54,FALSE,0.7733635961601832,"alta (>=0.3)",TRUE,1.0543943070326702,9,"set",12,"dez",7,0.15,7,9,"theta_pi","set"
"540016","Independência","CE",-5.3833,-40.3333,"Hidroweb diário",76,FALSE,0.8046902859436723,"alta (>=0.3)",TRUE,1.046393520146341,8,"ago",12,"dez",7,0.15,7,8,"theta_pi","ago"
"540017","Tauá","CE",-5.85,-40.35,"Hidroweb diário",60,FALSE,0.7293041720343003,"alta (>=0.3)",TRUE,1.2024491504165797,9,"set",12,"dez",7,0.15,7,9,"theta_pi","set"
"540019","Independência","CE",-5.3936,-40.3128,"Hidroweb diário",52,FALSE,0.8075039360299385,"alta (>=0.3)",TRUE,1.0647105112001056,9,"set",12,"dez",7,0.15,8,9,"theta_pi","set"
"540020","Crateús","CE",-5.2108,-40.7036,"Hidroweb diário",112,FALSE,0.7496363744362802,"alta (>=0.3)",TRUE,1.1356503803361153,9,"set",12,"dez",7,0.15,8,9,"theta_pi","set"
"540023","Crateús","CE",-5.05,-40.9333,"Hidroweb diário",31,FALSE,0.7756621057322719,"alta (>=0.3)",TRUE,1.1514552639177036,9,"set",12,"dez",7,0.15,6,9,"theta_pi","set"
"540052","Quiterianópolis","CE",-5.9,-40.7,"Hidroweb diário",38,FALSE,0.7367534579127413,"alta (>=0.3)",TRUE,0.8287035833396208,8,"ago",12,"dez",7,0.15,6,8,"theta_pi","ago"
"540114","Crateús","CE",-5.2,-40.6667,"Hidroweb diário",61,FALSE,0.744910271839374,"alta (>=0.3)",TRUE,1.1985775182753766,9,"set",12,"dez",7,0.15,7,9,"theta_pi","set"
"638000","Lavras da Mangabeira","CE",-6.75,-38.95,"Hidroweb diário",32,FALSE,0.6689404423103026,"alta (>=0.3)",TRUE,1.279798908914127,9,"set",12,"dez",7,0.15,8,9,"theta_pi","set"
"638001","Icó","CE",-6.2833,-38.75,"Hidroweb diário",33,FALSE,0.7315336738397449,"alta (>=0.3)",TRUE,1.2846207340155344,9,"set",12,"dez",7,0.15,9,9,"theta_pi","set"
"638004","Icó","CE",-6.4,-38.95,"Hidroweb diário",41,FALSE,0.7081216272808816,"alta (>=0.3)",TRUE,1.120903575150538,9,"set",2,"fev",10,0.15,1,9,"theta_pi","set"
"638005","Orós","CE",-6.2667,-38.9167,"Hidroweb diário",60,FALSE,0.7159120959030306,"alta (>=0.3)",TRUE,1.2431341600681085,9,"set",12,"dez",7,0.15,7,9,"theta_pi","set"
"638007","Lavras da Mangabeira","CE",-6.7628,-38.9606,"Hidroweb diário",103,FALSE,0.6939554152404701,"alta (>=0.3)",TRUE,1.1310167371623485,9,"set",12,"dez",7,0.15,8,9,"theta_pi","set"
"638008","Umari","CE",-6.6333,-38.7,"Hidroweb diário",112,FALSE,0.7310634023704096,"alta (>=0.3)",TRUE,0.8785652148939755,8,"ago",12,"dez",7,0.15,8,8,"theta_pi","ago"
"638009","Jaguaribe","CE",-6.0333,-38.8667,"Hidroweb diário",59,FALSE,0.7218558332788618,"alta (>=0.3)",TRUE,1.0231432755540177,8,"ago",12,"dez",7,0.15,7,8,"theta_pi","ago"
"638010","Aurora","CE",-6.95,-38.9667,"Hidroweb diário",95,FALSE,0.7519157201977641,"alta (>=0.3)",TRUE,0.922944004866225,8,"ago",12,"dez",7,0.15,7,8,"theta_pi","ago"
"638011","Pereiro","CE",-6.05,-38.4667,"Hidroweb diário",105,FALSE,0.7274107344538064,"alta (>=0.3)",TRUE,1.3858166276341723,9,"set",12,"dez",6,0.15,8,9,"theta_pi","set"
"638013","Ipaumirim","CE",-6.7833,-38.7167,"Hidroweb diário",61,FALSE,0.7183913775163943,"alta (>=0.3)",TRUE,1.0578341061206176,9,"set",11,"nov",6,0.15,8,9,"theta_pi","set"
"638014","Icó","CE",-6.4089,-38.8636,"Hidroweb diário",106,FALSE,0.7281833632089093,"alta (>=0.3)",TRUE,1.0554277278238529,9,"set",12,"dez",7,0.15,8,9,"theta_pi","set"
"638056","Lavras da Mangabeira","CE",-6.75,-38.9667,"Hidroweb diário",52,FALSE,0.685828556241529,"alta (>=0.3)",TRUE,0.9243895469593352,8,"ago",12,"dez",7,0.15,8,8,"theta_pi","ago"
"638058","Jaguaribe","CE",-6.05,-38.47,"Hidroweb diário",37,FALSE,0.7337526030126081,"alta (>=0.3)",TRUE,1.0854169165225969,9,"set",12,"dez",7,0.15,7,9,"theta_pi","set"
"638085","Orós","CE",-6.25,-38.9167,"Hidroweb diário",47,FALSE,0.71579581048625,"alta (>=0.3)",TRUE,1.3996512441235645,9,"set",12,"dez",7,0.15,8,9,"theta_pi","set"
"638091","Baixio","CE",-6.7333,-38.7167,"Hidroweb diário",52,FALSE,0.7183060407315452,"alta (>=0.3)",TRUE,1.1377166272562045,9,"set",12,"dez",7,0.15,8,9,"theta_pi","set"
"638092","Ererê","CE",-6.05,-38.35,"Hidroweb diário",36,FALSE,0.6783255508283186,"alta (>=0.3)",TRUE,1.377507768673443,9,"set",12,"dez",7,0.15,8,9,"theta_pi","set"
"638093","Icó","CE",-6.4,-38.85,"Hidroweb diário",52,FALSE,0.753134127825387,"alta (>=0.3)",TRUE,1.0412747692405837,8,"ago",12,"dez",7,0.15,8,8,"theta_pi","ago"
"639001","Iguatu","CE",-6.3833,-39.3,"Hidroweb diário",46,FALSE,0.738769424868261,"alta (>=0.3)",TRUE,1.2464967243345844,9,"set",12,"dez",7,0.15,7,9,"theta_pi","set"
"639002","Jucás","CE",-6.5167,-39.5167,"Hidroweb diário",70,FALSE,0.6637556663180372,"alta (>=0.3)",TRUE,1.214301691226895,9,"set",12,"dez",7,0.15,6,9,"theta_pi","set"
"639003","Iguatu","CE",-6.45,-39.4,"Hidroweb diário",45,FALSE,0.7178127060081124,"alta (>=0.3)",TRUE,1.1021077382422853,9,"set",12,"dez",7,0.15,8,9,"theta_pi","set"
"639006","Cariús","CE",-6.6333,-39.3167,"Hidroweb diário",70,FALSE,0.6944190393032724,"alta (>=0.3)",TRUE,1.0686030088997978,9,"set",11,"nov",6,0.15,7,9,"theta_pi","set"
"639008","Lavras da Mangabeira","CE",-6.8667,-39.1,"Hidroweb diário",34,FALSE,0.7501815093007115,"alta (>=0.3)",TRUE,1.0122932520752983,8,"ago",11,"nov",6,0.15,7,8,"theta_pi","ago"
"639009","Granjeiro","CE",-6.8833,-39.2167,"Hidroweb diário",57,FALSE,0.6843543391369596,"alta (>=0.3)",TRUE,1.0862573199980632,9,"set",11,"nov",6,0.15,7,9,"theta_pi","set"
"639010","Assaré","CE",-6.8333,-39.6667,"Hidroweb diário",61,FALSE,0.7657199722891562,"alta (>=0.3)",TRUE,1.200415698200469,9,"set",12,"dez",6,0.15,8,9,"theta_pi","set"
"639012","Saboeiro","CE",-6.25,-39.6667,"Hidroweb diário",57,FALSE,0.6621238909953671,"alta (>=0.3)",TRUE,1.2015641549752618,9,"set",12,"dez",7,0.15,7,9,"theta_pi","set"
"639013","Catarina","CE",-6.1333,-39.8667,"Hidroweb diário",92,FALSE,0.679965846720205,"alta (>=0.3)",TRUE,1.0283192536025685,8,"ago",12,"dez",7,0.15,7,8,"theta_pi","ago"
"639014","Assaré","CE",-6.8667,-39.8667,"Hidroweb diário",96,FALSE,0.7240576947157433,"alta (>=0.3)",TRUE,0.9451501098639937,8,"ago",11,"nov",6,0.15,7,8,"theta_pi","ago"
"639015","Altaneira","CE",-7,-39.7333,"Hidroweb diário",64,FALSE,0.7515483677232555,"alta (>=0.3)",TRUE,1.0708935986243673,9,"set",11,"nov",6,0.15,7,9,"theta_pi","set"
"639018","Cedro","CE",-6.4667,-39.1167,"Hidroweb diário",86,FALSE,0.6834284185707725,"alta (>=0.3)",TRUE,1.0578962685629785,9,"set",12,"dez",7,0.15,8,9,"theta_pi","set"
"639019","Tauá","CE",-6.0333,-39.9667,"Hidroweb diário",56,FALSE,0.7482101920079837,"alta (>=0.3)",TRUE,1.3016383692431273,9,"set",12,"dez",7,0.15,8,9,"theta_pi","set"
"639020","Iguatu","CE",-6.1667,-39.0833,"Hidroweb diário",56,FALSE,0.7326919417887008,"alta (>=0.3)",TRUE,1.371086744226069,9,"set",12,"dez",7,0.15,8,9,"theta_pi","set"
"639021","Acopiara","CE",-6.1167,-39.45,"Hidroweb diário",83,FALSE,0.6861104396411948,"alta (>=0.3)",TRUE,1.4331374502633072,9,"set",12,"dez",7,0.15,7,9,"theta_pi","set"
"639022","Acopiara","CE",-6.1833,-39.6667,"Hidroweb diário",49,FALSE,0.7067803187944554,"alta (>=0.3)",TRUE,1.310962279572411,9,"set",12,"dez",7,0.15,8,9,"theta_pi","set"
"639023","Assaré","CE",-6.6833,-39.75,"Hidroweb diário",46,FALSE,0.6129127849559124,"alta (>=0.3)",TRUE,1.0559104856891497,9,"set",11,"nov",6,0.15,6,9,"theta_pi","set"
"639024","Lavras da Mangabeira","CE",-6.6667,-39.0167,"Hidroweb diário",74,FALSE,0.7725248136644838,"alta (>=0.3)",TRUE,1.1895101938876442,9,"set",12,"dez",7,0.15,7,9,"theta_pi","set"
"639026","Cedro","CE",-6.6,-39.0667,"Hidroweb diário",67,FALSE,0.7632579529788986,"alta (>=0.3)",TRUE,1.1074924602529088,9,"set",12,"dez",7,0.15,6,9,"theta_pi","set"
"639027","Antonina do Norte","CE",-6.7833,-39.9833,"Hidroweb diário",44,FALSE,0.7336029739031611,"alta (>=0.3)",TRUE,1.0271449124818262,8,"ago",12,"dez",7,0.15,7,8,"theta_pi","ago"
"639028","Lavras da Mangabeira","CE",-6.75,-39.0667,"Hidroweb diário",53,FALSE,0.7617993349438323,"alta (>=0.3)",TRUE,0.9745168399579568,8,"ago",12,"dez",7,0.15,7,8,"theta_pi","ago"
"639029","Farias Brito","CE",-6.9167,-39.5667,"Hidroweb diário",110,FALSE,0.7350886738948884,"alta (>=0.3)",TRUE,1.0135952748887462,8,"ago",11,"nov",6,0.15,7,8,"theta_pi","ago"
"639030","Cariús","CE",-6.5333,-39.5,"Hidroweb diário",97,FALSE,0.7030625379492254,"alta (>=0.3)",TRUE,1.1042907497066732,9,"set",12,"dez",7,0.15,7,9,"theta_pi","set"
"639032","Iguatu","CE",-6.7,-39.5,"Hidroweb diário",69,FALSE,0.7098704598926614,"alta (>=0.3)",TRUE,1.1957353759612832,9,"set",12,"dez",7,0.15,7,9,"theta_pi","set"
"639033","Saboeiro","CE",-6.5333,-39.9,"Hidroweb diário",112,FALSE,0.7359130509033068,"alta (>=0.3)",TRUE,1.0457414893527894,8,"ago",12,"dez",7,0.15,8,8,"theta_pi","ago"
"639034","Várzea Alegre","CE",-6.8,-39.3,"Hidroweb diário",111,FALSE,0.7030965805405606,"alta (>=0.3)",TRUE,0.9591443724348591,8,"ago",11,"nov",6,0.15,8,8,"theta_pi","ago"
"639038","Iguatu","CE",-6.3167,-39.35,"Hidroweb diário",34,FALSE,0.7074114781596774,"alta (>=0.3)",TRUE,1.0993959885672375,9,"set",12,"dez",7,0.15,7,9,"theta_pi","set"
"639039","Iguatu","CE",-6.5,-39.3167,"Hidroweb diário",68,FALSE,0.7053184503732702,"alta (>=0.3)",TRUE,1.17375302927283,9,"set",12,"dez",7,0.15,7,9,"theta_pi","set"
"639044","Iguatu","CE",-6.3744,-39.2933,"Hidroweb diário",52,FALSE,0.6803812580443985,"alta (>=0.3)",TRUE,1.084673806629356,9,"set",12,"dez",7,0.15,8,9,"theta_pi","set"
"639045","Saboeiro","CE",-6.6461,-39.9594,"Hidroweb diário",34,FALSE,0.611734526573184,"alta (>=0.3)",TRUE,1.1159522774087505,9,"set",11,"nov",6,0.15,8,9,"theta_pi","set"
"639051","Arneiroz","CE",-6.3167,-39.05,"Hidroweb diário",32,FALSE,0.6812017445348906,"alta (>=0.3)",TRUE,1.074433959846052,9,"set",11,"nov",6,0.15,7,9,"theta_pi","set"
"639058","Iguatu","CE",-6.4,-39.4,"Hidroweb diário",35,FALSE,0.6963811021842875,"alta (>=0.3)",TRUE,1.0724970041667765,9,"set",12,"dez",7,0.15,8,9,"theta_pi","set"
"639063","Jucás","CE",-6.35,-39.6667,"Hidroweb diário",44,FALSE,0.7014429073089633,"alta (>=0.3)",TRUE,1.056322130247631,9,"set",12,"dez",6,0.15,7,9,"theta_pi","set"
"639072","Quixelô","CE",-6.2333,-39.1833,"Hidroweb diário",38,FALSE,0.7095291367356062,"alta (>=0.3)",TRUE,1.32848260072831,9,"set",12,"dez",7,0.15,7,9,"theta_pi","set"
"639078","Tarrafas","CE",-6.6828,-39.75,"Hidroweb diário",36,FALSE,0.8492043305735308,"alta (>=0.3)",TRUE,1.1987332598045226,9,"set",12,"dez",7,0.15,6,9,"theta_pi","set"
"639084","Iguatu","CE",-6.3667,-39.3,"Hidroweb diário",52,FALSE,0.7366190239792507,"alta (>=0.3)",TRUE,1.2027832930258442,9,"set",12,"dez",7,0.15,8,9,"theta_pi","set"
"640002","Tauá","CE",-6.0167,-40.2833,"Hidroweb diário",114,FALSE,0.7463278648175761,"alta (>=0.3)",TRUE,1.0776492095034556,9,"set",12,"dez",7,0.15,8,9,"theta_pi","set"
"640003","Arneiroz","CE",-6.3264,-40.1589,"Hidroweb diário",96,FALSE,0.6599329876570182,"alta (>=0.3)",TRUE,1.0258623600172636,8,"ago",12,"dez",7,0.15,7,8,"theta_pi","ago"
"640008","Campos Sales","CE",-6.9667,-40.3333,"Hidroweb diário",55,FALSE,0.6789585668356838,"alta (>=0.3)",TRUE,0.9629559078061908,8,"ago",11,"nov",7,0.15,6,8,"theta_pi","ago"
"640010","Tauá","CE",-6.15,-40.4833,"Hidroweb diário",44,FALSE,0.7434925951700241,"alta (>=0.3)",TRUE,0.9430220852239691,8,"ago",12,"dez",8,0.15,6,8,"theta_pi","ago"
"640011","Campos Sales","CE",-6.9667,-40.3333,"Hidroweb diário",58,FALSE,0.672691917117292,"alta (>=0.3)",TRUE,1.0064063893918345,8,"ago",11,"nov",7,0.15,6,8,"theta_pi","ago"
"640012","Aiuaba","CE",-6.5,-40.3667,"Hidroweb diário",48,FALSE,0.6728982852954264,"alta (>=0.3)",TRUE,0.9809457791789942,8,"ago",12,"dez",7,0.15,6,8,"theta_pi","ago"
"640013","Tauá","CE",-6.0167,-40.5,"Hidroweb diário",55,FALSE,0.7186366191176031,"alta (>=0.3)",TRUE,1.1440839971055852,9,"set",12,"dez",7,0.15,7,9,"theta_pi","set"
"640014","Aiuaba","CE",-6.6,-40.3167,"Hidroweb diário",37,FALSE,0.7379129907063955,"alta (>=0.3)",TRUE,1.0725632125006246,9,"set",12,"dez",8,0.15,5,9,"theta_pi","set"
"640015","Parambu","CE",-6.2167,-40.7,"Hidroweb diário",78,FALSE,0.6347504112352882,"alta (>=0.3)",TRUE,1.0532610913334546,9,"set",11,"nov",6,0.15,7,9,"theta_pi","set"
"640017","Tauá","CE",-6.4167,-40.5,"Hidroweb diário",70,FALSE,0.7573927209632483,"alta (>=0.3)",TRUE,1.1272011439192164,9,"set",11,"nov",6,0.15,8,9,"theta_pi","set"
"640019","Aiuaba","CE",-6.5667,-40.1167,"Hidroweb diário",87,FALSE,0.6959140723898581,"alta (>=0.3)",TRUE,0.8889125309781631,8,"ago",12,"dez",7,0.15,7,8,"theta_pi","ago"
"640042","Arneiroz","CE",-6.3167,-40.15,"Hidroweb diário",47,FALSE,0.6733442916179302,"alta (>=0.3)",TRUE,1.069991592860204,9,"set",11,"nov",6,0.15,8,9,"theta_pi","set"
"738000","Mauriti","CE",-7.5,-38.75,"Hidroweb diário",44,FALSE,0.7876125628501123,"alta (>=0.3)",TRUE,0.9209873759617239,8,"ago",12,"dez",8,0.15,7,8,"theta_pi","ago"
"738001","Mauriti","CE",-7.3833,-38.7667,"Hidroweb diário",63,FALSE,0.7159050461775277,"alta (>=0.3)",TRUE,0.8645390074561454,8,"ago",11,"nov",6,0.15,8,8,"theta_pi","ago"
"738005","Mauriti","CE",-7.25,-38.7667,"Hidroweb diário",34,FALSE,0.7425210035779036,"alta (>=0.3)",TRUE,1.0452621924026766,8,"ago",12,"dez",7,0.15,8,8,"theta_pi","ago"
"738006","Brejo Santo","CE",-7.4911,-38.9833,"Hidroweb diário",114,FALSE,0.7120423167244322,"alta (>=0.3)",TRUE,0.8206102929890114,8,"ago",11,"nov",6,0.15,8,8,"theta_pi","ago"
"738007","Barro","CE",-7.0833,-38.7167,"Hidroweb diário",76,FALSE,0.7328049357697507,"alta (>=0.3)",TRUE,1.0143377798837139,8,"ago",12,"dez",7,0.15,8,8,"theta_pi","ago"
"738008","Milagres","CE",-7.3,-38.9333,"Hidroweb diário",112,FALSE,0.7113650548013382,"alta (>=0.3)",TRUE,0.9102898978883758,8,"ago",11,"nov",6,0.15,8,8,"theta_pi","ago"
"738049","Milagres","CE",-7.2997,-38.9847,"Hidroweb diário",34,FALSE,0.7051850110814895,"alta (>=0.3)",TRUE,0.9005789237695545,8,"ago",11,"nov",6,0.15,8,8,"theta_pi","ago"
"738060","Barro","CE",-7.1667,-38.7667,"Hidroweb diário",52,FALSE,0.6936916817276466,"alta (>=0.3)",TRUE,0.9627434265977869,8,"ago",12,"dez",7,0.15,7,8,"theta_pi","ago"
"738062","Milha","CE",-5.6828,-39.2,"Hidroweb diário",52,FALSE,0.7475804277508867,"alta (>=0.3)",TRUE,1.4143687305872386,9,"set",12,"dez",6,0.15,8,9,"theta_pi","set"
"739000","Juazeiro do Norte","CE",-7.2167,-39.3,"Hidroweb diário",59,FALSE,0.7709004980163037,"alta (>=0.3)",TRUE,0.9810018329073019,8,"ago",12,"dez",8,0.15,6,8,"theta_pi","ago"
"739003","Missão Velha","CE",-7.4,-39.1333,"Hidroweb diário",65,FALSE,0.7784814926894073,"alta (>=0.3)",TRUE,0.9975278547693273,8,"ago",11,"nov",6,0.15,8,8,"theta_pi","ago"
"739004","Aurora","CE",-7.1,-39,"Hidroweb diário",42,FALSE,0.695577506635651,"alta (>=0.3)",TRUE,0.8267395124752281,8,"ago",1,"jan",12,0.15,1,8,"theta_pi","ago"
"739005","Santana do Cariri","CE",-7.1833,-39.7333,"Hidroweb diário",102,FALSE,0.7791296011703426,"alta (>=0.3)",TRUE,0.981856374697184,8,"ago",12,"dez",7,0.15,7,8,"theta_pi","ago"
"739006","Crato","CE",-7.2333,-39.4,"Hidroweb diário",112,FALSE,0.7430148036552242,"alta (>=0.3)",TRUE,0.8174474162719849,8,"ago",11,"nov",6,0.15,8,8,"theta_pi","ago"
"739007","Missão Velha","CE",-7.25,-39.1333,"Hidroweb diário",110,FALSE,0.7836868616651291,"alta (>=0.3)",TRUE,0.9961894446707272,8,"ago",11,"nov",6,0.15,7,8,"theta_pi","ago"
"739009","Crato","CE",-7.0833,-39.4833,"Hidroweb diário",32,FALSE,0.72773406095639,"alta (>=0.3)",TRUE,0.9690121138847771,8,"ago",12,"dez",8,0.15,7,8,"theta_pi","ago"
"739010","Porteiras","CE",-7.5333,-39.1167,"Hidroweb diário",108,FALSE,0.7134936825168806,"alta (>=0.3)",TRUE,0.8331177520795954,8,"ago",11,"nov",6,0.15,8,8,"theta_pi","ago"
"739011","Caririaçu","CE",-7.0333,-39.2833,"Hidroweb diário",92,FALSE,0.7486440138403152,"alta (>=0.3)",TRUE,0.9870006576754364,8,"ago",11,"nov",6,0.15,8,8,"theta_pi","ago"
"739013","Jati","CE",-7.6833,-39.0167,"Hidroweb diário",48,FALSE,0.7209894738386062,"alta (>=0.3)",TRUE,0.9178350041425373,8,"ago",11,"nov",7,0.15,8,8,"theta_pi","ago"
"739014","Santana do Cariri","CE",-7.1333,-39.7667,"Hidroweb diário",36,FALSE,0.743280069306952,"alta (>=0.3)",TRUE,0.9796045363004137,8,"ago",12,"dez",8,0.15,7,8,"theta_pi","ago"
"739016","Barbalha","CE",-7.3333,-39.3,"Hidroweb diário",84,FALSE,0.6928630855300525,"alta (>=0.3)",TRUE,0.8374806018296127,8,"ago",11,"nov",7,0.15,7,8,"theta_pi","ago"
"739035","Nova Olinda","CE",-7.1,-39.6833,"Hidroweb diário",51,FALSE,0.7290989205750988,"alta (>=0.3)",TRUE,0.9656118080596765,8,"ago",11,"nov",6,0.15,7,8,"theta_pi","ago"
"739038","Jardim","CE",-7.5833,-39.2833,"Hidroweb diário",114,FALSE,0.5683329057238408,"alta (>=0.3)",TRUE,0.8289139121498156,8,"ago",11,"nov",5,0.15,8,8,"theta_pi","ago"
"739046","Abaiara","CE",-7.3667,-39.05,"Hidroweb diário",45,FALSE,0.7553866913752042,"alta (>=0.3)",TRUE,0.9190731448769208,8,"ago",12,"dez",7,0.15,7,8,"theta_pi","ago"
"739052","Crato","CE",-7.2333,-39.4167,"Hidroweb diário",33,FALSE,0.6582774995661314,"alta (>=0.3)",TRUE,0.8643651510157695,8,"ago",11,"nov",6,0.15,8,8,"theta_pi","ago"
"739054","Jati","CE",-7.6833,-39,"Hidroweb diário",41,FALSE,0.6581037137360912,"alta (>=0.3)",TRUE,0.8393449247306716,8,"ago",12,"dez",8,0.15,7,8,"theta_pi","ago"
"739060","Penaforte","CE",-7.8167,-39.0667,"Hidroweb diário",44,FALSE,0.7048769991752841,"alta (>=0.3)",TRUE,0.8063713721294682,8,"ago",11,"nov",6,0.15,6,8,"theta_pi","ago"
"739065","Juazeiro do Norte","CE",-7.2167,-39.3167,"Hidroweb diário",52,FALSE,0.664216720698078,"alta (>=0.3)",TRUE,0.8464402849328988,8,"ago",11,"nov",6,0.15,7,8,"theta_pi","ago"
"740006","Campos Sales","CE",-7.0667,-40.3667,"Hidroweb diário",97,FALSE,0.7128141259569309,"alta (>=0.3)",TRUE,0.8793236463879831,8,"ago",11,"nov",6,0.15,7,8,"theta_pi","ago"
"740007","Campos Sales","CE",-7.2833,-40.4667,"Hidroweb diário",31,FALSE,0.6849611847978753,"alta (>=0.3)",TRUE,0.9514917459605907,8,"ago",11,"nov",7,0.15,6,8,"theta_pi","ago"
"740008","Araripe","CE",-7.2,-40.1333,"Hidroweb diário",95,FALSE,0.7668711281193931,"alta (>=0.3)",TRUE,0.9737453405767251,8,"ago",12,"dez",8,0.15,6,8,"theta_pi","ago"
"740009","Potengi","CE",-7.1,-40.0167,"Hidroweb diário",78,FALSE,0.6923806328409998,"alta (>=0.3)",TRUE,0.8619359392913005,8,"ago",11,"nov",6,0.15,7,8,"theta_pi","ago"
"740011","Campos Sales","CE",-7.0667,-40.3667,"Hidroweb diário",59,FALSE,0.7797188450746864,"alta (>=0.3)",TRUE,0.775487163754265,8,"ago",11,"nov",6,0.15,7,8,"theta_pi","ago"
"740043","Salitre","CE",-7.2828,-40.4669,"Hidroweb diário",35,FALSE,0.7542225362461209,"alta (>=0.3)",TRUE,0.893779920332353,8,"ago",11,"nov",6,0.15,6,8,"theta_pi","ago"
"82294","Acaraú","CE",-2.885772,-40.114075,"INMET diário",36,FALSE,0.8065835704216155,"alta (>=0.3)",TRUE,1.460524724732541,9,"set",12,"dez",6,0.15,9,9,"theta_pi","set"
"82392","Sobral","CE",-3.75,-40.35,"INMET diário",95,FALSE,0.8032097420833791,"alta (>=0.3)",TRUE,1.3857946017632823,9,"set",12,"dez",7,0.15,8,9,"theta_pi","set"
"82397","Fortaleza","CE",-3.81527777,-38.53777777,"INMET diário",97,FALSE,0.7424831320659747,"alta (>=0.3)",TRUE,1.5567298792363462,9,"set",12,"dez",6,0.15,11,9,"theta_pi","set"
"82487","Guaramiranga","CE",-4.26,-38.93,"INMET diário",55,FALSE,0.606024226874989,"alta (>=0.3)",TRUE,1.9421096378587952,10,"out",12,"dez",5,0.15,9,10,"theta_pi","out"
"82493","Jaguaruana","CE",-4.85,-37.78,"INMET diário",36,FALSE,0.7801402688244303,"alta (>=0.3)",TRUE,1.430520125797255,9,"set",1,"jan",8,0.15,8,9,"theta_pi","set"
"82583","Crateus","CE",-5.19,-40.67,"INMET diário",97,FALSE,0.7585909529395383,"alta (>=0.3)",TRUE,1.1186108219954092,9,"set",12,"dez",7,0.15,8,9,"theta_pi","set"
"82586","Quixeramobim","CE",-5.17305554,-39.28722221,"INMET diário",60,FALSE,0.6492097329110299,"alta (>=0.3)",TRUE,1.3168452121761118,9,"set",1,"jan",8,0.15,8,9,"theta_pi","set"
"82588","Morada Nova","CE",-5.13666666,-38.35666666,"INMET diário",55,FALSE,0.6060575894942851,"alta (>=0.3)",TRUE,1.384491815532353,9,"set",12,"dez",6,0.15,9,9,"theta_pi","set"
"82683","Taua","CE",-6.01,-40.3,"INMET diário",52,FALSE,0.7667865644875549,"alta (>=0.3)",TRUE,1.141994314037058,9,"set",12,"dez",7,0.15,8,9,"theta_pi","set"
"82686","Iguatu","CE",-6.4,-39.27,"INMET diário",91,FALSE,0.6611897312127899,"alta (>=0.3)",TRUE,1.1893421271135105,9,"set",12,"dez",7,0.15,8,9,"theta_pi","set"
"82777","Campos Sales","CE",-7.08,-40.39,"INMET diário",41,FALSE,0.7190143738959432,"alta (>=0.3)",TRUE,0.8329787764261443,8,"ago",11,"nov",7,0.15,7,8,"theta_pi","ago"
"82784","Barbalha","CE",-7.3,-39.27,"INMET diário",48,FALSE,0.7234268554170039,"alta (>=0.3)",TRUE,0.9942459806363915,8,"ago",11,"nov",6,0.15,8,8,"theta_pi","ago"
"1547002","Planaltina","DF",-15.6431,-47.6508,"Hidroweb diário",40,FALSE,0.5234044179103297,"alta (>=0.3)",TRUE,0.3117063107940466,7,"jul",9,"set",5,0.15,6,7,"theta_pi","jul"
"1547004","Brasília","DF",-15.79,-47.9228,"Hidroweb diário",64,FALSE,0.5295509609029041,"alta (>=0.3)",TRUE,0.1544157695826791,7,"jul",8,"ago",4,0.15,6,7,"theta_pi","jul"
"1547008","Brasília","DF",-15.8414,-47.9086,"Hidroweb diário",53,FALSE,0.5976154692190749,"alta (>=0.3)",TRUE,0.2601994444249568,7,"jul",8,"ago",4,0.15,7,7,"theta_pi","jul"
"1547009","Brasília","DF",-15.7433,-47.8772,"Hidroweb diário",53,FALSE,0.5410741193906009,"alta (>=0.3)",TRUE,0.31216204339969505,7,"jul",8,"ago",4,0.15,6,7,"theta_pi","jul"
"1547010","Brasília","DF",-15.6531,-47.8789,"Hidroweb diário",43,FALSE,0.6268857923968968,"alta (>=0.3)",TRUE,0.2717971808447899,7,"jul",9,"set",5,0.15,6,7,"theta_pi","jul"
"1547011","Brasília","DF",-15.6572,-47.6964,"Hidroweb diário",40,FALSE,0.5563697293406064,"alta (>=0.3)",TRUE,0.2267536353864618,7,"jul",8,"ago",4,0.15,6,7,"theta_pi","jul"
"1547012","Brasília","DF",-15.9592,-47.6611,"Hidroweb diário",40,FALSE,0.58450369620613,"alta (>=0.3)",TRUE,6.193780617610978,6,"jun",8,"ago",4,0.15,6,6,"theta_pi","jun"
"1547013","Brasília","DF",-15.6322,-47.5203,"Hidroweb diário",54,FALSE,0.6452495859281148,"alta (>=0.3)",TRUE,0.19763846239385155,7,"jul",9,"set",5,0.15,6,7,"theta_pi","jul"
"1547014","Brasília","DF",-15.9792,-47.975,"Hidroweb diário",51,FALSE,0.6256277978103562,"alta (>=0.3)",TRUE,0.2358980732837884,7,"jul",9,"set",5,0.15,6,7,"theta_pi","jul"
"1547015","Brasília","DF",-15.6611,-47.8117,"Hidroweb diário",49,FALSE,0.5652680272605113,"alta (>=0.3)",TRUE,0.1714919125433112,7,"jul",9,"set",5,0.15,6,7,"theta_pi","jul"
"1547016","Brasília","DF",-15.5833,-47.7,"Hidroweb diário",43,FALSE,0.5341533924553687,"alta (>=0.3)",TRUE,0.22672172913990862,7,"jul",9,"set",5,0.15,7,7,"theta_pi","jul"
"1547017","Brasília","DF",-15.67,-47.9525,"Hidroweb diário",42,FALSE,0.5295089919043839,"alta (>=0.3)",TRUE,0.10338188667201943,7,"jul",9,"set",5,0.15,6,7,"theta_pi","jul"
"1547018","Brasília","DF",-15.8058,-47.9981,"Hidroweb diário",47,FALSE,0.5126712495965312,"alta (>=0.3)",TRUE,0.17153491846362437,7,"jul",9,"set",5,0.15,6,7,"theta_pi","jul"
"1547019","Brasília","DF",-15.8908,-47.8456,"Hidroweb diário",46,FALSE,0.6141187510677761,"alta (>=0.3)",TRUE,0.18393998979808193,7,"jul",8,"ago",4,0.15,6,7,"theta_pi","jul"
"1547020","Brasília","DF",-15.7967,-47.7836,"Hidroweb diário",39,FALSE,0.5972153849291231,"alta (>=0.3)",TRUE,0.3783470977504873,7,"jul",8,"ago",4,0.15,6,7,"theta_pi","jul"
"1547021","Brasília","DF",-15.8386,-47.6272,"Hidroweb diário",47,FALSE,0.5778287058371829,"alta (>=0.3)",TRUE,0.15195644792357307,7,"jul",8,"ago",4,0.15,6,7,"theta_pi","jul"
"1547022","Brasília","DF",-15.7922,-47.4328,"Hidroweb diário",47,FALSE,0.6073893958288706,"alta (>=0.3)",TRUE,0.235325728016515,7,"jul",9,"set",5,0.15,6,7,"theta_pi","jul"
"1547025","Brasília","DF",-15.5917,-47.7,"Hidroweb diário",38,FALSE,0.6387895723934469,"alta (>=0.3)",TRUE,0.5717542120343521,8,"ago",9,"set",5,0.15,6,8,"theta_pi","ago"
"1548000","Brasília","DF",-15.6711,-48.2219,"Hidroweb diário",37,FALSE,0.5892936775651116,"alta (>=0.3)",TRUE,6.27975131917238,7,"jul",9,"set",5,0.15,6,7,"theta_pi","jul"
"1548005","Brasília","DF",-16.0247,-48.0978,"Hidroweb diário",51,FALSE,0.630441507808125,"alta (>=0.3)",TRUE,0.10703310414928631,7,"jul",9,"set",5,0.15,6,7,"theta_pi","jul"
"1548006","Brasília","DF",-15.7897,-48.1128,"Hidroweb diário",53,FALSE,0.6231210937392427,"alta (>=0.3)",TRUE,0.2494487163386486,7,"jul",9,"set",5,0.15,6,7,"theta_pi","jul"
"1548007","Brasília","DF",-15.6592,-48.1906,"Hidroweb diário",50,FALSE,0.5686299285303203,"alta (>=0.3)",TRUE,0.20504396415604834,7,"jul",9,"set",5,0.15,6,7,"theta_pi","jul"
"1548008","Brasília","DF",-15.7794,-48.2303,"Hidroweb diário",44,FALSE,0.5992862577153617,"alta (>=0.3)",TRUE,0.2822903353950925,7,"jul",9,"set",5,0.15,6,7,"theta_pi","jul"
"1548009","Brasília","DF",-15.7111,-48.0925,"Hidroweb diário",32,FALSE,0.625392834187717,"alta (>=0.3)",TRUE,0.4459984709916223,7,"jul",8,"ago",4,0.15,6,7,"theta_pi","jul"
"1548010","Brasília","DF",-15.8906,-48.025,"Hidroweb diário",46,FALSE,0.5422371613746876,"alta (>=0.3)",TRUE,0.1725275207778818,7,"jul",8,"ago",4,0.15,6,7,"theta_pi","jul"
"83377","Brasilia","DF",-15.78972221,-47.92583332,"INMET diário",64,FALSE,0.5499426885919868,"alta (>=0.3)",TRUE,0.062315038524594336,7,"jul",9,"set",5,0.15,6,7,"theta_pi","jul"
"1839000","Conceição da Barra","ES",-18.2994,-39.9586,"Hidroweb diário",65,FALSE,0.5687171516264998,"alta (>=0.3)",TRUE,6.091599392280652,6,"jun",6,"jun",4,0.15,8,6,"theta_pi","jun"
"1839001","Conceição da Barra","ES",-18.5622,-39.7472,"Hidroweb diário",91,FALSE,0.460742794621073,"alta (>=0.3)",TRUE,6.03917948378064,6,"jun",6,"jun",5,0.15,8,6,"theta_pi","jun"
"1839006","São Mateus","ES",-18.9503,-39.7644,"Hidroweb diário",52,FALSE,0.49737632164205875,"alta (>=0.3)",TRUE,5.980449747748067,6,"jun",9,"set",4,0.15,6,6,"theta_pi","jun"
"1840000","Águia Branca","ES",-18.9856,-40.7461,"Hidroweb diário",57,FALSE,0.6946281864457539,"alta (>=0.3)",TRUE,6.248200122871445,6,"jun",9,"set",5,0.15,8,6,"theta_pi","jun"
"1840002","Boa Esperança","ES",-18.5167,-40.3167,"Hidroweb diário",43,FALSE,0.6527814396815451,"alta (>=0.3)",TRUE,6.064819287457751,6,"jun",9,"set",5,0.15,6,6,"theta_pi","jun"
"1840003","São Mateus","ES",-18.4894,-40.0906,"Hidroweb diário",73,FALSE,0.539379367278451,"alta (>=0.3)",TRUE,6.246369423983197,6,"jun",9,"set",5,0.15,6,6,"theta_pi","jun"
"1840004","Barra de São Francisco","ES",-18.7619,-40.89,"Hidroweb diário",79,FALSE,0.7289430152863655,"alta (>=0.3)",TRUE,6.220428868378894,6,"jun",9,"set",6,0.15,8,6,"theta_pi","jun"
"1840007","Água Doce do Norte","ES",-18.5481,-40.9764,"Hidroweb diário",65,FALSE,0.5852511367012999,"alta (>=0.3)",TRUE,5.949670225759207,6,"jun",9,"set",5,0.15,6,6,"theta_pi","jun"
"1840008","Linhares","ES",-18.9817,-39.9933,"Hidroweb diário",40,FALSE,0.5677075322640462,"alta (>=0.3)",TRUE,5.95582462229978,6,"jun",9,"set",5,0.15,6,6,"theta_pi","jun"
"1840009","Ecoporanga","ES",-18.1631612,-40.6374453,"Hidroweb diário",46,FALSE,0.6625771774936462,"alta (>=0.3)",TRUE,6.1972997150498434,6,"jun",9,"set",5,0.15,6,6,"theta_pi","jun"
"1840010","Nova Venécia","ES",-18.8097,-40.6906,"Hidroweb diário",53,FALSE,0.6788055729397618,"alta (>=0.3)",TRUE,6.154017917577598,6,"jun",9,"set",5,0.15,6,6,"theta_pi","jun"
"1840011","Ecoporanga","ES",-18.1864,-40.7183,"Hidroweb diário",41,FALSE,0.6762352981242961,"alta (>=0.3)",TRUE,0.02406813877518666,7,"jul",9,"set",5,0.15,8,7,"theta_pi","jul"
"1840012","Montanha","ES",-18.1456,-40.1439,"Hidroweb diário",55,FALSE,0.625544800448842,"alta (>=0.3)",TRUE,6.226091004833569,6,"jun",9,"set",5,0.15,6,6,"theta_pi","jun"
"1840013","Ecoporanga","ES",-18.3658,-40.8406,"Hidroweb diário",53,FALSE,0.7451739700210955,"alta (>=0.3)",TRUE,6.155848398742754,6,"jun",9,"set",5,0.15,6,6,"theta_pi","jun"
"1840015","Ecoporanga","ES",-18.2056,-40.6033,"Hidroweb diário",52,FALSE,0.6860116207237489,"alta (>=0.3)",TRUE,6.22140596672891,6,"jun",9,"set",5,0.15,6,6,"theta_pi","jun"
"1840016","Nova Venécia","ES",-18.4942,-40.4642,"Hidroweb diário",54,FALSE,0.6775031968096802,"alta (>=0.3)",TRUE,6.240747849880576,6,"jun",9,"set",5,0.15,6,6,"theta_pi","jun"
"1840017","Pinheiros","ES",-18.3186,-40.4067,"Hidroweb diário",54,FALSE,0.7423404264500747,"alta (>=0.3)",TRUE,6.25962406330109,6,"jun",9,"set",5,0.15,6,6,"theta_pi","jun"
"1840019","Nova Venécia","ES",-18.7006,-40.4419,"Hidroweb diário",50,FALSE,0.6743774465541887,"alta (>=0.3)",TRUE,0.1365257286060552,7,"jul",9,"set",5,0.15,7,7,"theta_pi","jul"
"1840020","São Mateus","ES",-18.5647,-40.3367,"Hidroweb diário",44,FALSE,0.6628837459933571,"alta (>=0.3)",TRUE,0.020431364814251195,7,"jul",9,"set",5,0.15,6,7,"theta_pi","jul"
"1841009","Mantenópolis","ES",-18.8610621,-41.1211485,"Hidroweb diário",55,FALSE,0.7000381933382276,"alta (>=0.3)",TRUE,6.2351847158938005,6,"jun",9,"set",5,0.15,6,6,"theta_pi","jun"
"1841010","Barra de São Francisco","ES",-18.4061,-41.04,"Hidroweb diário",56,FALSE,0.7147084597845168,"alta (>=0.3)",TRUE,6.19392746331273,6,"jun",9,"set",5,0.15,6,6,"theta_pi","jun"
"1939002","Linhares","ES",-19.5775,-39.7944,"Hidroweb diário",52,FALSE,0.3775002928105212,"alta (>=0.3)",TRUE,6.190090031666217,6,"jun",9,"set",2,0.15,8,6,"theta_pi","jun"
"1940000","Itarana","ES",-19.8744,-40.8744,"Hidroweb diário",76,FALSE,0.633229520555486,"alta (>=0.3)",TRUE,0.1044546242895799,7,"jul",9,"set",5,0.15,8,7,"theta_pi","jul"
"1940001","Santa Teresa","ES",-19.8053,-40.6789,"Hidroweb diário",78,FALSE,0.7103298243893343,"alta (>=0.3)",TRUE,6.273315930157723,7,"jul",9,"set",5,0.15,8,7,"theta_pi","jul"
"1940002","Aracruz","ES",-19.9578,-40.1544,"Hidroweb diário",76,FALSE,0.5044571511105224,"alta (>=0.3)",TRUE,6.145084379720733,6,"jun",9,"set",4,0.15,8,6,"theta_pi","jun"
"1940003","Aracruz","ES",-19.7497,-40.0431,"Hidroweb diário",75,FALSE,0.5977903637465866,"alta (>=0.3)",TRUE,6.061270425876775,6,"jun",9,"set",4,0.15,8,6,"theta_pi","jun"
"1940004","Linhares","ES",-19.4153,-40.0756,"Hidroweb diário",32,FALSE,0.5411123142213066,"alta (>=0.3)",TRUE,6.076318616448095,6,"jun",6,"jun",3,0.15,8,6,"theta_pi","jun"
"1940005","Ibiraçu","ES",-19.6922,-40.3981,"Hidroweb diário",77,FALSE,0.6112556963405885,"alta (>=0.3)",TRUE,6.131541829646289,6,"jun",9,"set",5,0.15,6,6,"theta_pi","jun"
"1940006","Colatina","ES",-19.5308,-40.6231,"Hidroweb diário",59,FALSE,0.6898971489029488,"alta (>=0.3)",TRUE,6.140818000275381,6,"jun",9,"set",5,0.15,7,6,"theta_pi","jun"
"1940007","Fundão","ES",-19.9369,-40.4014,"Hidroweb diário",77,FALSE,0.5386199027927274,"alta (>=0.3)",TRUE,6.200182310784978,6,"jun",9,"set",5,0.15,6,6,"theta_pi","jun"
"1940009","Pancas","ES",-19.2203,-40.8533,"Hidroweb diário",68,FALSE,0.6923227577355191,"alta (>=0.3)",TRUE,0.014264097929501238,7,"jul",9,"set",5,0.15,6,7,"theta_pi","jul"
"1940010","Santa Teresa","ES",-19.9533,-40.5525,"Hidroweb diário",70,FALSE,0.4429246289358135,"alta (>=0.3)",TRUE,6.099484993092536,6,"jun",9,"set",5,0.15,6,6,"theta_pi","jun"
"1940012","Itaguaçu","ES",-19.6636,-40.8353,"Hidroweb diário",69,FALSE,0.6233853401254421,"alta (>=0.3)",TRUE,0.1622658329662613,7,"jul",9,"set",5,0.15,6,7,"theta_pi","jul"
"1940013","Colatina","ES",-19.2375,-40.5914,"Hidroweb diário",57,FALSE,0.750656649158084,"alta (>=0.3)",TRUE,6.1182025697079405,6,"jun",9,"set",6,0.15,6,6,"theta_pi","jun"
"1940016","São Gabriel da Palha","ES",-19.0578,-40.5164,"Hidroweb diário",57,FALSE,0.6785548109519859,"alta (>=0.3)",TRUE,0.07050719331062345,7,"jul",9,"set",5,0.15,7,7,"theta_pi","jul"
"1940018","Santa Teresa","ES",-19.9333,-40.6,"Hidroweb diário",31,FALSE,0.7305570244954153,"alta (>=0.3)",TRUE,6.159766604346659,6,"jun",9,"set",5,0.15,8,6,"theta_pi","jun"
"1940020","Santa Teresa","ES",-19.955,-40.7417,"Hidroweb diário",56,FALSE,0.6394683173418123,"alta (>=0.3)",TRUE,6.086471241357864,6,"jun",9,"set",5,0.15,8,6,"theta_pi","jun"
"1940021","Aracruz","ES",-19.83,-40.2722,"Hidroweb diário",50,FALSE,0.5428735983058944,"alta (>=0.3)",TRUE,6.198954562224309,6,"jun",9,"set",5,0.15,6,6,"theta_pi","jun"
"1940022","Aracruz","ES",-19.5886,-40.1981,"Hidroweb diário",56,FALSE,0.5583126561901345,"alta (>=0.3)",TRUE,6.034999043819637,6,"jun",9,"set",5,0.15,6,6,"theta_pi","jun"
"1940023","Linhares","ES",-19.2742,-40.3208,"Hidroweb diário",56,FALSE,0.6063043769326272,"alta (>=0.3)",TRUE,0.08139690473024658,7,"jul",9,"set",5,0.15,6,7,"theta_pi","jul"
"1940025","Colatina","ES",-19.2953,-40.5175,"Hidroweb diário",41,FALSE,0.7351964160042826,"alta (>=0.3)",TRUE,6.086507648333293,6,"jun",9,"set",5,0.15,6,6,"theta_pi","jun"
"1941003","Baixo Guandú","ES",-19.5253,-41.0153,"Hidroweb diário",79,FALSE,0.6616555484765432,"alta (>=0.3)",TRUE,0.03180935064578683,7,"jul",9,"set",5,0.15,6,7,"theta_pi","jul"
"1941008","Afonso Cláudio","ES",-19.9011,-41.0581,"Hidroweb diário",79,FALSE,0.6217442401279821,"alta (>=0.3)",TRUE,0.12352517403144736,7,"jul",9,"set",5,0.15,8,7,"theta_pi","jul"
"1941009","Baixo Guandú","ES",-19.6911,-41.02,"Hidroweb diário",59,FALSE,0.6164490782910125,"alta (>=0.3)",TRUE,6.2291221534998185,6,"jun",9,"set",5,0.15,7,6,"theta_pi","jun"
"1941012","Pancas","ES",-19.0592,-41.0275,"Hidroweb diário",56,FALSE,0.6828604857952607,"alta (>=0.3)",TRUE,5.977563212677633,6,"jun",9,"set",5,0.15,6,6,"theta_pi","jun"
"2040000","Domingos Martins","ES",-20.3639,-40.6617,"Hidroweb diário",49,FALSE,0.35843964192459526,"alta (>=0.3)",TRUE,0.37974222107468514,7,"jul",8,"ago",4,0.15,8,7,"theta_pi","jul"
"2040001","Viana","ES",-20.415,-40.4853,"Hidroweb diário",73,FALSE,0.44825003273754754,"alta (>=0.3)",TRUE,0.07830939968885987,7,"jul",9,"set",4,0.15,6,7,"theta_pi","jul"
"2040002","Alfredo Chaves","ES",-20.6333,-40.75,"Hidroweb diário",34,FALSE,0.4243833423349962,"alta (>=0.3)",TRUE,0.26034666498982023,7,"jul",6,"jun",2,0.15,8,7,"theta_pi","jul"
"2040003","Serra","ES",-20.1903,-40.3189,"Hidroweb diário",75,FALSE,0.4092025659096309,"alta (>=0.3)",TRUE,6.173075922469126,6,"jun",9,"set",6,0.15,8,6,"theta_pi","jun"
"2040004","Guarapari","ES",-20.6522,-40.5086,"Hidroweb diário",75,FALSE,0.35297089144324945,"alta (>=0.3)",TRUE,0.22627295193916877,7,"jul",8,"ago",4,0.15,2,7,"theta_pi","jul"
"2040005","Iconha","ES",-20.7836,-40.8258,"Hidroweb diário",78,FALSE,0.42439874809648054,"alta (>=0.3)",TRUE,0.0427493831433259,7,"jul",8,"ago",3,0.15,6,7,"theta_pi","jul"
"2040006","Itapemirim","ES",-20.9528,-40.9533,"Hidroweb diário",76,FALSE,0.4295865903149652,"alta (>=0.3)",TRUE,0.2108882184084958,7,"jul",8,"ago",3,0.15,8,7,"theta_pi","jul"
"2040007","Santa Maria de Jetibá","ES",-20.0281,-40.7442,"Hidroweb diário",78,FALSE,0.6662661832181169,"alta (>=0.3)",TRUE,0.0794650149685192,7,"jul",9,"set",5,0.15,6,7,"theta_pi","jul"
"2040008","Santa Leopoldina","ES",-20.1433,-40.9753,"Hidroweb diário",76,FALSE,0.7278834449255062,"alta (>=0.3)",TRUE,0.024620285051307582,7,"jul",9,"set",5,0.15,7,7,"theta_pi","jul"
"2040009","Anchieta","ES",-20.8036,-40.6556,"Hidroweb diário",78,FALSE,0.4050945839150788,"alta (>=0.3)",TRUE,0.12698667107723122,7,"jul",8,"ago",4,0.15,7,7,"theta_pi","jul"
"2040010","Santa Leopoldina","ES",-20.1003,-40.5278,"Hidroweb diário",75,FALSE,0.4889696243950133,"alta (>=0.3)",TRUE,6.072483701229772,6,"jun",9,"set",5,0.15,6,6,"theta_pi","jun"
"2040011","Alfredo Chaves","ES",-20.5567,-40.8114,"Hidroweb diário",76,FALSE,0.5068444076546036,"alta (>=0.3)",TRUE,0.25508572751183195,7,"jul",8,"ago",3,0.15,6,7,"theta_pi","jul"
"2040012","Domingos Martins","ES",-20.4119,-40.6822,"Hidroweb diário",75,FALSE,0.5343235677459235,"alta (>=0.3)",TRUE,0.027036208467629292,7,"jul",9,"set",4,0.15,6,7,"theta_pi","jul"
"2040013","Rio Novo do Sul","ES",-20.8811,-40.9433,"Hidroweb diário",42,FALSE,0.3362673297452008,"alta (>=0.3)",TRUE,0.03775093100329224,7,"jul",8,"ago",3,0.15,8,7,"theta_pi","jul"
"2040014","Cariacica","ES",-20.2614,-40.4792,"Hidroweb diário",64,FALSE,0.48954199745392235,"alta (>=0.3)",TRUE,6.209295091625155,6,"jun",8,"ago",4,0.15,6,6,"theta_pi","jun"
"2040015","Domingos Martins","ES",-20.2836,-40.7831,"Hidroweb diário",47,FALSE,0.626127551737386,"alta (>=0.3)",TRUE,0.10430548925207402,7,"jul",9,"set",5,0.15,6,7,"theta_pi","jul"
"2040017","Iconha","ES",-20.7281,-40.8825,"Hidroweb diário",68,FALSE,0.4080365938205736,"alta (>=0.3)",TRUE,0.08945017253008711,7,"jul",6,"jun",2,0.15,6,7,"theta_pi","jul"
"2040018","Santa Leopoldina","ES",-20.0794,-40.6067,"Hidroweb diário",67,FALSE,0.5117520223338612,"alta (>=0.3)",TRUE,6.211447447886643,6,"jun",9,"set",5,0.15,6,6,"theta_pi","jun"
"2040020","Alfredo Chaves","ES",-20.5875,-40.9492,"Hidroweb diário",61,FALSE,0.6292310860329778,"alta (>=0.3)",TRUE,0.1429578292341605,7,"jul",8,"ago",3,0.15,6,7,"theta_pi","jul"
"2040022","Vila Velha","ES",-20.5156,-40.3636,"Hidroweb diário",55,FALSE,0.38734715476113907,"alta (>=0.3)",TRUE,0.04620987629750069,7,"jul",9,"set",5,0.15,8,7,"theta_pi","jul"
"2040023","Domingos Martins","ES",-20.2964,-40.9339,"Hidroweb diário",56,FALSE,0.6573524453634186,"alta (>=0.3)",TRUE,0.09862138644023588,7,"jul",9,"set",5,0.15,7,7,"theta_pi","jul"
"2041000","Atílio Vivacqua","ES",-20.9128,-41.195,"Hidroweb diário",80,FALSE,0.5540355463032396,"alta (>=0.3)",TRUE,0.296017119582708,7,"jul",9,"set",5,0.15,6,7,"theta_pi","jul"
"2041001","Guaçuí","ES",-20.7736,-41.6817,"Hidroweb diário",86,FALSE,0.6417434386459271,"alta (>=0.3)",TRUE,0.011916384089147252,7,"jul",9,"set",5,0.15,7,7,"theta_pi","jul"
"2041002","Castelo","ES",-20.6056,-41.1997,"Hidroweb diário",87,FALSE,0.6420908140552012,"alta (>=0.3)",TRUE,0.20363610580495461,7,"jul",9,"set",5,0.15,8,7,"theta_pi","jul"
"2041003","Alegre","ES",-20.7469,-41.4661,"Hidroweb diário",79,FALSE,0.6509554003997388,"alta (>=0.3)",TRUE,0.16095256625819118,7,"jul",9,"set",5,0.15,7,7,"theta_pi","jul"
"2041004","Cachoeiro do Itapemirim","ES",-20.85,-41.1,"Hidroweb diário",34,FALSE,0.5090626041396257,"alta (>=0.3)",TRUE,6.279023037243602,7,"jul",9,"set",5,0.15,8,7,"theta_pi","jul"
"2041010","Vargem Alta","ES",-20.7019,-41.0164,"Hidroweb diário",79,FALSE,0.5301216189344672,"alta (>=0.3)",TRUE,0.3917249017461953,7,"jul",8,"ago",3,0.15,8,7,"theta_pi","jul"
"2041011","Conceição do Castelo","ES",-20.3522,-41.2394,"Hidroweb diário",77,FALSE,0.6286118816061129,"alta (>=0.3)",TRUE,0.22397910934867982,7,"jul",9,"set",4,0.15,8,7,"theta_pi","jul"
"2041012","Muniz Freire","ES",-20.45,-41.4,"Hidroweb diário",46,FALSE,0.6432398048929365,"alta (>=0.3)",TRUE,0.2760533082259461,7,"jul",9,"set",4,0.15,8,7,"theta_pi","jul"
"2041013","Iúna","ES",-20.3458,-41.5375,"Hidroweb diário",72,FALSE,0.6707004380628565,"alta (>=0.3)",TRUE,0.014341818115100699,7,"jul",9,"set",5,0.15,7,7,"theta_pi","jul"
"2041014","Dores do Rio Preto","ES",-20.6917432,-41.8493132,"Hidroweb diário",76,FALSE,0.6813169722913089,"alta (>=0.3)",TRUE,0.03999024754792261,7,"jul",9,"set",5,0.15,8,7,"theta_pi","jul"
"2041015","Muqui","ES",-20.9447,-41.4008,"Hidroweb diário",71,FALSE,0.6117608668016699,"alta (>=0.3)",TRUE,0.37694533390773877,7,"jul",9,"set",5,0.15,6,7,"theta_pi","jul"
"2041016","Alegre","ES",-20.5406,-41.6656,"Hidroweb diário",67,FALSE,0.6954331433641684,"alta (>=0.3)",TRUE,0.1846337613210159,7,"jul",9,"set",5,0.15,6,7,"theta_pi","jul"
"2041017","Iúna","ES",-20.3228,-41.7042,"Hidroweb diário",70,FALSE,0.7522272414766094,"alta (>=0.3)",TRUE,6.155598219926505,6,"jun",9,"set",5,0.15,7,6,"theta_pi","jun"
"2041018","Muniz Freire","ES",-20.3714,-41.4089,"Hidroweb diário",69,FALSE,0.6439430314709379,"alta (>=0.3)",TRUE,0.06961124392078583,7,"jul",9,"set",5,0.15,8,7,"theta_pi","jul"
"2041019","Muniz Freire","ES",-20.5283,-41.5114,"Hidroweb diário",65,FALSE,0.6552114339860309,"alta (>=0.3)",TRUE,0.11335940179834969,7,"jul",9,"set",5,0.15,6,7,"theta_pi","jul"
"2041020","Domingos Martins","ES",-20.3667,-41.0611,"Hidroweb diário",63,FALSE,0.6765840590799865,"alta (>=0.3)",TRUE,6.263367368213144,6,"jun",9,"set",5,0.15,8,6,"theta_pi","jun"
"2041021","Cachoeiro do Itapemirim","ES",-20.6806,-41.3483,"Hidroweb diário",62,FALSE,0.6444353863906993,"alta (>=0.3)",TRUE,0.21094677329490644,7,"jul",9,"set",5,0.15,6,7,"theta_pi","jul"
"2041023","Afonso Cláudio","ES",-20.0786,-41.1214,"Hidroweb diário",57,FALSE,0.659051198170794,"alta (>=0.3)",TRUE,0.19521312533312127,7,"jul",9,"set",5,0.15,6,7,"theta_pi","jul"
"2041047","Cachoeiro do Itapemirim","ES",-20.85,-41.1167,"Hidroweb diário",40,FALSE,0.5303732290543202,"alta (>=0.3)",TRUE,0.26702019582219283,7,"jul",9,"set",4,0.15,8,7,"theta_pi","jul"
"2140000","Itapemirim","ES",-21.0075,-40.8353,"Hidroweb diário",76,FALSE,0.3881077503157371,"alta (>=0.3)",TRUE,0.033133244834873815,7,"jul",8,"ago",4,0.15,6,7,"theta_pi","jul"
"2141014","Mimoso do Sul","ES",-21.2061,-41.4628,"Hidroweb diário",89,FALSE,0.6263193873104033,"alta (>=0.3)",TRUE,0.19344381274196554,7,"jul",9,"set",5,0.15,7,7,"theta_pi","jul"
"2141015","Mimoso do Sul","ES",-21.0647,-41.3625,"Hidroweb diário",62,FALSE,0.6152828732062178,"alta (>=0.3)",TRUE,0.08810167022247394,7,"jul",9,"set",5,0.15,6,7,"theta_pi","jul"
"2141016","São José do Calçado","ES",-21.0169,-41.6628,"Hidroweb diário",74,FALSE,0.636317374304169,"alta (>=0.3)",TRUE,0.36955956500725134,7,"jul",9,"set",5,0.15,7,7,"theta_pi","jul"
"2141017","Mimoso do Sul","ES",-21.0731,-41.2383,"Hidroweb diário",54,FALSE,0.4646255738359152,"alta (>=0.3)",TRUE,0.1630094520007917,7,"jul",8,"ago",4,0.15,6,7,"theta_pi","jul"
"83013","Muniz Freire","ES",-20.47,-41.41,"INMET diário",31,FALSE,0.6987861370878456,"alta (>=0.3)",TRUE,0.05844000282535036,7,"jul",9,"set",5,0.15,8,7,"theta_pi","jul"
"83548","Conceição da Barra","ES",-18.6,-39.73,"INMET diário",39,FALSE,0.46170775183823864,"alta (>=0.3)",TRUE,6.120391576710077,6,"jun",9,"set",3,0.15,8,6,"theta_pi","jun"
"83550","Sao Mateus","ES",-18.71,-39.85,"INMET diário",43,FALSE,0.5601352152510983,"alta (>=0.3)",TRUE,5.881791981504481,6,"jun",9,"set",5,0.15,8,6,"theta_pi","jun"
"83557","Boa Esperanca","ES",-18.54,-40.27,"INMET diário",32,FALSE,0.6395230282761907,"alta (>=0.3)",TRUE,6.226222573015926,6,"jun",9,"set",6,0.15,7,6,"theta_pi","jun"
"83596","Marilandia (colatina)","ES",-19.41,-40.54,"INMET diário",32,FALSE,0.5987897691615369,"alta (>=0.3)",TRUE,6.23351896043798,6,"jun",9,"set",5,0.15,6,6,"theta_pi","jun"
"83597","Bebedouro","ES",-19.416256,-40.073235,"INMET diário",32,FALSE,0.6027846754069435,"alta (>=0.3)",TRUE,6.126412468386732,6,"jun",8,"ago",3,0.15,6,6,"theta_pi","jun"
"83646","Cachoeiro de Itapemirim","ES",-20.85,-41.1,"INMET diário",60,FALSE,0.5536322263523987,"alta (>=0.3)",TRUE,0.1386001743042065,7,"jul",8,"ago",3,0.15,8,7,"theta_pi","jul"
"83648","Vitoria","ES",-20.32,-40.32,"INMET diário",90,FALSE,0.46578275878383363,"alta (>=0.3)",TRUE,6.275664150321431,7,"jul",9,"set",4,0.15,8,7,"theta_pi","jul"
"1250000","São Miguel do Araguaia","GO",-12.8206,-50.3361,"Hidroweb diário",47,FALSE,0.6358601443997565,"alta (>=0.3)",TRUE,0.16988000659428956,7,"jul",9,"set",5,0.15,6,7,"theta_pi","jul"
"1346000","São Domingos","GO",-13.3975,-46.3158,"Hidroweb diário",55,FALSE,0.5754583159055019,"alta (>=0.3)",TRUE,0.270174132252299,7,"jul",9,"set",5,0.15,6,7,"theta_pi","jul"
"1346001","Nova Roma","GO",-13.7425,-46.8775,"Hidroweb diário",53,FALSE,0.5886706872520088,"alta (>=0.3)",TRUE,0.11949926693138226,7,"jul",9,"set",5,0.15,6,7,"theta_pi","jul"
"1346002","São Domingos","GO",-13.6858,-46.5656,"Hidroweb diário",51,FALSE,0.573308969541621,"alta (>=0.3)",TRUE,0.1916512214777618,7,"jul",9,"set",5,0.15,6,7,"theta_pi","jul"
"1346004","Campos Belos","GO",-13.0367,-46.7769,"Hidroweb diário",49,FALSE,0.6419696895984991,"alta (>=0.3)",TRUE,0.2448357945425881,7,"jul",9,"set",5,0.15,6,7,"theta_pi","jul"
"1346005","São Domingos","GO",-13.5508,-46.4672,"Hidroweb diário",46,FALSE,0.5941052424902421,"alta (>=0.3)",TRUE,0.21809733336368292,7,"jul",9,"set",5,0.15,6,7,"theta_pi","jul"
"1347000","Cavalcante","GO",-13.7969,-47.4617,"Hidroweb diário",41,FALSE,0.6840511930497848,"alta (>=0.3)",TRUE,6.226342457513361,6,"jun",9,"set",5,0.15,6,6,"theta_pi","jun"
"1347001","Teresina de Goiás","GO",-13.4253,-47.1392,"Hidroweb diário",51,FALSE,0.6214212473404492,"alta (>=0.3)",TRUE,0.1222561084895262,7,"jul",9,"set",5,0.15,6,7,"theta_pi","jul"
"1348000","Campinaçu","GO",-13.79,-48.5669,"Hidroweb diário",57,FALSE,0.6552490465211737,"alta (>=0.3)",TRUE,0.11949278402187247,7,"jul",9,"set",5,0.15,6,7,"theta_pi","jul"
"1348001","Minaçu","GO",-13.5331,-48.2269,"Hidroweb diário",43,FALSE,0.6684909599508323,"alta (>=0.3)",TRUE,0.10768676750397131,7,"jul",9,"set",5,0.15,6,7,"theta_pi","jul"
"1348003","Trombas","GO",-13.5128,-48.745,"Hidroweb diário",50,FALSE,0.7010497533920946,"alta (>=0.3)",TRUE,0.07814477292451896,7,"jul",9,"set",5,0.15,6,7,"theta_pi","jul"
"1349000","Estrela do Norte","GO",-13.8725,-49.0714,"Hidroweb diário",54,FALSE,0.7023947729912314,"alta (>=0.3)",TRUE,0.14814588312268978,7,"jul",9,"set",5,0.15,6,7,"theta_pi","jul"
"1349001","Novo Planalto","GO",-13.2447,-49.5017,"Hidroweb diário",51,FALSE,0.699514260464482,"alta (>=0.3)",TRUE,0.015990909127411843,7,"jul",9,"set",5,0.15,6,7,"theta_pi","jul"
"1349002","Porangatu","GO",-13.4097,-49.1564,"Hidroweb diário",49,FALSE,0.6806558664927321,"alta (>=0.3)",TRUE,0.20088982646922385,7,"jul",9,"set",5,0.15,6,7,"theta_pi","jul"
"1349003","Porangatu","GO",-13.1028,-49.2014,"Hidroweb diário",47,FALSE,0.6420205123344928,"alta (>=0.3)",TRUE,0.21379116843722634,7,"jul",9,"set",5,0.15,6,7,"theta_pi","jul"
"1350000","Nova Crixás","GO",-13.6894,-50.7961,"Hidroweb diário",50,FALSE,0.6331294722858296,"alta (>=0.3)",TRUE,0.24980527912597764,7,"jul",9,"set",5,0.15,6,7,"theta_pi","jul"
"1350001","São Miguel do Araguaia","GO",-13.5286,-50.1881,"Hidroweb diário",48,FALSE,0.6518925917074999,"alta (>=0.3)",TRUE,0.10022674106691414,7,"jul",9,"set",5,0.15,6,7,"theta_pi","jul"
"1350002","São Miguel do Araguaia","GO",-13.3286,-50.1994,"Hidroweb diário",51,FALSE,0.7685409367106902,"alta (>=0.3)",TRUE,0.2273329626177694,7,"jul",9,"set",5,0.15,6,7,"theta_pi","jul"
"1446004","Sítio D'abadia","GO",-14.8039,-46.2533,"Hidroweb diário",41,FALSE,0.5721239139252192,"alta (>=0.3)",TRUE,0.2511386489977384,7,"jul",9,"set",5,0.15,6,7,"theta_pi","jul"
"1447000","Alto Paraíso de Goiás","GO",-14.1347,-47.5117,"Hidroweb diário",54,FALSE,0.6123542400369274,"alta (>=0.3)",TRUE,0.07929540026889444,7,"jul",9,"set",5,0.15,6,7,"theta_pi","jul"
"1447001","Flores de Goiás","GO",-14.45,-47.0458,"Hidroweb diário",38,FALSE,0.650179488145957,"alta (>=0.3)",TRUE,0.032337809849642414,7,"jul",9,"set",5,0.15,6,7,"theta_pi","jul"
"1447002","São João D'aliança","GO",-14.7072,-47.5236,"Hidroweb diário",57,FALSE,0.6041670566711027,"alta (>=0.3)",TRUE,0.23272559239058244,7,"jul",9,"set",5,0.15,6,7,"theta_pi","jul"
"1448000","Colinas do Sul","GO",-14.1506,-48.0783,"Hidroweb diário",42,FALSE,0.7298320396701049,"alta (>=0.3)",TRUE,0.10447562379487615,7,"jul",9,"set",5,0.15,6,7,"theta_pi","jul"
"1448001","Niquelândia","GO",-14.475,-48.4583,"Hidroweb diário",57,FALSE,0.6414391825170367,"alta (>=0.3)",TRUE,0.18225781734289773,7,"jul",9,"set",5,0.15,6,7,"theta_pi","jul"
"1448002","Niquelândia","GO",-14.9739,-48.6736,"Hidroweb diário",43,FALSE,0.6534484821148262,"alta (>=0.3)",TRUE,0.2071779403038329,7,"jul",9,"set",5,0.15,6,7,"theta_pi","jul"
"1448004","Niquelândia","GO",-14.5489,-48.1653,"Hidroweb diário",40,FALSE,0.6572912863942629,"alta (>=0.3)",TRUE,0.19741750535214161,7,"jul",9,"set",5,0.15,6,7,"theta_pi","jul"
"1448005","Campinaçu","GO",-14.0222,-48.6111,"Hidroweb diário",36,FALSE,0.6421292784189138,"alta (>=0.3)",TRUE,0.15612920273561615,7,"jul",9,"set",5,0.15,6,7,"theta_pi","jul"
"1449000","Pilar de Goiás","GO",-14.7611,-49.5803,"Hidroweb diário",52,FALSE,0.7331572386707131,"alta (>=0.3)",TRUE,0.18426753921201824,7,"jul",9,"set",5,0.15,6,7,"theta_pi","jul"
"1449001","Uruaçu","GO",-14.5553,-49.1394,"Hidroweb diário",57,FALSE,0.6400898972927597,"alta (>=0.3)",TRUE,0.1927754116760918,7,"jul",9,"set",5,0.15,6,7,"theta_pi","jul"
"1449002","Santa Terezinha de Goiás","GO",-14.4336,-49.7167,"Hidroweb diário",52,FALSE,0.690808919352237,"alta (>=0.3)",TRUE,0.19690429672025797,7,"jul",9,"set",5,0.15,6,7,"theta_pi","jul"
"1449003","Crixas","GO",-14.5325,-49.9628,"Hidroweb diário",42,FALSE,0.7285095029080533,"alta (>=0.3)",TRUE,0.12556270179851434,7,"jul",9,"set",5,0.15,6,7,"theta_pi","jul"
"1450000","Nova Crixás","GO",-14.3328,-50.7303,"Hidroweb diário",51,FALSE,0.7257451281684121,"alta (>=0.3)",TRUE,0.08279042408788923,7,"jul",9,"set",5,0.15,6,7,"theta_pi","jul"
"1450001","Mozarlândia","GO",-14.7414,-50.5772,"Hidroweb diário",52,FALSE,0.6340060560901876,"alta (>=0.3)",TRUE,0.14008383558061088,7,"jul",9,"set",5,0.15,6,7,"theta_pi","jul"
"1450002","Nova Crixás","GO",-14.0972,-50.3328,"Hidroweb diário",48,FALSE,0.6819046448190466,"alta (>=0.3)",TRUE,6.231039392835855,6,"jun",9,"set",5,0.15,6,6,"theta_pi","jun"
"1451000","Aruanã","GO",-14.9275,-51.0828,"Hidroweb diário",49,FALSE,0.6485023614968234,"alta (>=0.3)",TRUE,0.1902763200435876,7,"jul",9,"set",5,0.15,6,7,"theta_pi","jul"
"1546005","Cabeceiras","GO",-15.8008,-46.9247,"Hidroweb diário",52,FALSE,0.6688009151588807,"alta (>=0.3)",TRUE,0.032302764228995626,7,"jul",9,"set",5,0.15,6,7,"theta_pi","jul"
"1547001","Formosa","GO",-15.2161,-47.1569,"Hidroweb diário",40,FALSE,0.6776342918903866,"alta (>=0.3)",TRUE,0.2152040025821034,7,"jul",9,"set",5,0.15,6,7,"theta_pi","jul"
"1548001","Mimoso de Goiás","GO",-15.0631,-48.1664,"Hidroweb diário",53,FALSE,0.5565356867904055,"alta (>=0.3)",TRUE,0.15876961782158305,7,"jul",9,"set",5,0.15,6,7,"theta_pi","jul"
"1548003","Pirenópolis","GO",-15.8547,-48.9661,"Hidroweb diário",54,FALSE,0.6262372816479052,"alta (>=0.3)",TRUE,0.022582712943733603,7,"jul",9,"set",5,0.15,6,7,"theta_pi","jul"
"1548011","Padre Bernardo","GO",-15.5414,-48.5542,"Hidroweb diário",34,FALSE,0.6078797596266513,"alta (>=0.3)",TRUE,0.036479971524323515,7,"jul",9,"set",5,0.15,6,7,"theta_pi","jul"
"1549000","Ceres","GO",-15.2753,-49.5519,"Hidroweb diário",45,FALSE,0.6647355994336697,"alta (>=0.3)",TRUE,6.215841872052079,6,"jun",9,"set",5,0.15,6,6,"theta_pi","jun"
"1549001","Goianésia","GO",-15.3292,-49.1217,"Hidroweb diário",57,FALSE,0.6978186171923174,"alta (>=0.3)",TRUE,0.13142695320541842,7,"jul",9,"set",5,0.15,6,7,"theta_pi","jul"
"1549002","Itapuranga","GO",-15.5642,-49.943600000000004,"Hidroweb diário",56,FALSE,0.6622087772987659,"alta (>=0.3)",TRUE,0.12581552534791887,7,"jul",9,"set",5,0.15,6,7,"theta_pi","jul"
"1549003","Jaraguá","GO",-15.7581,-49.3369,"Hidroweb diário",62,FALSE,0.617389008344887,"alta (>=0.3)",TRUE,0.11801528279712788,7,"jul",9,"set",5,0.15,6,7,"theta_pi","jul"
"1549004","Nova América","GO",-15.0206,-49.8917,"Hidroweb diário",51,FALSE,0.7683417015805929,"alta (>=0.3)",TRUE,0.15367902932687807,7,"jul",9,"set",5,0.15,6,7,"theta_pi","jul"
"1549009","Uruana","GO",-15.4961,-49.6908,"Hidroweb diário",55,FALSE,0.6520719710351192,"alta (>=0.3)",TRUE,0.21976433363605416,7,"jul",9,"set",5,0.15,6,7,"theta_pi","jul"
"1550000","Itapirapuã","GO",-15.8158,-50.6086,"Hidroweb diário",52,FALSE,0.6909424153655336,"alta (>=0.3)",TRUE,0.10855943369255691,7,"jul",9,"set",5,0.15,6,7,"theta_pi","jul"
"1550001","Faina","GO",-15.3731,-50.5,"Hidroweb diário",52,FALSE,0.726023588488153,"alta (>=0.3)",TRUE,0.24611628641444533,7,"jul",9,"set",5,0.15,6,7,"theta_pi","jul"
"1550002","Matrinchã","GO",-15.5356,-50.7028,"Hidroweb diário",51,FALSE,0.6575883803507929,"alta (>=0.3)",TRUE,0.03306585448475318,7,"jul",9,"set",5,0.15,6,7,"theta_pi","jul"
"1551000","Britânia","GO",-15.2461,-51.1633,"Hidroweb diário",51,FALSE,0.6200861487837326,"alta (>=0.3)",TRUE,0.08435581256952301,7,"jul",9,"set",5,0.15,6,7,"theta_pi","jul"
"1551001","Montes Claros de Goiás","GO",-15.9408,-51.3572,"Hidroweb diário",53,FALSE,0.6428162998380345,"alta (>=0.3)",TRUE,0.24219462522047894,7,"jul",9,"set",5,0.15,6,7,"theta_pi","jul"
"1551002","Aragarças","GO",-15.89,-51.8536,"Hidroweb diário",50,FALSE,0.6421030390040741,"alta (>=0.3)",TRUE,0.11225746589100395,7,"jul",9,"set",5,0.15,6,7,"theta_pi","jul"
"1551003","Santa Fé de Goiás","GO",-15.7672,-51.1044,"Hidroweb diário",52,FALSE,0.6660563791068131,"alta (>=0.3)",TRUE,0.27877333573108154,7,"jul",9,"set",5,0.15,6,7,"theta_pi","jul"
"1647001","Cristalina","GO",-16.5375,-47.8006,"Hidroweb diário",42,FALSE,0.5919738690050044,"alta (>=0.3)",TRUE,0.3181288769045481,7,"jul",8,"ago",4,0.15,6,7,"theta_pi","jul"
"1647002","Cristalina","GO",-16.7881,-47.6033,"Hidroweb diário",44,FALSE,0.6125987525172635,"alta (>=0.3)",TRUE,0.00819932446408002,7,"jul",9,"set",5,0.15,6,7,"theta_pi","jul"
"1647003","Luziânia","GO",-16.1558,-47.9367,"Hidroweb diário",32,FALSE,0.5316708393987907,"alta (>=0.3)",TRUE,0.2663133648665325,7,"jul",9,"set",5,0.15,6,7,"theta_pi","jul"
"1648001","Alexânia","GO",-16.1431,-48.6,"Hidroweb diário",55,FALSE,0.6225896998780033,"alta (>=0.3)",TRUE,0.010739614362967689,7,"jul",9,"set",5,0.15,6,7,"theta_pi","jul"
"1648002","Vianópolis","GO",-16.7478,-48.5264,"Hidroweb diário",44,FALSE,0.6217043054844834,"alta (>=0.3)",TRUE,0.15041384701461125,7,"jul",9,"set",5,0.15,6,7,"theta_pi","jul"
"1649000","Anicuns","GO",-16.4653,-49.9428,"Hidroweb diário",51,FALSE,0.6281865199379875,"alta (>=0.3)",TRUE,0.06875758538623483,7,"jul",9,"set",5,0.15,6,7,"theta_pi","jul"
"1649001","Aragoiânia","GO",-16.9119,-49.4522,"Hidroweb diário",53,FALSE,0.7217597079131948,"alta (>=0.3)",TRUE,0.15566080777338584,7,"jul",9,"set",5,0.15,7,7,"theta_pi","jul"
"1649004","Goianápolis","GO",-16.5164,-49.0203,"Hidroweb diário",50,FALSE,0.6127957713530593,"alta (>=0.3)",TRUE,6.277456409105479,7,"jul",9,"set",5,0.15,6,7,"theta_pi","jul"
"1649006","Inhumas","GO",-16.3467,-49.495,"Hidroweb diário",73,FALSE,0.5370550548579737,"alta (>=0.3)",TRUE,0.01760800252583968,7,"jul",9,"set",5,0.15,6,7,"theta_pi","jul"
"1649007","Itaberaí","GO",-16.0275,-49.8003,"Hidroweb diário",50,FALSE,0.6792006809970388,"alta (>=0.3)",TRUE,0.06553796687849517,7,"jul",9,"set",5,0.15,6,7,"theta_pi","jul"
"1649009","Ouro Verde de Goiás","GO",-16.2186,-49.1978,"Hidroweb diário",52,FALSE,0.6384018574162903,"alta (>=0.3)",TRUE,0.2545149762923018,7,"jul",9,"set",5,0.15,6,7,"theta_pi","jul"
"1649010","Palmeiras de Goiás","GO",-16.8031,-49.9286,"Hidroweb diário",53,FALSE,0.7172491549579859,"alta (>=0.3)",TRUE,0.06850309813074981,7,"jul",9,"set",5,0.15,6,7,"theta_pi","jul"
"1649012","Trindade","GO",-16.6611,-49.4878,"Hidroweb diário",52,FALSE,0.5857626958142845,"alta (>=0.3)",TRUE,0.3570339518694336,7,"jul",9,"set",5,0.15,6,7,"theta_pi","jul"
"1650000","Cachoeira de Goiás","GO",-16.6694,-50.6492,"Hidroweb diário",50,FALSE,0.6001553004695539,"alta (>=0.3)",TRUE,0.23606294613583348,7,"jul",9,"set",5,0.15,6,7,"theta_pi","jul"
"1650001","Córrego do Ouro","GO",-16.2983,-50.5567,"Hidroweb diário",50,FALSE,0.7126334045422515,"alta (>=0.3)",TRUE,0.11833698491295641,7,"jul",9,"set",5,0.15,6,7,"theta_pi","jul"
"1650002","Israelândia","GO",-16.3164,-50.9061,"Hidroweb diário",51,FALSE,0.6617978477040034,"alta (>=0.3)",TRUE,0.34624965752116577,7,"jul",9,"set",5,0.15,6,7,"theta_pi","jul"
"1650003","Turvânia","GO",-16.6094,-50.1328,"Hidroweb diário",53,FALSE,0.6164441595352574,"alta (>=0.3)",TRUE,0.15025813840769792,7,"jul",9,"set",5,0.15,7,7,"theta_pi","jul"
"1651000","Caiapônia","GO",-16.9497,-51.7994,"Hidroweb diário",55,FALSE,0.580086330169858,"alta (>=0.3)",TRUE,0.1687770593588271,7,"jul",9,"set",5,0.15,6,7,"theta_pi","jul"
"1651001","Iporá","GO",-16.4281,-51.0828,"Hidroweb diário",50,FALSE,0.6655338103458084,"alta (>=0.3)",TRUE,0.27627878281800683,7,"jul",9,"set",5,0.15,6,7,"theta_pi","jul"
"1651002","Piranhas","GO",-16.4233,-51.8228,"Hidroweb diário",52,FALSE,0.6702229391545557,"alta (>=0.3)",TRUE,0.20559307982829012,7,"jul",9,"set",5,0.15,6,7,"theta_pi","jul"
"1651003","Arenópolis","GO",-16.3058,-51.4706,"Hidroweb diário",51,FALSE,0.6594966678582393,"alta (>=0.3)",TRUE,0.27730689544664333,7,"jul",9,"set",5,0.15,6,7,"theta_pi","jul"
"1652000","Bom Jardim de Goiás","GO",-16.2092,-52.1686,"Hidroweb diário",51,FALSE,0.6517942491029269,"alta (>=0.3)",TRUE,0.21576987105021567,7,"jul",9,"set",5,0.15,6,7,"theta_pi","jul"
"1652003","Doverlândia","GO",-16.7217,-52.3211,"Hidroweb diário",39,FALSE,0.6202009501768782,"alta (>=0.3)",TRUE,0.29281432008123576,7,"jul",8,"ago",4,0.15,7,7,"theta_pi","jul"
"1747001","Catalão","GO",-17.5042,-47.5556,"Hidroweb diário",36,FALSE,0.6737696056189959,"alta (>=0.3)",TRUE,0.09984229601395284,7,"jul",9,"set",5,0.15,6,7,"theta_pi","jul"
"1748000","Cristianópolis","GO",-17.1981,-48.715,"Hidroweb diário",43,FALSE,0.6961392186500218,"alta (>=0.3)",TRUE,0.19857381608675262,7,"jul",9,"set",5,0.15,6,7,"theta_pi","jul"
"1748001","Goiandira","GO",-17.9719,-48.1753,"Hidroweb diário",38,FALSE,0.6618764989513424,"alta (>=0.3)",TRUE,0.03669324292104463,7,"jul",8,"ago",4,0.15,6,7,"theta_pi","jul"
"1748004","Marzagão","GO",-17.9831,-48.6833,"Hidroweb diário",49,FALSE,0.6783519302366405,"alta (>=0.3)",TRUE,0.25566709376892044,7,"jul",9,"set",5,0.15,7,7,"theta_pi","jul"
"1748005","Orizona","GO",-17.1314,-48.1372,"Hidroweb diário",41,FALSE,0.6244363720172033,"alta (>=0.3)",TRUE,0.14358858213191705,7,"jul",9,"set",5,0.15,6,7,"theta_pi","jul"
"1749000","Edéia","GO",-17.3414,-49.9303,"Hidroweb diário",53,FALSE,0.6273222232768609,"alta (>=0.3)",TRUE,0.19292084417645833,7,"jul",8,"ago",4,0.15,6,7,"theta_pi","jul"
"1749001","Varjão","GO",-17.1056,-49.6908,"Hidroweb diário",54,FALSE,0.6045309770270036,"alta (>=0.3)",TRUE,0.46459336648828037,7,"jul",9,"set",5,0.15,7,7,"theta_pi","jul"
"1749002","Joviânia","GO",-17.8094,-49.6264,"Hidroweb diário",53,FALSE,0.681294757276266,"alta (>=0.3)",TRUE,0.03048542800991835,7,"jul",9,"set",5,0.15,7,7,"theta_pi","jul"
"1749003","Morrinhos","GO",-17.7328,-49.1153,"Hidroweb diário",51,FALSE,0.5744079952403874,"alta (>=0.3)",TRUE,0.156892272056172,7,"jul",8,"ago",4,0.15,7,7,"theta_pi","jul"
"1749004","Pontalina","GO",-17.5169,-49.4417,"Hidroweb diário",51,FALSE,0.6955421029684254,"alta (>=0.3)",TRUE,0.13834078543824477,7,"jul",9,"set",5,0.15,7,7,"theta_pi","jul"
"1749005","Piracanjuba","GO",-17.2894,-49.0272,"Hidroweb diário",51,FALSE,0.6482388260654993,"alta (>=0.3)",TRUE,0.19020200982723692,7,"jul",9,"set",5,0.15,6,7,"theta_pi","jul"
"1749009","Cromínia","GO",-17.2847,-49.3828,"Hidroweb diário",44,FALSE,0.5599188048459306,"alta (>=0.3)",TRUE,0.2392761561447714,7,"jul",9,"set",5,0.15,6,7,"theta_pi","jul"
"1750000","Edéia","GO",-17.7322,-50.1808,"Hidroweb diário",53,FALSE,0.645804385703533,"alta (>=0.3)",TRUE,0.19520270814657809,7,"jul",9,"set",5,0.15,7,7,"theta_pi","jul"
"1750001","Paraúna","GO",-17.0792,-50.2894,"Hidroweb diário",53,FALSE,0.5839577522372721,"alta (>=0.3)",TRUE,0.20635421519379563,7,"jul",8,"ago",4,0.15,7,7,"theta_pi","jul"
"1750003","Acreúna","GO",-17.5414,-50.5561,"Hidroweb diário",48,FALSE,0.63485645456103,"alta (>=0.3)",TRUE,0.34507336723871707,7,"jul",9,"set",5,0.15,7,7,"theta_pi","jul"
"1750004","Paraúna","GO",-17.3253,-50.6819,"Hidroweb diário",53,FALSE,0.61867172750994,"alta (>=0.3)",TRUE,0.19076288076702666,7,"jul",9,"set",5,0.15,6,7,"theta_pi","jul"
"1750008","Rio Verde","GO",-17.4658,-50.7742,"Hidroweb diário",47,FALSE,0.6552458526097125,"alta (>=0.3)",TRUE,0.4459842214247597,7,"jul",9,"set",5,0.15,7,7,"theta_pi","jul"
"1750013","Paraúna","GO",-16.9489,-50.4469,"Hidroweb diário",46,FALSE,0.5333634933698297,"alta (>=0.3)",TRUE,0.35228415570840804,7,"jul",9,"set",5,0.15,6,7,"theta_pi","jul"
"1751001","Jataí","GO",-17.8564,-51.3967,"Hidroweb diário",45,FALSE,0.5518066918962059,"alta (>=0.3)",TRUE,0.17911363567780664,7,"jul",8,"ago",4,0.15,7,7,"theta_pi","jul"
"1751002","Jataí","GO",-17.695,-51.8922,"Hidroweb diário",49,FALSE,0.5775877319567299,"alta (>=0.3)",TRUE,0.3013087644885473,7,"jul",8,"ago",3,0.15,7,7,"theta_pi","jul"
"1751004","Montividiu","GO",-17.3647,-51.0767,"Hidroweb diário",48,FALSE,0.6253302904595301,"alta (>=0.3)",TRUE,0.3612063677192736,7,"jul",8,"ago",4,0.15,7,7,"theta_pi","jul"
"1752002","Mineiros","GO",-17.6889,-52.9833,"Hidroweb diário",51,FALSE,0.5564714614606565,"alta (>=0.3)",TRUE,0.36943073982823793,7,"jul",8,"ago",3,0.15,7,7,"theta_pi","jul"
"1752003","Mineiros","GO",-17.5794,-52.6014,"Hidroweb diário",50,FALSE,0.5167459381675521,"alta (>=0.3)",TRUE,0.3813137117723281,7,"jul",8,"ago",3,0.15,7,7,"theta_pi","jul"
"1752006","Jataí","GO",-17.7181,-52.17,"Hidroweb diário",49,FALSE,0.4925105785777991,"alta (>=0.3)",TRUE,0.40278620266315857,7,"jul",8,"ago",3,0.15,7,7,"theta_pi","jul"
"1753002","Santa Rita do Araguaia","GO",-17.3528,-53.0919,"Hidroweb diário",45,FALSE,0.5148572290575234,"alta (>=0.3)",TRUE,0.2798609210968815,7,"jul",8,"ago",4,0.15,7,7,"theta_pi","jul"
"1847006","Três Ranchos","GO",-18.3633,-47.7806,"Hidroweb diário",49,FALSE,0.7011946397027918,"alta (>=0.3)",TRUE,0.26400047252815306,7,"jul",9,"set",5,0.15,6,7,"theta_pi","jul"
"1847040","Catalão","GO",-18.1031,-47.6947,"Hidroweb diário",36,FALSE,0.6452597951149198,"alta (>=0.3)",TRUE,0.2373551629843863,7,"jul",9,"set",5,0.15,6,7,"theta_pi","jul"
"1848007","Buriti Alegre","GO",-18.2425,-48.8586,"Hidroweb diário",48,FALSE,0.6083743939809242,"alta (>=0.3)",TRUE,0.13137934008845276,7,"jul",9,"set",5,0.15,6,7,"theta_pi","jul"
"1849016","Itumbiara","GO",-18.3394,-49.6114,"Hidroweb diário",55,FALSE,0.626864320226197,"alta (>=0.3)",TRUE,0.26797833410555116,7,"jul",8,"ago",4,0.15,7,7,"theta_pi","jul"
"1850001","Goiatuba","GO",-18.1047,-50.0314,"Hidroweb diário",52,FALSE,0.6125608577012329,"alta (>=0.3)",TRUE,6.236144026740747,6,"jun",9,"set",5,0.15,7,6,"theta_pi","jun"
"1850002","Quirinópolis","GO",-18.5011,-50.5219,"Hidroweb diário",47,FALSE,0.6218632927807044,"alta (>=0.3)",TRUE,0.163968398111833,7,"jul",9,"set",5,0.15,7,7,"theta_pi","jul"
"1850003","Maurilândia","GO",-17.9797,-50.3372,"Hidroweb diário",53,FALSE,0.6485756515673682,"alta (>=0.3)",TRUE,0.14433418347267762,7,"jul",9,"set",5,0.15,7,7,"theta_pi","jul"
"1851000","Cachoeira Alta","GO",-18.9097,-50.8503,"Hidroweb diário",44,FALSE,0.5234595185401212,"alta (>=0.3)",TRUE,5.635159419953092,5,"mai",9,"set",5,0.15,7,5,"theta_pi","mai"
"1851001","Aporé","GO",-18.5178,-52.0928,"Hidroweb diário",53,FALSE,0.5882518774741772,"alta (>=0.3)",TRUE,0.27629586997356786,7,"jul",8,"ago",4,0.15,7,7,"theta_pi","jul"
"1851002","Itarumã","GO",-18.7647,-51.3472,"Hidroweb diário",52,FALSE,0.6728166849333579,"alta (>=0.3)",TRUE,0.1971343561798522,7,"jul",8,"ago",4,0.15,7,7,"theta_pi","jul"
"1851004","Jataí","GO",-18.0931,-51.4969,"Hidroweb diário",47,FALSE,0.5213608562929178,"alta (>=0.3)",TRUE,0.34686030996779216,7,"jul",8,"ago",4,0.15,7,7,"theta_pi","jul"
"1851005","Serranópolis","GO",-18.3044,-51.9622,"Hidroweb diário",41,FALSE,0.48333271120706545,"alta (>=0.3)",TRUE,0.46713304997848043,7,"jul",8,"ago",3,0.15,7,7,"theta_pi","jul"
"1852000","Aporé","GO",-18.9661,-51.9267,"Hidroweb diário",50,FALSE,0.5604570698212784,"alta (>=0.3)",TRUE,0.309449073903581,7,"jul",9,"set",4,0.15,7,7,"theta_pi","jul"
"1852001","Chapadão do Céu","GO",-18.4067,-52.5269,"Hidroweb diário",36,FALSE,0.5521049488826734,"alta (>=0.3)",TRUE,0.23517727059141566,7,"jul",8,"ago",4,0.15,7,7,"theta_pi","jul"
"1951000","Itajá","GO",-19.1,-51.1494,"Hidroweb diário",47,FALSE,0.592865647724602,"alta (>=0.3)",TRUE,0.4930653301516407,7,"jul",9,"set",5,0.15,7,7,"theta_pi","jul"
"1951001","Itajá","GO",-19.1364,-51.5344,"Hidroweb diário",52,FALSE,0.5984295107928582,"alta (>=0.3)",TRUE,0.30094423630815814,7,"jul",8,"ago",4,0.15,7,7,"theta_pi","jul"
"83332","Posse","GO",-14.08916666,-46.36666666,"INMET diário",49,FALSE,0.6041344322992317,"alta (>=0.3)",TRUE,0.28566857386124617,7,"jul",9,"set",5,0.15,6,7,"theta_pi","jul"
"83368","Aragarcas","GO",-15.9,-52.25,"INMET diário",52,FALSE,0.5709156928104082,"alta (>=0.3)",TRUE,0.11897212932909099,7,"jul",9,"set",5,0.15,6,7,"theta_pi","jul"
"83374","Goias","GO",-15.94,-50.14,"INMET diário",68,FALSE,0.7195670496737453,"alta (>=0.3)",TRUE,0.08879616987075666,7,"jul",9,"set",5,0.15,6,7,"theta_pi","jul"
"83376","Pirenopolis","GO",-15.85472222,-48.96611111,"INMET diário",60,FALSE,0.619768484843724,"alta (>=0.3)",TRUE,0.0654610039926095,7,"jul",9,"set",5,0.15,6,7,"theta_pi","jul"
"83379","Formosa","GO",-15.54916666,-47.33888888,"INMET diário",55,FALSE,0.591061194071038,"alta (>=0.3)",TRUE,0.14156877761118733,7,"jul",9,"set",5,0.15,6,7,"theta_pi","jul"
"83423","Goiania","GO",-16.67305554,-49.26388888,"INMET diário",76,FALSE,0.5703645717710031,"alta (>=0.3)",TRUE,0.3688148906992431,7,"jul",9,"set",5,0.15,7,7,"theta_pi","jul"
"83464","Jatai","GO",-17.9236111,-51.71749999,"INMET diário",48,FALSE,0.5877429558089128,"alta (>=0.3)",TRUE,0.4615781812323589,7,"jul",8,"ago",4,0.15,7,7,"theta_pi","jul"
"83470","Rio Verde","GO",-17.79,-50.96,"INMET diário",41,FALSE,0.5143426312590126,"alta (>=0.3)",TRUE,0.23213180548379425,7,"jul",9,"set",5,0.15,7,7,"theta_pi","jul"
"83522","Ipameri","GO",-17.72444443,-48.17194443,"INMET diário",45,FALSE,0.6790433199442553,"alta (>=0.3)",TRUE,0.1443069455436232,7,"jul",8,"ago",4,0.15,7,7,"theta_pi","jul"
"83526","Catalao","GO",-18.17027777,-47.95805555,"INMET diário",73,FALSE,0.6479097634873328,"alta (>=0.3)",TRUE,0.16452537045095983,7,"jul",9,"set",5,0.15,7,7,"theta_pi","jul"
"144002","Cururupu","MA",-1.8261,-44.8678,"Hidroweb diário",37,FALSE,0.7879369531925152,"alta (>=0.3)",TRUE,1.2857131511552429,9,"set",12,"dez",5,0.15,10,9,"theta_pi","set"
"145006","Cândido Mendes","MA",-1.4558,-45.7281,"Hidroweb diário",40,FALSE,0.6584617437119525,"alta (>=0.3)",TRUE,1.1374646263851187,9,"set",12,"dez",5,0.15,11,9,"theta_pi","set"
"242002","Tutóia","MA",-2.9022,-42.3131,"Hidroweb diário",42,FALSE,0.7557451409363657,"alta (>=0.3)",TRUE,1.3478603207825308,9,"set",12,"dez",6,0.15,9,9,"theta_pi","set"
"244007","São Luís","MA",-2.5333,-44.3,"Hidroweb diário",55,FALSE,0.7168091066086182,"alta (>=0.3)",TRUE,1.3794598826669144,9,"set",12,"dez",5,0.15,9,9,"theta_pi","set"
"244011","Guimarães","MA",-2.1294,-44.6069,"Hidroweb diário",40,FALSE,0.6661844697650707,"alta (>=0.3)",TRUE,1.5922205345407896,10,"out",12,"dez",5,0.15,9,10,"theta_pi","out"
"244012","São Bento","MA",-2.7011,-44.8233,"Hidroweb diário",40,FALSE,0.6647436377762047,"alta (>=0.3)",TRUE,1.5780699027407374,10,"out",12,"dez",5,0.15,9,10,"theta_pi","out"
"245001","Monção","MA",-2.9539,-45.6647,"Hidroweb diário",53,FALSE,0.7333269405699708,"alta (>=0.3)",TRUE,1.0030147052914256,8,"ago",11,"nov",5,0.15,9,8,"theta_pi","ago"
"245003","Cândido Mendes","MA",-2.0522,-45.9583,"Hidroweb diário",55,FALSE,0.6242173032602496,"alta (>=0.3)",TRUE,1.1921371035503583,9,"set",12,"dez",5,0.15,11,9,"theta_pi","set"
"245007","Turiaçu","MA",-2.5047,-45.7842,"Hidroweb diário",42,FALSE,0.6661169294134847,"alta (>=0.3)",TRUE,1.222034521116886,9,"set",11,"nov",4,0.15,9,9,"theta_pi","set"
"245008","Viana","MA",-2.9708,-45.355,"Hidroweb diário",39,FALSE,0.700125988110687,"alta (>=0.3)",TRUE,1.1051911031653572,9,"set",11,"nov",4,0.15,9,9,"theta_pi","set"
"245009","Pinheiro","MA",-2.5903,-45.3653,"Hidroweb diário",42,FALSE,0.6188439544396219,"alta (>=0.3)",TRUE,1.5387044077682317,9,"set",12,"dez",5,0.15,10,9,"theta_pi","set"
"245010","Pinheiro","MA",-2.5153,-45.0856,"Hidroweb diário",40,FALSE,0.6333006049485451,"alta (>=0.3)",TRUE,1.3487825389533534,9,"set",12,"dez",5,0.15,10,9,"theta_pi","set"
"245011","Santa Helena","MA",-2.2739,-45.2711,"Hidroweb diário",38,FALSE,0.6570867229156163,"alta (>=0.3)",TRUE,1.4693257314762131,9,"set",12,"dez",5,0.15,9,9,"theta_pi","set"
"342009","Santa Quitéria do Maranhão","MA",-3.3647,-42.7239,"Hidroweb diário",41,FALSE,0.7072862617639313,"alta (>=0.3)",TRUE,1.1902336798168418,9,"set",11,"nov",5,0.15,9,9,"theta_pi","set"
"343001","Vargem Grande","MA",-3.5536,-43.8736,"Hidroweb diário",55,FALSE,0.7828004714155729,"alta (>=0.3)",TRUE,1.1677102568577808,9,"set",11,"nov",6,0.15,8,9,"theta_pi","set"
"343003","Nina Rodrigues","MA",-3.46,-43.8994,"Hidroweb diário",58,FALSE,0.6800887145813391,"alta (>=0.3)",TRUE,1.0011037222523236,8,"ago",11,"nov",5,0.15,8,8,"theta_pi","ago"
"343004","Vargem Grande","MA",-3.5778,-43.7039,"Hidroweb diário",53,FALSE,0.6385533497700909,"alta (>=0.3)",TRUE,1.1249664184583659,9,"set",11,"nov",6,0.15,9,9,"theta_pi","set"
"343009","Mata Roma","MA",-3.6258,-43.1122,"Hidroweb diário",42,FALSE,0.773617289360791,"alta (>=0.3)",TRUE,1.4785971932948405,9,"set",11,"nov",5,0.15,8,9,"theta_pi","set"
"343010","Chapadinha","MA",-3.94,-43.5206,"Hidroweb diário",41,FALSE,0.6939824908907022,"alta (>=0.3)",TRUE,1.1579615251191566,9,"set",11,"nov",6,0.15,8,9,"theta_pi","set"
"343011","Urbano Santos","MA",-3.0439,-43.2367,"Hidroweb diário",42,FALSE,0.6405698329328469,"alta (>=0.3)",TRUE,1.3268513183703408,9,"set",12,"dez",6,0.15,9,9,"theta_pi","set"
"344004","Cantanhede","MA",-3.6325,-44.3764,"Hidroweb diário",58,FALSE,0.6121531918518298,"alta (>=0.3)",TRUE,0.8494272153994162,8,"ago",11,"nov",6,0.15,8,8,"theta_pi","ago"
"344007","Pirapemas","MA",-3.7097,-44.2933,"Hidroweb diário",53,FALSE,0.663574497121527,"alta (>=0.3)",TRUE,1.1798488242502105,9,"set",11,"nov",6,0.15,9,9,"theta_pi","set"
"344008","Pirapemas","MA",-3.9436,-44.0175,"Hidroweb diário",46,FALSE,0.7259496095033421,"alta (>=0.3)",TRUE,1.082673007433422,9,"set",11,"nov",6,0.15,8,9,"theta_pi","set"
"344010","Presidente Juscelino","MA",-2.9278,-44.0792,"Hidroweb diário",43,FALSE,0.5941577226876295,"alta (>=0.3)",TRUE,1.2620764280256511,9,"set",11,"nov",4,0.15,9,9,"theta_pi","set"
"344011","São Mateus do Maranhão","MA",-4.0078,-44.4661,"Hidroweb diário",43,FALSE,0.6189650349187178,"alta (>=0.3)",TRUE,1.1383115343500796,9,"set",10,"out",5,0.15,9,9,"theta_pi","set"
"344012","Miranda do Norte","MA",-3.5497,-44.5833,"Hidroweb diário",42,FALSE,0.6787376960918637,"alta (>=0.3)",TRUE,0.9765727485449863,8,"ago",11,"nov",6,0.15,8,8,"theta_pi","ago"
"344013","Conceição do Lago-açu","MA",-3.8464,-44.8908,"Hidroweb diário",42,FALSE,0.7217296778020045,"alta (>=0.3)",TRUE,1.03102717556446,8,"ago",11,"nov",5,0.15,8,8,"theta_pi","ago"
"345000","Bela Vista do Maranhão","MA",-3.765,-45.2203,"Hidroweb diário",54,FALSE,0.6953477098851022,"alta (>=0.3)",TRUE,1.1112584964743928,9,"set",11,"nov",6,0.15,8,9,"theta_pi","set"
"345006","Pindaré-mirim","MA",-3.6583,-45.4431,"Hidroweb diário",54,FALSE,0.6855225688677954,"alta (>=0.3)",TRUE,1.2888997105472164,9,"set",11,"nov",5,0.15,9,9,"theta_pi","set"
"345012","Cajari","MA",-3.4028,-45.0106,"Hidroweb diário",43,FALSE,0.7611829988972945,"alta (>=0.3)",TRUE,1.1734424841576185,9,"set",11,"nov",5,0.15,9,9,"theta_pi","set"
"345013","Governador Newton Bello","MA",-3.4244,-45.6694,"Hidroweb diário",42,FALSE,0.6731771680973461,"alta (>=0.3)",TRUE,1.074477819000976,9,"set",11,"nov",5,0.15,8,9,"theta_pi","set"
"346002","Bom Jardim","MA",-4.2208,-46.1653,"Hidroweb diário",40,FALSE,0.7417009952065702,"alta (>=0.3)",TRUE,1.184794212167237,9,"set",11,"nov",6,0.15,8,9,"theta_pi","set"
"442013","Duque Bacelar","MA",-4.1528,-42.9461,"Hidroweb diário",42,FALSE,0.690853109093809,"alta (>=0.3)",TRUE,1.1566738907249317,9,"set",11,"nov",6,0.15,8,9,"theta_pi","set"
"443006","Codó","MA",-4.4542,-43.8772,"Hidroweb diário",61,FALSE,0.7237341255829961,"alta (>=0.3)",TRUE,1.0189083459580255,8,"ago",11,"nov",6,0.15,8,8,"theta_pi","ago"
"443007","Codó","MA",-4.4644,-43.9311,"Hidroweb diário",54,FALSE,0.7220965722774071,"alta (>=0.3)",TRUE,1.1424924601309534,9,"set",11,"nov",6,0.15,8,9,"theta_pi","set"
"443011","Codó","MA",-4.4206,-43.6492,"Hidroweb diário",41,FALSE,0.6994564230351067,"alta (>=0.3)",TRUE,1.063567264942469,9,"set",11,"nov",6,0.15,9,9,"theta_pi","set"
"443012","Aldeias Altas","MA",-4.6242,-43.4658,"Hidroweb diário",42,FALSE,0.699037294053304,"alta (>=0.3)",TRUE,0.9804442956343357,8,"ago",11,"nov",6,0.15,9,8,"theta_pi","ago"
"444001","Coroata","MA",-4.1628,-44.1658,"Hidroweb diário",59,FALSE,0.7206286280087856,"alta (>=0.3)",TRUE,1.1459654153199557,9,"set",11,"nov",6,0.15,9,9,"theta_pi","set"
"444003","Gonçalves Dias","MA",-4.9667,-44.2333,"Hidroweb diário",31,FALSE,0.6628121318671132,"alta (>=0.3)",TRUE,0.8874547562234125,8,"ago",11,"nov",6,0.15,7,8,"theta_pi","ago"
"444005","Pedreiras","MA",-4.5767,-44.5994,"Hidroweb diário",57,FALSE,0.6852528765436626,"alta (>=0.3)",TRUE,1.001141595343267,8,"ago",11,"nov",6,0.15,8,8,"theta_pi","ago"
"444008","Barra do Corda","MA",-5.1014,-44.9608,"Hidroweb diário",51,FALSE,0.6600176410132337,"alta (>=0.3)",TRUE,0.7602094457857963,8,"ago",10,"out",5,0.15,8,8,"theta_pi","ago"
"444013","Peritoró","MA",-4.3722,-44.3342,"Hidroweb diário",42,FALSE,0.7020290055872801,"alta (>=0.3)",TRUE,1.0457515239797186,8,"ago",11,"nov",6,0.15,8,8,"theta_pi","ago"
"445001","Santa Luzia","MA",-4.0303,-45.7711,"Hidroweb diário",51,FALSE,0.6956244475005393,"alta (>=0.3)",TRUE,1.1305912760864265,9,"set",11,"nov",6,0.15,8,9,"theta_pi","set"
"445007","Lago da Pedra","MA",-4.7428,-45.1806,"Hidroweb diário",43,FALSE,0.6891506575690112,"alta (>=0.3)",TRUE,0.9732844899612889,8,"ago",11,"nov",6,0.15,8,8,"theta_pi","ago"
"445008","Arame","MA",-4.8611,-46.0078,"Hidroweb diário",43,FALSE,0.6655127078023536,"alta (>=0.3)",TRUE,0.7473145144873415,8,"ago",10,"out",5,0.15,8,8,"theta_pi","ago"
"445009","Lago da Pedra","MA",-4.5606,-45.1256,"Hidroweb diário",42,FALSE,0.7125124221544882,"alta (>=0.3)",TRUE,1.0001571844466524,8,"ago",11,"nov",6,0.15,9,8,"theta_pi","ago"
"445010","Vitorino Freire","MA",-4.2406,-45.3581,"Hidroweb diário",41,FALSE,0.6966302509627369,"alta (>=0.3)",TRUE,1.0790079753015402,9,"set",11,"nov",6,0.15,8,9,"theta_pi","set"
"446000","Bom Jesus das Selvas","MA",-4.2989,-46.4936,"Hidroweb diário",42,FALSE,0.6896515527536398,"alta (>=0.3)",TRUE,0.9588452358926052,8,"ago",10,"out",5,0.15,8,8,"theta_pi","ago"
"446001","Bom Jesus das Selvas","MA",-4.4094,-46.7492,"Hidroweb diário",40,FALSE,0.6441339983311442,"alta (>=0.3)",TRUE,0.9539906609708871,8,"ago",11,"nov",6,0.15,8,8,"theta_pi","ago"
"446002","Açailândia","MA",-4.6981,-46.9392,"Hidroweb diário",40,FALSE,0.6711213428092376,"alta (>=0.3)",TRUE,0.9357429628276498,8,"ago",10,"out",5,0.15,7,8,"theta_pi","ago"
"447002","Imperatriz","MA",-4.8297,-47.2692,"Hidroweb diário",40,FALSE,0.6844832133638125,"alta (>=0.3)",TRUE,0.8572716804607703,8,"ago",10,"out",5,0.15,8,8,"theta_pi","ago"
"447004","Açailândia","MA",-4.9308,-47.4967,"Hidroweb diário",31,FALSE,0.6146622369684542,"alta (>=0.3)",TRUE,0.6540804993368202,8,"ago",10,"out",5,0.15,7,8,"theta_pi","ago"
"543002","Matões","MA",-5.4844,-43.3586,"Hidroweb diário",44,FALSE,0.5974622201812151,"alta (>=0.3)",TRUE,0.8901518268641355,8,"ago",10,"out",5,0.15,8,8,"theta_pi","ago"
"543004","Buriti Bravo","MA",-5.7092,-43.5872,"Hidroweb diário",56,FALSE,0.5690098134074238,"alta (>=0.3)",TRUE,0.6525325765338726,8,"ago",9,"set",4,0.15,8,8,"theta_pi","ago"
"543011","Lagoa do Mato","MA",-5.97,-43.4158,"Hidroweb diário",42,FALSE,0.5638504053643961,"alta (>=0.3)",TRUE,0.5394000783507095,8,"ago",9,"set",4,0.15,7,8,"theta_pi","ago"
"544006","Barra do Corda","MA",-5.4197,-44.9283,"Hidroweb diário",53,FALSE,0.6464107999083346,"alta (>=0.3)",TRUE,0.7863862717781035,8,"ago",10,"out",5,0.15,8,8,"theta_pi","ago"
"544009","Graça Aranha","MA",-5.405,-44.3356,"Hidroweb diário",42,FALSE,0.6616325512610998,"alta (>=0.3)",TRUE,0.8781595953636396,8,"ago",10,"out",5,0.15,8,8,"theta_pi","ago"
"545003","Barra do Corda","MA",-5.5064,-45.2372,"Hidroweb diário",34,FALSE,0.7483365774845309,"alta (>=0.3)",TRUE,0.6868492454234983,8,"ago",9,"set",4,0.15,7,8,"theta_pi","ago"
"545011","Barra do Corda","MA",-5.7275,-45.3131,"Hidroweb diário",40,FALSE,0.6243208430583718,"alta (>=0.3)",TRUE,0.6470082444900448,8,"ago",10,"out",5,0.15,6,8,"theta_pi","ago"
"546003","Grajau","MA",-5.8167,-46.1333,"Hidroweb diário",31,FALSE,0.5691551763600511,"alta (>=0.3)",TRUE,0.7109991014996173,8,"ago",9,"set",4,0.15,7,8,"theta_pi","ago"
"546006","Grajau","MA",-5.6044,-46.2386,"Hidroweb diário",46,FALSE,0.6562965011221881,"alta (>=0.3)",TRUE,0.5266903801818094,8,"ago",9,"set",4,0.15,7,8,"theta_pi","ago"
"546007","Sítio Novo","MA",-5.8842,-46.7019,"Hidroweb diário",43,FALSE,0.5752848366219122,"alta (>=0.3)",TRUE,0.6700108698839246,8,"ago",9,"set",4,0.15,6,8,"theta_pi","ago"
"547005","Buritirana","MA",-5.5944,-47.0192,"Hidroweb diário",44,FALSE,0.6879696682317717,"alta (>=0.3)",TRUE,0.5367095666877362,8,"ago",9,"set",4,0.15,7,8,"theta_pi","ago"
"643011","Barão de Grajaú","MA",-6.61,-43.4011,"Hidroweb diário",44,FALSE,0.5204526077272404,"alta (>=0.3)",TRUE,0.47128010341633847,7,"jul",9,"set",4,0.15,7,7,"theta_pi","jul"
"643012","Passagem Franca","MA",-6.1747,-43.7792,"Hidroweb diário",44,FALSE,0.5855960028464963,"alta (>=0.3)",TRUE,0.49630641279181,7,"jul",9,"set",4,0.15,7,7,"theta_pi","jul"
"643013","Barão de Grajaú","MA",-6.7614,-43.0278,"Hidroweb diário",44,FALSE,0.621685148241742,"alta (>=0.3)",TRUE,0.7288487612474892,8,"ago",9,"set",4,0.15,7,8,"theta_pi","ago"
"644003","Colinas","MA",-6.0275,-44.2539,"Hidroweb diário",58,FALSE,0.5979424567630245,"alta (>=0.3)",TRUE,0.6103106887698748,8,"ago",9,"set",4,0.15,8,8,"theta_pi","ago"
"644007","Mirador","MA",-6.3692,-44.3594,"Hidroweb diário",56,FALSE,0.5841156944125486,"alta (>=0.3)",TRUE,0.5025597512325765,7,"jul",9,"set",4,0.15,8,7,"theta_pi","jul"
"644012","Mirador","MA",-6.0103,-44.3444,"Hidroweb diário",56,FALSE,0.548441632082155,"alta (>=0.3)",TRUE,0.8871884382324088,8,"ago",9,"set",4,0.15,7,8,"theta_pi","ago"
"644015","Mirador","MA",-6.0639,-44.7164,"Hidroweb diário",54,FALSE,0.532182426683255,"alta (>=0.3)",TRUE,0.5408206737899368,8,"ago",9,"set",4,0.15,8,8,"theta_pi","ago"
"645002","Fernando Falcão","MA",-6.0022,-45.3942,"Hidroweb diário",42,FALSE,0.5745020004085098,"alta (>=0.3)",TRUE,0.7419645075436446,8,"ago",9,"set",4,0.15,7,8,"theta_pi","ago"
"645003","Loreto","MA",-6.8442,-45.1092,"Hidroweb diário",42,FALSE,0.625703107872539,"alta (>=0.3)",TRUE,0.3334250596067068,7,"jul",9,"set",4,0.15,6,7,"theta_pi","jul"
"645004","Grajau","MA",-6.0392,-45.9206,"Hidroweb diário",41,FALSE,0.7033047379565925,"alta (>=0.3)",TRUE,0.6788209593955783,8,"ago",9,"set",4,0.15,8,8,"theta_pi","ago"
"646005","Fortaleza dos Nogueiras","MA",-6.8183,-46.3336,"Hidroweb diário",41,FALSE,0.6492813599076067,"alta (>=0.3)",TRUE,0.5799441033546748,8,"ago",9,"set",5,0.15,6,8,"theta_pi","ago"
"646006","Grajau","MA",-6.1928,-46.2689,"Hidroweb diário",42,FALSE,0.5552665994361183,"alta (>=0.3)",TRUE,0.886083419652705,8,"ago",9,"set",4,0.15,8,8,"theta_pi","ago"
"744000","São Félix de Balsas","MA",-7.0814,-44.8125,"Hidroweb diário",61,FALSE,0.5603527499762746,"alta (>=0.3)",TRUE,0.2715074498361523,7,"jul",9,"set",4,0.15,6,7,"theta_pi","jul"
"745004","Sambaíba","MA",-7.1411,-45.3461,"Hidroweb diário",48,FALSE,0.6572241629438056,"alta (>=0.3)",TRUE,0.4316374533342107,7,"jul",9,"set",4,0.15,7,7,"theta_pi","jul"
"745005","São Raimundo das Mangabeiras","MA",-7.3419,-45.6064,"Hidroweb diário",42,FALSE,0.5619663335651692,"alta (>=0.3)",TRUE,0.19132407259915338,7,"jul",9,"set",4,0.15,6,7,"theta_pi","jul"
"746006","Balsas","MA",-7.5233,-46.0339,"Hidroweb diário",44,FALSE,0.655972018332089,"alta (>=0.3)",TRUE,0.15977749701379648,7,"jul",9,"set",5,0.15,7,7,"theta_pi","jul"
"746007","Balsas","MA",-7.9286,-45.9886,"Hidroweb diário",43,FALSE,0.6743329471252083,"alta (>=0.3)",TRUE,0.691122914302067,8,"ago",9,"set",4,0.15,6,8,"theta_pi","ago"
"746008","Riachão","MA",-7.1578,-46.5544,"Hidroweb diário",42,FALSE,0.7381667574862257,"alta (>=0.3)",TRUE,0.3725658552506039,7,"jul",9,"set",5,0.15,7,7,"theta_pi","jul"
"746009","Balsas","MA",-7.3314,-46.3075,"Hidroweb diário",42,FALSE,0.6433225381615759,"alta (>=0.3)",TRUE,0.37949887472910543,7,"jul",9,"set",5,0.15,6,7,"theta_pi","jul"
"747000","Carolina","MA",-7.3231,-47.4644,"Hidroweb diário",56,FALSE,0.5654360136428231,"alta (>=0.3)",TRUE,0.397480050688777,7,"jul",9,"set",4,0.15,7,7,"theta_pi","jul"
"747004","Carolina","MA",-7.7167,-47.2167,"Hidroweb diário",31,FALSE,0.5846249366999591,"alta (>=0.3)",TRUE,0.4103979736795643,7,"jul",9,"set",5,0.15,6,7,"theta_pi","jul"
"82198","Turiacu","MA",-1.66138888,-45.37194443,"INMET diário",63,FALSE,0.7316270648965891,"alta (>=0.3)",TRUE,1.2697368542457927,9,"set",12,"dez",5,0.15,10,9,"theta_pi","set"
"82280","Sao Luis","MA",-2.53,-44.21,"INMET diário",87,FALSE,0.7454299949325176,"alta (>=0.3)",TRUE,1.2975960630083243,9,"set",12,"dez",5,0.15,9,9,"theta_pi","set"
"82376","Ze Doca","MA",-3.26916666,-45.65111111,"INMET diário",47,FALSE,0.6416362206086149,"alta (>=0.3)",TRUE,1.1064263318604395,9,"set",11,"nov",5,0.15,8,9,"theta_pi","set"
"82382","Chapadinha","MA",-3.74277777,-43.35222222,"INMET diário",50,FALSE,0.6944321327945419,"alta (>=0.3)",TRUE,1.1774773725616074,9,"set",11,"nov",5,0.15,9,9,"theta_pi","set"
"82460","Bacabal","MA",-4.22,-44.78,"INMET diário",47,FALSE,0.719180160567533,"alta (>=0.3)",TRUE,1.0204019494575298,8,"ago",10,"out",5,0.15,8,8,"theta_pi","ago"
"82476","Caxias","MA",-4.87,-43.36,"INMET diário",50,FALSE,0.7134673979882283,"alta (>=0.3)",TRUE,1.0552880143901004,9,"set",11,"nov",6,0.15,8,9,"theta_pi","set"
"82564","Imperatriz","MA",-5.54,-47.48,"INMET diário",83,FALSE,0.7186149594500684,"alta (>=0.3)",TRUE,0.6568815234623856,8,"ago",9,"set",5,0.15,8,8,"theta_pi","ago"
"82568","Grajaú","MA",-5.8,-46.45,"INMET diário",44,FALSE,0.5974285788277283,"alta (>=0.3)",TRUE,0.7733437372506172,8,"ago",9,"set",4,0.15,7,8,"theta_pi","ago"
"82571","Barra do Corda","MA",-5.51,-45.24,"INMET diário",57,FALSE,0.6552865568888058,"alta (>=0.3)",TRUE,0.5403415052965497,8,"ago",10,"out",5,0.15,8,8,"theta_pi","ago"
"82676","Colinas","MA",-6.03305554,-44.23333333,"INMET diário",49,FALSE,0.5683531921201924,"alta (>=0.3)",TRUE,0.4940481790520452,7,"jul",9,"set",4,0.15,7,7,"theta_pi","jul"
"82765","Carolina","MA",-7.34,-47.46,"INMET diário",73,FALSE,0.5640909031768183,"alta (>=0.3)",TRUE,0.5532323211966761,8,"ago",9,"set",4,0.15,7,8,"theta_pi","ago"
"82768","Balsas","MA",-7.52944443,-46.04638888,"INMET diário",46,FALSE,0.6263831656569323,"alta (>=0.3)",TRUE,0.1628453703918975,7,"jul",9,"set",5,0.15,7,7,"theta_pi","jul"
"82970","Alto Parnaiba","MA",-9.11,-45.95,"INMET diário",43,FALSE,0.60465217651038,"alta (>=0.3)",TRUE,0.424866181179155,7,"jul",9,"set",5,0.15,6,7,"theta_pi","jul"
"845003","Tasso Fragoso","MA",-8.3175,-45.9678,"Hidroweb diário",42,FALSE,0.6100442132027949,"alta (>=0.3)",TRUE,0.7026254578007076,8,"ago",9,"set",4,0.15,7,8,"theta_pi","ago"
"845004","Tasso Fragoso","MA",-8.1014,-45.5875,"Hidroweb diário",42,FALSE,0.5377524232539593,"alta (>=0.3)",TRUE,0.22402520421703045,7,"jul",9,"set",4,0.15,6,7,"theta_pi","jul"
"845005","Alto Parnaíba","MA",-8.8211,-45.9681,"Hidroweb diário",42,FALSE,0.6425536987073617,"alta (>=0.3)",TRUE,0.295045599549614,7,"jul",9,"set",5,0.15,6,7,"theta_pi","jul"
"846005","Tasso Fragoso","MA",-8.7736,-46.1183,"Hidroweb diário",41,FALSE,0.6216848527510507,"alta (>=0.3)",TRUE,0.2868693263995607,7,"jul",9,"set",5,0.15,6,7,"theta_pi","jul"
"945011","Alto Parnaíba","MA",-9.1131,-45.9261,"Hidroweb diário",43,FALSE,0.5896278994661481,"alta (>=0.3)",TRUE,0.4677276527644354,7,"jul",9,"set",5,0.15,6,7,"theta_pi","jul"
"1442021","Espinosa","MG",-14.9232007,-42.8093337,"Hidroweb diário",33,FALSE,0.6538611308558082,"alta (>=0.3)",TRUE,0.20370436916153878,7,"jul",9,"set",6,0.15,5,7,"theta_pi","jul"
"1443000","Manga","MG",-14.7864,-43.5514,"Hidroweb diário",39,FALSE,0.728760815840782,"alta (>=0.3)",TRUE,0.04793101688572613,7,"jul",9,"set",5,0.15,6,7,"theta_pi","jul"
"1443001","Manga","MG",-14.7567,-43.9322,"Hidroweb diário",88,FALSE,0.7142059207251614,"alta (>=0.3)",TRUE,6.1138985546188405,6,"jun",9,"set",5,0.15,5,6,"theta_pi","jun"
"1443003","Manga","MG",-14.2833,-43.9833,"Hidroweb diário",33,FALSE,0.6915901792120702,"alta (>=0.3)",TRUE,6.243220072969345,6,"jun",9,"set",5,0.15,5,6,"theta_pi","jun"
"1443004","Manga","MG",-14.7667,-43.5833,"Hidroweb diário",34,FALSE,0.6512536662737818,"alta (>=0.3)",TRUE,0.2954317298260885,7,"jul",9,"set",6,0.15,5,7,"theta_pi","jul"
"1443008","Manga","MG",-14.8667,-43.9167,"Hidroweb diário",33,FALSE,0.6884644307752874,"alta (>=0.3)",TRUE,6.148018409151034,6,"jun",9,"set",5,0.15,5,6,"theta_pi","jun"
"1443009","Manga","MG",-14.9333,-43.7,"Hidroweb diário",35,FALSE,0.6444252289980105,"alta (>=0.3)",TRUE,6.08458199386,6,"jun",9,"set",6,0.15,5,6,"theta_pi","jun"
"1444000","Montalvânia","MG",-14.3136,-44.4603,"Hidroweb diário",80,FALSE,0.7120456645725612,"alta (>=0.3)",TRUE,0.06314139721594655,7,"jul",9,"set",5,0.15,6,7,"theta_pi","jul"
"1444001","Montalvânia","MG",-14.4311,-44.4817,"Hidroweb diário",73,FALSE,0.6383835415560115,"alta (>=0.3)",TRUE,0.1004372404659704,7,"jul",9,"set",5,0.15,6,7,"theta_pi","jul"
"1444003","Manga","MG",-14.7475,-44.4111,"Hidroweb diário",58,FALSE,0.6618825594074796,"alta (>=0.3)",TRUE,0.09939701064974524,7,"jul",9,"set",5,0.15,6,7,"theta_pi","jul"
"1444004","Montalvânia","MG",-14.2658,-44.1572,"Hidroweb diário",61,FALSE,0.6741996164459255,"alta (>=0.3)",TRUE,0.2600411088273936,7,"jul",9,"set",5,0.15,6,7,"theta_pi","jul"
"1444005","Montalvânia","MG",-14.4230168,-44.3701782,"Hidroweb diário",53,FALSE,0.6754845803022532,"alta (>=0.3)",TRUE,0.07857790783454574,7,"jul",9,"set",5,0.15,6,7,"theta_pi","jul"
"1445000","Januária","MG",-14.8361,-45.1733,"Hidroweb diário",43,FALSE,0.6797910152355358,"alta (>=0.3)",TRUE,0.24635866837099923,7,"jul",9,"set",5,0.15,6,7,"theta_pi","jul"
"1540019","Jordania","MG",-15.8944,-40.1697,"Hidroweb diário",31,FALSE,0.6993265287723138,"alta (>=0.3)",TRUE,6.24717035856669,6,"jun",10,"out",6,0.15,9,6,"theta_pi","jun"
"1541002","Águas Vermelhas","MG",-15.746305,-41.4592963,"Hidroweb diário",31,FALSE,0.6809354222849625,"alta (>=0.3)",TRUE,6.227623862347883,6,"jun",9,"set",5,0.15,5,6,"theta_pi","jun"
"1541004","São João do Paraíso","MG",-15.4833,-41.4667,"Hidroweb diário",33,FALSE,0.6110742683035891,"alta (>=0.3)",TRUE,6.222609088900757,6,"jun",9,"set",5,0.15,8,6,"theta_pi","jun"
"1541010","Águas Vermelhas","MG",-15.5808,-41.4086,"Hidroweb diário",50,FALSE,0.656660247463016,"alta (>=0.3)",TRUE,0.011680790746366231,7,"jul",9,"set",5,0.15,8,7,"theta_pi","jul"
"1541013","São João do Paraíso","MG",-15.4897,-41.4578,"Hidroweb diário",41,FALSE,0.6117190963660037,"alta (>=0.3)",TRUE,6.252692284086068,6,"jun",9,"set",5,0.15,8,6,"theta_pi","jun"
"1542003","Rio Pardo de Minas","MG",-15.1667,-42.5,"Hidroweb diário",33,FALSE,0.716443191386553,"alta (>=0.3)",TRUE,0.03856316716990202,7,"jul",9,"set",5,0.15,5,7,"theta_pi","jul"
"1542009","São João do Paraíso","MG",-15.3,-42.1833,"Hidroweb diário",31,FALSE,0.6460286616130836,"alta (>=0.3)",TRUE,6.191974622806057,6,"jun",9,"set",5,0.15,6,6,"theta_pi","jun"
"1542014","São João do Paraíso","MG",-15.3167,-42.0228,"Hidroweb diário",49,FALSE,0.6298129764980248,"alta (>=0.3)",TRUE,6.177688293659767,6,"jun",9,"set",5,0.15,6,6,"theta_pi","jun"
"1542015","Rio Pardo de Minas","MG",-15.5983,-42.5475,"Hidroweb diário",50,FALSE,0.6820322096239506,"alta (>=0.3)",TRUE,6.186708765326337,6,"jun",9,"set",5,0.15,8,6,"theta_pi","jun"
"1542016","Porteirinha","MG",-15.6367,-42.943600000000004,"Hidroweb diário",42,FALSE,0.752272443226093,"alta (>=0.3)",TRUE,6.177865477374987,6,"jun",9,"set",6,0.15,5,6,"theta_pi","jun"
"1543001","Janaúba","MG",-15.6167,-43.5833,"Hidroweb diário",31,FALSE,0.7064885584711105,"alta (>=0.3)",TRUE,0.16234575865605105,7,"jul",9,"set",6,0.15,5,7,"theta_pi","jul"
"1543002","Jaíba","MG",-15.3411,-43.6753,"Hidroweb diário",62,FALSE,0.677859935484738,"alta (>=0.3)",TRUE,0.009918332823686614,7,"jul",9,"set",5,0.15,6,7,"theta_pi","jul"
"1543004","Monte Azul","MG",-15.0833,-43.1167,"Hidroweb diário",34,FALSE,0.6531589809287942,"alta (>=0.3)",TRUE,0.06129359039772099,7,"jul",9,"set",6,0.15,6,7,"theta_pi","jul"
"1543010","Riacho dos Machados","MG",-15.9833,-43.05,"Hidroweb diário",32,FALSE,0.7085804303842018,"alta (>=0.3)",TRUE,0.04760735102048175,7,"jul",9,"set",6,0.15,5,7,"theta_pi","jul"
"1543011","São João da Ponte","MG",-15.95,-43.8333,"Hidroweb diário",32,FALSE,0.6386620060455159,"alta (>=0.3)",TRUE,0.06897876764770927,7,"jul",9,"set",6,0.15,5,7,"theta_pi","jul"
"1543013","Janaúba","MG",-15.7756,-43.2797,"Hidroweb diário",57,FALSE,0.6858778426383084,"alta (>=0.3)",TRUE,0.012563877477457507,7,"jul",9,"set",5,0.15,6,7,"theta_pi","jul"
"1544010","Pedras de Maria da Cruz","MG",-15.6,-44.4,"Hidroweb diário",34,FALSE,0.6753660251537356,"alta (>=0.3)",TRUE,6.238746142184297,6,"jun",9,"set",5,0.15,5,6,"theta_pi","jun"
"1544012","São Francisco","MG",-15.9494,-44.8681,"Hidroweb diário",84,FALSE,0.7389315414164427,"alta (>=0.3)",TRUE,0.257477881347237,7,"jul",9,"set",5,0.15,6,7,"theta_pi","jul"
"1544013","São Francisco","MG",-15.95,-44.8667,"Hidroweb diário",52,FALSE,0.7300617255064964,"alta (>=0.3)",TRUE,0.16567914518642132,7,"jul",9,"set",5,0.15,6,7,"theta_pi","jul"
"1544014","São João da Ponte","MG",-15.9333,-44.0167,"Hidroweb diário",35,FALSE,0.7911024046702337,"alta (>=0.3)",TRUE,6.215616933000518,6,"jun",9,"set",6,0.15,5,6,"theta_pi","jun"
"1544015","Januária","MG",-15.4833,-44.3667,"Hidroweb diário",36,FALSE,0.7243590171470521,"alta (>=0.3)",TRUE,6.046264310529604,6,"jun",9,"set",5,0.15,6,6,"theta_pi","jun"
"1544017","Januária","MG",-15.5978,-44.3903,"Hidroweb diário",50,FALSE,0.7364359566505111,"alta (>=0.3)",TRUE,6.18129989845969,6,"jun",9,"set",6,0.15,6,6,"theta_pi","jun"
"1544018","Itacarambi","MG",-15.0225,-44.0536,"Hidroweb diário",48,FALSE,0.6936768119731839,"alta (>=0.3)",TRUE,0.0011990140988579286,7,"jul",9,"set",5,0.15,6,7,"theta_pi","jul"
"1544019","São João da Ponte","MG",-15.9303,-44.0042,"Hidroweb diário",48,FALSE,0.7014333762219852,"alta (>=0.3)",TRUE,0.1108889494717003,7,"jul",9,"set",5,0.15,6,7,"theta_pi","jul"
"1544030","Varzelândia","MG",-15.7042,-44.0286,"Hidroweb diário",43,FALSE,0.7227922973200319,"alta (>=0.3)",TRUE,0.04578671485252569,7,"jul",9,"set",6,0.15,6,7,"theta_pi","jul"
"1544032","Januária","MG",-15.4831,-44.7672,"Hidroweb diário",33,FALSE,0.686998811833682,"alta (>=0.3)",TRUE,0.08838500611992452,7,"jul",9,"set",5,0.15,6,7,"theta_pi","jul"
"1545002","São Francisco","MG",-15.5022,-45.39,"Hidroweb diário",42,FALSE,0.6339919842033868,"alta (>=0.3)",TRUE,0.11693460300134077,7,"jul",9,"set",5,0.15,6,7,"theta_pi","jul"
"1545004","São Francisco","MG",-15.295,-45.6267,"Hidroweb diário",31,FALSE,0.5874517803758781,"alta (>=0.3)",TRUE,0.17997478503222678,7,"jul",9,"set",5,0.15,6,7,"theta_pi","jul"
"1546000","Arinos","MG",-15.9178,-46.1192,"Hidroweb diário",62,FALSE,0.7328365118407959,"alta (>=0.3)",TRUE,0.18435620926310264,7,"jul",9,"set",5,0.15,6,7,"theta_pi","jul"
"1546001","Buritis","MG",-15.6158,-46.415,"Hidroweb diário",40,FALSE,0.5560877591528092,"alta (>=0.3)",TRUE,0.08718584010478332,7,"jul",9,"set",5,0.15,6,7,"theta_pi","jul"
"1546010","Buritis","MG",-15.5242,-46.2844,"Hidroweb diário",33,FALSE,0.6316157014340205,"alta (>=0.3)",TRUE,0.23098330659428887,7,"jul",9,"set",5,0.15,6,7,"theta_pi","jul"
"1640000","Jacinto","MG",-16.1386,-40.2903,"Hidroweb diário",74,FALSE,0.6899892040710832,"alta (>=0.3)",TRUE,6.02602016259727,6,"jun",9,"set",5,0.15,8,6,"theta_pi","jun"
"1640001","Almenara","MG",-16.1203,-40.7394,"Hidroweb diário",50,FALSE,0.586686651581839,"alta (>=0.3)",TRUE,6.249267977566552,6,"jun",9,"set",4,0.15,9,6,"theta_pi","jun"
"1640009","Rubim","MG",-16.3789,-40.5408,"Hidroweb diário",31,FALSE,0.6861456164822578,"alta (>=0.3)",TRUE,6.2171419308954174,6,"jun",9,"set",5,0.15,6,6,"theta_pi","jun"
"1641001","Itaobim","MG",-16.5683,-41.5031,"Hidroweb diário",75,FALSE,0.6566084925389519,"alta (>=0.3)",TRUE,6.26224974242399,6,"jun",9,"set",5,0.15,8,6,"theta_pi","jun"
"1641002","Jequitinhonha","MG",-16.4275,-41.0139,"Hidroweb diário",79,FALSE,0.600571382705399,"alta (>=0.3)",TRUE,0.11136386734268265,7,"jul",9,"set",5,0.15,8,7,"theta_pi","jul"
"1641007","Itaobim","MG",-16.6894,-41.4983,"Hidroweb diário",51,FALSE,0.6941060390506802,"alta (>=0.3)",TRUE,0.16625426696516096,7,"jul",9,"set",5,0.15,6,7,"theta_pi","jul"
"1641008","Pedra Azul","MG",-16,-41.2833,"Hidroweb diário",41,FALSE,0.5757632685574376,"alta (>=0.3)",TRUE,6.1935113927279595,6,"jun",9,"set",5,0.15,8,6,"theta_pi","jun"
"1641010","Itinga","MG",-16.6181,-41.7675,"Hidroweb diário",48,FALSE,0.6458869833826185,"alta (>=0.3)",TRUE,6.213083518168061,6,"jun",9,"set",5,0.15,6,6,"theta_pi","jun"
"1641011","Medina","MG",-16.23,-41.4808,"Hidroweb diário",48,FALSE,0.6149429663966529,"alta (>=0.3)",TRUE,0.45680766419050245,7,"jul",9,"set",5,0.15,9,7,"theta_pi","jul"
"1641012","Joaíma","MG",-16.5961,-41.0244,"Hidroweb diário",34,FALSE,0.6716364983927475,"alta (>=0.3)",TRUE,0.017711183968732343,7,"jul",9,"set",4,0.15,9,7,"theta_pi","jul"
"1641013","Comercinho","MG",-16.2961,-41.7903,"Hidroweb diário",31,FALSE,0.5751914424242901,"alta (>=0.3)",TRUE,0.14512223591044632,7,"jul",9,"set",5,0.15,9,7,"theta_pi","jul"
"1642002","Coronel Murta","MG",-16.6131,-42.1869,"Hidroweb diário",76,FALSE,0.6892156310886064,"alta (>=0.3)",TRUE,6.1736568188264656,6,"jun",9,"set",5,0.15,8,6,"theta_pi","jun"
"1642003","Grão Mogol","MG",-16.3167,-42.7,"Hidroweb diário",35,FALSE,0.6973422995054487,"alta (>=0.3)",TRUE,6.159836148634388,6,"jun",9,"set",5,0.15,8,6,"theta_pi","jun"
"1642005","Grão Mogol","MG",-16.5667,-42.9,"Hidroweb diário",36,FALSE,0.6896855036237276,"alta (>=0.3)",TRUE,6.190404666443688,6,"jun",9,"set",5,0.15,6,6,"theta_pi","jun"
"1642006","Grão Mogol","MG",-16.25,-42.8667,"Hidroweb diário",32,FALSE,0.7921988184552943,"alta (>=0.3)",TRUE,6.072153315268395,6,"jun",9,"set",6,0.15,4,6,"theta_pi","jun"
"1642007","Grão Mogol","MG",-16.6789,-42.4856,"Hidroweb diário",75,FALSE,0.6202740641733168,"alta (>=0.3)",TRUE,0.020926997457160288,7,"jul",9,"set",5,0.15,6,7,"theta_pi","jul"
"1642008","Rubelita","MG",-16.4119,-42.2683,"Hidroweb diário",46,FALSE,0.7592582704158317,"alta (>=0.3)",TRUE,6.105023288862082,6,"jun",10,"out",9,0.15,5,6,"theta_pi","jun"
"1642013","Virgem da Lapa","MG",-16.86,-42.3475,"Hidroweb diário",62,FALSE,0.7592874402083067,"alta (>=0.3)",TRUE,6.151647066790955,6,"jun",9,"set",6,0.15,6,6,"theta_pi","jun"
"1642014","Grão Mogol","MG",-16.5914,-42.9183,"Hidroweb diário",51,FALSE,0.7136362701708687,"alta (>=0.3)",TRUE,0.0032725038727067254,7,"jul",9,"set",5,0.15,6,7,"theta_pi","jul"
"1642026","Salinas","MG",-16.1931,-42.5942,"Hidroweb diário",34,FALSE,0.7465862329355935,"alta (>=0.3)",TRUE,6.188419142726973,6,"jun",9,"set",5,0.15,6,6,"theta_pi","jun"
"1642027","Coronel Murta","MG",-16.6178,-42.3089,"Hidroweb diário",34,FALSE,0.6280046178618139,"alta (>=0.3)",TRUE,0.04392032231671051,7,"jul",9,"set",5,0.15,8,7,"theta_pi","jul"
"1642028","Araçuaí","MG",-16.7608,-42.006100000000004,"Hidroweb diário",34,FALSE,0.6633073469851374,"alta (>=0.3)",TRUE,6.157996071084527,6,"jun",9,"set",5,0.15,6,6,"theta_pi","jun"
"1643003","Francisco Sá","MG",-16.3167,-43.4167,"Hidroweb diário",37,FALSE,0.6767061623259619,"alta (>=0.3)",TRUE,6.145603763896692,6,"jun",9,"set",5,0.15,5,6,"theta_pi","jun"
"1643004","Grão Mogol","MG",-16.2333,-43.2833,"Hidroweb diário",32,FALSE,0.6625487352499279,"alta (>=0.3)",TRUE,6.1904189200566355,6,"jun",9,"set",6,0.15,6,6,"theta_pi","jun"
"1643006","Montes Claros","MG",-16.9,-43.9,"Hidroweb diário",32,FALSE,0.7374317710873934,"alta (>=0.3)",TRUE,0.0696347724366141,7,"jul",9,"set",6,0.15,6,7,"theta_pi","jul"
"1643007","Juramento","MG",-16.8333,-43.6,"Hidroweb diário",33,FALSE,0.7558512990832789,"alta (>=0.3)",TRUE,6.235096472488196,6,"jun",9,"set",6,0.15,6,6,"theta_pi","jun"
"1643018","Montes Claros","MG",-16.7333,-43.8667,"Hidroweb diário",49,FALSE,0.8487966616203888,"alta (>=0.3)",TRUE,6.151852458279928,6,"jun",9,"set",6,0.15,6,6,"theta_pi","jun"
"1643020","Capitão Enéas","MG",-16.3222,-43.715,"Hidroweb diário",31,FALSE,0.6753020384595951,"alta (>=0.3)",TRUE,0.17353362881498327,7,"jul",9,"set",6,0.15,5,7,"theta_pi","jul"
"1644000","Coração de Jesus","MG",-16.4333,-44.2833,"Hidroweb diário",33,FALSE,0.6999235505191728,"alta (>=0.3)",TRUE,6.2775721702689955,7,"jul",9,"set",5,0.15,5,7,"theta_pi","jul"
"1644001","Coração de Jesus","MG",-16.6667,-44.3667,"Hidroweb diário",38,FALSE,0.6231243731224884,"alta (>=0.3)",TRUE,0.08605858409036889,7,"jul",9,"set",6,0.15,4,7,"theta_pi","jul"
"1644002","Brasília de Minas","MG",-16.2,-44.4333,"Hidroweb diário",34,FALSE,0.6254249947117163,"alta (>=0.3)",TRUE,6.199130746930163,6,"jun",9,"set",5,0.15,6,6,"theta_pi","jun"
"1644012","Ibiaí","MG",-16.8667,-44.9167,"Hidroweb diário",35,FALSE,0.7400636629244868,"alta (>=0.3)",TRUE,6.226539402547014,6,"jun",9,"set",5,0.15,6,6,"theta_pi","jun"
"1644015","Brasília de Minas","MG",-16.1,-44.5833,"Hidroweb diário",34,FALSE,0.627771309456809,"alta (>=0.3)",TRUE,0.08103715348567311,7,"jul",9,"set",5,0.15,6,7,"theta_pi","jul"
"1644018","Mirabela","MG",-16.1333,-44.2167,"Hidroweb diário",31,FALSE,0.5580516943779635,"alta (>=0.3)",TRUE,0.3016590966572907,7,"jul",9,"set",5,0.15,6,7,"theta_pi","jul"
"1644019","Coração de Jesus","MG",-16.6833,-44.55,"Hidroweb diário",31,FALSE,0.5690860657946191,"alta (>=0.3)",TRUE,0.19625443311522722,7,"jul",9,"set",5,0.15,6,7,"theta_pi","jul"
"1644022","Coração de Jesus","MG",-16.5333,-44.5333,"Hidroweb diário",31,FALSE,0.8339268904448558,"alta (>=0.3)",TRUE,6.038269742306758,6,"jun",9,"set",5,0.15,5,6,"theta_pi","jun"
"1644025","Claro dos Poções","MG",-16.9667,-44.2667,"Hidroweb diário",35,FALSE,0.642643368683224,"alta (>=0.3)",TRUE,6.272740921356081,7,"jul",9,"set",5,0.15,6,7,"theta_pi","jul"
"1644027","Brasília de Minas","MG",-16.2064,-44.4253,"Hidroweb diário",51,FALSE,0.6594546357911802,"alta (>=0.3)",TRUE,0.1627697746594937,7,"jul",9,"set",5,0.15,6,7,"theta_pi","jul"
"1644028","Montes Claros","MG",-16.7025,-44.1172,"Hidroweb diário",50,FALSE,0.7876923987121404,"alta (>=0.3)",TRUE,0.44517021419332903,7,"jul",9,"set",5,0.15,6,7,"theta_pi","jul"
"1645000","São Romão","MG",-16.3717,-45.0828,"Hidroweb diário",74,FALSE,0.7136697855209444,"alta (>=0.3)",TRUE,0.11345215309029696,7,"jul",9,"set",5,0.15,6,7,"theta_pi","jul"
"1645001","São Romão","MG",-16.3667,-45.0667,"Hidroweb diário",41,FALSE,0.7080791154697013,"alta (>=0.3)",TRUE,0.07902173506113659,7,"jul",9,"set",6,0.15,5,7,"theta_pi","jul"
"1645002","São Romão","MG",-16.2817,-45.4142,"Hidroweb diário",58,FALSE,0.7209492712114147,"alta (>=0.3)",TRUE,0.06484689649288768,7,"jul",9,"set",5,0.15,6,7,"theta_pi","jul"
"1645003","São Romão","MG",-16.2686,-45.2378,"Hidroweb diário",68,FALSE,0.7206349536658696,"alta (>=0.3)",TRUE,0.21857787293961256,7,"jul",9,"set",6,0.15,6,7,"theta_pi","jul"
"1645005","São Francisco","MG",-16.1336,-45.7422,"Hidroweb diário",59,FALSE,0.6426214754985385,"alta (>=0.3)",TRUE,0.11200755451918293,7,"jul",9,"set",5,0.15,6,7,"theta_pi","jul"
"1645007","Santa Fé de Minas","MG",-16.9089,-45.3786,"Hidroweb diário",60,FALSE,0.6775516006211995,"alta (>=0.3)",TRUE,6.230355922587001,6,"jun",9,"set",6,0.15,5,6,"theta_pi","jun"
"1645009","Buritizeiro","MG",-16.6569,-45.0808,"Hidroweb diário",53,FALSE,0.7315372413922667,"alta (>=0.3)",TRUE,0.08069158254773127,7,"jul",9,"set",5,0.15,6,7,"theta_pi","jul"
"1645013","Buritizeiro","MG",-16.8072,-45.0303,"Hidroweb diário",52,FALSE,0.6828551189015613,"alta (>=0.3)",TRUE,0.07417240998451466,7,"jul",9,"set",5,0.15,6,7,"theta_pi","jul"
"1645019","São Romão","MG",-16.4286,-45.7422,"Hidroweb diário",42,FALSE,0.7064472743204125,"alta (>=0.3)",TRUE,0.0018191983474575306,7,"jul",9,"set",6,0.15,6,7,"theta_pi","jul"
"1646000","Dom Bosco","MG",-16.8297,-46.3222,"Hidroweb diário",61,FALSE,0.6596201657017943,"alta (>=0.3)",TRUE,0.2871394148036059,7,"jul",9,"set",5,0.15,6,7,"theta_pi","jul"
"1646001","Unaí","MG",-16.3514,-46.8897,"Hidroweb diário",58,FALSE,0.6769271392523333,"alta (>=0.3)",TRUE,0.3254182906974546,7,"jul",9,"set",5,0.15,6,7,"theta_pi","jul"
"1646003","Unaí","MG",-16.5297,-46.7211,"Hidroweb diário",51,FALSE,0.7341029589401822,"alta (>=0.3)",TRUE,0.26413333879706813,7,"jul",9,"set",5,0.15,6,7,"theta_pi","jul"
"1646004","Unaí","MG",-16.5028,-46.6628,"Hidroweb diário",45,FALSE,0.5673360888837546,"alta (>=0.3)",TRUE,0.004240498437613313,7,"jul",9,"set",5,0.15,6,7,"theta_pi","jul"
"1647008","Unaí","MG",-16.2089,-47.2325,"Hidroweb diário",46,FALSE,0.6636160132476653,"alta (>=0.3)",TRUE,0.19775685572245777,7,"jul",9,"set",5,0.15,6,7,"theta_pi","jul"
"1740000","Carlos Chagas","MG",-17.7056,-40.7597,"Hidroweb diário",78,FALSE,0.6336884973591789,"alta (>=0.3)",TRUE,6.246133948253626,6,"jun",9,"set",5,0.15,8,6,"theta_pi","jun"
"1740001","Nanuque","MG",-17.8375,-40.3772,"Hidroweb diário",81,FALSE,0.6326486495552925,"alta (>=0.3)",TRUE,6.255705558723732,6,"jun",9,"set",5,0.15,8,6,"theta_pi","jun"
"1740002","Nanuque","MG",-17.9167,-40.3,"Hidroweb diário",33,FALSE,0.6709371021055224,"alta (>=0.3)",TRUE,6.1523471170746875,6,"jun",9,"set",5,0.15,8,6,"theta_pi","jun"
"1740026","Umburatiba","MG",-17.3203,-40.6761,"Hidroweb diário",47,FALSE,0.6022416290083478,"alta (>=0.3)",TRUE,6.256570417162544,6,"jun",9,"set",4,0.15,8,6,"theta_pi","jun"
"1740033","Águas Formosas","MG",-17.0825,-40.9408,"Hidroweb diário",31,FALSE,0.5657584009557373,"alta (>=0.3)",TRUE,6.280973412630431,7,"jul",9,"set",5,0.15,9,7,"theta_pi","jul"
"1741001","Teófilo Otoni","MG",-17.595,-41.4928,"Hidroweb diário",59,FALSE,0.6790070384464522,"alta (>=0.3)",TRUE,6.115718953808718,6,"jun",9,"set",5,0.15,6,6,"theta_pi","jun"
"1741003","Teófilo Otoni","MG",-17.4911,-41.2394,"Hidroweb diário",51,FALSE,0.6319592598148599,"alta (>=0.3)",TRUE,6.234349150311412,6,"jun",9,"set",5,0.15,6,6,"theta_pi","jun"
"1741006","Ladainha","MG",-17.6294,-41.7372,"Hidroweb diário",60,FALSE,0.6904086323443273,"alta (>=0.3)",TRUE,6.1480323981899945,6,"jun",9,"set",5,0.15,9,6,"theta_pi","jun"
"1741007","Teófilo Otoni","MG",-17.8803,-41.3147,"Hidroweb diário",46,FALSE,0.706758414159105,"alta (>=0.3)",TRUE,6.253176003035375,6,"jun",9,"set",5,0.15,9,6,"theta_pi","jun"
"1741009","Carlos Chagas","MG",-17.7386,-41.1211,"Hidroweb diário",76,FALSE,0.6714946776264675,"alta (>=0.3)",TRUE,6.112286083165734,6,"jun",9,"set",5,0.15,8,6,"theta_pi","jun"
"1741013","Padre Paraíso","MG",-17.0728,-41.4831,"Hidroweb diário",48,FALSE,0.6799289265777009,"alta (>=0.3)",TRUE,6.181550771752991,6,"jun",9,"set",5,0.15,8,6,"theta_pi","jun"
"1742008","Carbonita","MG",-17.5794,-42.995,"Hidroweb diário",67,FALSE,0.6775551956059759,"alta (>=0.3)",TRUE,0.016988427570572475,7,"jul",9,"set",5,0.15,6,7,"theta_pi","jul"
"1742014","Capelinha","MG",-17.6917,-42.5261,"Hidroweb diário",50,FALSE,0.7732511984951219,"alta (>=0.3)",TRUE,6.200351435093235,6,"jun",9,"set",5,0.15,7,6,"theta_pi","jun"
"1742017","Malacacheta","MG",-17.8456,-42.0756,"Hidroweb diário",50,FALSE,0.7030974619526522,"alta (>=0.3)",TRUE,6.179801164189744,6,"jun",9,"set",5,0.15,6,6,"theta_pi","jun"
"1742019","Água Boa","MG",-17.9922,-42.3939,"Hidroweb diário",42,FALSE,0.6670933731086988,"alta (>=0.3)",TRUE,6.26796793026312,7,"jul",9,"set",5,0.15,6,7,"theta_pi","jul"
"1742020","Araçuaí","MG",-16.9711,-42.1156,"Hidroweb diário",41,FALSE,0.8035165507723722,"alta (>=0.3)",TRUE,6.087789195103565,6,"jun",9,"set",5,0.15,8,6,"theta_pi","jun"
"1742022","Turmalina","MG",-17.2825,-42.8078,"Hidroweb diário",34,FALSE,0.7287879628234875,"alta (>=0.3)",TRUE,6.170883121867948,6,"jun",9,"set",5,0.15,8,6,"theta_pi","jun"
"1742023","Minas Novas","MG",-17.2192,-42.5889,"Hidroweb diário",34,FALSE,0.7059599232384799,"alta (>=0.3)",TRUE,6.153525755973149,6,"jun",9,"set",5,0.15,8,6,"theta_pi","jun"
"1743002","Bocaiúva","MG",-17.3128,-43.2078,"Hidroweb diário",72,FALSE,0.6281201161559428,"alta (>=0.3)",TRUE,0.004836404138646534,7,"jul",9,"set",5,0.15,6,7,"theta_pi","jul"
"1743016","Itacambira","MG",-17.0694,-43.3131,"Hidroweb diário",31,FALSE,0.6841775718735791,"alta (>=0.3)",TRUE,0.048550564887629266,7,"jul",9,"set",5,0.15,8,7,"theta_pi","jul"
"1744009","Várzea da Palma","MG",-17.5961,-44.7011,"Hidroweb diário",83,FALSE,0.7690768189479484,"alta (>=0.3)",TRUE,0.12834390985292948,7,"jul",9,"set",6,0.15,6,7,"theta_pi","jul"
"1744010","Lassance","MG",-17.89,-44.5767,"Hidroweb diário",78,FALSE,0.7095843223529,"alta (>=0.3)",TRUE,0.13070958208461061,7,"jul",9,"set",5,0.15,6,7,"theta_pi","jul"
"1744025","Pirapora","MG",-17.35,-44.95,"Hidroweb diário",44,FALSE,0.6987334493531885,"alta (>=0.3)",TRUE,6.250963796853498,6,"jun",9,"set",6,0.15,6,6,"theta_pi","jun"
"1744026","Pirapora","MG",-17.3667,-44.9333,"Hidroweb diário",35,FALSE,0.7195659626537692,"alta (>=0.3)",TRUE,0.18909390204993734,7,"jul",9,"set",5,0.15,6,7,"theta_pi","jul"
"1744030","Buenópolis","MG",-17.9953,-44.1767,"Hidroweb diário",42,FALSE,0.6315859282888001,"alta (>=0.3)",TRUE,6.209401259505642,6,"jun",9,"set",5,0.15,6,6,"theta_pi","jun"
"1745000","João Pinheiro","MG",-17.1458,-45.8803,"Hidroweb diário",47,FALSE,0.7176665091463446,"alta (>=0.3)",TRUE,0.02612488722206124,7,"jul",9,"set",5,0.15,6,7,"theta_pi","jul"
"1745001","Buritizeiro","MG",-17.1111,-45.4378,"Hidroweb diário",55,FALSE,0.6448137693907415,"alta (>=0.3)",TRUE,0.0979974287733347,7,"jul",9,"set",5,0.15,6,7,"theta_pi","jul"
"1745007","João Pinheiro","MG",-17.0269,-45.5406,"Hidroweb diário",36,FALSE,0.6818312848681084,"alta (>=0.3)",TRUE,0.026134242688614476,7,"jul",9,"set",6,0.15,6,7,"theta_pi","jul"
"1745014","João Pinheiro","MG",-17.8253,-45.4792,"Hidroweb diário",35,FALSE,0.6389506456957138,"alta (>=0.3)",TRUE,0.061098952172226266,7,"jul",9,"set",5,0.15,6,7,"theta_pi","jul"
"1746001","João Pinheiro","MG",-17.0308,-46.0136,"Hidroweb diário",61,FALSE,0.6920270193179316,"alta (>=0.3)",TRUE,6.201703575097648,6,"jun",9,"set",5,0.15,6,6,"theta_pi","jun"
"1746002","Paracatu","MG",-17.2553,-46.4739,"Hidroweb diário",58,FALSE,0.713618542957313,"alta (>=0.3)",TRUE,0.04370191407436706,7,"jul",9,"set",5,0.15,6,7,"theta_pi","jul"
"1746006","João Pinheiro","MG",-17.6636,-46.355,"Hidroweb diário",41,FALSE,0.6841538367294372,"alta (>=0.3)",TRUE,0.13865008086558406,7,"jul",9,"set",6,0.15,6,7,"theta_pi","jul"
"1746007","Paracatu","MG",-17.4972,-46.5817,"Hidroweb diário",52,FALSE,0.6919638892173008,"alta (>=0.3)",TRUE,0.027695053263224172,7,"jul",9,"set",5,0.15,6,7,"theta_pi","jul"
"1746017","Paracatu","MG",-17.0419,-46.8178,"Hidroweb diário",36,FALSE,0.6998913166149975,"alta (>=0.3)",TRUE,0.24722866536742835,7,"jul",9,"set",5,0.15,6,7,"theta_pi","jul"
"1746018","Claro dos Poções","MG",-17.9156,-47.0106,"Hidroweb diário",47,FALSE,0.7224083887230975,"alta (>=0.3)",TRUE,0.27584117794774865,7,"jul",9,"set",5,0.15,6,7,"theta_pi","jul"
"1746019","Guarda-mor","MG",-17.6133,-46.8592,"Hidroweb diário",36,FALSE,0.6555592679619492,"alta (>=0.3)",TRUE,0.09460771450735454,7,"jul",9,"set",5,0.15,6,7,"theta_pi","jul"
"1747005","Guarda-mor","MG",-17.7725,-47.0986,"Hidroweb diário",52,FALSE,0.6493017999397357,"alta (>=0.3)",TRUE,0.11921621009544717,7,"jul",9,"set",5,0.15,6,7,"theta_pi","jul"
"1841001","Mathias Lobato","MG",-18.5747,-41.9178,"Hidroweb diário",85,FALSE,0.6833757977931569,"alta (>=0.3)",TRUE,0.05947246806778191,7,"jul",9,"set",5,0.15,8,7,"theta_pi","jul"
"1841003","Campanário","MG",-18.2386,-41.7486,"Hidroweb diário",79,FALSE,0.7122493524982679,"alta (>=0.3)",TRUE,6.230677574213265,6,"jun",9,"set",5,0.15,6,6,"theta_pi","jun"
"1841006","Mantena","MG",-18.6811,-41.1967,"Hidroweb diário",55,FALSE,0.7331193138229241,"alta (>=0.3)",TRUE,0.013423671070166922,7,"jul",9,"set",5,0.15,6,7,"theta_pi","jul"
"1841007","Ataléia","MG",-18.2031,-41.2483,"Hidroweb diário",61,FALSE,0.6079384507605252,"alta (>=0.3)",TRUE,0.08815155498086646,7,"jul",9,"set",5,0.15,6,7,"theta_pi","jul"
"1841008","Ataléia","MG",-18.0469,-41.1144,"Hidroweb diário",59,FALSE,0.5957458531255843,"alta (>=0.3)",TRUE,6.248416528330969,6,"jun",9,"set",5,0.15,6,6,"theta_pi","jun"
"1841011","Tumiritinga","MG",-18.9764,-41.6403,"Hidroweb diário",52,FALSE,0.6103919629958089,"alta (>=0.3)",TRUE,0.01599982675751986,7,"jul",9,"set",5,0.15,7,7,"theta_pi","jul"
"1841018","Central de Minas","MG",-18.7631,-41.3083,"Hidroweb diário",50,FALSE,0.6775240716173336,"alta (>=0.3)",TRUE,6.162053046452191,6,"jun",9,"set",5,0.15,7,6,"theta_pi","jun"
"1841019","Divino das Laranjeiras","MG",-18.7769,-41.4828,"Hidroweb diário",41,FALSE,0.6849865590576787,"alta (>=0.3)",TRUE,6.182850500457503,6,"jun",9,"set",5,0.15,7,6,"theta_pi","jun"
"1841020","Governador Valadares","MG",-18.8831,-41.9503,"Hidroweb diário",41,FALSE,0.7039167660092959,"alta (>=0.3)",TRUE,6.137453660953188,6,"jun",9,"set",5,0.15,7,6,"theta_pi","jun"
"1841021","São José do Divino","MG",-18.4886,-41.3925,"Hidroweb diário",31,FALSE,0.7574041701905612,"alta (>=0.3)",TRUE,6.25448658579638,6,"jun",9,"set",5,0.15,7,6,"theta_pi","jun"
"1842004","São Pedro do Suaçuí","MG",-18.3631,-42.6022,"Hidroweb diário",82,FALSE,0.6550760914966409,"alta (>=0.3)",TRUE,6.2569164802889405,6,"jun",9,"set",5,0.15,8,6,"theta_pi","jun"
"1842005","Coroaci","MG",-18.6119,-42.2786,"Hidroweb diário",84,FALSE,0.7057904151389323,"alta (>=0.3)",TRUE,0.06154010583162793,7,"jul",9,"set",5,0.15,8,7,"theta_pi","jul"
"1842007","Guanhães","MG",-18.7722,-42.9311,"Hidroweb diário",70,FALSE,0.6487325016750652,"alta (>=0.3)",TRUE,0.12347094571304162,7,"jul",9,"set",5,0.15,8,7,"theta_pi","jul"
"1842008","Santa Maria do Suaçuí","MG",-18.2011,-42.4553,"Hidroweb diário",55,FALSE,0.6488207650843898,"alta (>=0.3)",TRUE,6.200909773391316,6,"jun",9,"set",5,0.15,8,6,"theta_pi","jun"
"1842020","São João Evangelista","MG",-18.5528,-42.7642,"Hidroweb diário",42,FALSE,0.6701937433653796,"alta (>=0.3)",TRUE,6.199244169222931,6,"jun",9,"set",5,0.15,7,6,"theta_pi","jun"
"1843000","Presidente Juscelino","MG",-18.6356,-43.9658,"Hidroweb diário",83,FALSE,0.6891024715680157,"alta (>=0.3)",TRUE,0.03869807962540491,7,"jul",9,"set",5,0.15,6,7,"theta_pi","jul"
"1843002","Gouvéia","MG",-18.4656,-43.7431,"Hidroweb diário",80,FALSE,0.6759262092933376,"alta (>=0.3)",TRUE,0.15453111847136516,7,"jul",9,"set",5,0.15,7,7,"theta_pi","jul"
"1843003","Diamantina","MG",-18.1133,-43.5203,"Hidroweb diário",73,FALSE,0.7179198888365994,"alta (>=0.3)",TRUE,0.02004261103108292,7,"jul",9,"set",5,0.15,7,7,"theta_pi","jul"
"1843011","Serro","MG",-18.5928,-43.4125,"Hidroweb diário",41,FALSE,0.6418164909084058,"alta (>=0.3)",TRUE,0.045485205455412854,7,"jul",9,"set",5,0.15,7,7,"theta_pi","jul"
"1843012","Rio Vermelho","MG",-18.2797,-43.0006,"Hidroweb diário",41,FALSE,0.6228144716051567,"alta (>=0.3)",TRUE,6.279018811197018,7,"jul",9,"set",5,0.15,8,7,"theta_pi","jul"
"1844000","Curvelo","MG",-18.7661,-44.4261,"Hidroweb diário",59,FALSE,0.7247591708553544,"alta (>=0.3)",TRUE,0.09791696352964559,7,"jul",9,"set",5,0.15,7,7,"theta_pi","jul"
"1844001","Santo Hipólito","MG",-18.3061,-44.2258,"Hidroweb diário",83,FALSE,0.6671751987056327,"alta (>=0.3)",TRUE,6.23062674688794,6,"jun",9,"set",5,0.15,6,6,"theta_pi","jun"
"1844003","Curvelo","MG",-18.6819,-44.6761,"Hidroweb diário",35,FALSE,0.699573868118264,"alta (>=0.3)",TRUE,0.2444751167300625,7,"jul",9,"set",5,0.15,7,7,"theta_pi","jul"
"1844009","Presidente Juscelino","MG",-18.6439,-44.0481,"Hidroweb diário",46,FALSE,0.6437752896141217,"alta (>=0.3)",TRUE,0.10838034754416029,7,"jul",9,"set",5,0.15,6,7,"theta_pi","jul"
"1844010","Presidente Juscelino","MG",-18.6714,-44.1914,"Hidroweb diário",52,FALSE,0.7464677579478668,"alta (>=0.3)",TRUE,0.06890664649518212,7,"jul",9,"set",5,0.15,6,7,"theta_pi","jul"
"1844017","Corinto","MG",-18.3722,-44.443600000000004,"Hidroweb diário",42,FALSE,0.7270904202883901,"alta (>=0.3)",TRUE,0.03666737937710026,7,"jul",9,"set",5,0.15,6,7,"theta_pi","jul"
"1844018","Corinto","MG",-18.1908,-44.5556,"Hidroweb diário",39,FALSE,0.6889132086450235,"alta (>=0.3)",TRUE,6.2146520797965294,6,"jun",10,"out",7,0.15,6,6,"theta_pi","jun"
"1844019","Morro da Garça","MG",-18.5417,-44.5989,"Hidroweb diário",37,FALSE,0.703425725939797,"alta (>=0.3)",TRUE,0.010482715936761504,7,"jul",9,"set",6,0.15,6,7,"theta_pi","jul"
"1845002","São Gonçalo do Abaeté","MG",-18.4644,-45.6467,"Hidroweb diário",52,FALSE,0.65144699860103,"alta (>=0.3)",TRUE,0.19453534034941158,7,"jul",9,"set",5,0.15,6,7,"theta_pi","jul"
"1845004","Tiros","MG",-18.8414,-45.8514,"Hidroweb diário",49,FALSE,0.6557314051184734,"alta (>=0.3)",TRUE,0.11737585949626883,7,"jul",9,"set",5,0.15,7,7,"theta_pi","jul"
"1845013","São Gonçalo do Abaeté","MG",-18.3436,-45.8367,"Hidroweb diário",65,FALSE,0.6900669319262746,"alta (>=0.3)",TRUE,0.17466182950711562,7,"jul",9,"set",5,0.15,6,7,"theta_pi","jul"
"1845014","Tiros","MG",-18.9997,-45.9661,"Hidroweb diário",60,FALSE,0.7791288767068536,"alta (>=0.3)",TRUE,6.256813102492909,6,"jun",9,"set",5,0.15,6,6,"theta_pi","jun"
"1845021","São Gonçalo do Abaeté","MG",-18.0383,-45.5236,"Hidroweb diário",51,FALSE,0.6621126439736295,"alta (>=0.3)",TRUE,0.2082095274848752,7,"jul",9,"set",5,0.15,6,7,"theta_pi","jul"
"1845027","Três Marias","MG",-17.9581,-45.1022,"Hidroweb diário",39,FALSE,0.69202780611295,"alta (>=0.3)",TRUE,0.2551509003281804,7,"jul",9,"set",5,0.15,6,7,"theta_pi","jul"
"1846002","Patrocínio","MG",-18.93,-46.9667,"Hidroweb diário",58,FALSE,0.7245833239293537,"alta (>=0.3)",TRUE,0.10665627847856005,7,"jul",9,"set",5,0.15,7,7,"theta_pi","jul"
"1846003","Patos de Minas","MG",-18.7069,-46.0369,"Hidroweb diário",57,FALSE,0.7192467229185057,"alta (>=0.3)",TRUE,0.09295624508900939,7,"jul",9,"set",5,0.15,7,7,"theta_pi","jul"
"1846004","Guimarania","MG",-18.8497,-46.8008,"Hidroweb diário",52,FALSE,0.7736666613682441,"alta (>=0.3)",TRUE,0.2990465279493142,7,"jul",9,"set",5,0.15,7,7,"theta_pi","jul"
"1846005","Presidente Olegário","MG",-18.4125,-46.4222,"Hidroweb diário",50,FALSE,0.6695822762299884,"alta (>=0.3)",TRUE,0.17655840833273795,7,"jul",9,"set",5,0.15,7,7,"theta_pi","jul"
"1846006","Coromandel","MG",-18.5594,-46.8003,"Hidroweb diário",49,FALSE,0.7298064777256216,"alta (>=0.3)",TRUE,0.16563508128018253,7,"jul",9,"set",5,0.15,6,7,"theta_pi","jul"
"1846007","Patos de Minas","MG",-18.8411,-46.5508,"Hidroweb diário",59,FALSE,0.671830197532548,"alta (>=0.3)",TRUE,0.166992712675399,7,"jul",8,"ago",4,0.15,7,7,"theta_pi","jul"
"1846015","Vazante","MG",-18.005,-46.9111,"Hidroweb diário",61,FALSE,0.6334104223211328,"alta (>=0.3)",TRUE,0.30758651126777525,7,"jul",9,"set",5,0.15,6,7,"theta_pi","jul"
"1846016","Presidente Olegário","MG",-18.0339,-46.4194,"Hidroweb diário",67,FALSE,0.7271854347534228,"alta (>=0.3)",TRUE,0.2037402237044936,7,"jul",9,"set",5,0.15,6,7,"theta_pi","jul"
"1846017","Patos de Minas","MG",-18.6411,-46.3344,"Hidroweb diário",66,FALSE,0.7062107041973816,"alta (>=0.3)",TRUE,6.250632010147975,6,"jun",9,"set",5,0.15,6,6,"theta_pi","jun"
"1846018","Patos de Minas","MG",-18.6,-46.5167,"Hidroweb diário",49,FALSE,0.6339780375292159,"alta (>=0.3)",TRUE,0.13730810257658263,7,"jul",9,"set",5,0.15,7,7,"theta_pi","jul"
"1846019","Patos de Minas","MG",-18.3736,-46.915,"Hidroweb diário",48,FALSE,0.7466174452286882,"alta (>=0.3)",TRUE,0.07448281330679421,7,"jul",9,"set",5,0.15,7,7,"theta_pi","jul"
"1846023","Lagamar","MG",-18.1828,-46.8042,"Hidroweb diário",40,FALSE,0.6432688785739193,"alta (>=0.3)",TRUE,0.192475590824063,7,"jul",9,"set",5,0.15,7,7,"theta_pi","jul"
"1847000","Monte Carmelo","MG",-18.7206,-47.5244,"Hidroweb diário",75,FALSE,0.7042451612159893,"alta (>=0.3)",TRUE,0.10616716198021399,7,"jul",9,"set",5,0.15,7,7,"theta_pi","jul"
"1847001","Estrela do Sul","MG",-18.7381,-47.69,"Hidroweb diário",82,FALSE,0.7432790254488444,"alta (>=0.3)",TRUE,0.304522492408346,7,"jul",9,"set",5,0.15,7,7,"theta_pi","jul"
"1847003","Abadia dos Dourados","MG",-18.4911,-47.4064,"Hidroweb diário",80,FALSE,0.6653765947889244,"alta (>=0.3)",TRUE,0.02536951299109285,7,"jul",9,"set",5,0.15,7,7,"theta_pi","jul"
"1847007","Cascalho Rico","MG",-18.5789,-47.8792,"Hidroweb diário",50,FALSE,0.6322469630431461,"alta (>=0.3)",TRUE,0.368872928548853,7,"jul",9,"set",5,0.15,6,7,"theta_pi","jul"
"1847008","Coromandel","MG",-18.4711,-47.1883,"Hidroweb diário",35,FALSE,0.7359959450210029,"alta (>=0.3)",TRUE,0.1952685517018254,7,"jul",9,"set",5,0.15,7,7,"theta_pi","jul"
"1847010","Iraí de Minas","MG",-18.9819,-47.4575,"Hidroweb diário",59,FALSE,0.7184449828859497,"alta (>=0.3)",TRUE,0.06211887934701203,7,"jul",8,"ago",4,0.15,7,7,"theta_pi","jul"
"1848000","Monte Alegre de Minas","MG",-18.8722,-48.8694,"Hidroweb diário",80,FALSE,0.6341844920873032,"alta (>=0.3)",TRUE,0.12552394654109245,7,"jul",9,"set",5,0.15,8,7,"theta_pi","jul"
"1848004","Tupaciguara","MG",-18.6983,-48.7819,"Hidroweb diário",57,FALSE,0.7050536851017544,"alta (>=0.3)",TRUE,0.22081921849514424,7,"jul",9,"set",5,0.15,7,7,"theta_pi","jul"
"1848006","Tupaciguara","MG",-18.6008,-48.6908,"Hidroweb diário",51,FALSE,0.7141085824468391,"alta (>=0.3)",TRUE,0.20486220355506857,7,"jul",9,"set",5,0.15,7,7,"theta_pi","jul"
"1848008","Tupaciguara","MG",-18.4922,-48.9028,"Hidroweb diário",49,FALSE,0.6579410656500606,"alta (>=0.3)",TRUE,0.26392847586936097,7,"jul",9,"set",5,0.15,7,7,"theta_pi","jul"
"1848009","Monte Alegre de Minas","MG",-18.8625,-48.5839,"Hidroweb diário",50,FALSE,0.657128617649514,"alta (>=0.3)",TRUE,0.1395627176508783,7,"jul",9,"set",5,0.15,7,7,"theta_pi","jul"
"1848010","Araguari","MG",-18.6511,-48.2092,"Hidroweb diário",47,FALSE,0.7140824414518582,"alta (>=0.3)",TRUE,0.08192506202824297,7,"jul",9,"set",5,0.15,7,7,"theta_pi","jul"
"1849000","Ituiutaba","MG",-18.9411,-49.4631,"Hidroweb diário",49,FALSE,0.6857545599831872,"alta (>=0.3)",TRUE,0.4237069303620262,7,"jul",8,"ago",4,0.15,7,7,"theta_pi","jul"
"1849002","Ipiaçu","MG",-18.6919,-49.9486,"Hidroweb diário",50,FALSE,0.6118428396157684,"alta (>=0.3)",TRUE,0.2129707734706746,7,"jul",8,"ago",4,0.15,7,7,"theta_pi","jul"
"1849006","Canápolis","MG",-18.7719,-49.0697,"Hidroweb diário",51,FALSE,0.5815164448304174,"alta (>=0.3)",TRUE,0.14366723183916486,7,"jul",9,"set",5,0.15,7,7,"theta_pi","jul"
"1849017","Capinópolis","MG",-18.6833,-49.5667,"Hidroweb diário",40,FALSE,0.669639762385049,"alta (>=0.3)",TRUE,0.27698614219341094,7,"jul",9,"set",5,0.15,7,7,"theta_pi","jul"
"1941000","Ipanema","MG",-19.7989,-41.7061,"Hidroweb diário",82,FALSE,0.6557916880984495,"alta (>=0.3)",TRUE,0.027849739484390075,7,"jul",9,"set",5,0.15,7,7,"theta_pi","jul"
"1941004","Resplendor","MG",-19.3431,-41.2461,"Hidroweb diário",82,FALSE,0.7077169013934274,"alta (>=0.3)",TRUE,0.022012296265094457,7,"jul",9,"set",5,0.15,8,7,"theta_pi","jul"
"1941005","Conselheiro Pena","MG",-19.0617,-41.5328,"Hidroweb diário",79,FALSE,0.6581607696058001,"alta (>=0.3)",TRUE,6.244185261583956,6,"jun",9,"set",5,0.15,6,6,"theta_pi","jun"
"1941006","Pocrane","MG",-19.5947,-41.4581,"Hidroweb diário",79,FALSE,0.6580086902305633,"alta (>=0.3)",TRUE,0.1202152957704529,7,"jul",9,"set",5,0.15,7,7,"theta_pi","jul"
"1941010","Aimorés","MG",-19.4925,-41.1617,"Hidroweb diário",59,FALSE,0.6118866447720447,"alta (>=0.3)",TRUE,6.213260609270512,6,"jun",9,"set",5,0.15,7,6,"theta_pi","jun"
"1941011","Caratinga","MG",-19.6783,-41.8361,"Hidroweb diário",53,FALSE,0.7015471688332376,"alta (>=0.3)",TRUE,6.2775049728044685,7,"jul",9,"set",5,0.15,7,7,"theta_pi","jul"
"1941018","Itanhomi","MG",-19.1617,-41.8622,"Hidroweb diário",42,FALSE,0.6690373911725347,"alta (>=0.3)",TRUE,6.2787923891517865,7,"jul",9,"set",5,0.15,6,7,"theta_pi","jul"
"1941019","Mutum","MG",-19.8111,-41.4378,"Hidroweb diário",42,FALSE,0.7283051835935235,"alta (>=0.3)",TRUE,0.01441883665911935,7,"jul",9,"set",5,0.15,7,7,"theta_pi","jul"
"1941021","Alvarenga","MG",-19.4158,-41.7297,"Hidroweb diário",31,FALSE,0.7584333097528948,"alta (>=0.3)",TRUE,0.039918384408329226,7,"jul",9,"set",5,0.15,7,7,"theta_pi","jul"
"1942001","Belo Oriente","MG",-19.3833,-42.3667,"Hidroweb diário",44,FALSE,0.6725750806628413,"alta (>=0.3)",TRUE,0.25448685284168854,7,"jul",9,"set",5,0.15,8,7,"theta_pi","jul"
"1942002","Bom Jesus do Galho","MG",-19.8336,-42.3178,"Hidroweb diário",85,FALSE,0.7131414544758498,"alta (>=0.3)",TRUE,6.088159882585365,6,"jun",9,"set",5,0.15,7,6,"theta_pi","jun"
"1942006","Raul Soares","MG",-19.9989,-42.3475,"Hidroweb diário",80,FALSE,0.6528216592035295,"alta (>=0.3)",TRUE,0.0019842353462648545,7,"jul",9,"set",5,0.15,7,7,"theta_pi","jul"
"1942008","Dom Cavati","MG",-19.3736,-42.105,"Hidroweb diário",53,FALSE,0.6993977751281967,"alta (>=0.3)",TRUE,0.16728319264963748,7,"jul",9,"set",5,0.15,7,7,"theta_pi","jul"
"1942029","Coronel Fabriciano","MG",-19.5247,-42.6442,"Hidroweb diário",37,FALSE,0.7409601934477426,"alta (>=0.3)",TRUE,0.029851894245969804,7,"jul",9,"set",5,0.15,7,7,"theta_pi","jul"
"1942030","Belo Oriente","MG",-19.3164,-42.3961,"Hidroweb diário",40,FALSE,0.6451240633572242,"alta (>=0.3)",TRUE,0.007162148246385052,7,"jul",9,"set",5,0.15,7,7,"theta_pi","jul"
"1942031","Córrego Novo","MG",-19.7769,-42.4769,"Hidroweb diário",40,FALSE,0.6827966272034345,"alta (>=0.3)",TRUE,0.09931829665729115,7,"jul",9,"set",5,0.15,7,7,"theta_pi","jul"
"1942032","Naque","MG",-19.1886,-42.4228,"Hidroweb diário",39,FALSE,0.6533262501345577,"alta (>=0.3)",TRUE,6.261462399310137,6,"jun",9,"set",5,0.15,7,6,"theta_pi","jun"
"1943000","Nova Lima","MG",-19.9792,-43.85,"Hidroweb diário",64,FALSE,0.8880714307231744,"alta (>=0.3)",TRUE,0.44060577849350596,7,"jul",9,"set",6,0.15,7,7,"theta_pi","jul"
"1943001","Rio Piracicaba","MG",-19.9228,-43.1778,"Hidroweb diário",84,FALSE,0.6332179537636953,"alta (>=0.3)",TRUE,6.217949503484336,6,"jun",9,"set",5,0.15,7,6,"theta_pi","jun"
"1943002","Conceição do Mato Dentro","MG",-19.0167,-43.4442,"Hidroweb diário",78,FALSE,0.6954871929951703,"alta (>=0.3)",TRUE,0.1911140605543596,7,"jul",9,"set",5,0.15,8,7,"theta_pi","jul"
"1943003","Ferros","MG",-19.2503,-43.0144,"Hidroweb diário",77,FALSE,0.6703752732766838,"alta (>=0.3)",TRUE,0.05044195378324579,7,"jul",9,"set",5,0.15,7,7,"theta_pi","jul"
"1943004","Jaboticatubas","MG",-19.5206,-43.7444,"Hidroweb diário",82,FALSE,0.729912383854503,"alta (>=0.3)",TRUE,0.007414522356476619,7,"jul",9,"set",6,0.15,7,7,"theta_pi","jul"
"1943005","Nova Era","MG",-19.7667,-43.05,"Hidroweb diário",39,FALSE,0.7005582918623363,"alta (>=0.3)",TRUE,0.03592907818145764,7,"jul",9,"set",5,0.15,8,7,"theta_pi","jul"
"1943006","Sabará","MG",-19.8931,-43.815,"Hidroweb diário",80,FALSE,0.7788265549733774,"alta (>=0.3)",TRUE,6.281402968567704,7,"jul",9,"set",6,0.15,7,7,"theta_pi","jul"
"1943007","Santa Bárbara","MG",-19.9453,-43.4011,"Hidroweb diário",84,FALSE,0.7677894522052001,"alta (>=0.3)",TRUE,0.20860574984905397,7,"jul",9,"set",5,0.15,7,7,"theta_pi","jul"
"1943008","Santa Maria de Itabira","MG",-19.4403,-43.1186,"Hidroweb diário",84,FALSE,0.758882505331668,"alta (>=0.3)",TRUE,0.2137232890662572,7,"jul",9,"set",5,0.15,7,7,"theta_pi","jul"
"1943009","Vespasiano","MG",-19.6872,-43.9208,"Hidroweb diário",82,FALSE,0.6994555348666572,"alta (>=0.3)",TRUE,0.11679653323729262,7,"jul",9,"set",6,0.15,7,7,"theta_pi","jul"
"1943010","Caeté","MG",-19.9028,-43.6664,"Hidroweb diário",85,FALSE,0.7478459653458683,"alta (>=0.3)",TRUE,0.0802051479886221,7,"jul",9,"set",5,0.15,7,7,"theta_pi","jul"
"1943012","Lagoa Santa","MG",-19.6333,-43.9,"Hidroweb diário",31,FALSE,0.7531990031308452,"alta (>=0.3)",TRUE,0.19447638529354405,7,"jul",9,"set",5,0.15,6,7,"theta_pi","jul"
"1943022","Belo Horizonte","MG",-19.945,-43.9125,"Hidroweb diário",78,FALSE,0.7976975033772261,"alta (>=0.3)",TRUE,0.07445856652509242,7,"jul",9,"set",5,0.15,7,7,"theta_pi","jul"
"1943023","Taquaraçu de Minas","MG",-19.6639,-43.6881,"Hidroweb diário",84,FALSE,0.78035509544874,"alta (>=0.3)",TRUE,0.0076454004077417,7,"jul",9,"set",5,0.15,7,7,"theta_pi","jul"
"1943024","Nova União (josé de Melo)","MG",-19.6897,-43.5856,"Hidroweb diário",70,FALSE,0.7713509361435897,"alta (>=0.3)",TRUE,0.11060565284711413,7,"jul",9,"set",5,0.15,8,7,"theta_pi","jul"
"1943025","Morro do Pilar","MG",-19.2175,-43.3742,"Hidroweb diário",78,FALSE,0.647600482109499,"alta (>=0.3)",TRUE,0.03327817006313884,7,"jul",9,"set",5,0.15,8,7,"theta_pi","jul"
"1943027","São Gonçalo do Rio Abaixo","MG",-19.8808,-43.3675,"Hidroweb diário",76,FALSE,0.7299432139125722,"alta (>=0.3)",TRUE,0.20272067204089497,7,"jul",9,"set",5,0.15,7,7,"theta_pi","jul"
"1943035","Santana do Riacho","MG",-19.2189,-43.5881,"Hidroweb diário",69,FALSE,0.7080864301443733,"alta (>=0.3)",TRUE,0.07330157193239233,7,"jul",9,"set",5,0.15,6,7,"theta_pi","jul"
"1943042","Baldim","MG",-19.1197,-43.8375,"Hidroweb diário",48,FALSE,0.6835738259720553,"alta (>=0.3)",TRUE,6.282484712462465,7,"jul",9,"set",6,0.15,6,7,"theta_pi","jul"
"1943049","Lagoa Santa","MG",-19.5614,-43.9178,"Hidroweb diário",43,FALSE,0.7145410732599765,"alta (>=0.3)",TRUE,0.13342854476706156,7,"jul",9,"set",6,0.15,6,7,"theta_pi","jul"
"1943055","Belo Horizonte","MG",-19.9344,-43.9522,"Hidroweb diário",59,FALSE,0.8125870511584302,"alta (>=0.3)",TRUE,0.15666904008487723,7,"jul",9,"set",5,0.15,7,7,"theta_pi","jul"
"1944000","Prudente de Morais","MG",-19.4833,-44.15,"Hidroweb diário",38,FALSE,0.7749464795978485,"alta (>=0.3)",TRUE,0.17676284296054673,7,"jul",9,"set",5,0.15,7,7,"theta_pi","jul"
"1944003","Mateus Leme","MG",-19.9833,-44.4167,"Hidroweb diário",36,FALSE,0.6486758426479979,"alta (>=0.3)",TRUE,0.04810108484226117,7,"jul",9,"set",5,0.15,7,7,"theta_pi","jul"
"1944004","Betim","MG",-19.9489,-44.4722,"Hidroweb diário",85,FALSE,0.7217630537280828,"alta (>=0.3)",TRUE,0.12719459190704555,7,"jul",9,"set",5,0.15,7,7,"theta_pi","jul"
"1944005","Betim","MG",-19.9714,-44.2017,"Hidroweb diário",34,FALSE,0.7006360060747874,"alta (>=0.3)",TRUE,0.05849830311565941,7,"jul",9,"set",5,0.15,7,7,"theta_pi","jul"
"1944007","Florestal","MG",-19.8797,-44.4217,"Hidroweb diário",83,FALSE,0.7617599568408029,"alta (>=0.3)",TRUE,0.20043676590673198,7,"jul",9,"set",5,0.15,7,7,"theta_pi","jul"
"1944009","Pedro Leopoldo","MG",-19.6344,-44.0533,"Hidroweb diário",84,FALSE,0.7265710508794916,"alta (>=0.3)",TRUE,0.06726412267956296,7,"jul",9,"set",6,0.15,7,7,"theta_pi","jul"
"1944010","Paraopeba","MG",-19.2681,-44.4017,"Hidroweb diário",70,FALSE,0.6955807766716815,"alta (>=0.3)",TRUE,0.17481860139258204,7,"jul",9,"set",6,0.15,6,7,"theta_pi","jul"
"1944011","Onça de Pitangui","MG",-19.7281,-44.8067,"Hidroweb diário",80,FALSE,0.7441668188714959,"alta (>=0.3)",TRUE,0.14281482093844083,7,"jul",9,"set",5,0.15,8,7,"theta_pi","jul"
"1944016","Sete Lagoas","MG",-19.4667,-44.25,"Hidroweb diário",31,FALSE,0.7712365033191582,"alta (>=0.3)",TRUE,0.23490780870967856,7,"jul",9,"set",5,0.15,7,7,"theta_pi","jul"
"1944020","Santana de Pirapama","MG",-19.0131,-44.0367,"Hidroweb diário",62,FALSE,0.7648364594808513,"alta (>=0.3)",TRUE,0.20178333737556553,7,"jul",9,"set",6,0.15,6,7,"theta_pi","jul"
"1944021","Pitangui","MG",-19.6961,-44.9294,"Hidroweb diário",56,FALSE,0.7275956847279637,"alta (>=0.3)",TRUE,0.09696639766170355,7,"jul",9,"set",6,0.15,7,7,"theta_pi","jul"
"1944024","Jequitibá","MG",-19.2372,-44.1231,"Hidroweb diário",64,FALSE,0.6920318982499032,"alta (>=0.3)",TRUE,6.2508205438648625,6,"jun",9,"set",5,0.15,7,6,"theta_pi","jun"
"1944026","Mateus Leme","MG",-19.9642,-44.4519,"Hidroweb diário",54,FALSE,0.7167988053033709,"alta (>=0.3)",TRUE,0.12655478569093595,7,"jul",9,"set",5,0.15,7,7,"theta_pi","jul"
"1944027","Mateus Leme","MG",-19.9556,-44.3344,"Hidroweb diário",53,FALSE,0.7865099387508694,"alta (>=0.3)",TRUE,6.282788095002336,7,"jul",9,"set",6,0.15,7,7,"theta_pi","jul"
"1944031","Paraopeba","MG",-19.4233,-44.5483,"Hidroweb diário",53,FALSE,0.7305627116950666,"alta (>=0.3)",TRUE,0.062436090806393486,7,"jul",9,"set",6,0.15,6,7,"theta_pi","jul"
"1944032","Pitangui","MG",-19.6844,-44.8789,"Hidroweb diário",44,FALSE,0.7154258050424507,"alta (>=0.3)",TRUE,0.30448624722859147,7,"jul",9,"set",6,0.15,7,7,"theta_pi","jul"
"1944049","Papagaios","MG",-19.4283,-44.7197,"Hidroweb diário",46,FALSE,0.7326377221947334,"alta (>=0.3)",TRUE,0.15515279800283038,7,"jul",9,"set",6,0.15,7,7,"theta_pi","jul"
"1944055","Betim","MG",-19.9733,-44.1881,"Hidroweb diário",45,FALSE,0.7037959735163387,"alta (>=0.3)",TRUE,0.15973945064809927,7,"jul",9,"set",5,0.15,7,7,"theta_pi","jul"
"1944059","Fortuna de Minas","MG",-19.5631,-44.4469,"Hidroweb diário",41,FALSE,0.7390278724668098,"alta (>=0.3)",TRUE,0.24902859495007698,7,"jul",9,"set",6,0.15,7,7,"theta_pi","jul"
"1944062","Mateus Leme","MG",-19.9828,-44.4922,"Hidroweb diário",32,FALSE,0.7424779033755616,"alta (>=0.3)",TRUE,0.2269259206454499,7,"jul",9,"set",5,0.15,7,7,"theta_pi","jul"
"1944063","Pompéu","MG",-19.0872,-44.9472,"Hidroweb diário",31,FALSE,0.7524132609887861,"alta (>=0.3)",TRUE,0.12986916327167117,7,"jul",9,"set",6,0.15,7,7,"theta_pi","jul"
"1945000","Araújos","MG",-19.9483,-45.1669,"Hidroweb diário",39,FALSE,0.7187231750035222,"alta (>=0.3)",TRUE,0.056617556425404746,7,"jul",9,"set",5,0.15,7,7,"theta_pi","jul"
"1945002","Serra da Saudade","MG",-19.3947,-45.8844,"Hidroweb diário",73,FALSE,0.692248711669203,"alta (>=0.3)",TRUE,6.272263652362402,7,"jul",9,"set",5,0.15,7,7,"theta_pi","jul"
"1945004","Bom Despacho","MG",-19.7517,-45.1169,"Hidroweb diário",71,FALSE,0.6795545993743013,"alta (>=0.3)",TRUE,0.21965512949036303,7,"jul",9,"set",6,0.15,7,7,"theta_pi","jul"
"1945008","Bom Despacho","MG",-19.7425,-45.255,"Hidroweb diário",51,FALSE,0.7811606242162168,"alta (>=0.3)",TRUE,0.09059783979763741,7,"jul",9,"set",5,0.15,7,7,"theta_pi","jul"
"1945019","Dores do Indáia","MG",-19.4686,-45.6017,"Hidroweb diário",59,FALSE,0.688798572607337,"alta (>=0.3)",TRUE,0.32959115751670054,7,"jul",9,"set",5,0.15,7,7,"theta_pi","jul"
"1945035","Abaeté","MG",-19.1631,-45.4425,"Hidroweb diário",50,FALSE,0.7228575618934081,"alta (>=0.3)",TRUE,0.19591855424418433,7,"jul",9,"set",5,0.15,7,7,"theta_pi","jul"
"1945038","Abaeté","MG",-19.2786,-45.2858,"Hidroweb diário",41,FALSE,0.6784495885011165,"alta (>=0.3)",TRUE,0.2604123747860117,7,"jul",9,"set",5,0.15,7,7,"theta_pi","jul"
"1945039","Martinho Campos","MG",-19.3322,-45.2281,"Hidroweb diário",40,FALSE,0.7167429905519541,"alta (>=0.3)",TRUE,0.22546273115271614,7,"jul",9,"set",5,0.15,7,7,"theta_pi","jul"
"1946000","Tapiraí","MG",-19.8794,-46.0328,"Hidroweb diário",83,FALSE,0.7810094252480947,"alta (>=0.3)",TRUE,0.23928828325703366,7,"jul",9,"set",5,0.15,8,7,"theta_pi","jul"
"1946002","Araxá","MG",-19.5833,-46.9,"Hidroweb diário",36,FALSE,0.6859415725931263,"alta (>=0.3)",TRUE,0.19036606028330408,7,"jul",9,"set",5,0.15,7,7,"theta_pi","jul"
"1946004","Ibiá","MG",-19.475,-46.5419,"Hidroweb diário",75,FALSE,0.6405108419963317,"alta (>=0.3)",TRUE,0.08461435020532151,7,"jul",8,"ago",4,0.15,8,7,"theta_pi","jul"
"1946005","Patrocínio","MG",-19.0706,-46.7958,"Hidroweb diário",79,FALSE,0.6600780969832445,"alta (>=0.3)",TRUE,0.06856883414063208,7,"jul",8,"ago",4,0.15,7,7,"theta_pi","jul"
"1946007","Ibiá","MG",-19.5167,-46.5711,"Hidroweb diário",56,FALSE,0.6430032663507917,"alta (>=0.3)",TRUE,0.020735166582230118,7,"jul",8,"ago",4,0.15,7,7,"theta_pi","jul"
"1946008","Serra do Salitre","MG",-19.1128,-46.6883,"Hidroweb diário",49,FALSE,0.6969160539519175,"alta (>=0.3)",TRUE,0.1909400952064446,7,"jul",9,"set",5,0.15,7,7,"theta_pi","jul"
"1946009","São Gotardo","MG",-19.3153,-46.0444,"Hidroweb diário",47,FALSE,0.7127650442002152,"alta (>=0.3)",TRUE,0.3249296199243249,7,"jul",9,"set",5,0.15,7,7,"theta_pi","jul"
"1946010","Pratinha","MG",-19.7514,-46.4119,"Hidroweb diário",50,FALSE,0.6074918854713806,"alta (>=0.3)",TRUE,0.0628335955273673,7,"jul",8,"ago",4,0.15,8,7,"theta_pi","jul"
"1946011","Tapira","MG",-19.9269,-46.8253,"Hidroweb diário",51,FALSE,0.6195748062460997,"alta (>=0.3)",TRUE,0.08837508334317262,7,"jul",8,"ago",4,0.15,8,7,"theta_pi","jul"
"1946022","Carmo do Paranaiba","MG",-19.0033,-46.3061,"Hidroweb diário",82,FALSE,0.6753867677195143,"alta (>=0.3)",TRUE,0.07958318263754356,7,"jul",9,"set",5,0.15,7,7,"theta_pi","jul"
"1947001","Santa Juliana","MG",-19.3158,-47.5261,"Hidroweb diário",85,FALSE,0.6948952840915531,"alta (>=0.3)",TRUE,0.22672955143292656,7,"jul",8,"ago",4,0.15,8,7,"theta_pi","jul"
"1947002","Conquista","MG",-19.9303,-47.5428,"Hidroweb diário",32,FALSE,0.5691863962402021,"alta (>=0.3)",TRUE,0.2887085102750211,7,"jul",1,"jan",12,0.15,1,7,"theta_pi","jul"
"1947006","Patrocínio","MG",-19.1467,-47.1847,"Hidroweb diário",56,FALSE,0.6761611072105772,"alta (>=0.3)",TRUE,0.16870928040242092,7,"jul",8,"ago",4,0.15,7,7,"theta_pi","jul"
"1947007","Perdizes","MG",-19.3486,-47.2953,"Hidroweb diário",52,FALSE,0.7779857308050474,"alta (>=0.3)",TRUE,0.243833957829306,7,"jul",8,"ago",4,0.15,7,7,"theta_pi","jul"
"1947008","Sacramento","MG",-19.8786,-47.3547,"Hidroweb diário",49,FALSE,0.7235015202752343,"alta (>=0.3)",TRUE,0.1584574270450253,7,"jul",8,"ago",4,0.15,7,7,"theta_pi","jul"
"1947009","Santa Juliana","MG",-19.5375,-47.4531,"Hidroweb diário",50,FALSE,0.6129601730596287,"alta (>=0.3)",TRUE,0.10325454898361984,7,"jul",8,"ago",4,0.15,7,7,"theta_pi","jul"
"1947016","Uberaba","MG",-19.7667,-47.9333,"Hidroweb diário",44,FALSE,0.6452570837352352,"alta (>=0.3)",TRUE,0.22182167941085096,7,"jul",8,"ago",4,0.15,8,7,"theta_pi","jul"
"1948001","Conceição das Alagoas","MG",-19.9094,-48.3911,"Hidroweb diário",37,FALSE,0.6225260088053832,"alta (>=0.3)",TRUE,0.27740550484397825,7,"jul",10,"out",8,0.15,4,7,"theta_pi","jul"
"1948003","Veríssimo","MG",-19.6731,-48.3097,"Hidroweb diário",33,FALSE,0.7093982382857944,"alta (>=0.3)",TRUE,0.2141188799674651,7,"jul",1,"jan",12,0.15,1,7,"theta_pi","jul"
"1948005","Prata","MG",-19.2469,-48.5661,"Hidroweb diário",52,FALSE,0.6555709981628655,"alta (>=0.3)",TRUE,0.20785222244784302,7,"jul",9,"set",5,0.15,7,7,"theta_pi","jul"
"1948006","Uberlândia","MG",-18.9883,-48.1903,"Hidroweb diário",48,FALSE,0.68436751127116,"alta (>=0.3)",TRUE,0.00915763970883367,7,"jul",9,"set",5,0.15,7,7,"theta_pi","jul"
"1948007","Campo Florido","MG",-19.7706,-48.5742,"Hidroweb diário",51,FALSE,0.6419854161577843,"alta (>=0.3)",TRUE,0.19101487088934846,7,"jul",8,"ago",4,0.15,7,7,"theta_pi","jul"
"1948010","Pirajuba","MG",-19.9075,-48.693600000000004,"Hidroweb diário",34,FALSE,0.6891224046943333,"alta (>=0.3)",TRUE,0.15574801009575182,7,"jul",9,"set",5,0.15,7,7,"theta_pi","jul"
"1949000","São Francisco de Sales","MG",-19.8167,-49.75,"Hidroweb diário",41,FALSE,0.6296818694789611,"alta (>=0.3)",TRUE,0.21895328403129072,7,"jul",12,"dez",9,0.15,5,7,"theta_pi","jul"
"1949002","Prata","MG",-19.3597,-49.1803,"Hidroweb diário",58,FALSE,0.6521398328656254,"alta (>=0.3)",TRUE,0.14606041826155602,7,"jul",9,"set",5,0.15,7,7,"theta_pi","jul"
"1949003","Gurinhatã","MG",-19.2133,-49.7881,"Hidroweb diário",50,FALSE,0.6603951995345657,"alta (>=0.3)",TRUE,0.26566314850424244,7,"jul",8,"ago",4,0.15,7,7,"theta_pi","jul"
"1949004","Campina Verde","MG",-19.5422,-49.4831,"Hidroweb diário",75,FALSE,0.6566994303865811,"alta (>=0.3)",TRUE,0.15634911224425477,7,"jul",9,"set",5,0.15,7,7,"theta_pi","jul"
"1949005","Comendador Gomes","MG",-19.6981,-49.0839,"Hidroweb diário",52,FALSE,0.6952184014533663,"alta (>=0.3)",TRUE,0.24897377159289547,7,"jul",9,"set",6,0.15,6,7,"theta_pi","jul"
"1949006","Ituiutaba","MG",-19.0353,-49.6967,"Hidroweb diário",58,FALSE,0.6727056845986085,"alta (>=0.3)",TRUE,0.3519413339348932,7,"jul",9,"set",5,0.15,7,7,"theta_pi","jul"
"1949007","Itapagipe","MG",-19.8925,-49.3714,"Hidroweb diário",39,FALSE,0.6917014907238793,"alta (>=0.3)",TRUE,0.32854234269845334,7,"jul",1,"jan",12,0.15,1,7,"theta_pi","jul"
"1950000","Iturama","MG",-19.7247,-50.1917,"Hidroweb diário",51,FALSE,0.6870821132423112,"alta (>=0.3)",TRUE,0.32428437688582357,7,"jul",8,"ago",4,0.15,7,7,"theta_pi","jul"
"1950011","Santa Vitória","MG",-19.2081,-50.6628,"Hidroweb diário",39,FALSE,0.6895416943709248,"alta (>=0.3)",TRUE,0.4624627289114302,7,"jul",8,"ago",4,0.15,7,7,"theta_pi","jul"
"1950012","Iturama","MG",-19.5289,-50.3286,"Hidroweb diário",31,FALSE,0.7288525905849854,"alta (>=0.3)",TRUE,0.31740020202340086,7,"jul",8,"ago",4,0.15,7,7,"theta_pi","jul"
"2041005","Caiana","MG",-20.6939,-41.9219,"Hidroweb diário",86,FALSE,0.6093103454128415,"alta (>=0.3)",TRUE,6.204553831355797,6,"jun",9,"set",5,0.15,7,6,"theta_pi","jun"
"2041008","Manhuaçu","MG",-20.1081,-41.7283,"Hidroweb diário",76,FALSE,0.7598863433161331,"alta (>=0.3)",TRUE,0.006116633760663023,7,"jul",9,"set",5,0.15,8,7,"theta_pi","jul"
"2041048","Manhuaçu","MG",-20.1706,-41.9611,"Hidroweb diário",42,FALSE,0.7967794804965657,"alta (>=0.3)",TRUE,6.100528506891441,6,"jun",9,"set",5,0.15,7,6,"theta_pi","jun"
"2042000","Carangola","MG",-20.74,-42.0239,"Hidroweb diário",85,FALSE,0.7018736035260068,"alta (>=0.3)",TRUE,6.267888801014637,7,"jul",9,"set",5,0.15,7,7,"theta_pi","jul"
"2042002","Manhuaçu","MG",-20.2694,-42.0669,"Hidroweb diário",41,FALSE,0.7620603141274025,"alta (>=0.3)",TRUE,0.08709597393992169,7,"jul",9,"set",5,0.15,8,7,"theta_pi","jul"
"2042005","Ponte Nova","MG",-20.4167,-42.9167,"Hidroweb diário",32,FALSE,0.7678794610438265,"alta (>=0.3)",TRUE,0.2293677186206331,7,"jul",9,"set",5,0.15,8,7,"theta_pi","jul"
"2042008","Raul Soares","MG",-20.1036,-42.44,"Hidroweb diário",85,FALSE,0.7070571666175792,"alta (>=0.3)",TRUE,0.021585470231528136,7,"jul",9,"set",5,0.15,7,7,"theta_pi","jul"
"2042010","Abre Campo","MG",-20.2989,-42.4781,"Hidroweb diário",85,FALSE,0.7130736596374142,"alta (>=0.3)",TRUE,6.177913174274405,6,"jun",9,"set",5,0.15,7,6,"theta_pi","jun"
"2042011","Rio Casca","MG",-20.2147,-42.6522,"Hidroweb diário",80,FALSE,0.7091065029182099,"alta (>=0.3)",TRUE,6.243662373252341,6,"jun",9,"set",5,0.15,7,6,"theta_pi","jun"
"2042014","São Francisco do Glória","MG",-20.7694,-42.3011,"Hidroweb diário",62,FALSE,0.6794647763309223,"alta (>=0.3)",TRUE,6.263662006146637,6,"jun",9,"set",5,0.15,7,6,"theta_pi","jun"
"2042015","Viçosa","MG",-20.7261,-42.9172,"Hidroweb diário",42,FALSE,0.7068214593070312,"alta (>=0.3)",TRUE,0.023104082589458716,7,"jul",8,"ago",5,0.15,6,7,"theta_pi","jul"
"2042016","São Miguel do Anta","MG",-20.6825,-42.8067,"Hidroweb diário",59,FALSE,0.7591961317080536,"alta (>=0.3)",TRUE,6.262928344036506,6,"jun",9,"set",5,0.15,7,6,"theta_pi","jun"
"2042017","Matipó","MG",-20.2772,-42.3256,"Hidroweb diário",59,FALSE,0.72072841867779,"alta (>=0.3)",TRUE,6.248700372356102,6,"jun",9,"set",5,0.15,7,6,"theta_pi","jun"
"2042018","Ponte Nova","MG",-20.3847,-42.9028,"Hidroweb diário",50,FALSE,0.6795276386393819,"alta (>=0.3)",TRUE,6.20010825304576,6,"jun",9,"set",5,0.15,6,6,"theta_pi","jun"
"2042031","São José do Goiabal","MG",-20.0114,-42.6742,"Hidroweb diário",45,FALSE,0.7370340288682756,"alta (>=0.3)",TRUE,0.025488487854069732,7,"jul",9,"set",5,0.15,7,7,"theta_pi","jul"
"2043002","Nova Lima","MG",-20.1792,-43.9428,"Hidroweb diário",82,FALSE,0.7485227835686523,"alta (>=0.3)",TRUE,0.2251161451296897,7,"jul",9,"set",5,0.15,7,7,"theta_pi","jul"
"2043004","Nova Lima","MG",-20.1378,-43.8925,"Hidroweb diário",78,FALSE,0.7400151156285381,"alta (>=0.3)",TRUE,6.274722843241831,7,"jul",9,"set",5,0.15,8,7,"theta_pi","jul"
"2043005","Conselheiro Lafaiete","MG",-20.625,-43.7536,"Hidroweb diário",68,FALSE,0.7685203564459762,"alta (>=0.3)",TRUE,0.005483837553999501,7,"jul",9,"set",5,0.15,7,7,"theta_pi","jul"
"2043009","Acaiaca","MG",-20.3625,-43.1439,"Hidroweb diário",85,FALSE,0.7224322654977533,"alta (>=0.3)",TRUE,0.2555849956531602,7,"jul",9,"set",5,0.15,7,7,"theta_pi","jul"
"2043010","Piranga","MG",-20.6906,-43.2994,"Hidroweb diário",79,FALSE,0.7891066702234226,"alta (>=0.3)",TRUE,0.10038053046991294,7,"jul",9,"set",5,0.15,7,7,"theta_pi","jul"
"2043011","Mariana","MG",-20.39,-43.1803,"Hidroweb diário",84,FALSE,0.7662951143521183,"alta (>=0.3)",TRUE,0.290978722306484,7,"jul",9,"set",5,0.15,7,7,"theta_pi","jul"
"2043013","Congonhas","MG",-20.5219,-43.83,"Hidroweb diário",76,FALSE,0.6790773359895234,"alta (>=0.3)",TRUE,0.10633202675007895,7,"jul",9,"set",5,0.15,7,7,"theta_pi","jul"
"2043014","Porto Firme","MG",-20.6703,-43.0881,"Hidroweb diário",85,FALSE,0.7838182548189596,"alta (>=0.3)",TRUE,0.09263360766842271,7,"jul",9,"set",5,0.15,7,7,"theta_pi","jul"
"2043018","Carandaí","MG",-20.9558,-43.8008,"Hidroweb diário",73,FALSE,0.7327412246534508,"alta (>=0.3)",TRUE,0.015195237701654509,7,"jul",8,"ago",5,0.15,7,7,"theta_pi","jul"
"2043025","Guaraciaba","MG",-20.5167,-43.0167,"Hidroweb diário",67,FALSE,0.7076249702098008,"alta (>=0.3)",TRUE,0.08789406436526236,7,"jul",9,"set",5,0.15,6,7,"theta_pi","jul"
"2043026","Brás Pires","MG",-20.8475,-43.2419,"Hidroweb diário",55,FALSE,0.7717227854262486,"alta (>=0.3)",TRUE,0.10761882862716025,7,"jul",8,"ago",4,0.15,7,7,"theta_pi","jul"
"2043027","Barra Longa","MG",-20.2856,-43.0989,"Hidroweb diário",57,FALSE,0.6902396237366842,"alta (>=0.3)",TRUE,0.19059966914157217,7,"jul",9,"set",5,0.15,7,7,"theta_pi","jul"
"2043042","Nova Lima","MG",-20.1647,-43.8919,"Hidroweb diário",50,FALSE,0.7492019998107328,"alta (>=0.3)",TRUE,0.14907367599719135,7,"jul",8,"ago",4,0.15,7,7,"theta_pi","jul"
"2043043","Nova Lima","MG",-20.1261,-43.9503,"Hidroweb diário",50,FALSE,0.7190903854391801,"alta (>=0.3)",TRUE,0.2160181135670179,7,"jul",9,"set",5,0.15,8,7,"theta_pi","jul"
"2043056","Ouro Preto","MG",-20.3031,-43.6158,"Hidroweb diário",42,FALSE,0.7624073716554015,"alta (>=0.3)",TRUE,0.034766324561667686,7,"jul",8,"ago",4,0.15,7,7,"theta_pi","jul"
"2043057","Nova Lima","MG",-20.1656,-43.8928,"Hidroweb diário",32,FALSE,0.6761255540088282,"alta (>=0.3)",TRUE,0.0016966629317927357,7,"jul",9,"set",6,0.15,7,7,"theta_pi","jul"
"2043058","Nova Lima","MG",-20.1667,-43.9,"Hidroweb diário",32,FALSE,0.6084913936709735,"alta (>=0.3)",TRUE,0.1431313330342134,7,"jul",9,"set",5,0.15,8,7,"theta_pi","jul"
"2043059","Santa Bárbara","MG",-20.0969,-43.4881,"Hidroweb diário",43,FALSE,0.774025960183958,"alta (>=0.3)",TRUE,0.12149751176880047,7,"jul",9,"set",5,0.15,7,7,"theta_pi","jul"
"2043060","Itabirito","MG",-20.2878,-43.8,"Hidroweb diário",41,FALSE,0.7456380558197633,"alta (>=0.3)",TRUE,0.1785353650740837,7,"jul",8,"ago",4,0.15,7,7,"theta_pi","jul"
"2044002","Itaúna","MG",-20.0714,-44.5703,"Hidroweb diário",60,FALSE,0.7313396157588501,"alta (>=0.3)",TRUE,0.09044736783653677,7,"jul",9,"set",6,0.15,6,7,"theta_pi","jul"
"2044003","Carmo do Cajuru","MG",-20.1922,-44.7936,"Hidroweb diário",82,FALSE,0.746342179316101,"alta (>=0.3)",TRUE,0.05984968310336165,7,"jul",9,"set",5,0.15,7,7,"theta_pi","jul"
"2044005","Carmo da Mata","MG",-20.5578,-44.8675,"Hidroweb diário",37,FALSE,0.7053230643127654,"alta (>=0.3)",TRUE,6.139937197637919,6,"jun",9,"set",5,0.15,8,6,"theta_pi","jun"
"2044006","Divinópolis","MG",-20.1369,-44.8919,"Hidroweb diário",72,FALSE,0.6894711726065265,"alta (>=0.3)",TRUE,0.1175181627209855,7,"jul",9,"set",5,0.15,7,7,"theta_pi","jul"
"2044007","Entre Rios de Minas","MG",-20.6611,-44.0722,"Hidroweb diário",84,FALSE,0.7097665843957062,"alta (>=0.3)",TRUE,0.09335074017879262,7,"jul",8,"ago",5,0.15,7,7,"theta_pi","jul"
"2044008","Brumadinho","MG",-20.1978,-44.1208,"Hidroweb diário",85,FALSE,0.7249142937970914,"alta (>=0.3)",TRUE,0.03138595754515968,7,"jul",9,"set",5,0.15,7,7,"theta_pi","jul"
"2044009","Passa Tempo","MG",-20.6253,-44.4333,"Hidroweb diário",77,FALSE,0.7510467630504669,"alta (>=0.3)",TRUE,0.128023390811751,7,"jul",8,"ago",4,0.15,7,7,"theta_pi","jul"
"2044012","Ibirité","MG",-20.0428,-44.0433,"Hidroweb diário",70,FALSE,0.7405753575758133,"alta (>=0.3)",TRUE,0.09038694391406772,7,"jul",9,"set",5,0.15,7,7,"theta_pi","jul"
"2044016","Itatiaiuçu","MG",-20.1692,-44.515,"Hidroweb diário",56,FALSE,0.6967820506991657,"alta (>=0.3)",TRUE,0.2527533068869296,7,"jul",8,"ago",4,0.15,7,7,"theta_pi","jul"
"2044019","Mateus Leme","MG",-20.0514,-44.4517,"Hidroweb diário",56,FALSE,0.7838872958241329,"alta (>=0.3)",TRUE,0.049666357693666244,7,"jul",9,"set",5,0.15,7,7,"theta_pi","jul"
"2044020","Itaúna","MG",-20.0683,-44.4922,"Hidroweb diário",53,FALSE,0.7890873478193008,"alta (>=0.3)",TRUE,0.04544605322221738,7,"jul",9,"set",5,0.15,7,7,"theta_pi","jul"
"2044021","Mateus Leme","MG",-20.1056,-44.4011,"Hidroweb diário",46,FALSE,0.79233003756795,"alta (>=0.3)",TRUE,0.07499152403297024,7,"jul",9,"set",6,0.15,7,7,"theta_pi","jul"
"2044024","Mateus Leme","MG",-20.0075,-44.3311,"Hidroweb diário",54,FALSE,0.7252123431210598,"alta (>=0.3)",TRUE,0.2615500597421844,7,"jul",9,"set",5,0.15,7,7,"theta_pi","jul"
"2044026","Itaúna","MG",-20.1297,-44.4744,"Hidroweb diário",52,FALSE,0.667851725558342,"alta (>=0.3)",TRUE,0.16018252483877832,7,"jul",9,"set",5,0.15,7,7,"theta_pi","jul"
"2044027","Oliveira","MG",-20.7408,-44.7833,"Hidroweb diário",44,FALSE,0.7055539851880762,"alta (>=0.3)",TRUE,0.21724748078514342,7,"jul",9,"set",5,0.15,7,7,"theta_pi","jul"
"2044037","Santo Antônio do Amparo","MG",-20.9442,-44.9075,"Hidroweb diário",47,FALSE,0.6455693811752397,"alta (>=0.3)",TRUE,0.11849720612490758,7,"jul",8,"ago",4,0.15,7,7,"theta_pi","jul"
"2044038","Resende Costa","MG",-20.9236,-44.2383,"Hidroweb diário",37,FALSE,0.7589009984049732,"alta (>=0.3)",TRUE,0.05482282621770936,7,"jul",9,"set",5,0.15,7,7,"theta_pi","jul"
"2044040","Entre Rios de Minas","MG",-20.6353,-44.0489,"Hidroweb diário",38,FALSE,0.6362220516963054,"alta (>=0.3)",TRUE,0.13122442487694852,7,"jul",8,"ago",4,0.15,7,7,"theta_pi","jul"
"2044041","Itaúna","MG",-20.1022,-44.4847,"Hidroweb diário",49,FALSE,0.7417039380033758,"alta (>=0.3)",TRUE,0.13660675362142574,7,"jul",9,"set",5,0.15,7,7,"theta_pi","jul"
"2044042","Carmo da Mata","MG",-20.5625,-44.8675,"Hidroweb diário",49,FALSE,0.697655705046408,"alta (>=0.3)",TRUE,0.07422431643980477,7,"jul",8,"ago",4,0.15,7,7,"theta_pi","jul"
"2044043","Mateus Leme","MG",-20.0003,-44.4617,"Hidroweb diário",49,FALSE,0.7309394396354548,"alta (>=0.3)",TRUE,0.21179518641302622,7,"jul",8,"ago",4,0.15,7,7,"theta_pi","jul"
"2044047","Mateus Leme","MG",-20.0239,-44.4681,"Hidroweb diário",32,FALSE,0.7640868570156656,"alta (>=0.3)",TRUE,0.1932882889720616,7,"jul",9,"set",6,0.15,7,7,"theta_pi","jul"
"2044052","Mateus Leme","MG",-20.045,-44.4078,"Hidroweb diário",44,FALSE,0.7365973997932617,"alta (>=0.3)",TRUE,0.0687282136885749,7,"jul",9,"set",5,0.15,7,7,"theta_pi","jul"
"2044053","Mateus Leme","MG",-20.0686,-44.345,"Hidroweb diário",38,FALSE,0.7968856262049322,"alta (>=0.3)",TRUE,0.1241012598342826,7,"jul",9,"set",5,0.15,7,7,"theta_pi","jul"
"2044054","Mateus Leme","MG",-20.0867,-44.4272,"Hidroweb diário",39,FALSE,0.728852878104406,"alta (>=0.3)",TRUE,0.0708992100465604,7,"jul",9,"set",6,0.15,7,7,"theta_pi","jul"
"2045001","Bambuí","MG",-20.0211,-45.9661,"Hidroweb diário",81,FALSE,0.7223438105191553,"alta (>=0.3)",TRUE,0.06618268519974534,7,"jul",8,"ago",4,0.15,8,7,"theta_pi","jul"
"2045002","Iguatama","MG",-20.1789,-45.7003,"Hidroweb diário",79,FALSE,0.7528121108492523,"alta (>=0.3)",TRUE,0.08125524089238523,7,"jul",9,"set",5,0.15,7,7,"theta_pi","jul"
"2045004","Santana do Jacaré","MG",-20.905,-45.125,"Hidroweb diário",75,FALSE,0.6274852983285231,"alta (>=0.3)",TRUE,0.08961266992911503,7,"jul",9,"set",5,0.15,8,7,"theta_pi","jul"
"2045005","Itapecerica","MG",-20.4722,-45.0361,"Hidroweb diário",83,FALSE,0.7346232585285234,"alta (>=0.3)",TRUE,0.050559049847531,7,"jul",9,"set",5,0.15,7,7,"theta_pi","jul"
"2045010","Arcos","MG",-20.2947,-45.5428,"Hidroweb diário",51,FALSE,0.781839710957056,"alta (>=0.3)",TRUE,0.08566527263516405,7,"jul",9,"set",5,0.15,7,7,"theta_pi","jul"
"2045011","Lagoa da Prata","MG",-20.0367,-45.5353,"Hidroweb diário",52,FALSE,0.6469975211016381,"alta (>=0.3)",TRUE,0.01802931792460495,7,"jul",8,"ago",4,0.15,7,7,"theta_pi","jul"
"2045012","Piumhi","MG",-20.4619,-45.945,"Hidroweb diário",51,FALSE,0.6957469558751869,"alta (>=0.3)",TRUE,0.16757173525999863,7,"jul",8,"ago",4,0.15,8,7,"theta_pi","jul"
"2045013","Santo Antônio do Monte","MG",-20.0844,-45.2967,"Hidroweb diário",51,FALSE,0.7697789300156308,"alta (>=0.3)",TRUE,0.10452246937774394,7,"jul",9,"set",5,0.15,7,7,"theta_pi","jul"
"2045020","Candéias","MG",-20.76,-45.2742,"Hidroweb diário",48,FALSE,0.6342543334276303,"alta (>=0.3)",TRUE,0.13708516238274904,7,"jul",8,"ago",4,0.15,7,7,"theta_pi","jul"
"2045021","Formiga","MG",-20.4572,-45.4192,"Hidroweb diário",53,FALSE,0.68610211301684,"alta (>=0.3)",TRUE,0.1302125895489353,7,"jul",9,"set",6,0.15,6,7,"theta_pi","jul"
"2045026","Ilicínea","MG",-20.9453,-45.8236,"Hidroweb diário",40,FALSE,0.5971039376351425,"alta (>=0.3)",TRUE,0.2692754374415468,7,"jul",8,"ago",4,0.15,7,7,"theta_pi","jul"
"2046001","Itaú de Minas","MG",-20.7392,-46.7353,"Hidroweb diário",56,FALSE,0.5026226801508035,"alta (>=0.3)",TRUE,0.3451617718418881,7,"jul",8,"ago",4,0.15,8,7,"theta_pi","jul"
"2046007","Bambuí","MG",-20.1017,-46.055,"Hidroweb diário",83,FALSE,0.6990446780955085,"alta (>=0.3)",TRUE,0.15659297672866776,7,"jul",8,"ago",4,0.15,8,7,"theta_pi","jul"
"2046009","Delfinópolis","MG",-20.3478,-46.8458,"Hidroweb diário",51,FALSE,0.6225844690783303,"alta (>=0.3)",TRUE,0.0658258272478174,7,"jul",9,"set",6,0.15,7,7,"theta_pi","jul"
"2046011","Pratápolis","MG",-20.8111,-46.8081,"Hidroweb diário",58,FALSE,0.6302289624170848,"alta (>=0.3)",TRUE,0.062040925375053506,7,"jul",8,"ago",4,0.15,7,7,"theta_pi","jul"
"2046013","Vargem Bonita","MG",-20.33,-46.3661,"Hidroweb diário",52,FALSE,0.7559191116543712,"alta (>=0.3)",TRUE,0.3020303541012331,7,"jul",9,"set",5,0.15,7,7,"theta_pi","jul"
"2046025","São Roque de Minas","MG",-20.1475,-46.2847,"Hidroweb diário",34,FALSE,0.6701487606765245,"alta (>=0.3)",TRUE,0.018071950640242803,7,"jul",8,"ago",4,0.15,7,7,"theta_pi","jul"
"2047037","Sacramento","MG",-20.0136,-47.0192,"Hidroweb diário",54,FALSE,0.662820132774872,"alta (>=0.3)",TRUE,6.269303804582005,7,"jul",8,"ago",4,0.15,8,7,"theta_pi","jul"
"2048102","Frutal","MG",-20.02,-48.9431,"Hidroweb diário",31,FALSE,0.6597191507099551,"alta (>=0.3)",TRUE,0.09552832107881976,7,"jul",9,"set",5,0.15,7,7,"theta_pi","jul"
"2049070","Fronteira","MG",-20.2925,-49.1967,"Hidroweb diário",38,FALSE,0.636802229390821,"alta (>=0.3)",TRUE,0.14341008729218477,7,"jul",10,"out",9,0.15,1,7,"theta_pi","jul"
"2049072","Fronteira","MG",-20.2842,-49.2011,"Hidroweb diário",31,FALSE,0.6487384589901597,"alta (>=0.3)",TRUE,0.20490187277070923,7,"jul",8,"ago",4,0.15,7,7,"theta_pi","jul"
"2142000","Astolfo Dutra","MG",-21.3069,-42.8606,"Hidroweb diário",84,FALSE,0.725292390119232,"alta (>=0.3)",TRUE,0.10504949259285722,7,"jul",9,"set",5,0.15,7,7,"theta_pi","jul"
"2142001","Cataguases","MG",-21.3894,-42.6964,"Hidroweb diário",85,FALSE,0.7131444741405364,"alta (>=0.3)",TRUE,0.17172800321247642,7,"jul",9,"set",5,0.15,7,7,"theta_pi","jul"
"2142002","Patrocínio do Muriaé","MG",-21.15,-42.2011,"Hidroweb diário",91,FALSE,0.6984805348488328,"alta (>=0.3)",TRUE,0.07031183693567261,7,"jul",8,"ago",4,0.15,7,7,"theta_pi","jul"
"2142004","Muriaé","MG",-21.0503,-42.5156,"Hidroweb diário",80,FALSE,0.6887034099713669,"alta (>=0.3)",TRUE,0.042338806308543184,7,"jul",9,"set",5,0.15,7,7,"theta_pi","jul"
"2142006","Itamarati de Minas","MG",-21.4714,-42.8131,"Hidroweb diário",79,FALSE,0.6977709788617368,"alta (>=0.3)",TRUE,0.2332124822826977,7,"jul",9,"set",5,0.15,7,7,"theta_pi","jul"
"2142007","Pirapetinga","MG",-21.656903,-42.345955,"Hidroweb diário",66,FALSE,0.6686086728571213,"alta (>=0.3)",TRUE,0.09560828111791407,7,"jul",8,"ago",4,0.15,6,7,"theta_pi","jul"
"2142008","Volta Grande","MG",-21.7692,-42.5397,"Hidroweb diário",64,FALSE,0.6693580534100155,"alta (>=0.3)",TRUE,0.1166285757907128,7,"jul",9,"set",5,0.15,7,7,"theta_pi","jul"
"2142009","Miradouro","MG",-20.9114,-42.3481,"Hidroweb diário",56,FALSE,0.6658003563578204,"alta (>=0.3)",TRUE,0.052229196903846316,7,"jul",9,"set",5,0.15,6,7,"theta_pi","jul"
"2143000","Rio Pomba","MG",-21.3094,-43.2022,"Hidroweb diário",86,FALSE,0.6983224952614855,"alta (>=0.3)",TRUE,0.18090477420038875,7,"jul",9,"set",5,0.15,8,7,"theta_pi","jul"
"2143001","Guarani","MG",-21.3556,-43.0503,"Hidroweb diário",85,FALSE,0.7142705549743686,"alta (>=0.3)",TRUE,0.11554819994438822,7,"jul",8,"ago",4,0.15,7,7,"theta_pi","jul"
"2143003","Desterro do Melo","MG",-21.1492,-43.52,"Hidroweb diário",84,FALSE,0.7214767636936719,"alta (>=0.3)",TRUE,0.25486667719004946,7,"jul",9,"set",5,0.15,7,7,"theta_pi","jul"
"2143005","Antônio Carlos","MG",-21.2789,-43.82,"Hidroweb diário",82,FALSE,0.6579103747272991,"alta (>=0.3)",TRUE,6.201269020482942,6,"jun",9,"set",5,0.15,7,6,"theta_pi","jun"
"2143006","Barroso","MG",-21.1872,-43.98,"Hidroweb diário",78,FALSE,0.6983740958877096,"alta (>=0.3)",TRUE,0.08350068807356315,7,"jul",8,"ago",4,0.15,7,7,"theta_pi","jul"
"2143007","Barbacena","MG",-21.1928,-43.6139,"Hidroweb diário",79,FALSE,0.712424690538882,"alta (>=0.3)",TRUE,0.2102432816788877,7,"jul",8,"ago",4,0.15,7,7,"theta_pi","jul"
"2143008","Ibertioga","MG",-21.4272,-43.9594,"Hidroweb diário",81,FALSE,0.6780966055756493,"alta (>=0.3)",TRUE,0.10901405966108277,7,"jul",8,"ago",4,0.15,7,7,"theta_pi","jul"
"2143009","Barbacena","MG",-21.2747,-43.8786,"Hidroweb diário",79,FALSE,0.7190389919879164,"alta (>=0.3)",TRUE,0.15289403121193185,7,"jul",9,"set",5,0.15,7,7,"theta_pi","jul"
"2143010","Barbacena","MG",-21.2167,-43.7667,"Hidroweb diário",36,FALSE,0.6921824564812674,"alta (>=0.3)",TRUE,0.0023052308386528986,7,"jul",8,"ago",4,0.15,7,7,"theta_pi","jul"
"2143011","Lima Duarte","MG",-21.7167,-43.9283,"Hidroweb diário",85,FALSE,0.7108144678199256,"alta (>=0.3)",TRUE,0.20041428412002285,7,"jul",9,"set",5,0.15,7,7,"theta_pi","jul"
"2143013","Mar de Espanha","MG",-21.8964,-43.0414,"Hidroweb diário",80,FALSE,0.7729633345802148,"alta (>=0.3)",TRUE,0.3131535920090314,7,"jul",9,"set",5,0.15,7,7,"theta_pi","jul"
"2143015","Juiz de Fora","MG",-21.9167,-43.3667,"Hidroweb diário",33,FALSE,0.6565252764966742,"alta (>=0.3)",TRUE,0.14727989457624002,7,"jul",9,"set",5,0.15,7,7,"theta_pi","jul"
"2143016","Juiz de Fora","MG",-21.8692,-43.5556,"Hidroweb diário",82,FALSE,0.6441228872808523,"alta (>=0.3)",TRUE,0.31083488569795426,7,"jul",9,"set",5,0.15,7,7,"theta_pi","jul"
"2143017","Tabuleiro","MG",-21.355,-43.2469,"Hidroweb diário",81,FALSE,0.84871933038993,"alta (>=0.3)",TRUE,0.5079469444243937,7,"jul",9,"set",5,0.15,7,7,"theta_pi","jul"
"2143018","Rio Novo","MG",-21.4725,-43.1211,"Hidroweb diário",82,FALSE,0.7613892915951096,"alta (>=0.3)",TRUE,0.13320845741458934,7,"jul",9,"set",5,0.15,7,7,"theta_pi","jul"
"2143019","Lima Duarte","MG",-21.8556,-43.8864,"Hidroweb diário",80,FALSE,0.7248929550137249,"alta (>=0.3)",TRUE,0.38288620167549026,7,"jul",9,"set",5,0.15,7,7,"theta_pi","jul"
"2143020","Juiz de Fora","MG",-21.5933,-43.5033,"Hidroweb diário",76,FALSE,0.6689010777705358,"alta (>=0.3)",TRUE,0.2974070888700462,7,"jul",9,"set",5,0.15,7,7,"theta_pi","jul"
"2143021","Belmiro Braga","MG",-21.9664,-43.3725,"Hidroweb diário",70,FALSE,0.6862070890675314,"alta (>=0.3)",TRUE,0.24078207792582018,7,"jul",9,"set",5,0.15,7,7,"theta_pi","jul"
"2143022","Piau","MG",-21.4989,-43.3169,"Hidroweb diário",69,FALSE,0.7064673408499978,"alta (>=0.3)",TRUE,0.18723927923888856,7,"jul",9,"set",5,0.15,7,7,"theta_pi","jul"
"2143055","Barbacena","MG",-21.25,-43.7667,"Hidroweb diário",31,FALSE,0.7463233791958003,"alta (>=0.3)",TRUE,0.07476789101393494,7,"jul",8,"ago",4,0.15,6,7,"theta_pi","jul"
"2143056","Juiz de Fora","MG",-21.7672,-43.3136,"Hidroweb diário",31,FALSE,0.6609076270099521,"alta (>=0.3)",TRUE,0.108453844711261,7,"jul",9,"set",5,0.15,7,7,"theta_pi","jul"
"2143062","Santos Dumont","MG",-21.4311,-43.5531,"Hidroweb diário",36,FALSE,0.7749217568347787,"alta (>=0.3)",TRUE,0.3543560855188401,7,"jul",8,"ago",4,0.15,7,7,"theta_pi","jul"
"2144000","Bom Sucesso","MG",-21.0339,-44.7719,"Hidroweb diário",70,FALSE,0.688928721034081,"alta (>=0.3)",TRUE,0.12928375366285208,7,"jul",9,"set",5,0.15,7,7,"theta_pi","jul"
"2144001","Bom Jardim de Minas","MG",-21.9472,-44.1939,"Hidroweb diário",75,FALSE,0.729637140275745,"alta (>=0.3)",TRUE,0.09908695249454783,7,"jul",9,"set",5,0.15,7,7,"theta_pi","jul"
"2144002","Tiradentes","MG",-21.1225,-44.2325,"Hidroweb diário",76,FALSE,0.6858000998072027,"alta (>=0.3)",TRUE,0.06401281477812819,7,"jul",9,"set",5,0.15,7,7,"theta_pi","jul"
"2144003","Caxambu","MG",-21.9897,-44.9386,"Hidroweb diário",71,FALSE,0.709107602310969,"alta (>=0.3)",TRUE,4.860756106801373,4,"abr",9,"set",6,0.15,8,4,"theta_pi","abr"
"2144004","Baependi","MG",-21.9511,-44.8761,"Hidroweb diário",75,FALSE,0.684884973100579,"alta (>=0.3)",TRUE,0.0862158916491957,7,"jul",8,"ago",4,0.15,7,7,"theta_pi","jul"
"2144005","Itumirim","MG",-21.3208,-44.8728,"Hidroweb diário",79,FALSE,0.7351777236699325,"alta (>=0.3)",TRUE,0.17867191189707246,7,"jul",9,"set",5,0.15,7,7,"theta_pi","jul"
"2144006","Luminárias","MG",-21.5069,-44.9156,"Hidroweb diário",80,FALSE,0.66959493763092,"alta (>=0.3)",TRUE,0.08612701845870041,7,"jul",9,"set",5,0.15,7,7,"theta_pi","jul"
"2144007","Madre de Deus de Minas","MG",-21.4922,-44.3261,"Hidroweb diário",75,FALSE,0.7024997898575026,"alta (>=0.3)",TRUE,0.143361044912476,7,"jul",9,"set",5,0.15,7,7,"theta_pi","jul"
"2144009","Tiradentes","MG",-21.165,-44.1356,"Hidroweb diário",78,FALSE,0.7427236197817796,"alta (>=0.3)",TRUE,0.14290670578945894,7,"jul",9,"set",5,0.15,7,7,"theta_pi","jul"
"2144010","São Vicente de Minas","MG",-21.6992,-44.4389,"Hidroweb diário",70,FALSE,0.6686832715315603,"alta (>=0.3)",TRUE,0.2049027962827289,7,"jul",9,"set",5,0.15,7,7,"theta_pi","jul"
"2144016","Bom Jardim de Minas","MG",-21.9872,-44.0322,"Hidroweb diário",34,FALSE,0.6509920696897491,"alta (>=0.3)",TRUE,0.21753708047889994,7,"jul",9,"set",5,0.15,7,7,"theta_pi","jul"
"2144018","Aiuruoca","MG",-21.9772,-44.6033,"Hidroweb diário",71,FALSE,0.692861867656174,"alta (>=0.3)",TRUE,0.11764811984733936,7,"jul",9,"set",5,0.15,7,7,"theta_pi","jul"
"2144019","Andrelândia","MG",-21.7347,-44.3122,"Hidroweb diário",56,FALSE,0.6145960604209606,"alta (>=0.3)",TRUE,0.10711433746722902,7,"jul",9,"set",5,0.15,7,7,"theta_pi","jul"
"2144020","São João Del Rei","MG",-21.0556,-44.2089,"Hidroweb diário",61,FALSE,0.7720963671181037,"alta (>=0.3)",TRUE,6.221605104164242,6,"jun",9,"set",5,0.15,7,6,"theta_pi","jun"
"2144021","Andrelândia","MG",-21.6747,-44.3406,"Hidroweb diário",53,FALSE,0.6580478763131091,"alta (>=0.3)",TRUE,0.13452352304756054,7,"jul",8,"ago",5,0.15,7,7,"theta_pi","jul"
"2144022","Andrelândia","MG",-21.7458,-44.3547,"Hidroweb diário",51,FALSE,0.696047709163918,"alta (>=0.3)",TRUE,0.11318343775083431,7,"jul",8,"ago",5,0.15,7,7,"theta_pi","jul"
"2144023","Ibituruna","MG",-21.1431,-44.7378,"Hidroweb diário",49,FALSE,0.7004355755402176,"alta (>=0.3)",TRUE,0.1417748186067505,7,"jul",9,"set",5,0.15,7,7,"theta_pi","jul"
"2144024","São João Del Rei","MG",-21.1894,-44.3289,"Hidroweb diário",52,FALSE,0.6852146752220701,"alta (>=0.3)",TRUE,0.06177850546721368,7,"jul",9,"set",5,0.15,7,7,"theta_pi","jul"
"2144025","Carvalhos","MG",-21.9981,-44.4636,"Hidroweb diário",48,FALSE,0.711024145873584,"alta (>=0.3)",TRUE,0.06914597312892716,7,"jul",9,"set",5,0.15,7,7,"theta_pi","jul"
"2144026","Bom Sucesso","MG",-21.145,-44.9136,"Hidroweb diário",33,FALSE,0.7102945330770827,"alta (>=0.3)",TRUE,0.31096293026117816,7,"jul",8,"ago",5,0.15,7,7,"theta_pi","jul"
"2144037","Cruzília","MG",-21.8353,-44.8008,"Hidroweb diário",43,FALSE,0.7562966873132536,"alta (>=0.3)",TRUE,6.279329807411326,7,"jul",8,"ago",4,0.15,7,7,"theta_pi","jul"
"2144038","Carrancas","MG",-21.4842,-44.6433,"Hidroweb diário",34,FALSE,0.7504864682032653,"alta (>=0.3)",TRUE,0.14156969065521394,7,"jul",9,"set",5,0.15,7,7,"theta_pi","jul"
"2145001","Conceição do Rio Verde","MG",-21.8872,-45.0792,"Hidroweb diário",78,FALSE,0.63655045986033,"alta (>=0.3)",TRUE,0.00948147400248914,7,"jul",8,"ago",4,0.15,7,7,"theta_pi","jul"
"2145003","Três Corações","MG",-21.7208,-45.2644,"Hidroweb diário",55,FALSE,0.6778655343662476,"alta (>=0.3)",TRUE,0.12705392461231788,7,"jul",9,"set",6,0.15,7,7,"theta_pi","jul"
"2145007","Lavras","MG",-21.3436,-45.1703,"Hidroweb diário",81,FALSE,0.7391183730343027,"alta (>=0.3)",TRUE,0.21190501864541642,7,"jul",8,"ago",4,0.15,7,7,"theta_pi","jul"
"2145008","Cambuquira","MG",-21.8742,-45.2583,"Hidroweb diário",66,FALSE,0.6472469543011038,"alta (>=0.3)",TRUE,0.1265775284115958,7,"jul",8,"ago",4,0.15,7,7,"theta_pi","jul"
"2145009","Campanha","MG",-21.9192,-45.4789,"Hidroweb diário",76,FALSE,0.6856029806321975,"alta (>=0.3)",TRUE,0.12418894718795538,7,"jul",9,"set",5,0.15,8,7,"theta_pi","jul"
"2145017","Monsenhor Paulo","MG",-21.7603,-45.5378,"Hidroweb diário",73,FALSE,0.6714535073566859,"alta (>=0.3)",TRUE,0.22086232765170513,7,"jul",8,"ago",4,0.15,7,7,"theta_pi","jul"
"2145018","Varginha","MG",-21.6167,-45.4,"Hidroweb diário",36,FALSE,0.5983059573939489,"alta (>=0.3)",TRUE,0.15502286399999746,7,"jul",9,"set",5,0.15,8,7,"theta_pi","jul"
"2145020","Três Corações","MG",-21.6783,-45.2597,"Hidroweb diário",43,FALSE,0.5994556163313042,"alta (>=0.3)",TRUE,6.112579468127861,6,"jun",8,"ago",5,0.15,7,6,"theta_pi","jun"
"2145021","Nepomuceno","MG",-21.2575,-45.1736,"Hidroweb diário",47,FALSE,0.6679409128427185,"alta (>=0.3)",TRUE,0.09166341408717278,7,"jul",8,"ago",4,0.15,7,7,"theta_pi","jul"
"2145022","Paraguaçu","MG",-21.5853,-45.6739,"Hidroweb diário",52,FALSE,0.5989786687930027,"alta (>=0.3)",TRUE,0.26061102190083635,7,"jul",8,"ago",4,0.15,8,7,"theta_pi","jul"
"2145023","Elói Mendes","MG",-21.6106,-45.4894,"Hidroweb diário",41,FALSE,0.5493494401784462,"alta (>=0.3)",TRUE,0.2841425891452837,7,"jul",8,"ago",4,0.15,8,7,"theta_pi","jul"
"2145024","Campanha","MG",-21.7864,-45.4403,"Hidroweb diário",51,FALSE,0.6574103080909941,"alta (>=0.3)",TRUE,0.2141880498956732,7,"jul",8,"ago",4,0.15,7,7,"theta_pi","jul"
"2145032","Coqueiral","MG",-21.1928,-45.4486,"Hidroweb diário",45,FALSE,0.6538947361595466,"alta (>=0.3)",TRUE,0.18094377525726998,7,"jul",8,"ago",4,0.15,7,7,"theta_pi","jul"
"2145033","Machado","MG",-21.6667,-45.9167,"Hidroweb diário",38,FALSE,0.5575831228261329,"alta (>=0.3)",TRUE,0.20069818967700465,7,"jul",8,"ago",3,0.15,7,7,"theta_pi","jul"
"2145036","Lavras","MG",-21.2333,-45,"Hidroweb diário",33,FALSE,0.6736030197330141,"alta (>=0.3)",TRUE,0.11045018839657877,7,"jul",8,"ago",4,0.15,7,7,"theta_pi","jul"
"2145041","Campos Gerais","MG",-21.2406,-45.7572,"Hidroweb diário",40,FALSE,0.6170701538086826,"alta (>=0.3)",TRUE,0.3240533752868052,7,"jul",8,"ago",4,0.15,7,7,"theta_pi","jul"
"2145042","Alfenas","MG",-21.4525,-45.9442,"Hidroweb diário",39,FALSE,0.6069096538931654,"alta (>=0.3)",TRUE,0.19648042638337654,7,"jul",8,"ago",4,0.15,7,7,"theta_pi","jul"
"2145043","Três Pontas","MG",-21.3614,-45.5011,"Hidroweb diário",41,FALSE,0.5860114296340178,"alta (>=0.3)",TRUE,0.43080303194042624,7,"jul",8,"ago",4,0.15,7,7,"theta_pi","jul"
"2145044","Carmo da Cachoeira","MG",-21.4611,-45.2214,"Hidroweb diário",41,FALSE,0.6906423861208713,"alta (>=0.3)",TRUE,0.29202596269112613,7,"jul",8,"ago",5,0.15,7,7,"theta_pi","jul"
"2146026","Guaxupé","MG",-21.2936,-46.7039,"Hidroweb diário",71,FALSE,0.5920170986515919,"alta (>=0.3)",TRUE,0.07117291266525073,7,"jul",9,"set",5,0.15,7,7,"theta_pi","jul"
"2146027","Monte Belo","MG",-21.2789,-46.3608,"Hidroweb diário",45,FALSE,0.5822040578952944,"alta (>=0.3)",TRUE,0.1071301734470948,7,"jul",8,"ago",4,0.15,7,7,"theta_pi","jul"
"2146028","Botelhos","MG",-21.6842,-46.4375,"Hidroweb diário",50,FALSE,0.5550166015468945,"alta (>=0.3)",TRUE,0.2641347165943847,7,"jul",8,"ago",3,0.15,7,7,"theta_pi","jul"
"2146029","Poço Fundo","MG",-21.7908,-46.1242,"Hidroweb diário",57,FALSE,0.5799323419909407,"alta (>=0.3)",TRUE,0.15177523855701155,7,"jul",8,"ago",3,0.15,7,7,"theta_pi","jul"
"2146030","Muzambinho","MG",-21.3806,-46.5189,"Hidroweb diário",48,FALSE,0.5767531938630789,"alta (>=0.3)",TRUE,0.16954494018207927,7,"jul",8,"ago",4,0.15,8,7,"theta_pi","jul"
"2146036","Monte Belo","MG",-21.3167,-46.35,"Hidroweb diário",39,FALSE,0.6605197091654873,"alta (>=0.3)",TRUE,0.21067247001874248,7,"jul",9,"set",5,0.15,7,7,"theta_pi","jul"
"2146081","Guaranésia","MG",-21.3136,-46.8722,"Hidroweb diário",38,FALSE,0.6505985162137842,"alta (>=0.3)",TRUE,0.3960464789634537,7,"jul",9,"set",4,0.15,7,7,"theta_pi","jul"
"2147054","Itamogi","MG",-21.1331,-47.0219,"Hidroweb diário",58,FALSE,0.548605958584621,"alta (>=0.3)",TRUE,0.020417287851652206,7,"jul",8,"ago",3,0.15,8,7,"theta_pi","jul"
"2243019","Rio Preto","MG",-22.0833,-43.8333,"Hidroweb diário",39,FALSE,0.72358213996051,"alta (>=0.3)",TRUE,0.23879610027982667,7,"jul",9,"set",5,0.15,8,7,"theta_pi","jul"
"2243202","Rio Preto","MG",-22.0117,-43.875,"Hidroweb diário",80,FALSE,0.6981585331565703,"alta (>=0.3)",TRUE,0.114688600922765,7,"jul",9,"set",5,0.15,7,7,"theta_pi","jul"
"2244035","Santa Rita do Jacutinga","MG",-22.1506,-44.09,"Hidroweb diário",91,FALSE,0.7090141543230026,"alta (>=0.3)",TRUE,0.23840131896374334,7,"jul",9,"set",5,0.15,7,7,"theta_pi","jul"
"2244036","Passa Vinte","MG",-22.2431,-44.2636,"Hidroweb diário",88,FALSE,0.7783031816429002,"alta (>=0.3)",TRUE,0.20053510394430304,7,"jul",9,"set",5,0.15,7,7,"theta_pi","jul"
"2244054","Baependi","MG",-22.1211,-44.8425,"Hidroweb diário",70,FALSE,0.7208569924634719,"alta (>=0.3)",TRUE,0.07717421394658129,7,"jul",9,"set",5,0.15,7,7,"theta_pi","jul"
"2244057","Bocaina de Minas","MG",-22.1269,-44.4083,"Hidroweb diário",75,FALSE,0.69389716589809,"alta (>=0.3)",TRUE,0.14510146912235125,7,"jul",9,"set",5,0.15,7,7,"theta_pi","jul"
"2244058","Bocaina de Minas","MG",-22.2539,-44.495,"Hidroweb diário",55,FALSE,0.6868751411766398,"alta (>=0.3)",TRUE,0.09937972217966816,7,"jul",9,"set",5,0.15,6,7,"theta_pi","jul"
"2244062","Passa Quatro","MG",-22.3833,-44.9667,"Hidroweb diário",36,FALSE,0.7119312005721148,"alta (>=0.3)",TRUE,0.2938661233895741,7,"jul",9,"set",6,0.15,7,7,"theta_pi","jul"
"2244064","Bom Jardim de Minas","MG",-22.0261,-44.1736,"Hidroweb diário",50,FALSE,0.7195708058284122,"alta (>=0.3)",TRUE,0.17995308606957497,7,"jul",8,"ago",4,0.15,6,7,"theta_pi","jul"
"2244065","Alagoa","MG",-22.17,-44.6369,"Hidroweb diário",75,FALSE,0.6772767280324475,"alta (>=0.3)",TRUE,0.09188260323127113,7,"jul",9,"set",5,0.15,8,7,"theta_pi","jul"
"2244068","Itanhandu","MG",-22.2944,-44.9392,"Hidroweb diário",55,FALSE,0.6580824902556845,"alta (>=0.3)",TRUE,6.239909022359822,6,"jun",8,"ago",4,0.15,8,6,"theta_pi","jun"
"2244071","Pouso Alto","MG",-22.1992,-44.9733,"Hidroweb diário",61,FALSE,0.6195109047211962,"alta (>=0.3)",TRUE,0.10409129463438678,7,"jul",8,"ago",3,0.15,7,7,"theta_pi","jul"
"2245000","Santa Rita do Sapucaí","MG",-22.2508,-45.7089,"Hidroweb diário",72,FALSE,0.5783571556175398,"alta (>=0.3)",TRUE,0.2271814611003248,7,"jul",9,"set",5,0.15,7,7,"theta_pi","jul"
"2245064","Delfim Moreira","MG",-22.5097,-45.2867,"Hidroweb diário",50,FALSE,0.6289178005210073,"alta (>=0.3)",TRUE,0.16053434230405184,7,"jul",9,"set",5,0.15,8,7,"theta_pi","jul"
"2245065","Cristina","MG",-22.2103,-45.2658,"Hidroweb diário",79,FALSE,0.5829724930023449,"alta (>=0.3)",TRUE,0.1384850200736952,7,"jul",8,"ago",4,0.15,7,7,"theta_pi","jul"
"2245066","Conceição dos Ouros","MG",-22.4142,-45.7908,"Hidroweb diário",75,FALSE,0.7700767928630362,"alta (>=0.3)",TRUE,0.1589956567452462,7,"jul",8,"ago",4,0.15,7,7,"theta_pi","jul"
"2245070","Brazópolis","MG",-22.4714,-45.6219,"Hidroweb diário",65,FALSE,0.6529547365112746,"alta (>=0.3)",TRUE,0.15381180696055513,7,"jul",8,"ago",4,0.15,8,7,"theta_pi","jul"
"2245074","Careaçu","MG",-22.0533,-45.6992,"Hidroweb diário",74,FALSE,0.7227234871169332,"alta (>=0.3)",TRUE,0.1314493080833076,7,"jul",8,"ago",4,0.15,7,7,"theta_pi","jul"
"2245077","Pouso Alegre","MG",-22.2447,-45.9597,"Hidroweb diário",70,FALSE,0.6675373966278052,"alta (>=0.3)",TRUE,0.17051884886101007,7,"jul",9,"set",5,0.15,7,7,"theta_pi","jul"
"2245080","Virgínia","MG",-22.3381,-45.0906,"Hidroweb diário",73,FALSE,0.6738559238063114,"alta (>=0.3)",TRUE,0.23268187622313877,7,"jul",9,"set",5,0.15,8,7,"theta_pi","jul"
"2245081","São Lourenço","MG",-22.1167,-45.05,"Hidroweb diário",31,FALSE,0.7240535458657437,"alta (>=0.3)",TRUE,0.2989966378413262,7,"jul",9,"set",6,0.15,7,7,"theta_pi","jul"
"2245083","Itajubá","MG",-22.3756,-45.4469,"Hidroweb diário",53,FALSE,0.505765602626166,"alta (>=0.3)",TRUE,0.20616445052835458,7,"jul",8,"ago",4,0.15,8,7,"theta_pi","jul"
"2245084","Consolação","MG",-22.5656,-45.8833,"Hidroweb diário",50,FALSE,0.6418994917976351,"alta (>=0.3)",TRUE,0.24434129994838663,7,"jul",9,"set",5,0.15,7,7,"theta_pi","jul"
"2245085","Silvianópolis","MG",-22.1322,-45.9178,"Hidroweb diário",50,FALSE,0.5435557198157249,"alta (>=0.3)",TRUE,0.13773778554206792,7,"jul",9,"set",5,0.15,7,7,"theta_pi","jul"
"2245086","Pouso Alegre","MG",-22.3542,-45.8539,"Hidroweb diário",54,FALSE,0.6117362616730687,"alta (>=0.3)",TRUE,0.15663301818295552,7,"jul",8,"ago",4,0.15,7,7,"theta_pi","jul"
"2245087","Delfim Moreira","MG",-22.4069,-45.215,"Hidroweb diário",50,FALSE,0.5457606268457784,"alta (>=0.3)",TRUE,0.04412199814084708,7,"jul",8,"ago",4,0.15,8,7,"theta_pi","jul"
"2245088","Maria da Fé","MG",-22.3147,-45.3731,"Hidroweb diário",45,FALSE,0.546389645325315,"alta (>=0.3)",TRUE,0.25493720569595296,7,"jul",8,"ago",3,0.15,7,7,"theta_pi","jul"
"2245089","Silvianópolis","MG",-22.0342,-45.8353,"Hidroweb diário",43,FALSE,0.6197288048603132,"alta (>=0.3)",TRUE,0.05526591866304043,7,"jul",8,"ago",4,0.15,8,7,"theta_pi","jul"
"2245090","Conceição das Pedras","MG",-22.1622,-45.4581,"Hidroweb diário",45,FALSE,0.6002125513853045,"alta (>=0.3)",TRUE,0.06152317223335608,7,"jul",8,"ago",3,0.15,6,7,"theta_pi","jul"
"2245104","Sapucaí-mirim","MG",-22.7453,-45.7447,"Hidroweb diário",44,FALSE,0.5361913429747673,"alta (>=0.3)",TRUE,0.146714662764363,7,"jul",8,"ago",4,0.15,7,7,"theta_pi","jul"
"2245107","São Lourenço","MG",-22.1,-45.0167,"Hidroweb diário",56,FALSE,0.6979533379912287,"alta (>=0.3)",TRUE,0.1611321644505042,7,"jul",8,"ago",4,0.15,7,7,"theta_pi","jul"
"2246047","Santa Rita de Caldas","MG",-22.0233,-46.3039,"Hidroweb diário",81,FALSE,0.651718523706654,"alta (>=0.3)",TRUE,0.2612410681162717,7,"jul",9,"set",5,0.15,8,7,"theta_pi","jul"
"2246050","Cambuí","MG",-22.6078,-46.0394,"Hidroweb diário",48,FALSE,0.5750408016003087,"alta (>=0.3)",TRUE,0.23118868226035932,7,"jul",9,"set",6,0.15,8,7,"theta_pi","jul"
"2246052","Jacutinga","MG",-22.2886,-46.6192,"Hidroweb diário",61,FALSE,0.6355231329021322,"alta (>=0.3)",TRUE,0.283128825044007,7,"jul",9,"set",5,0.15,8,7,"theta_pi","jul"
"2246056","Inconfidentes","MG",-22.3211,-46.3294,"Hidroweb diário",55,FALSE,0.5793999910293521,"alta (>=0.3)",TRUE,0.18635340868124492,7,"jul",8,"ago",4,0.15,7,7,"theta_pi","jul"
"2246057","Camanducaia","MG",-22.76,-46.1469,"Hidroweb diário",46,FALSE,0.4694165409298395,"alta (>=0.3)",TRUE,0.27401704495413604,7,"jul",8,"ago",3,0.15,7,7,"theta_pi","jul"
"2246127","Borda da Mata","MG",-22.2772,-46.1639,"Hidroweb diário",39,FALSE,0.5909472958454393,"alta (>=0.3)",TRUE,0.26299614680249855,7,"jul",8,"ago",4,0.15,7,7,"theta_pi","jul"
"83015","Maria da Fe","MG",-22.31,-45.37,"INMET diário",40,FALSE,0.571002016238331,"alta (>=0.3)",TRUE,0.310314297051135,7,"jul",8,"ago",4,0.15,8,7,"theta_pi","jul"
"83032","Lambari","MG",-21.944146,-45.317739,"INMET diário",31,FALSE,0.6241178576045174,"alta (>=0.3)",TRUE,0.25274762553118396,7,"jul",8,"ago",4,0.15,7,7,"theta_pi","jul"
"83037","Goianá","MG",-21.546686,-43.261045,"INMET diário",42,FALSE,0.7355202910211626,"alta (>=0.3)",TRUE,0.361591225314313,7,"jul",8,"ago",4,0.15,7,7,"theta_pi","jul"
"83334","Formoso","MG",-14.949727,-46.235795,"INMET diário",46,FALSE,0.5656838634254003,"alta (>=0.3)",TRUE,0.2302671889523882,7,"jul",9,"set",5,0.15,6,7,"theta_pi","jul"
"83338","Espinosa","MG",-14.91,-42.81,"INMET diário",39,FALSE,0.6943145333643287,"alta (>=0.3)",TRUE,0.055332869321816365,7,"jul",9,"set",5,0.15,6,7,"theta_pi","jul"
"83384","Arinos","MG",-15.91527777,-46.10722222,"INMET diário",46,FALSE,0.6488947378080506,"alta (>=0.3)",TRUE,0.2601578104089816,7,"jul",9,"set",5,0.15,6,7,"theta_pi","jul"
"83386","Januaria","MG",-15.44805555,-44.36638888,"INMET diário",69,FALSE,0.6924646533236685,"alta (>=0.3)",TRUE,6.266305651985885,7,"jul",9,"set",5,0.15,6,7,"theta_pi","jul"
"83388","Monte Azul","MG",-15.16,-42.87,"INMET diário",41,FALSE,0.7387513605814238,"alta (>=0.3)",TRUE,0.0274484304738542,7,"jul",9,"set",5,0.15,6,7,"theta_pi","jul"
"83389","Jaíba","MG",-15.086015,-44.016223,"INMET diário",35,FALSE,0.6997058799425014,"alta (>=0.3)",TRUE,0.17262534108789043,7,"jul",9,"set",5,0.15,6,7,"theta_pi","jul"
"83393","Pedra Azul","MG",-16.00944444,-41.2811111,"INMET diário",53,FALSE,0.6374305160281959,"alta (>=0.3)",TRUE,6.095544074720809,6,"jun",9,"set",5,0.15,8,6,"theta_pi","jun"
"83395","Janauba","MG",-15.8,-43.3,"INMET diário",38,FALSE,0.6924624620881075,"alta (>=0.3)",TRUE,0.06803793320758451,7,"jul",9,"set",5,0.15,6,7,"theta_pi","jul"
"83428","Unai","MG",-16.36638888,-46.88944444,"INMET diário",47,FALSE,0.6494989007629469,"alta (>=0.3)",TRUE,0.26838826124681997,7,"jul",9,"set",5,0.15,6,7,"theta_pi","jul"
"83437","Montes Claros","MG",-16.68638888,-43.84388888,"INMET diário",54,FALSE,0.762307733075284,"alta (>=0.3)",TRUE,0.05142409277140962,7,"jul",9,"set",6,0.15,6,7,"theta_pi","jul"
"83439","Grão Mogol","MG",-16.58,-42.9,"INMET diário",47,FALSE,0.6248593100144741,"alta (>=0.3)",TRUE,0.22590359566233875,7,"jul",9,"set",6,0.15,8,7,"theta_pi","jul"
"83441","Salinas","MG",-16.154862,-42.284921,"INMET diário",69,FALSE,0.6705231285182308,"alta (>=0.3)",TRUE,0.017880001119459185,7,"jul",9,"set",6,0.15,6,7,"theta_pi","jul"
"83442","Aracuai","MG",-16.84888888,-42.06083333,"INMET diário",74,FALSE,0.6582594846285084,"alta (>=0.3)",TRUE,0.047931766878221004,7,"jul",9,"set",5,0.15,8,7,"theta_pi","jul"
"83452","Juramento","MG",-16.78,-43.67,"INMET diário",32,FALSE,0.7014139755898419,"alta (>=0.3)",TRUE,0.07299621263219949,7,"jul",9,"set",6,0.15,6,7,"theta_pi","jul"
"83479","Paracatu","MG",-17.24,-46.88,"INMET diário",46,FALSE,0.6650204021452831,"alta (>=0.3)",TRUE,0.23742412778384425,7,"jul",9,"set",5,0.15,6,7,"theta_pi","jul"
"83481","Joao Pinheiro","MG",-17.74,-46.18,"INMET diário",61,FALSE,0.7289164451405471,"alta (>=0.3)",TRUE,0.1816580364045859,7,"jul",9,"set",6,0.15,6,7,"theta_pi","jul"
"83483","Pirapora","MG",-17.35,-44.92,"INMET diário",48,FALSE,0.6924610409536909,"alta (>=0.3)",TRUE,6.20345874612441,6,"jun",9,"set",6,0.15,6,6,"theta_pi","jun"
"83485","Carbonita","MG",-17.53305554,-43.01222222,"INMET diário",41,FALSE,0.6626306092264242,"alta (>=0.3)",TRUE,6.21223400391781,6,"jun",9,"set",5,0.15,8,6,"theta_pi","jun"
"83488","Itamarandiba","MG",-17.85972222,-42.85277777,"INMET diário",58,FALSE,0.6788523800819444,"alta (>=0.3)",TRUE,0.03834753300814934,7,"jul",9,"set",5,0.15,7,7,"theta_pi","jul"
"83492","Teofilo Otoni","MG",-17.86,-41.51,"INMET diário",93,FALSE,0.6765642661450146,"alta (>=0.3)",TRUE,6.211963143571334,6,"jun",9,"set",5,0.15,8,6,"theta_pi","jun"
"83514","Capinopolis","MG",-18.73,-49.56,"INMET diário",44,FALSE,0.6694410084596694,"alta (>=0.3)",TRUE,0.23802540076336512,7,"jul",9,"set",5,0.15,7,7,"theta_pi","jul"
"83531","Patos de Minas","MG",-18.52,-46.44,"INMET diário",57,FALSE,0.6768176081229863,"alta (>=0.3)",TRUE,0.205268883891847,7,"jul",9,"set",5,0.15,7,7,"theta_pi","jul"
"83533","Bom Despacho","MG",-19.72,-45.37,"INMET diário",37,FALSE,0.7549899496804466,"alta (>=0.3)",TRUE,6.254604033490276,6,"jun",8,"ago",4,0.15,7,6,"theta_pi","jun"
"83536","Curvelo","MG",-18.75,-44.45,"INMET diário",101,FALSE,0.7427704289059801,"alta (>=0.3)",TRUE,0.061730398599586074,7,"jul",9,"set",6,0.15,6,7,"theta_pi","jul"
"83538","Diamantina","MG",-18.24,-43.62,"INMET diário",88,FALSE,0.7260209693377689,"alta (>=0.3)",TRUE,6.273664430935852,7,"jul",9,"set",5,0.15,8,7,"theta_pi","jul"
"83543","Governador Valadares","MG",-18.842608,-41.90357,"INMET diário",40,FALSE,0.6149355553233182,"alta (>=0.3)",TRUE,0.06804404046905517,7,"jul",9,"set",5,0.15,7,7,"theta_pi","jul"
"83570","Pompeu","MG",-19.23,-45,"INMET diário",40,FALSE,0.7066947796592925,"alta (>=0.3)",TRUE,0.219421505043437,7,"jul",9,"set",5,0.15,7,7,"theta_pi","jul"
"83574","Frutal","MG",-20.034803,-48.930435,"INMET diário",84,FALSE,0.6703268227825739,"alta (>=0.3)",TRUE,0.16216433564770072,7,"jul",9,"set",5,0.15,7,7,"theta_pi","jul"
"83577","Uberaba","MG",-19.74,-47.95,"INMET diário",54,FALSE,0.6165839991450609,"alta (>=0.3)",TRUE,0.17173296679932035,7,"jul",9,"set",5,0.15,7,7,"theta_pi","jul"
"83579","Araxa","MG",-19.60555555,-46.94972221,"INMET diário",54,FALSE,0.6613138960083552,"alta (>=0.3)",TRUE,0.054798657318874976,7,"jul",8,"ago",4,0.15,7,7,"theta_pi","jul"
"83581","Florestal","MG",-19.89,-44.42,"INMET diário",55,FALSE,0.7807652684001779,"alta (>=0.3)",TRUE,0.13488582633074664,7,"jul",9,"set",5,0.15,7,7,"theta_pi","jul"
"83582","Bambui","MG",-20.03,-46.01,"INMET diário",47,FALSE,0.705124848256103,"alta (>=0.3)",TRUE,0.07203452248235255,7,"jul",9,"set",5,0.15,8,7,"theta_pi","jul"
"83586","Sete Lagoas","MG",-19.48,-44.17,"INMET diário",71,FALSE,0.7520732007324754,"alta (>=0.3)",TRUE,0.12120814528336042,7,"jul",9,"set",5,0.15,7,7,"theta_pi","jul"
"83587","Belo Horizonte","MG",-19.93444444,-43.95222222,"INMET diário",65,FALSE,0.8094151465838818,"alta (>=0.3)",TRUE,0.1831884455735832,7,"jul",9,"set",5,0.15,7,7,"theta_pi","jul"
"83589","C, do Mato Dentro","MG",-19.02027777,-43.43388888,"INMET diário",60,FALSE,0.6826375213466903,"alta (>=0.3)",TRUE,0.07540286240395182,7,"jul",9,"set",5,0.15,7,7,"theta_pi","jul"
"83590","Itabira","MG",-19.62,-43.22,"INMET diário",33,FALSE,0.6406298103549479,"alta (>=0.3)",TRUE,0.20724255945423292,7,"jul",9,"set",5,0.15,6,7,"theta_pi","jul"
"83591","Joao Monlevade","MG",-19.82,-43.14,"INMET diário",50,FALSE,0.6709652468666135,"alta (>=0.3)",TRUE,0.2254565826835732,7,"jul",9,"set",5,0.15,7,7,"theta_pi","jul"
"83592","Caratinga","MG",-19.74,-42.14,"INMET diário",70,FALSE,0.7328717630334285,"alta (>=0.3)",TRUE,6.229116722717826,6,"jun",9,"set",5,0.15,8,6,"theta_pi","jun"
"83595","Aimorés","MG",-19.494872,-41.077647,"INMET diário",42,FALSE,0.5923765850187939,"alta (>=0.3)",TRUE,6.191426769167592,6,"jun",9,"set",5,0.15,7,6,"theta_pi","jun"
"83631","Guardinha","MG",-20.91,-47.11416666,"INMET diário",32,FALSE,0.6284060855283338,"alta (>=0.3)",TRUE,0.23734141676001067,7,"jul",9,"set",6,0.15,6,7,"theta_pi","jul"
"83632","Ibirite","MG",-20.02,-44.08,"INMET diário",46,FALSE,0.7333659252182213,"alta (>=0.3)",TRUE,0.0842814155398931,7,"jul",9,"set",5,0.15,7,7,"theta_pi","jul"
"83637","Oliveira","MG",-20.7,-44.82,"INMET diário",94,FALSE,0.673386524794129,"alta (>=0.3)",TRUE,0.13446444269986726,7,"jul",9,"set",5,0.15,7,7,"theta_pi","jul"
"83639","Caparao","MG",-20.5261111,-41.90916666,"INMET diário",44,FALSE,0.6543258173203224,"alta (>=0.3)",TRUE,6.268460710523828,7,"jul",9,"set",5,0.15,7,7,"theta_pi","jul"
"83642","Vicosa","MG",-20.76,-42.86,"INMET diário",52,FALSE,0.8780042843556439,"alta (>=0.3)",TRUE,0.24589201607443673,7,"jul",9,"set",5,0.15,8,7,"theta_pi","jul"
"83681","Caldas(p. de Caldas)","MG",-21.92,-46.38,"INMET diário",58,FALSE,0.636050871495666,"alta (>=0.3)",TRUE,0.23690950615216222,7,"jul",9,"set",5,0.15,7,7,"theta_pi","jul"
"83683","Machado","MG",-21.68,-45.94,"INMET diário",61,FALSE,0.6710905417779381,"alta (>=0.3)",TRUE,0.20544479590913625,7,"jul",8,"ago",4,0.15,8,7,"theta_pi","jul"
"83686","Caxambu","MG",-21.989629,-44.938583,"INMET diário",33,FALSE,0.6866063060885664,"alta (>=0.3)",TRUE,6.188731351181492,6,"jun",9,"set",6,0.15,7,6,"theta_pi","jun"
"83687","Lavras","MG",-21.2261111,-44.97972221,"INMET diário",63,FALSE,0.6998226605850769,"alta (>=0.3)",TRUE,0.10571670531696997,7,"jul",8,"ago",4,0.15,7,7,"theta_pi","jul"
"83688","Arcângelo","MG",-21.3,-44.27,"INMET diário",82,FALSE,0.6972411808971966,"alta (>=0.3)",TRUE,0.22089283317687194,7,"jul",9,"set",6,0.15,7,7,"theta_pi","jul"
"83689","Barbacena","MG",-21.24,-43.78,"INMET diário",55,FALSE,0.7677613301264541,"alta (>=0.3)",TRUE,0.1382175094162307,7,"jul",8,"ago",4,0.15,7,7,"theta_pi","jul"
"83692","Juiz de Fora","MG",-21.76999999,-43.36444444,"INMET diário",62,FALSE,0.6978469284659375,"alta (>=0.3)",TRUE,0.11594993718652401,7,"jul",9,"set",5,0.15,7,7,"theta_pi","jul"
"83732","Ouro Fino","MG",-22.28,-46.37,"INMET diário",32,FALSE,0.6394961683365273,"alta (>=0.3)",TRUE,0.29811371926255076,7,"jul",9,"set",6,0.15,8,7,"theta_pi","jul"
"83736","Sao Lourenco","MG",-22.12638888,-45.04333333,"INMET diário",61,FALSE,0.6869685018588837,"alta (>=0.3)",TRUE,0.13724680226365665,7,"jul",8,"ago",4,0.15,7,7,"theta_pi","jul"
"83737","Passa Quatro","MG",-22.38277777,-44.96694443,"INMET diário",50,FALSE,0.6193704809775269,"alta (>=0.3)",TRUE,0.08017651491981893,7,"jul",8,"ago",4,0.15,8,7,"theta_pi","jul"
"1754002","Sonora","MS",-17.5869,-54.7567,"Hidroweb diário",38,FALSE,0.4053108552832361,"alta (>=0.3)",TRUE,0.12786422091341415,7,"jul",8,"ago",4,0.15,7,7,"theta_pi","jul"
"1754004","Pedro Gomes","MS",-17.8308,-54.3131,"Hidroweb diário",47,FALSE,0.47684943461858803,"alta (>=0.3)",TRUE,0.279239338348847,7,"jul",8,"ago",3,0.15,7,7,"theta_pi","jul"
"1755001","Corumbá","MS",-17.7903,-55.7736,"Hidroweb diário",33,FALSE,0.4817303630854175,"alta (>=0.3)",TRUE,0.24309984376001312,7,"jul",8,"ago",4,0.15,7,7,"theta_pi","jul"
"1756003","Corumbá","MS",-17.6233,-56.965,"Hidroweb diário",41,FALSE,0.47443187947592586,"alta (>=0.3)",TRUE,0.29695165099920723,7,"jul",8,"ago",3,0.15,7,7,"theta_pi","jul"
"1852002","Chapadão do Sul","MS",-18.9978,-52.5881,"Hidroweb diário",36,FALSE,0.7247230427299551,"alta (>=0.3)",TRUE,0.32235090089209034,7,"jul",8,"ago",4,0.15,7,7,"theta_pi","jul"
"1852003","Chapadão do Sul","MS",-18.6917,-52.5939,"Hidroweb diário",38,FALSE,0.4779604492058229,"alta (>=0.3)",TRUE,0.026091197878540404,7,"jul",8,"ago",3,0.15,7,7,"theta_pi","jul"
"1853002","Coxim","MS",-18.1906,-54.2578,"Hidroweb diário",40,FALSE,0.49420934664877575,"alta (>=0.3)",TRUE,0.24418206631605754,7,"jul",9,"set",5,0.15,7,7,"theta_pi","jul"
"1853004","Costa Rica","MS",-18.5472,-53.1353,"Hidroweb diário",42,FALSE,0.5122449734633925,"alta (>=0.3)",TRUE,0.3524221162242719,7,"jul",8,"ago",3,0.15,7,7,"theta_pi","jul"
"1853005","Figueirão","MS",-18.6797,-53.6378,"Hidroweb diário",42,FALSE,0.5954362151305458,"alta (>=0.3)",TRUE,0.31639982524484067,7,"jul",8,"ago",3,0.15,8,7,"theta_pi","jul"
"1854001","Pedro Gomes","MS",-18.0986,-54.5472,"Hidroweb diário",49,FALSE,0.5763268358864597,"alta (>=0.3)",TRUE,6.280326570156872,7,"jul",9,"set",4,0.15,7,7,"theta_pi","jul"
"1854002","Rio Verde de Mato Grosso","MS",-18.91,-54.8322,"Hidroweb diário",42,FALSE,0.5415573394214336,"alta (>=0.3)",TRUE,0.12307897757416689,7,"jul",9,"set",4,0.15,7,7,"theta_pi","jul"
"1854003","Coxim","MS",-18.6492,-54.3572,"Hidroweb diário",39,FALSE,0.4678251273249165,"alta (>=0.3)",TRUE,0.1094201726461416,7,"jul",9,"set",4,0.15,7,7,"theta_pi","jul"
"1854004","Coxim","MS",-18.5042,-54.7556,"Hidroweb diário",39,FALSE,0.45032975881250636,"alta (>=0.3)",TRUE,0.2714081693196263,7,"jul",9,"set",5,0.15,6,7,"theta_pi","jul"
"1854006","Rio Verde de Mato Grosso","MS",-18.7303,-54.5786,"Hidroweb diário",40,FALSE,0.48686249857807307,"alta (>=0.3)",TRUE,0.34440383051982454,7,"jul",8,"ago",3,0.15,7,7,"theta_pi","jul"
"1857000","Corumbá","MS",-19.0006027,-57.6507535,"Hidroweb diário",34,FALSE,0.5796232673626575,"alta (>=0.3)",TRUE,0.4548265153147233,7,"jul",9,"set",5,0.15,7,7,"theta_pi","jul"
"1857001","Corumbá","MS",-18.0403,-57.4908,"Hidroweb diário",38,FALSE,0.506904440660206,"alta (>=0.3)",TRUE,0.43426359197525666,7,"jul",9,"set",4,0.15,7,7,"theta_pi","jul"
"1857003","Corumbá","MS",-18.3939,-57.3911,"Hidroweb diário",35,FALSE,0.3977145240038095,"alta (>=0.3)",TRUE,0.2249766974198284,7,"jul",9,"set",4,0.15,7,7,"theta_pi","jul"
"1951003","Paranaíba","MS",-19.3908,-51.6089,"Hidroweb diário",41,FALSE,0.6120314575367785,"alta (>=0.3)",TRUE,0.2478030045420131,7,"jul",8,"ago",4,0.15,7,7,"theta_pi","jul"
"1951004","Cassilândia","MS",-19.2292,-51.875,"Hidroweb diário",40,FALSE,0.5853175134580759,"alta (>=0.3)",TRUE,0.15895788004036704,7,"jul",8,"ago",4,0.15,7,7,"theta_pi","jul"
"1951005","Inocência","MS",-19.7364,-51.9336,"Hidroweb diário",43,FALSE,0.5890262626563662,"alta (>=0.3)",TRUE,0.44360682735740253,7,"jul",8,"ago",3,0.15,7,7,"theta_pi","jul"
"1952000","Chapadão do Sul","MS",-19.4442,-52.5583,"Hidroweb diário",37,FALSE,0.5632643014534189,"alta (>=0.3)",TRUE,0.30856851868168983,7,"jul",8,"ago",3,0.15,7,7,"theta_pi","jul"
"1952001","Água Clara","MS",-19.6781,-52.8964,"Hidroweb diário",41,FALSE,0.5014245407804403,"alta (>=0.3)",TRUE,0.07663799720827599,7,"jul",8,"ago",3,0.15,8,7,"theta_pi","jul"
"1952002","Inocência","MS",-19.5536,-52.1664,"Hidroweb diário",41,FALSE,0.6427716586505896,"alta (>=0.3)",TRUE,0.15327323192579698,7,"jul",8,"ago",3,0.15,7,7,"theta_pi","jul"
"1953000","Água Clara","MS",-19.3769,-53.5697,"Hidroweb diário",39,FALSE,0.4986974159241398,"alta (>=0.3)",TRUE,0.2959411897654686,7,"jul",8,"ago",3,0.15,7,7,"theta_pi","jul"
"1953001","Ribas do Rio Pardo","MS",-19.7847,-53.9639,"Hidroweb diário",40,FALSE,0.5084690638250321,"alta (>=0.3)",TRUE,0.021950041809942183,7,"jul",8,"ago",3,0.15,7,7,"theta_pi","jul"
"1953003","Água Clara","MS",-19.2719,-53.4908,"Hidroweb diário",33,FALSE,0.5316458060204642,"alta (>=0.3)",TRUE,0.03989226725682527,7,"jul",8,"ago",3,0.15,7,7,"theta_pi","jul"
"1954002","Rochedo","MS",-19.9533,-54.8786,"Hidroweb diário",46,FALSE,0.3989469697481018,"alta (>=0.3)",TRUE,6.19421014957864,6,"jun",8,"ago",3,0.15,8,6,"theta_pi","jun"
"1954003","Rio Negro","MS",-19.4397,-54.9833,"Hidroweb diário",45,FALSE,0.3364883500774763,"alta (>=0.3)",TRUE,6.123776627514274,6,"jun",8,"ago",3,0.15,7,6,"theta_pi","jun"
"1954004","Camapuã","MS",-19.4967,-53.9967,"Hidroweb diário",47,FALSE,0.4998598974628872,"alta (>=0.3)",TRUE,0.40613780298227126,7,"jul",8,"ago",3,0.15,7,7,"theta_pi","jul"
"1954005","Bandeirantes","MS",-19.9178,-54.3586,"Hidroweb diário",42,FALSE,0.41022084503664,"alta (>=0.3)",TRUE,5.989376065654595,6,"jun",8,"ago",3,0.15,7,6,"theta_pi","jun"
"1954006","Camapuã","MS",-19.3222,-54.1611,"Hidroweb diário",37,FALSE,0.4625068273511887,"alta (>=0.3)",TRUE,0.0250549618938842,7,"jul",8,"ago",3,0.15,7,7,"theta_pi","jul"
"1955000","Aquidauana","MS",-19.9447,-55.7944,"Hidroweb diário",40,FALSE,0.45977639344320276,"alta (>=0.3)",TRUE,0.126705719837729,7,"jul",8,"ago",3,0.15,8,7,"theta_pi","jul"
"1956001","Corumbá","MS",-19.1733,-56.7122,"Hidroweb diário",33,FALSE,0.4334485043109205,"alta (>=0.3)",TRUE,0.23437750035533997,7,"jul",8,"ago",3,0.15,8,7,"theta_pi","jul"
"1956003","Aquidauana","MS",-19.6967,-56.2828,"Hidroweb diário",50,FALSE,0.4404204285285541,"alta (>=0.3)",TRUE,0.26916021863439776,7,"jul",8,"ago",3,0.15,7,7,"theta_pi","jul"
"1956004","Corumbá","MS",-19.0033,-56.0889,"Hidroweb diário",45,FALSE,0.6262129473589576,"alta (>=0.3)",TRUE,0.09734626276789154,7,"jul",8,"ago",3,0.15,8,7,"theta_pi","jul"
"1956005","Miranda","MS",-19.8708,-56.9836,"Hidroweb diário",55,FALSE,0.5684656345960204,"alta (>=0.3)",TRUE,0.08168096235737107,7,"jul",8,"ago",3,0.15,7,7,"theta_pi","jul"
"1956008","Aquidauana","MS",-19.3592,-56.4092,"Hidroweb diário",31,FALSE,0.586154883637187,"alta (>=0.3)",TRUE,0.14846955114035978,7,"jul",9,"set",4,0.15,6,7,"theta_pi","jul"
"1957000","Corumbá","MS",-19,-57.65,"Hidroweb diário",56,FALSE,0.5268397072940731,"alta (>=0.3)",TRUE,0.13728313061162983,7,"jul",9,"set",5,0.15,7,7,"theta_pi","jul"
"1957003","Corumbá","MS",-19.2583,-57.2353,"Hidroweb diário",37,FALSE,0.5891339466827363,"alta (>=0.3)",TRUE,6.258350373509203,6,"jun",8,"ago",3,0.15,7,6,"theta_pi","jun"
"1957004","Corumbá","MS",-19.9186,-57.7894,"Hidroweb diário",43,FALSE,0.5404842569120295,"alta (>=0.3)",TRUE,0.2540324246163956,7,"jul",9,"set",4,0.15,8,7,"theta_pi","jul"
"1957005","Corumbá","MS",-19.3053,-57.5933,"Hidroweb diário",38,FALSE,0.428761915199015,"alta (>=0.3)",TRUE,0.15714072566992565,7,"jul",8,"ago",3,0.15,7,7,"theta_pi","jul"
"2051037","Três Lagoas","MS",-20.8,-51.6333,"Hidroweb diário",41,FALSE,0.5679542411462255,"alta (>=0.3)",TRUE,0.2160930397013377,7,"jul",8,"ago",3,0.15,8,7,"theta_pi","jul"
"2051045","Selvíria","MS",-20.3636,-51.4239,"Hidroweb diário",43,FALSE,0.5771497054532184,"alta (>=0.3)",TRUE,0.49167306655375814,7,"jul",8,"ago",3,0.15,7,7,"theta_pi","jul"
"2051046","Aparecida do Taboado","MS",-20.0683,-51.1036,"Hidroweb diário",43,FALSE,0.5756654900887835,"alta (>=0.3)",TRUE,0.45278378707272093,7,"jul",8,"ago",3,0.15,7,7,"theta_pi","jul"
"2052002","Ribas do Rio Pardo","MS",-20.4453,-52.9019,"Hidroweb diário",49,FALSE,0.46517172502395343,"alta (>=0.3)",TRUE,0.2049107612694116,7,"jul",8,"ago",3,0.15,7,7,"theta_pi","jul"
"2052003","Água Clara","MS",-20.1019,-52.9258,"Hidroweb diário",38,FALSE,0.6050904253297374,"alta (>=0.3)",TRUE,0.3906452956879474,7,"jul",8,"ago",3,0.15,7,7,"theta_pi","jul"
"2052004","Três Lagoas","MS",-20.6028,-52.2183,"Hidroweb diário",41,FALSE,0.5534388947940391,"alta (>=0.3)",TRUE,0.15929626923055898,7,"jul",8,"ago",3,0.15,8,7,"theta_pi","jul"
"2052006","Três Lagoas","MS",-20.0939,-52.1603,"Hidroweb diário",33,FALSE,0.46056661780435626,"alta (>=0.3)",TRUE,0.4516825626007775,7,"jul",8,"ago",3,0.15,8,7,"theta_pi","jul"
"2053000","Ribas do Rio Pardo","MS",-20.4447,-53.7581,"Hidroweb diário",48,FALSE,0.5285583288827019,"alta (>=0.3)",TRUE,0.29688888389980495,7,"jul",8,"ago",3,0.15,8,7,"theta_pi","jul"
"2053001","Ribas do Rio Pardo","MS",-20.6769,-53.5714,"Hidroweb diário",38,FALSE,0.47782750393100765,"alta (>=0.3)",TRUE,6.255576085812159,6,"jun",8,"ago",3,0.15,7,6,"theta_pi","jun"
"2053004","Santa Rita do Pardo","MS",-20.9611,-53.2881,"Hidroweb diário",33,FALSE,0.5144035168436836,"alta (>=0.3)",TRUE,0.33265129268167276,7,"jul",8,"ago",3,0.15,7,7,"theta_pi","jul"
"2054001","Campo Grande","MS",-20.4667,-54.6667,"Hidroweb diário",31,FALSE,0.3935617225420597,"alta (>=0.3)",TRUE,0.08829966323757905,7,"jul",8,"ago",3,0.15,7,7,"theta_pi","jul"
"2054005","Terenos","MS",-20.4931,-54.8114,"Hidroweb diário",51,FALSE,0.3715008459677965,"alta (>=0.3)",TRUE,0.15236917623714716,7,"jul",8,"ago",3,0.15,7,7,"theta_pi","jul"
"2054009","Terenos","MS",-20.4906,-54.8669,"Hidroweb diário",40,FALSE,0.3984181921600428,"alta (>=0.3)",TRUE,0.09188969001853256,7,"jul",8,"ago",3,0.15,7,7,"theta_pi","jul"
"2054014","Campo Grande","MS",-20.4517,-54.6275,"Hidroweb diário",37,FALSE,0.3230861717046793,"alta (>=0.3)",TRUE,6.274113148591111,7,"jul",8,"ago",3,0.15,7,7,"theta_pi","jul"
"2054019","Jaraguari","MS",-20.1022,-54.4347,"Hidroweb diário",43,FALSE,0.2008814832199692,"media (0.20-0.3)",FALSE,0.601911632433302,8,"ago",8,"ago",3,0.15,7,8,"ultimo_mes_seco","ago"
"2054020","Ribas do Rio Pardo","MS",-20.4708,-54.0967,"Hidroweb diário",32,FALSE,0.41159013318616955,"alta (>=0.3)",TRUE,0.14222153489644648,7,"jul",8,"ago",3,0.15,7,7,"theta_pi","jul"
"2054021","Sidrolândia","MS",-20.9514,-54.9717,"Hidroweb diário",40,FALSE,0.24212943662439054,"media (0.20-0.3)",FALSE,0.5545074398461901,8,"ago",8,"ago",3,0.15,8,8,"ultimo_mes_seco","ago"
"2055001","Aquidauana","MS",-20.1278,-55.3933,"Hidroweb diário",45,FALSE,0.3643322401169767,"alta (>=0.3)",TRUE,6.2649949354485415,6,"jun",8,"ago",3,0.15,7,6,"theta_pi","jun"
"2055002","Dois Irmãos do Buriti","MS",-20.4489,-55.4308,"Hidroweb diário",38,FALSE,0.3223608909696181,"alta (>=0.3)",TRUE,0.1349247719607723,7,"jul",8,"ago",3,0.15,8,7,"theta_pi","jul"
"2055003","Dois Irmãos do Buriti","MS",-20.2922,-55.4453,"Hidroweb diário",32,FALSE,0.29968743042309587,"media (0.20-0.3)",FALSE,0.477519118865085,7,"jul",8,"ago",3,0.15,7,8,"ultimo_mes_seco","ago"
"2055004","Aquidauana","MS",-20.0703,-55.6453,"Hidroweb diário",44,FALSE,0.4838559814553897,"alta (>=0.3)",TRUE,0.2577906009574374,7,"jul",8,"ago",3,0.15,7,7,"theta_pi","jul"
"2056001","Miranda","MS",-20.2408,-56.3958,"Hidroweb diário",46,FALSE,0.41436759048831595,"alta (>=0.3)",TRUE,0.011257086636516722,7,"jul",8,"ago",3,0.15,7,7,"theta_pi","jul"
"2056003","Bonito","MS",-20.7644,-56.0931,"Hidroweb diário",43,FALSE,0.2685851254660711,"media (0.20-0.3)",FALSE,0.25146804932067296,7,"jul",8,"ago",2,0.15,8,8,"ultimo_mes_seco","ago"
"2056005","Miranda","MS",-20.1019,-56.7953,"Hidroweb diário",75,FALSE,0.49087038068589717,"alta (>=0.3)",TRUE,0.26487038662584395,7,"jul",8,"ago",3,0.15,7,7,"theta_pi","jul"
"2056007","Porto Murtinho","MS",-21.0319,-56.9881,"Hidroweb diário",33,FALSE,0.2833024795152588,"media (0.20-0.3)",FALSE,0.5062952615192446,7,"jul",9,"set",3,0.15,8,9,"ultimo_mes_seco","set"
"2057001","Corumbá","MS",-20.0497,-57.3214,"Hidroweb diário",39,FALSE,0.49145135701629555,"alta (>=0.3)",TRUE,0.299551946545593,7,"jul",8,"ago",3,0.15,7,7,"theta_pi","jul"
"2152000","Três Lagoas","MS",-20.8006,-52.3883,"Hidroweb diário",48,FALSE,0.47969617969224193,"alta (>=0.3)",TRUE,0.2919300622250232,7,"jul",8,"ago",3,0.15,7,7,"theta_pi","jul"
"2152001","Bataguassu","MS",-21.7258,-52.3342,"Hidroweb diário",52,FALSE,0.4070050644081936,"alta (>=0.3)",TRUE,0.21701773667485763,7,"jul",8,"ago",3,0.15,8,7,"theta_pi","jul"
"2152005","Santa Rita do Pardo","MS",-21.2953,-52.8106,"Hidroweb diário",50,FALSE,0.34913993614163885,"alta (>=0.3)",TRUE,0.41908069105609963,7,"jul",8,"ago",3,0.15,8,7,"theta_pi","jul"
"2152014","Brasilândia","MS",-21.2494,-52.2881,"Hidroweb diário",37,FALSE,0.5023970155980231,"alta (>=0.3)",TRUE,0.14484425027241446,7,"jul",8,"ago",3,0.15,7,7,"theta_pi","jul"
"2152016","Santa Rita do Pardo","MS",-21.0697,-52.9936,"Hidroweb diário",35,FALSE,0.4223557948377528,"alta (>=0.3)",TRUE,0.2152282627937554,7,"jul",8,"ago",3,0.15,7,7,"theta_pi","jul"
"2153000","Nova Andradina","MS",-21.6153,-53.0522,"Hidroweb diário",47,FALSE,0.4989780630075325,"alta (>=0.3)",TRUE,0.004099197957604888,7,"jul",8,"ago",3,0.15,8,7,"theta_pi","jul"
"2153002","Ribas do Rio Pardo","MS",-21.4094,-53.6133,"Hidroweb diário",36,FALSE,0.35210761269354374,"alta (>=0.3)",TRUE,6.252061031226065,6,"jun",8,"ago",3,0.15,7,6,"theta_pi","jun"
"2153003","Nova Andradina","MS",-21.9822,-53.4389,"Hidroweb diário",33,FALSE,0.3437183265355028,"alta (>=0.3)",TRUE,6.188404129110153,6,"jun",8,"ago",2,0.15,8,6,"theta_pi","jun"
"2153004","Ribas do Rio Pardo","MS",-21.0228,-53.5369,"Hidroweb diário",39,FALSE,0.3323283908400814,"alta (>=0.3)",TRUE,0.13023598766051409,7,"jul",8,"ago",2,0.15,7,7,"theta_pi","jul"
"2154000","Rio Brilhante","MS",-21.6472,-54.4253,"Hidroweb diário",50,FALSE,0.20443194523176164,"media (0.20-0.3)",FALSE,0.036636764438878595,7,"jul",8,"ago",2,0.15,8,8,"ultimo_mes_seco","ago"
"2154001","Rio Brilhante","MS",-21.8061,-54.6031,"Hidroweb diário",50,FALSE,0.3273479770637738,"alta (>=0.3)",TRUE,0.2519298034404804,7,"jul",8,"ago",2,0.15,7,7,"theta_pi","jul"
"2154002","Sidrolândia","MS",-20.9939,-54.5081,"Hidroweb diário",51,FALSE,0.29163191936275557,"media (0.20-0.3)",FALSE,0.3697647863601579,7,"jul",8,"ago",3,0.15,8,8,"ultimo_mes_seco","ago"
"2154006","Rio Brilhante","MS",-21.8717,-54.0808,"Hidroweb diário",32,FALSE,0.25969459096007214,"media (0.20-0.3)",FALSE,0.26406427239906965,7,"jul",8,"ago",2,0.15,8,8,"ultimo_mes_seco","ago"
"2154007","Sidrolândia","MS",-21.1828,-54.7461,"Hidroweb diário",39,FALSE,0.20885231735992937,"media (0.20-0.3)",FALSE,0.48881728231818533,7,"jul",8,"ago",3,0.15,7,8,"ultimo_mes_seco","ago"
"2154008","Campo Grande","MS",-21.3019,-54.1994,"Hidroweb diário",36,FALSE,0.39886731042311985,"alta (>=0.3)",TRUE,0.20609548117640963,7,"jul",8,"ago",3,0.15,7,7,"theta_pi","jul"
"2155000","Maracaju","MS",-21.6186,-55.1369,"Hidroweb diário",49,FALSE,0.28088776598188275,"media (0.20-0.3)",FALSE,6.275882022781485,7,"jul",8,"ago",2,0.15,7,8,"ultimo_mes_seco","ago"
"2155001","Nioaque","MS",-21.1492,-55.825,"Hidroweb diário",43,FALSE,0.2710816713508513,"media (0.20-0.3)",FALSE,0.21538723003605262,7,"jul",8,"ago",3,0.15,8,8,"ultimo_mes_seco","ago"
"2156000","Bonito","MS",-21.1183,-56.48,"Hidroweb diário",46,FALSE,0.44776511217769405,"alta (>=0.3)",TRUE,0.09610886186715263,7,"jul",8,"ago",2,0.15,7,7,"theta_pi","jul"
"2156001","Guia Lopes da Laguna","MS",-21.4406,-56.0908,"Hidroweb diário",42,FALSE,0.23957515909024582,"media (0.20-0.3)",FALSE,0.4789440287142345,7,"jul",8,"ago",2,0.15,7,8,"ultimo_mes_seco","ago"
"2157003","Porto Murtinho","MS",-21.1919,-57.0392,"Hidroweb diário",42,FALSE,0.4302215682525809,"alta (>=0.3)",TRUE,0.2266542093091708,7,"jul",8,"ago",3,0.15,7,7,"theta_pi","jul"
"2157004","Porto Murtinho","MS",-21.7014,-57.8917,"Hidroweb diário",42,FALSE,0.41574600059726036,"alta (>=0.3)",TRUE,0.22206606962101516,7,"jul",9,"set",4,0.15,7,7,"theta_pi","jul"
"2157005","Porto Murtinho","MS",-21.6889,-57.3597,"Hidroweb diário",39,FALSE,0.34292412901873237,"alta (>=0.3)",TRUE,0.4388946108334746,7,"jul",9,"set",4,0.15,7,7,"theta_pi","jul"
"2252000","Anaurilândia","MS",-22.1864,-52.7133,"Hidroweb diário",53,FALSE,0.4569009731596302,"alta (>=0.3)",TRUE,0.23520039676536825,7,"jul",8,"ago",3,0.15,7,7,"theta_pi","jul"
"2253004","Ivinhema","MS",-22.305,-53.8311,"Hidroweb diário",37,FALSE,0.3118428155279745,"alta (>=0.3)",TRUE,0.2490764049715617,7,"jul",8,"ago",2,0.15,8,7,"theta_pi","jul"
"2253014","Batayporã","MS",-22.2986,-53.2803,"Hidroweb diário",39,FALSE,0.3212152104256962,"alta (>=0.3)",TRUE,0.1920810320659845,7,"jul",8,"ago",2,0.15,7,7,"theta_pi","jul"
"2253015","Jatei","MS",-22.545,-54.0278,"Hidroweb diário",35,FALSE,0.21908363311657836,"media (0.20-0.3)",FALSE,5.469982263165239,5,"mai",8,"ago",3,0.15,8,8,"ultimo_mes_seco","ago"
"2254000","Caarapó","MS",-22.6244,-54.8247,"Hidroweb diário",44,FALSE,0.2928321279408426,"media (0.20-0.3)",FALSE,5.749407004127524,5,"mai",8,"ago",3,0.15,7,8,"ultimo_mes_seco","ago"
"2254001","Dourados","MS",-22.3981,-54.7917,"Hidroweb diário",51,FALSE,0.2445624696835674,"media (0.20-0.3)",FALSE,0.12006200916206645,7,"jul",8,"ago",2,0.15,7,8,"ultimo_mes_seco","ago"
"2254003","Glória de Dourados","MS",-22.4058,-54.2353,"Hidroweb diário",48,FALSE,0.22054158686965805,"media (0.20-0.3)",FALSE,0.6005363637050953,8,"ago",8,"ago",2,0.15,7,8,"ultimo_mes_seco","ago"
"2254004","Deodápolis","MS",-22.0753,-54.1892,"Hidroweb diário",36,FALSE,0.3322812352247728,"alta (>=0.3)",TRUE,0.5921833511264272,8,"ago",8,"ago",2,0.15,8,8,"theta_pi","ago"
"2254005","Itaporã","MS",-22.0747,-54.7839,"Hidroweb diário",40,FALSE,0.25852680397265015,"media (0.20-0.3)",FALSE,0.7080788249932237,8,"ago",8,"ago",2,0.15,8,8,"ultimo_mes_seco","ago"
"2255002","Antônio João","MS",-22.1881,-55.943600000000004,"Hidroweb diário",37,FALSE,0.2872938116587143,"media (0.20-0.3)",FALSE,0.27311435350121593,7,"jul",8,"ago",2,0.15,7,8,"ultimo_mes_seco","ago"
"2255003","Laguna Carapã","MS",-22.7319,-55.2422,"Hidroweb diário",40,FALSE,0.3157742383911459,"alta (>=0.3)",TRUE,0.23094000576254697,7,"jul",8,"ago",2,0.15,8,7,"theta_pi","jul"
"2255004","Dourados","MS",-22.0861,-55.3531,"Hidroweb diário",35,FALSE,0.4389319994686065,"alta (>=0.3)",TRUE,0.41260363673528566,7,"jul",8,"ago",2,0.15,7,7,"theta_pi","jul"
"2256001","Bela Vista","MS",-22.11,-56.5275,"Hidroweb diário",44,FALSE,0.34024510647957174,"alta (>=0.3)",TRUE,0.7540379679608616,8,"ago",8,"ago",2,0.15,7,8,"theta_pi","ago"
"2257000","Caracol","MS",-22.0142,-57.0322,"Hidroweb diário",43,FALSE,0.33892961863121474,"alta (>=0.3)",TRUE,0.6204061647656031,8,"ago",8,"ago",2,0.15,7,8,"theta_pi","ago"
"2353048","Naviraí","MS",-23.0728,-53.8206,"Hidroweb diário",40,FALSE,0.24405933027993743,"media (0.20-0.3)",FALSE,0.06161662216524762,7,"jul",8,"ago",2,0.15,7,8,"ultimo_mes_seco","ago"
"2354000","Naviraí","MS",-23.0578,-54.1939,"Hidroweb diário",50,FALSE,0.1723454215386638,"baixa (<0.20)",FALSE,5.924012288037962,6,"jun",8,"ago",3,0.15,7,8,"ultimo_mes_seco","ago"
"2354001","Iguatemi","MS",-23.6819,-54.5617,"Hidroweb diário",44,FALSE,0.21393566442849077,"media (0.20-0.3)",FALSE,0.3541772288251491,7,"jul",8,"ago",2,0.15,8,8,"ultimo_mes_seco","ago"
"2354002","Caarapó","MS",-22.9703,-54.5633,"Hidroweb diário",38,FALSE,0.4294395739743659,"alta (>=0.3)",TRUE,6.199560463750126,6,"jun",8,"ago",2,0.15,7,6,"theta_pi","jun"
"2354004","Iguatemi","MS",-23.4497,-54.3936,"Hidroweb diário",34,FALSE,0.22550961859770882,"media (0.20-0.3)",FALSE,0.09584092727287283,7,"jul",8,"ago",2,0.15,8,8,"ultimo_mes_seco","ago"
"2355000","Amambaí","MS",-23.0978,-55.2436,"Hidroweb diário",52,FALSE,0.23089050948514275,"media (0.20-0.3)",FALSE,0.32530157990706454,7,"jul",8,"ago",2,0.15,7,8,"ultimo_mes_seco","ago"
"2355001","Coronel Sapucaia","MS",-23.2661,-55.5244,"Hidroweb diário",39,FALSE,0.23751029035987442,"media (0.20-0.3)",FALSE,0.21035013183944015,7,"jul",8,"ago",2,0.15,7,8,"ultimo_mes_seco","ago"
"2355002","Paranhos","MS",-23.6503,-55.3919,"Hidroweb diário",36,FALSE,0.17930757341098352,"baixa (<0.20)",FALSE,6.178078747881172,6,"jun",8,"ago",2,0.15,8,8,"ultimo_mes_seco","ago"
"2355003","Tacuru","MS",-23.6403,-55.0192,"Hidroweb diário",39,FALSE,0.18431738149093357,"baixa (<0.20)",FALSE,6.280156492289755,7,"jul",9,"set",3,0.15,8,9,"ultimo_mes_seco","set"
"83552","Corumbá","MS",-19.00461,-57.672338,"INMET diário",37,FALSE,0.5747066132483173,"alta (>=0.3)",TRUE,0.4842006676348408,7,"jul",9,"set",4,0.15,7,7,"theta_pi","jul"
"83565","Paranaiba","MS",-19.66,-51.19,"INMET diário",47,FALSE,0.6924427343254685,"alta (>=0.3)",TRUE,0.41006153289810576,7,"jul",9,"set",5,0.15,7,7,"theta_pi","jul"
"83608","Aquidauana","MS",-20.47,-55.8,"INMET diário",57,FALSE,0.4584706583140272,"alta (>=0.3)",TRUE,5.967541532931369,6,"jun",9,"set",4,0.15,8,6,"theta_pi","jun"
"83611","Campo Grande","MS",-20.44722221,-54.72277777,"INMET diário",42,FALSE,0.5534171605328354,"alta (>=0.3)",TRUE,6.015881841047641,6,"jun",9,"set",4,0.15,8,6,"theta_pi","jun"
"83618","Três Lagoas","MS",-20.794867,-51.713519,"INMET diário",84,FALSE,0.5095373825779652,"alta (>=0.3)",TRUE,0.4144035935382409,7,"jul",8,"ago",3,0.15,8,7,"theta_pi","jul"
"83702","Ponta Pora","MS",-22.55,-55.72,"INMET diário",56,FALSE,0.31687802633641016,"alta (>=0.3)",TRUE,5.920307005331409,6,"jun",8,"ago",2,0.15,8,6,"theta_pi","jun"
"83704","Ivinhema","MS",-22.30027777,-53.82277777,"INMET diário",33,FALSE,0.32105043045880705,"alta (>=0.3)",TRUE,0.3311826356224303,7,"jul",8,"ago",2,0.15,8,7,"theta_pi","jul"
"1050000","Luciara","MT",-11.2192,-50.6686,"Hidroweb diário",41,FALSE,0.6315117235353347,"alta (>=0.3)",TRUE,0.16598602480121682,7,"jul",9,"set",5,0.15,6,7,"theta_pi","jul"
"1051001","Porto Alegre do Norte","MT",-10.8672,-51.6306,"Hidroweb diário",41,FALSE,0.5515466891050742,"alta (>=0.3)",TRUE,0.20483938247943093,7,"jul",8,"ago",4,0.15,6,7,"theta_pi","jul"
"1052000","São José do Xingu","MT",-10.8072,-52.7461,"Hidroweb diário",44,FALSE,0.6372866405736738,"alta (>=0.3)",TRUE,0.05230168219415166,7,"jul",8,"ago",4,0.15,6,7,"theta_pi","jul"
"1053001","Marcelândia","MT",-10.5592,-53.6067,"Hidroweb diário",32,FALSE,0.6148876829363056,"alta (>=0.3)",TRUE,6.271716044352984,7,"jul",8,"ago",4,0.15,6,7,"theta_pi","jul"
"1054000","Marcelândia","MT",-10.7461,-54.5461,"Hidroweb diário",44,FALSE,0.6337098757012473,"alta (>=0.3)",TRUE,0.23265095992537926,7,"jul",9,"set",5,0.15,6,7,"theta_pi","jul"
"1055001","Carlinda","MT",-10.1125,-55.57,"Hidroweb diário",47,FALSE,0.639099708691297,"alta (>=0.3)",TRUE,0.45458570129791065,7,"jul",8,"ago",4,0.15,6,7,"theta_pi","jul"
"1055002","Colíder","MT",-10.7986,-55.4486,"Hidroweb diário",40,FALSE,0.615120919781633,"alta (>=0.3)",TRUE,0.18966845094738735,7,"jul",8,"ago",4,0.15,6,7,"theta_pi","jul"
"1057001","Nova Monte Verde","MT",-9.9417,-57.1331,"Hidroweb diário",38,FALSE,0.672326309748233,"alta (>=0.3)",TRUE,0.3075185634308868,7,"jul",8,"ago",4,0.15,6,7,"theta_pi","jul"
"1058002","Cotriguaçu","MT",-9.8564,-58.2489,"Hidroweb diário",36,FALSE,0.6147037173352883,"alta (>=0.3)",TRUE,0.34560962445789045,7,"jul",8,"ago",4,0.15,7,7,"theta_pi","jul"
"1058003","Juruena","MT",-10.3125,-58.5017,"Hidroweb diário",38,FALSE,0.5658716713618559,"alta (>=0.3)",TRUE,0.2018985045623542,7,"jul",8,"ago",4,0.15,7,7,"theta_pi","jul"
"1058004","Castanheira","MT",-10.8342,-58.8033,"Hidroweb diário",33,FALSE,0.5730172433697255,"alta (>=0.3)",TRUE,0.4386302301612558,7,"jul",8,"ago",4,0.15,6,7,"theta_pi","jul"
"1058005","Aripuanã","MT",-10.5886,-58.8678,"Hidroweb diário",34,FALSE,0.5536902513670419,"alta (>=0.3)",TRUE,0.2968306747660166,7,"jul",8,"ago",4,0.15,6,7,"theta_pi","jul"
"1059000","Aripuanã","MT",-10.1753,-59.4517,"Hidroweb diário",44,FALSE,0.5795217407193273,"alta (>=0.3)",TRUE,0.22938770944911177,7,"jul",8,"ago",3,0.15,7,7,"theta_pi","jul"
"1061002","Rondolândia","MT",-10.3969,-61.0453,"Hidroweb diário",34,FALSE,0.6042106890066565,"alta (>=0.3)",TRUE,0.3857437957197143,7,"jul",9,"set",5,0.15,6,7,"theta_pi","jul"
"1150001","São Félix do Araguaia","MT",-11.6197,-50.6625,"Hidroweb diário",51,FALSE,0.6193558479532474,"alta (>=0.3)",TRUE,0.17526488415678285,7,"jul",9,"set",5,0.15,6,7,"theta_pi","jul"
"1151000","Alto Boa Vista","MT",-11.6747,-51.3764,"Hidroweb diário",40,FALSE,0.5963527927694013,"alta (>=0.3)",TRUE,0.11670829748066464,7,"jul",9,"set",5,0.15,6,7,"theta_pi","jul"
"1152000","São Félix do Araguaia","MT",-11.7417,-51.9889,"Hidroweb diário",35,FALSE,0.5801506245350613,"alta (>=0.3)",TRUE,0.2844990012514689,7,"jul",9,"set",5,0.15,6,7,"theta_pi","jul"
"1154001","Santa Carmem","MT",-11.9292,-54.9981,"Hidroweb diário",37,FALSE,0.48692057129058114,"alta (>=0.3)",TRUE,0.4816709436339257,7,"jul",9,"set",5,0.15,6,7,"theta_pi","jul"
"1155000","Sinop","MT",-11.6511,-55.7025,"Hidroweb diário",40,FALSE,0.6463615586364359,"alta (>=0.3)",TRUE,0.22701580852228867,7,"jul",9,"set",5,0.15,6,7,"theta_pi","jul"
"1156000","Tabaporã","MT",-11.4714,-56.4333,"Hidroweb diário",41,FALSE,0.5797674616546461,"alta (>=0.3)",TRUE,0.33480682764784836,7,"jul",8,"ago",4,0.15,6,7,"theta_pi","jul"
"1156001","Porto dos Gaúchos","MT",-11.6914,-55.4486,"Hidroweb diário",40,FALSE,0.6167476612049808,"alta (>=0.3)",TRUE,0.1748290070534557,7,"jul",8,"ago",4,0.15,6,7,"theta_pi","jul"
"1157000","Porto dos Gaúchos","MT",-11.5358,-57.4172,"Hidroweb diário",41,FALSE,0.6479255188753658,"alta (>=0.3)",TRUE,0.4439782305602049,7,"jul",9,"set",5,0.15,6,7,"theta_pi","jul"
"1157001","Juara","MT",-11.2531,-57.5067,"Hidroweb diário",39,FALSE,0.6668017108700943,"alta (>=0.3)",TRUE,0.29873859518512264,7,"jul",8,"ago",4,0.15,7,7,"theta_pi","jul"
"1158001","Juína","MT",-11.3417,-58.3383,"Hidroweb diário",44,FALSE,0.6841425058473352,"alta (>=0.3)",TRUE,0.22051652337559952,7,"jul",9,"set",5,0.15,6,7,"theta_pi","jul"
"1158002","Juína","MT",-11.4081,-58.7186,"Hidroweb diário",39,FALSE,0.5792720749133008,"alta (>=0.3)",TRUE,0.08020752491512961,7,"jul",8,"ago",4,0.15,6,7,"theta_pi","jul"
"1158003","Brasnorte","MT",-11.7178,-58.0472,"Hidroweb diário",35,FALSE,0.6597069160312687,"alta (>=0.3)",TRUE,0.4598537389833747,7,"jul",8,"ago",4,0.15,6,7,"theta_pi","jul"
"1250001","Novo Santo Antônio","MT",-12.2903,-50.9656,"Hidroweb diário",53,FALSE,0.6150295807492949,"alta (>=0.3)",TRUE,7.649632118135775e-4,7,"jul",9,"set",5,0.15,6,7,"theta_pi","jul"
"1251000","Bom Jesus do Araguaia","MT",-12.1642,-51.6969,"Hidroweb diário",37,FALSE,0.5298210335434346,"alta (>=0.3)",TRUE,0.28605024180568606,7,"jul",9,"set",5,0.15,6,7,"theta_pi","jul"
"1251001","Ribeirão Cascalheira","MT",-12.9397,-51.8264,"Hidroweb diário",38,FALSE,0.6121187683460605,"alta (>=0.3)",TRUE,0.3030150733127335,7,"jul",9,"set",5,0.15,6,7,"theta_pi","jul"
"1255001","Sorriso","MT",-12.675,-55.7931,"Hidroweb diário",32,FALSE,0.651539195440422,"alta (>=0.3)",TRUE,0.2600720345118837,7,"jul",9,"set",5,0.15,6,7,"theta_pi","jul"
"1255002","Feliz Natal","MT",-12.5178,-54.9125,"Hidroweb diário",43,FALSE,0.6641154819963501,"alta (>=0.3)",TRUE,0.13651602378598107,7,"jul",9,"set",5,0.15,6,7,"theta_pi","jul"
"1257000","Brasnorte","MT",-12.1164,-58.0003,"Hidroweb diário",39,FALSE,0.6051766678586352,"alta (>=0.3)",TRUE,0.05325213810291168,7,"jul",9,"set",5,0.15,6,7,"theta_pi","jul"
"1351000","Cocalinho","MT",-14.0881,-51.6989,"Hidroweb diário",41,FALSE,0.668517630744879,"alta (>=0.3)",TRUE,0.21773286668423594,7,"jul",9,"set",5,0.15,6,7,"theta_pi","jul"
"1352000","Água Boa","MT",-13.8811,-52.4122,"Hidroweb diário",38,FALSE,0.6088869463881877,"alta (>=0.3)",TRUE,0.16541936963444726,7,"jul",9,"set",5,0.15,6,7,"theta_pi","jul"
"1352001","Canarana","MT",-13.4956,-52.4544,"Hidroweb diário",40,FALSE,0.7039476056199513,"alta (>=0.3)",TRUE,0.19710859205285486,7,"jul",9,"set",5,0.15,6,7,"theta_pi","jul"
"1352002","Canarana","MT",-13.7053,-52.0267,"Hidroweb diário",39,FALSE,0.60279954939046,"alta (>=0.3)",TRUE,6.280019257013011,7,"jul",9,"set",5,0.15,6,7,"theta_pi","jul"
"1353001","Campinápolis","MT",-13.8419,-53.2417,"Hidroweb diário",37,FALSE,0.6211654542511699,"alta (>=0.3)",TRUE,0.21123365907432728,7,"jul",9,"set",5,0.15,6,7,"theta_pi","jul"
"1354000","Paranatinga","MT",-13.4483,-54.2811,"Hidroweb diário",41,FALSE,0.6507321852872844,"alta (>=0.3)",TRUE,0.2160600510553084,7,"jul",9,"set",5,0.15,6,7,"theta_pi","jul"
"1355001","Sorriso","MT",-13.5564,-55.3317,"Hidroweb diário",34,FALSE,0.6365546929203828,"alta (>=0.3)",TRUE,0.3240696681392355,7,"jul",8,"ago",4,0.15,6,7,"theta_pi","jul"
"1356002","Nova Mutum","MT",-13.8156,-56.1222,"Hidroweb diário",35,FALSE,0.5867241525583357,"alta (>=0.3)",TRUE,0.08123661386380782,7,"jul",9,"set",5,0.15,6,7,"theta_pi","jul"
"1357000","Nova Maringá","MT",-13.0661,-57.1133,"Hidroweb diário",40,FALSE,0.7071845825309566,"alta (>=0.3)",TRUE,0.20835242170701612,7,"jul",9,"set",5,0.15,6,7,"theta_pi","jul"
"1358001","Campo Novo do Parecis","MT",-13.6414,-58.2892,"Hidroweb diário",40,FALSE,0.6114763378946417,"alta (>=0.3)",TRUE,0.4157737637372389,7,"jul",8,"ago",4,0.15,7,7,"theta_pi","jul"
"1358002","Sapezal","MT",-13.4667,-58.975,"Hidroweb diário",38,FALSE,0.7271696493864007,"alta (>=0.3)",TRUE,0.5356752387063051,8,"ago",8,"ago",3,0.15,7,8,"theta_pi","ago"
"1359000","Comodoro","MT",-13.1831,-59.8769,"Hidroweb diário",40,FALSE,0.6335813312474877,"alta (>=0.3)",TRUE,0.3272641096238684,7,"jul",8,"ago",3,0.15,7,7,"theta_pi","jul"
"1359001","Comodoro","MT",-13.7781,-59.7675,"Hidroweb diário",39,FALSE,0.5323132283660486,"alta (>=0.3)",TRUE,0.37038920234145334,7,"jul",8,"ago",3,0.15,7,7,"theta_pi","jul"
"1452000","Nova Xavantina","MT",-14.6722,-52.3547,"Hidroweb diário",56,FALSE,0.6518538778965681,"alta (>=0.3)",TRUE,0.22533368972762255,7,"jul",9,"set",5,0.15,6,7,"theta_pi","jul"
"1452004","Água Boa","MT",-14.0764,-52.1503,"Hidroweb diário",41,FALSE,0.598262658967785,"alta (>=0.3)",TRUE,0.029196972829837332,7,"jul",9,"set",5,0.15,6,7,"theta_pi","jul"
"1453000","Paranatinga","MT",-14.6119,-53.9986,"Hidroweb diário",47,FALSE,0.6823403595314241,"alta (>=0.3)",TRUE,6.108779511718541,6,"jun",9,"set",5,0.15,6,6,"theta_pi","jun"
"1454000","Paranatinga","MT",-14.4178,-54.0494,"Hidroweb diário",49,FALSE,0.6401577259801389,"alta (>=0.3)",TRUE,0.046840532434911826,7,"jul",8,"ago",4,0.15,6,7,"theta_pi","jul"
"1454002","Nova Brasilândia","MT",-14.9261,-54.9728,"Hidroweb diário",36,FALSE,0.5601454278166819,"alta (>=0.3)",TRUE,0.18060172295962812,7,"jul",8,"ago",4,0.15,6,7,"theta_pi","jul"
"1455008","Rosário Oeste","MT",-14.8439,-55.855,"Hidroweb diário",39,FALSE,0.6587136822449227,"alta (>=0.3)",TRUE,0.3251064379232027,7,"jul",9,"set",5,0.15,6,7,"theta_pi","jul"
"1456001","Arenápolis","MT",-14.4694,-56.85,"Hidroweb diário",53,FALSE,0.6475944210023845,"alta (>=0.3)",TRUE,0.33197577571469417,7,"jul",9,"set",5,0.15,7,7,"theta_pi","jul"
"1456003","Nortelândia","MT",-14.4511,-56.8142,"Hidroweb diário",51,FALSE,0.5924010661245521,"alta (>=0.3)",TRUE,0.46347537972678804,7,"jul",9,"set",5,0.15,7,7,"theta_pi","jul"
"1456004","Nobres","MT",-14.6525,-56.1239,"Hidroweb diário",45,FALSE,0.579974788124336,"alta (>=0.3)",TRUE,0.21668328606761741,7,"jul",8,"ago",4,0.15,7,7,"theta_pi","jul"
"1456008","Rosário Oeste","MT",-14.8342,-56.4117,"Hidroweb diário",44,FALSE,0.45762213295909093,"alta (>=0.3)",TRUE,6.202292481722854,6,"jun",8,"ago",3,0.15,6,6,"theta_pi","jun"
"1456009","Diamantino","MT",-14.1564,-56.9331,"Hidroweb diário",45,FALSE,0.5464637852030242,"alta (>=0.3)",TRUE,0.3522750608960802,7,"jul",9,"set",5,0.15,7,7,"theta_pi","jul"
"1457000","Tangará da Serra","MT",-14.8506,-57.7678,"Hidroweb diário",49,FALSE,0.5459836868931591,"alta (>=0.3)",TRUE,0.3650385624887512,7,"jul",8,"ago",4,0.15,7,7,"theta_pi","jul"
"1457001","Barra do Bugres","MT",-14.6322,-57.4686,"Hidroweb diário",54,FALSE,0.5248044029871604,"alta (>=0.3)",TRUE,0.4200487298568331,7,"jul",9,"set",5,0.15,7,7,"theta_pi","jul"
"1457003","Diamantino","MT",-14.1833,-57.5069,"Hidroweb diário",41,FALSE,0.5708057591938037,"alta (>=0.3)",TRUE,0.27843634961350155,7,"jul",8,"ago",3,0.15,7,7,"theta_pi","jul"
"1458002","Tangará da Serra","MT",-14.3842,-58.2344,"Hidroweb diário",39,FALSE,0.5770867510695843,"alta (>=0.3)",TRUE,0.5576614752095228,8,"ago",9,"set",5,0.15,7,8,"theta_pi","ago"
"1552001","General Carneiro","MT",-15.7111,-52.7544,"Hidroweb diário",52,FALSE,0.6070015486025897,"alta (>=0.3)",TRUE,0.27993801820174485,7,"jul",9,"set",5,0.15,6,7,"theta_pi","jul"
"1552002","Barra do Garças","MT",-15.2503,-53.0553,"Hidroweb diário",50,FALSE,0.5873949677132217,"alta (>=0.3)",TRUE,0.037381250209897784,7,"jul",8,"ago",4,0.15,6,7,"theta_pi","jul"
"1552006","Barra do Garças","MT",-15.0356,-52.2375,"Hidroweb diário",37,FALSE,0.6651692414547642,"alta (>=0.3)",TRUE,0.04694241799141258,7,"jul",9,"set",5,0.15,6,7,"theta_pi","jul"
"1554005","Primavera do Leste","MT",-15.3147,-54.1758,"Hidroweb diário",36,FALSE,0.6205692928857721,"alta (>=0.3)",TRUE,0.2765591758733289,7,"jul",9,"set",5,0.15,6,7,"theta_pi","jul"
"1554006","Jaciara","MT",-15.9889,-54.9683,"Hidroweb diário",56,FALSE,0.5729742954670819,"alta (>=0.3)",TRUE,0.18231080548692902,7,"jul",8,"ago",4,0.15,7,7,"theta_pi","jul"
"1555000","Cuiabá","MT",-15.4078,-55.2967,"Hidroweb diário",33,FALSE,0.4769471907793891,"alta (>=0.3)",TRUE,0.3550021914966871,7,"jul",8,"ago",3,0.15,7,7,"theta_pi","jul"
"1555001","Chapada dos Guimarães","MT",-15.4689,-55.7289,"Hidroweb diário",46,FALSE,0.4797821389789987,"alta (>=0.3)",TRUE,0.5685103602370074,8,"ago",8,"ago",3,0.15,7,8,"theta_pi","ago"
"1555005","Campo Verde","MT",-15.8361,-55.3219,"Hidroweb diário",47,FALSE,0.5870522993019521,"alta (>=0.3)",TRUE,0.39380063495888235,7,"jul",8,"ago",4,0.15,7,7,"theta_pi","jul"
"1555007","Chapada dos Guimarães","MT",-15.3656,-55.4369,"Hidroweb diário",33,FALSE,0.584143580246814,"alta (>=0.3)",TRUE,0.3123636839587708,7,"jul",8,"ago",4,0.15,7,7,"theta_pi","jul"
"1555008","Chapada dos Guimarães","MT",-15.2328,-55.7411,"Hidroweb diário",38,FALSE,0.5172892181025522,"alta (>=0.3)",TRUE,0.28206080637789627,7,"jul",8,"ago",4,0.15,6,7,"theta_pi","jul"
"1556000","Cuiabá","MT",-15.355,-56.2317,"Hidroweb diário",54,FALSE,0.55988069723587,"alta (>=0.3)",TRUE,0.42818623903494313,7,"jul",8,"ago",3,0.15,7,7,"theta_pi","jul"
"1556001","Nossa Senhora do Livramento","MT",-15.7739,-56.3497,"Hidroweb diário",51,FALSE,0.5732629671312037,"alta (>=0.3)",TRUE,0.3300617797611433,7,"jul",9,"set",5,0.15,7,7,"theta_pi","jul"
"1556005","Acorizal","MT",-15.2067,-56.3656,"Hidroweb diário",47,FALSE,0.4884959546208355,"alta (>=0.3)",TRUE,0.24546919383906213,7,"jul",8,"ago",3,0.15,7,7,"theta_pi","jul"
"1556006","Várzea Grande","MT",-15.6353,-56.6117,"Hidroweb diário",52,FALSE,0.496500122302938,"alta (>=0.3)",TRUE,0.38141478931049005,7,"jul",8,"ago",3,0.15,7,7,"theta_pi","jul"
"1556007","Várzea Grande","MT",-15.6986,-55.1356,"Hidroweb diário",39,FALSE,0.5529681562850668,"alta (>=0.3)",TRUE,0.13420894521337234,7,"jul",9,"set",5,0.15,6,7,"theta_pi","jul"
"1557000","Barra do Bugres","MT",-15.3258,-57.2311,"Hidroweb diário",40,FALSE,0.618325984974934,"alta (>=0.3)",TRUE,0.5141466347816729,7,"jul",9,"set",5,0.15,7,7,"theta_pi","jul"
"1557001","Barra do Bugres","MT",-15.0767,-57.1825,"Hidroweb diário",54,FALSE,0.6256574314950091,"alta (>=0.3)",TRUE,0.3498341524702052,7,"jul",9,"set",5,0.15,7,7,"theta_pi","jul"
"1557003","Porto Estrela","MT",-15.6422,-57.475,"Hidroweb diário",42,FALSE,0.6035650243280493,"alta (>=0.3)",TRUE,0.45959493349007613,7,"jul",9,"set",5,0.15,6,7,"theta_pi","jul"
"1557005","Salto do Céu","MT",-15.0925,-57.6803,"Hidroweb diário",34,FALSE,0.5701243766241451,"alta (>=0.3)",TRUE,0.33475924811645397,7,"jul",9,"set",5,0.15,6,7,"theta_pi","jul"
"1558000","Rio Branco","MT",-15.2453,-58.1133,"Hidroweb diário",40,FALSE,0.3904567582018077,"alta (>=0.3)",TRUE,0.3422546317331491,7,"jul",8,"ago",3,0.15,7,7,"theta_pi","jul"
"1558001","Mirassol D'oeste","MT",-15.4692,-57.8942,"Hidroweb diário",39,FALSE,0.533280106882483,"alta (>=0.3)",TRUE,0.499641851726087,7,"jul",8,"ago",3,0.15,7,7,"theta_pi","jul"
"1558004","Indiavaí","MT",-15.44,-58.5878,"Hidroweb diário",54,FALSE,0.5378981593998627,"alta (>=0.3)",TRUE,0.5281561786087048,8,"ago",8,"ago",3,0.15,7,8,"theta_pi","ago"
"1558005","Porto Esperidião","MT",-15.8533,-58.4658,"Hidroweb diário",48,FALSE,0.5722158455833142,"alta (>=0.3)",TRUE,0.2250842695944419,7,"jul",8,"ago",4,0.15,7,7,"theta_pi","jul"
"1559000","Pontes e Lacerda","MT",-15.2242,-59.3503,"Hidroweb diário",52,FALSE,0.6632847527796405,"alta (>=0.3)",TRUE,0.478833455713002,7,"jul",9,"set",4,0.15,7,7,"theta_pi","jul"
"1559006","Vila Bela da Santíssima Trindade","MT",-15.0081,-59.9492,"Hidroweb diário",52,FALSE,0.5444193069058487,"alta (>=0.3)",TRUE,0.24021440313837908,7,"jul",9,"set",4,0.15,7,7,"theta_pi","jul"
"1560000","Vila Bela da Santíssima Trindade","MT",-15.4003,-60.0317,"Hidroweb diário",36,FALSE,0.5781105914820869,"alta (>=0.3)",TRUE,0.3837638658395125,7,"jul",9,"set",5,0.15,7,7,"theta_pi","jul"
"1652001","Ponte Branca","MT",-16.7664,-52.8372,"Hidroweb diário",44,FALSE,0.576915351134528,"alta (>=0.3)",TRUE,0.215319203801191,7,"jul",9,"set",5,0.15,7,7,"theta_pi","jul"
"1652002","Torixoréu","MT",-16.2014,-52.55,"Hidroweb diário",48,FALSE,0.5822405934765612,"alta (>=0.3)",TRUE,0.3185218465069004,7,"jul",9,"set",5,0.15,6,7,"theta_pi","jul"
"1653000","Tesouro","MT",-16.0767,-53.5511,"Hidroweb diário",51,FALSE,0.6134506230972586,"alta (>=0.3)",TRUE,6.268404106448623,7,"jul",9,"set",5,0.15,6,7,"theta_pi","jul"
"1653002","Guiratinga","MT",-16.3528,-53.7608,"Hidroweb diário",54,FALSE,0.6488234154981595,"alta (>=0.3)",TRUE,0.012314093252451903,7,"jul",9,"set",5,0.15,7,7,"theta_pi","jul"
"1653004","Alto Garças","MT",-16.9442,-53.5336,"Hidroweb diário",47,FALSE,0.49279856767995067,"alta (>=0.3)",TRUE,0.13353333336734938,7,"jul",8,"ago",4,0.15,7,7,"theta_pi","jul"
"1653005","Araguainha","MT",-16.6689,-53.4536,"Hidroweb diário",37,FALSE,0.6461533403898179,"alta (>=0.3)",TRUE,0.20609337104900652,7,"jul",8,"ago",4,0.15,7,7,"theta_pi","jul"
"1654000","Rondonópolis","MT",-16.4711,-54.6561,"Hidroweb diário",57,FALSE,0.5431265762227925,"alta (>=0.3)",TRUE,0.148010438731583,7,"jul",8,"ago",4,0.15,7,7,"theta_pi","jul"
"1654001","Pedra Preta","MT",-16.6739,-54.2661,"Hidroweb diário",55,FALSE,0.5412880891128872,"alta (>=0.3)",TRUE,0.1488832063796466,7,"jul",9,"set",5,0.15,6,7,"theta_pi","jul"
"1654004","Pedra Preta","MT",-16.8431,-54.4081,"Hidroweb diário",46,FALSE,0.5960018642785687,"alta (>=0.3)",TRUE,0.30993989959857793,7,"jul",9,"set",5,0.15,6,7,"theta_pi","jul"
"1654005","Guiratinga","MT",-16.3911,-54.1494,"Hidroweb diário",42,FALSE,0.6065793828807766,"alta (>=0.3)",TRUE,0.21170863787400349,7,"jul",9,"set",5,0.15,7,7,"theta_pi","jul"
"1655000","Barão de Melgaço","MT",-16.3561,-55.5864,"Hidroweb diário",38,FALSE,0.5483390406398879,"alta (>=0.3)",TRUE,0.002651433686798788,7,"jul",8,"ago",3,0.15,7,7,"theta_pi","jul"
"1655001","Santo Antônio do Leverger","MT",-16.6081,-55.2064,"Hidroweb diário",37,FALSE,0.5059346857618205,"alta (>=0.3)",TRUE,0.3545601639543127,7,"jul",9,"set",4,0.15,7,7,"theta_pi","jul"
"1655002","Barão de Melgaço","MT",-16.1936,-55.9453,"Hidroweb diário",56,FALSE,0.5613221140904245,"alta (>=0.3)",TRUE,0.25701370499240034,7,"jul",8,"ago",4,0.15,7,7,"theta_pi","jul"
"1655003","Santo Antônio do Leverger","MT",-16.7275,-55.3553,"Hidroweb diário",45,FALSE,0.617363434710437,"alta (>=0.3)",TRUE,0.11888576388681046,7,"jul",8,"ago",3,0.15,7,7,"theta_pi","jul"
"1655004","Barão de Melgaço","MT",-16.8939,-55.9072,"Hidroweb diário",45,FALSE,0.582221256784313,"alta (>=0.3)",TRUE,0.339817879094349,7,"jul",9,"set",5,0.15,6,7,"theta_pi","jul"
"1656001","Poconé","MT",-16.5119,-56.3756,"Hidroweb diário",48,FALSE,0.5301982489468172,"alta (>=0.3)",TRUE,0.17072372719966644,7,"jul",9,"set",5,0.15,6,7,"theta_pi","jul"
"1656002","Poconé","MT",-16.3147,-56.5436,"Hidroweb diário",52,FALSE,0.523533772907781,"alta (>=0.3)",TRUE,0.29650340462599994,7,"jul",8,"ago",3,0.15,7,7,"theta_pi","jul"
"1656003","Barão de Melgaço","MT",-16.9211,-56.2236,"Hidroweb diário",42,FALSE,0.5216172209015135,"alta (>=0.3)",TRUE,0.22855015407894888,7,"jul",9,"set",5,0.15,7,7,"theta_pi","jul"
"1656004","Poconé","MT",-16.9442,-56.6319,"Hidroweb diário",52,FALSE,0.5634836942943791,"alta (>=0.3)",TRUE,0.4207549591343377,7,"jul",8,"ago",3,0.15,7,7,"theta_pi","jul"
"1657003","Cáceres","MT",-16.0817,-57.6942,"Hidroweb diário",37,FALSE,0.5996712902652632,"alta (>=0.3)",TRUE,0.3036124481430844,7,"jul",9,"set",5,0.15,7,7,"theta_pi","jul"
"1657004","Cáceres","MT",-16.0392,-57.2575,"Hidroweb diário",47,FALSE,0.5577171259946928,"alta (>=0.3)",TRUE,0.15810094960091223,7,"jul",8,"ago",3,0.15,7,7,"theta_pi","jul"
"1658000","Cáceres","MT",-16.3944,-58.3389,"Hidroweb diário",41,FALSE,0.5209775944255691,"alta (>=0.3)",TRUE,0.27460113836754796,7,"jul",8,"ago",4,0.15,7,7,"theta_pi","jul"
"1753000","Alto Araguaia","MT",-17.3,-53.2194,"Hidroweb diário",57,FALSE,0.5503907364648065,"alta (>=0.3)",TRUE,0.01419895572437618,7,"jul",8,"ago",4,0.15,7,7,"theta_pi","jul"
"1754000","Itiquira","MT",-17.2078,-54.14,"Hidroweb diário",61,FALSE,0.6500055413860975,"alta (>=0.3)",TRUE,0.23955797529396403,7,"jul",8,"ago",3,0.15,7,7,"theta_pi","jul"
"1755000","Itiquira","MT",-17.4917,-55.2322,"Hidroweb diário",40,FALSE,0.5285621634478969,"alta (>=0.3)",TRUE,0.1414347582115989,7,"jul",9,"set",5,0.15,6,7,"theta_pi","jul"
"1755003","Barão de Melgaço","MT",-16.1956788,-55.9668317,"Hidroweb diário",39,FALSE,0.5435914699387125,"alta (>=0.3)",TRUE,6.174352439145261,6,"jun",9,"set",5,0.15,6,6,"theta_pi","jun"
"1756000","Barão de Melgaço","MT",-17.0572,-56.5856,"Hidroweb diário",54,FALSE,0.6039768974270079,"alta (>=0.3)",TRUE,0.12321910001606082,7,"jul",9,"set",4,0.15,7,7,"theta_pi","jul"
"1756001","Barão de Melgaço","MT",-16.1956788,-55.9668317,"Hidroweb diário",38,FALSE,0.5101517058250922,"alta (>=0.3)",TRUE,0.13525288109329595,7,"jul",9,"set",4,0.15,7,7,"theta_pi","jul"
"1853000","Alto Taquari","MT",-17.8111,-53.2889,"Hidroweb diário",52,FALSE,0.5582018274715088,"alta (>=0.3)",TRUE,0.2803201064304809,7,"jul",8,"ago",3,0.15,7,7,"theta_pi","jul"
"83264","Vera","MT",-12.2886111,-55.29416666,"INMET diário",43,FALSE,0.6323904070091312,"alta (>=0.3)",TRUE,0.2217891598752463,7,"jul",8,"ago",4,0.15,6,7,"theta_pi","jul"
"83309","Diamantino","MT",-14.40611111,-56.44694444,"INMET diário",58,FALSE,0.564876330341899,"alta (>=0.3)",TRUE,0.32034909017602453,7,"jul",8,"ago",4,0.15,7,7,"theta_pi","jul"
"83310","Rosário Oeste","MT",-14.82,-56.43,"INMET diário",32,FALSE,0.5756206181061948,"alta (>=0.3)",TRUE,0.21670217229618097,7,"jul",8,"ago",4,0.15,6,7,"theta_pi","jul"
"83319","Nova Xav,(xavantina)","MT",-14.69805555,-52.35027777,"INMET diário",41,FALSE,0.708842907075972,"alta (>=0.3)",TRUE,0.07856974309333838,7,"jul",9,"set",6,0.15,5,7,"theta_pi","jul"
"83358","Poxoréu","MT",-15.83,-54.4,"INMET diário",37,FALSE,0.5797663740047438,"alta (>=0.3)",TRUE,0.28080509840726164,7,"jul",8,"ago",4,0.15,7,7,"theta_pi","jul"
"83360","Cuiabá","MT",-15.6,-56.1,"INMET diário",44,FALSE,0.45785706455213293,"alta (>=0.3)",TRUE,0.27411677121542793,7,"jul",8,"ago",3,0.15,7,7,"theta_pi","jul"
"83361","Cuiaba","MT",-15.61999999,-56.10888888,"INMET diário",98,FALSE,0.5012202876099425,"alta (>=0.3)",TRUE,0.37213004929273874,7,"jul",8,"ago",3,0.15,7,7,"theta_pi","jul"
"83364","Padre Ricardo Remetter","MT",-15.7761111,-56.07194443,"INMET diário",38,FALSE,0.5930784421465235,"alta (>=0.3)",TRUE,0.2623943721894606,7,"jul",8,"ago",4,0.15,7,7,"theta_pi","jul"
"83365","Paredão Grande","MT",-15.63,-53.83,"INMET diário",46,FALSE,0.6497317246244376,"alta (>=0.3)",TRUE,0.10311562009627978,7,"jul",9,"set",5,0.15,7,7,"theta_pi","jul"
"83367","Toricueije","MT",-15.53,-53.08,"INMET diário",67,FALSE,0.6049222227012575,"alta (>=0.3)",TRUE,0.0844053562857688,7,"jul",9,"set",5,0.15,6,7,"theta_pi","jul"
"83405","Cáceres","MT",-16.04972221,-57.68083332,"INMET diário",83,FALSE,0.7029973506129035,"alta (>=0.3)",TRUE,0.30069659945586696,7,"jul",9,"set",5,0.15,7,7,"theta_pi","jul"
"951000","Vila Rica","MT",-10.0189,-51.1228,"Hidroweb diário",40,FALSE,0.6481305397898839,"alta (>=0.3)",TRUE,0.3483824305270993,7,"jul",9,"set",5,0.15,6,7,"theta_pi","jul"
"954001","Guarantã do Norte","MT",-9.8186,-54.8864,"Hidroweb diário",38,FALSE,0.5886428415740207,"alta (>=0.3)",TRUE,0.22379494424099516,7,"jul",8,"ago",3,0.15,6,7,"theta_pi","jul"
"956000","Alta Floresta","MT",-9.8703,-56.1022,"Hidroweb diário",37,FALSE,0.5894127058631973,"alta (>=0.3)",TRUE,0.470079145196117,7,"jul",8,"ago",4,0.15,6,7,"theta_pi","jul"
"956001","Alta Floresta","MT",-9.6433,-56.0186,"Hidroweb diário",33,FALSE,0.5763421754148182,"alta (>=0.3)",TRUE,0.43876528526196523,7,"jul",8,"ago",4,0.15,6,7,"theta_pi","jul"
"957001","Apiacás","MT",-9.5664,-57.3947,"Hidroweb diário",35,FALSE,0.570123814526352,"alta (>=0.3)",TRUE,0.3605202590835451,7,"jul",8,"ago",3,0.15,6,7,"theta_pi","jul"
"146005","Viseu","PA",-1.7331,-46.5989,"Hidroweb diário",51,FALSE,0.5816084342117104,"alta (>=0.3)",TRUE,1.1965523069045398,9,"set",11,"nov",3,0.15,10,9,"theta_pi","set"
"146008","Viseu","PA",-1.8175,-46.3439,"Hidroweb diário",48,FALSE,0.6192485821519969,"alta (>=0.3)",TRUE,1.0734160441037943,9,"set",11,"nov",3,0.15,10,9,"theta_pi","set"
"146009","Viseu","PA",-1.2314,-46.1878,"Hidroweb diário",46,FALSE,0.7620733153721538,"alta (>=0.3)",TRUE,1.2808717581930158,9,"set",12,"dez",5,0.15,11,9,"theta_pi","set"
"146010","Augusto Corrêa","PA",-1.2917,-46.5836,"Hidroweb diário",41,FALSE,0.7176410173283078,"alta (>=0.3)",TRUE,1.1975025136815791,9,"set",12,"dez",4,0.15,11,9,"theta_pi","set"
"146011","Santa Luzia do Pará","PA",-1.5161,-46.9061,"Hidroweb diário",31,FALSE,0.5938375870305904,"alta (>=0.3)",TRUE,1.474012998253131,9,"set",11,"nov",3,0.15,11,9,"theta_pi","set"
"147002","Capanema","PA",-1.2036,-47.1781,"Hidroweb diário",59,FALSE,0.6560967607877949,"alta (>=0.3)",TRUE,1.4100574975335525,9,"set",12,"dez",4,0.15,11,9,"theta_pi","set"
"147007","Castanhal","PA",-1.2975,-47.9394,"Hidroweb diário",50,FALSE,0.552818454620482,"alta (>=0.3)",TRUE,1.1521203497296124,9,"set",11,"nov",4,0.15,11,9,"theta_pi","set"
"147008","São Domingos do Capim","PA",-1.6775,-47.77,"Hidroweb diário",48,FALSE,0.5374996476483717,"alta (>=0.3)",TRUE,1.2644026630336647,9,"set",11,"nov",4,0.15,11,9,"theta_pi","set"
"147010","Igarapé-açu","PA",-1.1325,-47.6283,"Hidroweb diário",43,FALSE,0.5613947039906054,"alta (>=0.3)",TRUE,1.1556076983729047,9,"set",11,"nov",3,0.15,11,9,"theta_pi","set"
"147011","Irituia","PA",-1.655,-47.4914,"Hidroweb diário",44,FALSE,0.6261067753903903,"alta (>=0.3)",TRUE,1.2159113242641766,9,"set",11,"nov",4,0.15,11,9,"theta_pi","set"
"147016","Ourém","PA",-1.5517,-47.1172,"Hidroweb diário",35,FALSE,0.623903911730518,"alta (>=0.3)",TRUE,1.382694599074336,9,"set",11,"nov",3,0.15,11,9,"theta_pi","set"
"147017","Terra Alta","PA",-1.0386,-47.9133,"Hidroweb diário",34,FALSE,0.5944858951047336,"alta (>=0.3)",TRUE,0.9899189822815021,8,"ago",11,"nov",4,0.15,11,8,"theta_pi","ago"
"147018","Santa Maria do Pará","PA",-1.3569,-47.5742,"Hidroweb diário",35,FALSE,0.6375926670424099,"alta (>=0.3)",TRUE,1.2107030937319208,9,"set",11,"nov",3,0.15,11,9,"theta_pi","set"
"148003","Santa Isabel do Pará","PA",-1.2964,-48.1708,"Hidroweb diário",53,FALSE,0.5401326487391649,"alta (>=0.3)",TRUE,1.2083104112877026,9,"set",11,"nov",4,0.15,9,9,"theta_pi","set"
"148009","Acará","PA",-1.9611,-48.2064,"Hidroweb diário",46,FALSE,0.5095287541065451,"alta (>=0.3)",TRUE,1.3199311727027512,9,"set",11,"nov",5,0.15,9,9,"theta_pi","set"
"148010","Abaetetuba","PA",-1.7503,-48.8669,"Hidroweb diário",45,FALSE,0.5239932738410362,"alta (>=0.3)",TRUE,1.307458346309855,9,"set",11,"nov",4,0.15,11,9,"theta_pi","set"
"148011","Barcarena","PA",-1.5656,-48.7669,"Hidroweb diário",39,FALSE,0.5322342351230367,"alta (>=0.3)",TRUE,1.2513479600640016,9,"set",11,"nov",3,0.15,10,9,"theta_pi","set"
"148012","Belém","PA",-1.0942,-48.3986,"Hidroweb diário",42,FALSE,0.5197667992105488,"alta (>=0.3)",TRUE,1.200585452637307,9,"set",11,"nov",2,0.15,11,9,"theta_pi","set"
"148017","Bujaru","PA",-1.5211,-48.0461,"Hidroweb diário",32,FALSE,0.5386255239040664,"alta (>=0.3)",TRUE,0.8908989303509501,8,"ago",11,"nov",5,0.15,9,8,"theta_pi","ago"
"149003","Oeiras do Pará","PA",-2.0019,-49.8636,"Hidroweb diário",43,FALSE,0.6520971784733688,"alta (>=0.3)",TRUE,1.4083536457753343,9,"set",11,"nov",4,0.15,9,9,"theta_pi","set"
"150003","Breves","PA",-1.7917,-50.4347,"Hidroweb diário",40,FALSE,0.4481644611023801,"alta (>=0.3)",TRUE,1.1653052546347649,9,"set",11,"nov",5,0.15,8,9,"theta_pi","set"
"151000","Alenquer","PA",-1.946229,-54.738355,"Hidroweb diário",46,FALSE,0.5426361166577216,"alta (>=0.3)",TRUE,1.8311801684167495,10,"out",11,"nov",3,0.15,10,10,"theta_pi","out"
"151001","Portel","PA",-1.7922,-51.4344,"Hidroweb diário",45,FALSE,0.47805172515202987,"alta (>=0.3)",TRUE,1.32530078805774,9,"set",11,"nov",4,0.15,9,9,"theta_pi","set"
"151002","Melgaço","PA",-1.2131,-51.2622,"Hidroweb diário",43,FALSE,0.41767330963057864,"alta (>=0.3)",TRUE,1.511402681362789,9,"set",11,"nov",3,0.15,11,9,"theta_pi","set"
"151003","Gurupá","PA",-1.5825,-51.9178,"Hidroweb diário",37,FALSE,0.38794290957367683,"alta (>=0.3)",TRUE,1.961125510969616,10,"out",11,"nov",2,0.15,11,10,"theta_pi","out"
"152005","Almeirim","PA",-1.5264,-52.5783,"Hidroweb diário",44,FALSE,0.5600341793991533,"alta (>=0.3)",TRUE,1.5870709984181637,10,"out",11,"nov",4,0.15,10,10,"theta_pi","out"
"152006","Almeirim","PA",-1.0819,-53.1575,"Hidroweb diário",34,FALSE,0.47447137988001586,"alta (>=0.3)",TRUE,1.4582300953437353,9,"set",11,"nov",4,0.15,10,9,"theta_pi","set"
"153000","Prainha","PA",-1.8011,-53.48,"Hidroweb diário",46,FALSE,0.4584589283532076,"alta (>=0.3)",TRUE,1.4738316814401147,9,"set",11,"nov",4,0.15,10,9,"theta_pi","set"
"154000","Monte Alegre","PA",-1.7736,-54.3972,"Hidroweb diário",50,FALSE,0.5085932533055902,"alta (>=0.3)",TRUE,0.991198362980355,8,"ago",10,"out",3,0.15,9,8,"theta_pi","ago"
"154001","Alenquer","PA",-1.5,-54.8714,"Hidroweb diário",49,FALSE,0.4826925243671172,"alta (>=0.3)",TRUE,1.1927499297837358,9,"set",8,"ago",3,0.15,8,9,"theta_pi","set"
"154003","Alenquer","PA",-1.9428,-54.7392,"Hidroweb diário",36,FALSE,0.5658715846509091,"alta (>=0.3)",TRUE,1.1916574908546953,9,"set",10,"out",3,0.15,9,9,"theta_pi","set"
"155000","Oriximiná","PA",-1.7597,-55.8614,"Hidroweb diário",54,FALSE,0.6510284221241973,"alta (>=0.3)",TRUE,1.1303769985106753,9,"set",10,"out",4,0.15,8,9,"theta_pi","set"
"155002","Alenquer","PA",-1.8881,-55.1156,"Hidroweb diário",32,FALSE,0.5794463466397752,"alta (>=0.3)",TRUE,0.96200436900446,8,"ago",10,"out",4,0.15,9,8,"theta_pi","ago"
"156000","Oriximiná","PA",-1.1014,-56.04,"Hidroweb diário",41,FALSE,0.6151502329671982,"alta (>=0.3)",TRUE,1.234908336394149,9,"set",11,"nov",4,0.15,8,9,"theta_pi","set"
"157000","Oriximiná","PA",-1.0875,-57.0469,"Hidroweb diário",45,FALSE,0.5151711900499658,"alta (>=0.3)",TRUE,1.0336777154679904,8,"ago",11,"nov",5,0.15,8,8,"theta_pi","ago"
"157002","Faro","PA",-1.8683,-57.0506,"Hidroweb diário",35,FALSE,0.574316159967121,"alta (>=0.3)",TRUE,0.9238978530739307,8,"ago",10,"out",4,0.15,9,8,"theta_pi","ago"
"247000","São Domingos do Capim","PA",-2.5128,-47.7681,"Hidroweb diário",49,FALSE,0.5818529595372695,"alta (>=0.3)",TRUE,0.9693080874897828,8,"ago",11,"nov",6,0.15,9,8,"theta_pi","ago"
"247003","Aurora do Pará","PA",-2.0356,-47.7506,"Hidroweb diário",43,FALSE,0.5256420593214794,"alta (>=0.3)",TRUE,1.1104037357161907,9,"set",11,"nov",5,0.15,9,9,"theta_pi","set"
"247004","Ipixuna do Pará","PA",-2.4261,-47.5161,"Hidroweb diário",41,FALSE,0.5416057407717124,"alta (>=0.3)",TRUE,1.1797526681900177,9,"set",11,"nov",6,0.15,9,9,"theta_pi","set"
"247005","Paragominas","PA",-2.7717,-46.8025,"Hidroweb diário",38,FALSE,0.6873660866133648,"alta (>=0.3)",TRUE,1.259736360563719,9,"set",11,"nov",5,0.15,8,9,"theta_pi","set"
"247006","Ipixuna do Pará","PA",-2.9483,-47.8144,"Hidroweb diário",35,FALSE,0.6064010571808931,"alta (>=0.3)",TRUE,0.9621570307367773,8,"ago",11,"nov",6,0.15,9,8,"theta_pi","ago"
"248001","Acará","PA",-2.4478,-48.5786,"Hidroweb diário",41,FALSE,0.6158118993512622,"alta (>=0.3)",TRUE,1.0846858235390684,9,"set",11,"nov",6,0.15,9,9,"theta_pi","set"
"248003","Tomé-açu","PA",-2.4208,-48.1489,"Hidroweb diário",42,FALSE,0.395807919672929,"alta (>=0.3)",TRUE,0.5358285453624329,8,"ago",11,"nov",5,0.15,9,8,"theta_pi","ago"
"248006","Tomé-açu","PA",-2.7822,-48.3522,"Hidroweb diário",36,FALSE,0.6130688234622779,"alta (>=0.3)",TRUE,0.9687210643656986,8,"ago",11,"nov",6,0.15,8,8,"theta_pi","ago"
"249002","Moju","PA",-2.8044,-49.3778,"Hidroweb diário",45,FALSE,0.6078862422847086,"alta (>=0.3)",TRUE,0.9682325079642242,8,"ago",11,"nov",6,0.15,9,8,"theta_pi","ago"
"249003","Baião","PA",-2.785,-49.6694,"Hidroweb diário",41,FALSE,0.5687607592204869,"alta (>=0.3)",TRUE,1.156284712081889,9,"set",11,"nov",6,0.15,9,9,"theta_pi","set"
"249004","Mocajuba","PA",-2.4497,-49.4383,"Hidroweb diário",31,FALSE,0.6076468283909636,"alta (>=0.3)",TRUE,1.0976659806004567,9,"set",11,"nov",5,0.15,10,9,"theta_pi","set"
"250000","Portel","PA",-2.785,-50.4536,"Hidroweb diário",49,FALSE,0.7018486287879866,"alta (>=0.3)",TRUE,1.071700679560229,9,"set",11,"nov",6,0.15,8,9,"theta_pi","set"
"250001","Bagre","PA",-1.9917,-50.3686,"Hidroweb diário",43,FALSE,0.667139728279685,"alta (>=0.3)",TRUE,1.222727062435835,9,"set",11,"nov",4,0.15,9,9,"theta_pi","set"
"250002","Portel","PA",-2.4533,-50.9228,"Hidroweb diário",40,FALSE,0.7329582180749733,"alta (>=0.3)",TRUE,0.9646985299489725,8,"ago",11,"nov",5,0.15,10,8,"theta_pi","ago"
"250003","Portel","PA",-2.245,-50.6297,"Hidroweb diário",36,FALSE,0.5833003202517573,"alta (>=0.3)",TRUE,1.1608436832966718,9,"set",11,"nov",5,0.15,10,9,"theta_pi","set"
"251000","Portel","PA",-2.245,-51.1794,"Hidroweb diário",48,FALSE,0.6112318785630902,"alta (>=0.3)",TRUE,1.2088387546122055,9,"set",11,"nov",4,0.15,10,9,"theta_pi","set"
"252001","Porto de Moz","PA",-2.3364,-52.9186,"Hidroweb diário",40,FALSE,0.6131904663171178,"alta (>=0.3)",TRUE,1.241715439570965,9,"set",11,"nov",4,0.15,9,9,"theta_pi","set"
"253000","Prainha","PA",-1.1789,-53.5994,"Hidroweb diário",40,FALSE,0.6024552320121885,"alta (>=0.3)",TRUE,1.3706100199953306,9,"set",12,"dez",5,0.15,9,9,"theta_pi","set"
"254000","Santarém","PA",-2.4433,-54.7025,"Hidroweb diário",56,FALSE,0.6213775028174642,"alta (>=0.3)",TRUE,1.0941913303584982,9,"set",11,"nov",4,0.15,9,9,"theta_pi","set"
"256001","Juruti","PA",-2.1522,-56.0875,"Hidroweb diário",44,FALSE,0.6643075987527863,"alta (>=0.3)",TRUE,1.0958919634485111,9,"set",11,"nov",4,0.15,9,9,"theta_pi","set"
"346001","Paragominas","PA",-3.3342,-46.8733,"Hidroweb diário",36,FALSE,0.5094704095549462,"alta (>=0.3)",TRUE,1.1530604983807224,9,"set",11,"nov",6,0.15,9,9,"theta_pi","set"
"347000","Paragominas","PA",-3.01,-47.3433,"Hidroweb diário",41,FALSE,0.6838744531180132,"alta (>=0.3)",TRUE,1.1019736721719988,9,"set",11,"nov",6,0.15,9,9,"theta_pi","set"
"347001","Paragominas","PA",-3.7425,-47.4978,"Hidroweb diário",44,FALSE,0.6656680397913679,"alta (>=0.3)",TRUE,0.8676023978378664,8,"ago",11,"nov",6,0.15,8,8,"theta_pi","ago"
"347002","Paragominas","PA",-3.4522,-47.4672,"Hidroweb diário",36,FALSE,0.5042784850144222,"alta (>=0.3)",TRUE,1.1104698807671374,9,"set",11,"nov",6,0.15,9,9,"theta_pi","set"
"348001","São Domingos do Capim","PA",-3.1544,-48.0858,"Hidroweb diário",43,FALSE,0.6749232520388896,"alta (>=0.3)",TRUE,1.0082699862246434,8,"ago",11,"nov",6,0.15,8,8,"theta_pi","ago"
"348002","Tailândia","PA",-2.9503,-48.9669,"Hidroweb diário",31,FALSE,0.6214608164460226,"alta (>=0.3)",TRUE,0.9070210670767931,8,"ago",10,"out",5,0.15,9,8,"theta_pi","ago"
"349000","Tucuruí","PA",-3.7603,-49.6667,"Hidroweb diário",42,FALSE,0.5834777736622039,"alta (>=0.3)",TRUE,0.9418093794849903,8,"ago",10,"out",5,0.15,8,8,"theta_pi","ago"
"349001","Moju","PA",-3.5142,-49.2225,"Hidroweb diário",31,FALSE,0.6386561109972166,"alta (>=0.3)",TRUE,0.9777803548616777,8,"ago",11,"nov",6,0.15,8,8,"theta_pi","ago"
"349002","Tucuruí","PA",-3.8336,-49.0858,"Hidroweb diário",40,FALSE,0.6021753451964971,"alta (>=0.3)",TRUE,0.6269454129726539,8,"ago",10,"out",5,0.15,8,8,"theta_pi","ago"
"349003","Baião","PA",-3.0158,-49.7967,"Hidroweb diário",32,FALSE,0.6102893368323945,"alta (>=0.3)",TRUE,0.9992983142571686,8,"ago",11,"nov",5,0.15,9,8,"theta_pi","ago"
"350000","Portel","PA",-3.8706,-50.4628,"Hidroweb diário",47,FALSE,0.7499937974649679,"alta (>=0.3)",TRUE,1.0941404989450974,9,"set",10,"out",5,0.15,8,9,"theta_pi","set"
"351000","Portel","PA",-3.4194,-51.2558,"Hidroweb diário",46,FALSE,0.5712264954089608,"alta (>=0.3)",TRUE,0.92210514754618,8,"ago",11,"nov",6,0.15,9,8,"theta_pi","ago"
"351002","Senador José Porfirio","PA",-3.7231,-51.5681,"Hidroweb diário",33,FALSE,0.5632115811935625,"alta (>=0.3)",TRUE,0.828262149002108,8,"ago",11,"nov",6,0.15,7,8,"theta_pi","ago"
"352005","Altamira","PA",-3.3078,-52.5419,"Hidroweb diário",40,FALSE,0.6460111854207942,"alta (>=0.3)",TRUE,1.1041899308261347,9,"set",11,"nov",5,0.15,9,9,"theta_pi","set"
"353000","Prainha","PA",-3.6778,-53.5544,"Hidroweb diário",43,FALSE,0.5144404908465791,"alta (>=0.3)",TRUE,0.9551780070115979,8,"ago",11,"nov",6,0.15,8,8,"theta_pi","ago"
"354000","Santarém","PA",-3.8889,-54.315,"Hidroweb diário",44,FALSE,0.5537463219752374,"alta (>=0.3)",TRUE,1.1114519170780999,9,"set",9,"set",4,0.15,8,9,"theta_pi","set"
"356002","Juruti","PA",-3.2281,-56.5861,"Hidroweb diário",40,FALSE,0.5140510233873755,"alta (>=0.3)",TRUE,0.9345776442551909,8,"ago",10,"out",4,0.15,8,8,"theta_pi","ago"
"447001","Dom Eliseu","PA",-4.2867,-47.5592,"Hidroweb diário",44,FALSE,0.7048600409502056,"alta (>=0.3)",TRUE,0.7753363312856869,8,"ago",11,"nov",6,0.15,8,8,"theta_pi","ago"
"447003","Dom Eliseu","PA",-4.1167,-47.5469,"Hidroweb diário",37,FALSE,0.7262678120912649,"alta (>=0.3)",TRUE,0.78521892259631,8,"ago",10,"out",5,0.15,8,8,"theta_pi","ago"
"448000","São Domingos do Capim","PA",-4.8036,-48.0689,"Hidroweb diário",41,FALSE,0.7186473267882227,"alta (>=0.3)",TRUE,0.7619800177844138,8,"ago",10,"out",5,0.15,8,8,"theta_pi","ago"
"449001","Jacundá","PA",-4.4628,-49.1197,"Hidroweb diário",31,FALSE,0.6534477941255589,"alta (>=0.3)",TRUE,0.8522764594583943,8,"ago",10,"out",5,0.15,8,8,"theta_pi","ago"
"452000","Altamira","PA",-4.6656,-52.7203,"Hidroweb diário",41,FALSE,0.6341440755506851,"alta (>=0.3)",TRUE,0.8718387735117803,8,"ago",10,"out",5,0.15,7,8,"theta_pi","ago"
"454001","Itaituba","PA",-3.9664,-54.6419,"Hidroweb diário",35,FALSE,0.5318551546792033,"alta (>=0.3)",TRUE,0.8488441300044688,8,"ago",10,"out",5,0.15,7,8,"theta_pi","ago"
"455001","Itaituba","PA",-4.8233,-56,"Hidroweb diário",54,FALSE,0.48940442310769144,"alta (>=0.3)",TRUE,0.7918915772775896,8,"ago",8,"ago",2,0.15,8,8,"theta_pi","ago"
"455002","Rurópolis","PA",-4.175,-55.4269,"Hidroweb diário",45,FALSE,0.5851538525951944,"alta (>=0.3)",TRUE,0.9058200999502503,8,"ago",10,"out",5,0.15,8,8,"theta_pi","ago"
"455003","Itaituba","PA",-4.7547,-56.0794,"Hidroweb diário",43,FALSE,0.49722646360851463,"alta (>=0.3)",TRUE,0.5957608519021668,8,"ago",8,"ago",3,0.15,7,8,"theta_pi","ago"
"455004","Rurópolis","PA",-4.0925,-54.9019,"Hidroweb diário",42,FALSE,0.4737318560630674,"alta (>=0.3)",TRUE,0.6956521991792738,8,"ago",9,"set",4,0.15,8,8,"theta_pi","ago"
"47002","Salinópolis","PA",-0.6231,-47.3536,"Hidroweb diário",45,FALSE,0.8268743923447712,"alta (>=0.3)",TRUE,1.1544398778525207,9,"set",12,"dez",5,0.15,9,9,"theta_pi","set"
"47003","Curuça","PA",-0.7375,-47.8536,"Hidroweb diário",43,FALSE,0.8839975535697413,"alta (>=0.3)",TRUE,1.1670423465525137,9,"set",12,"dez",5,0.15,10,9,"theta_pi","set"
"47004","Primavera","PA",-0.9294,-47.0994,"Hidroweb diário",43,FALSE,0.7879024839257809,"alta (>=0.3)",TRUE,1.1333857504626732,9,"set",12,"dez",5,0.15,10,9,"theta_pi","set"
"47005","Marapanim","PA",-0.6336,-47.6583,"Hidroweb diário",34,FALSE,0.7326253873215341,"alta (>=0.3)",TRUE,1.2533383175029256,9,"set",12,"dez",5,0.15,9,9,"theta_pi","set"
"47006","São João de Pirabas","PA",-0.7747,-47.1775,"Hidroweb diário",36,FALSE,0.8016540471099961,"alta (>=0.3)",TRUE,1.1702974926960579,9,"set",12,"dez",5,0.15,11,9,"theta_pi","set"
"48000","Soure","PA",-0.7278,-48.5158,"Hidroweb diário",37,FALSE,0.7418416554672673,"alta (>=0.3)",TRUE,1.1286687883432418,9,"set",12,"dez",5,0.15,10,9,"theta_pi","set"
"48006","Vigia","PA",-0.8681,-48.1103,"Hidroweb diário",43,FALSE,0.6967759763582827,"alta (>=0.3)",TRUE,1.1326203748652592,9,"set",11,"nov",3,0.15,10,9,"theta_pi","set"
"549004","Marabá","PA",-5.9347,-49.6767,"Hidroweb diário",34,FALSE,0.5500002520036446,"alta (>=0.3)",TRUE,0.7098339350834166,8,"ago",9,"set",4,0.15,7,8,"theta_pi","ago"
"549007","Marabá","PA",-5.8031,-49.1833,"Hidroweb diário",35,FALSE,0.617441329839955,"alta (>=0.3)",TRUE,0.8819349663403975,8,"ago",9,"set",4,0.15,8,8,"theta_pi","ago"
"549008","Itupiranga","PA",-5.1289,-49.3242,"Hidroweb diário",33,FALSE,0.6042584039591359,"alta (>=0.3)",TRUE,0.728713072098777,8,"ago",10,"out",5,0.15,7,8,"theta_pi","ago"
"554000","Altamira","PA",-5.6503,-54.5208,"Hidroweb diário",40,FALSE,0.49483788894270536,"alta (>=0.3)",TRUE,0.7071875736667872,8,"ago",8,"ago",3,0.15,7,8,"theta_pi","ago"
"555000","Itaituba","PA",-5.1825,-56.0578,"Hidroweb diário",45,FALSE,0.5426466246591279,"alta (>=0.3)",TRUE,0.4580637086719864,7,"jul",8,"ago",3,0.15,8,7,"theta_pi","jul"
"555002","Itaituba","PA",-6.6714,-55.4958,"Hidroweb diário",39,FALSE,0.5324364915592066,"alta (>=0.3)",TRUE,0.5466682274918203,8,"ago",8,"ago",3,0.15,7,8,"theta_pi","ago"
"556000","Itaituba","PA",-5.1542,-56.8556,"Hidroweb diário",37,FALSE,0.4494214222267666,"alta (>=0.3)",TRUE,0.6934128882289816,8,"ago",8,"ago",3,0.15,7,8,"theta_pi","ago"
"649000","Marabá","PA",-6.4278,-49.4197,"Hidroweb diário",42,FALSE,0.6273611641943033,"alta (>=0.3)",TRUE,0.45497533809241847,7,"jul",9,"set",4,0.15,8,7,"theta_pi","jul"
"649001","Sapucaia","PA",-6.7947,-49.5486,"Hidroweb diário",41,FALSE,0.49723635244875736,"alta (>=0.3)",TRUE,0.4753390987107371,7,"jul",9,"set",4,0.15,7,7,"theta_pi","jul"
"649002","Marabá","PA",-6.1053,-49.3775,"Hidroweb diário",38,FALSE,0.6029532935197598,"alta (>=0.3)",TRUE,0.7426991518094685,8,"ago",9,"set",4,0.15,7,8,"theta_pi","ago"
"650001","Marabá","PA",-6.8153,-50.5389,"Hidroweb diário",35,FALSE,0.32205909535721566,"alta (>=0.3)",TRUE,0.7732562149725847,8,"ago",8,"ago",3,0.15,7,8,"theta_pi","ago"
"651001","São Félix do Xingu","PA",-6.7025,-51.7986,"Hidroweb diário",39,FALSE,0.5240709885257507,"alta (>=0.3)",TRUE,0.4318400141507659,7,"jul",8,"ago",3,0.15,7,7,"theta_pi","jul"
"655001","Itaituba","PA",-7.5108,-55.2636,"Hidroweb diário",42,FALSE,0.551366681991155,"alta (>=0.3)",TRUE,0.30064937672332875,7,"jul",8,"ago",3,0.15,7,7,"theta_pi","jul"
"657000","Jacareacanga","PA",-6.2356,-57.7753,"Hidroweb diário",43,FALSE,0.5464001289599716,"alta (>=0.3)",TRUE,0.6204029775735687,8,"ago",8,"ago",3,0.15,7,8,"theta_pi","ago"
"749002","Xinguara","PA",-7.0947,-49.9672,"Hidroweb diário",34,FALSE,0.4414332079554966,"alta (>=0.3)",TRUE,0.44050687197130317,7,"jul",8,"ago",3,0.15,7,7,"theta_pi","jul"
"750000","Redenção","PA",-7.8283,-50.8289,"Hidroweb diário",33,FALSE,0.6164493804488411,"alta (>=0.3)",TRUE,0.7433713789867802,8,"ago",8,"ago",3,0.15,7,8,"theta_pi","ago"
"8154000","Almeirim","PA",1.2203,-54.6561,"Hidroweb diário",32,FALSE,0.5775033365845976,"alta (>=0.3)",TRUE,1.7037276644965207,10,"out",11,"nov",3,0.15,10,10,"theta_pi","out"
"82141","Soure","PA",-0.73,-48.52,"INMET diário",59,FALSE,0.796316907918395,"alta (>=0.3)",TRUE,1.2320441907405268,9,"set",12,"dez",5,0.15,10,9,"theta_pi","set"
"82145","Tracuateua","PA",-1.06361111,-46.86527777,"INMET diário",52,FALSE,0.7530229801409725,"alta (>=0.3)",TRUE,1.2535492963655879,9,"set",12,"dez",4,0.15,10,9,"theta_pi","set"
"82178","Obidos","PA",-1.91,-55.52,"INMET diário",77,FALSE,0.6031778447774465,"alta (>=0.3)",TRUE,0.8900811662142232,8,"ago",10,"out",4,0.15,8,8,"theta_pi","ago"
"82181","Monte Alegre","PA",-2,-54.07638888,"INMET diário",51,FALSE,0.5935205132567463,"alta (>=0.3)",TRUE,1.2216964082158397,9,"set",11,"nov",4,0.15,10,9,"theta_pi","set"
"82184","Porto de Moz","PA",-1.751055,-52.236186,"INMET diário",59,FALSE,0.5565298931529435,"alta (>=0.3)",TRUE,1.4488923672395273,9,"set",11,"nov",4,0.15,10,9,"theta_pi","set"
"82188","Breves","PA",-1.68027777,-50.47805554,"INMET diário",49,FALSE,0.5606111934974644,"alta (>=0.3)",TRUE,1.400672578364996,9,"set",11,"nov",4,0.15,8,9,"theta_pi","set"
"82191","Belem","PA",-1.43583333,-48.43722221,"INMET diário",73,FALSE,0.6330974679921315,"alta (>=0.3)",TRUE,1.30410539346801,9,"set",11,"nov",5,0.15,11,9,"theta_pi","set"
"82246","Belterra","PA",-2.64222221,-54.94388888,"INMET diário",52,FALSE,0.5837720770501054,"alta (>=0.3)",TRUE,0.985248177853325,8,"ago",11,"nov",4,0.15,9,8,"theta_pi","ago"
"82263","Cameta","PA",-2.23972221,-49.49972221,"INMET diário",55,FALSE,0.630762776549527,"alta (>=0.3)",TRUE,1.0717121036235584,9,"set",11,"nov",4,0.15,10,9,"theta_pi","set"
"82353","Altamira","PA",-3.21416666,-52.21305555,"INMET diário",55,FALSE,0.6425283491759646,"alta (>=0.3)",TRUE,1.1442814235546108,9,"set",11,"nov",5,0.15,8,9,"theta_pi","set"
"82361","Tucurui","PA",-3.76,-49.67,"INMET diário",52,FALSE,0.5982233259232475,"alta (>=0.3)",TRUE,0.8901976882425496,8,"ago",10,"out",5,0.15,8,8,"theta_pi","ago"
"82445","Itaituba","PA",-4.27694443,-55.99305555,"INMET diário",62,FALSE,0.528266433586414,"alta (>=0.3)",TRUE,0.8006143457067586,8,"ago",9,"set",3,0.15,8,8,"theta_pi","ago"
"82562","Maraba","PA",-5.37,-49.13,"INMET diário",48,FALSE,0.6520013205776806,"alta (>=0.3)",TRUE,0.5540283575917093,8,"ago",9,"set",4,0.15,7,8,"theta_pi","ago"
"82668","Sao Felix do Xingu","PA",-6.63,-51.98,"INMET diário",40,FALSE,0.594145915158185,"alta (>=0.3)",TRUE,0.8240198381177329,8,"ago",8,"ago",3,0.15,7,8,"theta_pi","ago"
"82861","Conceicao do Araguaia","PA",-8.25916666,-49.26388888,"INMET diário",76,FALSE,0.5568633915195657,"alta (>=0.3)",TRUE,0.4000139553702919,7,"jul",8,"ago",3,0.15,7,7,"theta_pi","jul"
"850000","Redenção","PA",-8.0439,-50.0006,"Hidroweb diário",42,FALSE,0.523313197672788,"alta (>=0.3)",TRUE,0.14723776858289056,7,"jul",8,"ago",3,0.15,6,7,"theta_pi","jul"
"855000","Itaituba","PA",-8.1872,-55.1194,"Hidroweb diário",45,FALSE,0.5327738954459063,"alta (>=0.3)",TRUE,0.25859486476749244,7,"jul",8,"ago",3,0.15,7,7,"theta_pi","jul"
"950001","Santana do Araguaia","PA",-9.2275,-50.2108,"Hidroweb diário",45,FALSE,0.5596845028124446,"alta (>=0.3)",TRUE,0.03943929055040021,7,"jul",9,"set",5,0.15,6,7,"theta_pi","jul"
"635027","Araçagi","PB",-6.8331,-35.3878,"Hidroweb diário",59,FALSE,0.5247940735976201,"alta (>=0.3)",TRUE,2.3508315134195277,11,"nov",12,"dez",4,0.15,11,11,"theta_pi","nov"
"635028","Araruna","PB",-6.5314,-35.7397,"Hidroweb diário",108,FALSE,0.5226154973739658,"alta (>=0.3)",TRUE,1.709961791490552,10,"out",12,"dez",4,0.15,10,10,"theta_pi","out"
"635030","Areia","PB",-6.9756,-35.7178,"Hidroweb diário",101,FALSE,0.5065216693967932,"alta (>=0.3)",TRUE,2.1010876242766106,11,"nov",12,"dez",3,0.15,11,11,"theta_pi","nov"
"635033","Bananeiras","PB",-6.7514,-35.6342,"Hidroweb diário",93,FALSE,0.4619726274358607,"alta (>=0.3)",TRUE,2.069917462943573,10,"out",12,"dez",3,0.15,11,10,"theta_pi","out"
"635037","Cacimba de Dentro","PB",-6.6367,-35.7953,"Hidroweb diário",60,FALSE,0.5766955510092295,"alta (>=0.3)",TRUE,1.855832813838338,10,"out",12,"dez",3,0.15,10,10,"theta_pi","out"
"635038","Caiçara","PB",-6.6147,-35.4681,"Hidroweb diário",61,FALSE,0.5151897030148439,"alta (>=0.3)",TRUE,1.9916102302570609,10,"out",12,"dez",4,0.15,11,10,"theta_pi","out"
"635040","Guarabira","PB",-6.85,-35.4833,"Hidroweb diário",50,FALSE,0.5197198764459853,"alta (>=0.3)",TRUE,2.2906225559926763,11,"nov",12,"dez",4,0.15,10,11,"theta_pi","nov"
"635044","Mamanguape","PB",-6.8333,-35.1167,"Hidroweb diário",72,FALSE,0.57345251344702,"alta (>=0.3)",TRUE,2.47347044123097,11,"nov",12,"dez",4,0.15,10,11,"theta_pi","nov"
"635047","Casserengue","PB",-6.7931,-35.8944,"Hidroweb diário",58,FALSE,0.6800297822602412,"alta (>=0.3)",TRUE,1.358724629087976,9,"set",12,"dez",5,0.15,10,9,"theta_pi","set"
"635048","Serraria","PB",-6.8167,-35.6333,"Hidroweb diário",50,FALSE,0.38623584621846113,"alta (>=0.3)",TRUE,2.0893723698929794,10,"out",12,"dez",3,0.15,12,10,"theta_pi","out"
"635065","Alagoinha","PB",-6.9589,-35.5525,"Hidroweb diário",36,FALSE,0.4529509722072246,"alta (>=0.3)",TRUE,2.0568876506930476,10,"out",12,"dez",4,0.15,10,10,"theta_pi","out"
"635066","Gurinhém","PB",-6.7167,-35.5,"Hidroweb diário",31,FALSE,0.44609396294451326,"alta (>=0.3)",TRUE,2.127945660765311,11,"nov",12,"dez",4,0.15,11,11,"theta_pi","nov"
"635067","Dona Inês","PB",-6.6056,-35.6283,"Hidroweb diário",31,FALSE,0.426043825543937,"alta (>=0.3)",TRUE,1.8735099127278607,10,"out",12,"dez",4,0.15,11,10,"theta_pi","out"
"635068","Solânea","PB",-6.7594,-35.6478,"Hidroweb diário",31,FALSE,0.48349298788636935,"alta (>=0.3)",TRUE,2.080177490841356,10,"out",12,"dez",3,0.15,11,10,"theta_pi","out"
"635136","Guarabira","PB",-6.8453,-35.4964,"Hidroweb diário",31,FALSE,0.44384153823335426,"alta (>=0.3)",TRUE,2.1443398535229083,11,"nov",11,"nov",3,0.15,11,11,"theta_pi","nov"
"635137","Jacaraú","PB",-6.6136,-35.2917,"Hidroweb diário",31,FALSE,0.5543516104431536,"alta (>=0.3)",TRUE,2.5232519145235717,11,"nov",12,"dez",4,0.15,11,11,"theta_pi","nov"
"635138","Mamanguape","PB",-6.8356,-35.1214,"Hidroweb diário",31,FALSE,0.5202014875932244,"alta (>=0.3)",TRUE,2.4885439640154057,11,"nov",12,"dez",4,0.15,11,11,"theta_pi","nov"
"635141","Olivedos","PB",-6.6411,-35.2942,"Hidroweb diário",31,FALSE,0.6876866882538281,"alta (>=0.3)",TRUE,1.5526304029031825,9,"set",12,"dez",4,0.15,10,9,"theta_pi","set"
"635142","Serraria","PB",-6.8192,-35.6386,"Hidroweb diário",31,FALSE,0.46477688517299226,"alta (>=0.3)",TRUE,2.2586519605158264,11,"nov",11,"nov",3,0.15,11,11,"theta_pi","nov"
"636032","Barra de Santa Rosa","PB",-6.7289,-36.0564,"Hidroweb diário",73,FALSE,0.6600845193362846,"alta (>=0.3)",TRUE,1.7333896062125385,10,"out",1,"jan",5,0.15,9,10,"theta_pi","out"
"636036","Olivedos","PB",-6.9833,-36.25,"Hidroweb diário",51,FALSE,0.6697127503891487,"alta (>=0.3)",TRUE,1.4958139759914302,9,"set",1,"jan",5,0.15,10,9,"theta_pi","set"
"636037","Pedra Lavrada","PB",-6.75,-36.4667,"Hidroweb diário",49,FALSE,0.7499817307794978,"alta (>=0.3)",TRUE,1.3709495494833834,9,"set",1,"jan",7,0.15,9,9,"theta_pi","set"
"636038","Picuí","PB",-6.5167,-36.3667,"Hidroweb diário",92,FALSE,0.7482183024452571,"alta (>=0.3)",TRUE,1.281386791780335,9,"set",1,"jan",7,0.15,8,9,"theta_pi","set"
"636041","Santa Luzia","PB",-6.8681,-36.9181,"Hidroweb diário",37,FALSE,0.7701138427620259,"alta (>=0.3)",TRUE,1.1243810659989097,9,"set",12,"dez",7,0.15,8,9,"theta_pi","set"
"636042","Santa Luzia","PB",-6.8667,-36.9333,"Hidroweb diário",69,FALSE,0.7426018656333084,"alta (>=0.3)",TRUE,1.279603988078686,9,"set",12,"dez",7,0.15,8,9,"theta_pi","set"
"636046","Junco do Seridó","PB",-6.995,-36.7131,"Hidroweb diário",31,FALSE,0.6666966028286901,"alta (>=0.3)",TRUE,1.4999828736513738,9,"set",12,"dez",5,0.15,9,9,"theta_pi","set"
"636068","Várzea","PB",-6.7722,-36.9925,"Hidroweb diário",31,FALSE,0.7401033768954324,"alta (>=0.3)",TRUE,1.4722432944355999,9,"set",12,"dez",7,0.15,8,9,"theta_pi","set"
"636069","São José do Sabugi","PB",-6.7742000000000004,-36.8,"Hidroweb diário",31,FALSE,0.7423263661339381,"alta (>=0.3)",TRUE,1.201962005379937,9,"set",12,"dez",7,0.15,8,9,"theta_pi","set"
"636075","Algodão de Jandaíra","PB",-6.9061,-36.0075,"Hidroweb diário",31,FALSE,0.5746045959704321,"alta (>=0.3)",TRUE,1.5116838080785675,9,"set",12,"dez",5,0.15,9,9,"theta_pi","set"
"636076","Cuité","PB",-6.485,-36.1492,"Hidroweb diário",31,FALSE,0.5962594045645654,"alta (>=0.3)",TRUE,1.5276572878902617,9,"set",12,"dez",4,0.15,10,9,"theta_pi","set"
"636077","Nazarezinho","PB",-6.9886,-36.2436,"Hidroweb diário",31,FALSE,0.718580948913667,"alta (>=0.3)",TRUE,1.0444046250998567,8,"ago",12,"dez",7,0.15,8,8,"theta_pi","ago"
"636078","Olho D'água","PB",-6.7553,-36.4644,"Hidroweb diário",31,FALSE,0.7595610765318327,"alta (>=0.3)",TRUE,1.1098017539769554,9,"set",12,"dez",7,0.15,8,9,"theta_pi","set"
"636079","Pedra Lavrada","PB",-6.505,-36.3469,"Hidroweb diário",31,FALSE,0.7542856862475046,"alta (>=0.3)",TRUE,1.3287822690475701,9,"set",12,"dez",6,0.15,9,9,"theta_pi","set"
"636080","Pombal","PB",-6.8681,-36.9183,"Hidroweb diário",31,FALSE,0.7102368394516043,"alta (>=0.3)",TRUE,1.2885517739059735,9,"set",12,"dez",7,0.15,8,9,"theta_pi","set"
"636081","Princesa Isabel","PB",-6.9639,-36.9203,"Hidroweb diário",31,FALSE,0.6218436198601731,"alta (>=0.3)",TRUE,1.0981859697262826,9,"set",11,"nov",4,0.15,9,9,"theta_pi","set"
"636083","São Vicente do Seridó","PB",-6.8553,-36.4106,"Hidroweb diário",31,FALSE,0.7663282870606666,"alta (>=0.3)",TRUE,1.2210519674691946,9,"set",12,"dez",6,0.15,9,9,"theta_pi","set"
"636084","Sossêgo","PB",-6.7664,-36.2467,"Hidroweb diário",31,FALSE,0.6046951413020343,"alta (>=0.3)",TRUE,1.2363395210164605,9,"set",12,"dez",4,0.15,9,9,"theta_pi","set"
"637022","Belém do Brejo do Cruz","PB",-6.1864,-37.5356,"Hidroweb diário",75,FALSE,0.76954627082391025,"alta (>=0.3)",TRUE,1.4641017056480465,9,"set",12,"dez",7,0.15,7,9,"theta_pi","set"
"637023","Brejo do Cruz","PB",-6.3483,-37.4997,"Hidroweb diário",87,FALSE,0.7362732441917338,"alta (>=0.3)",TRUE,1.3620658177658966,9,"set",12,"dez",7,0.15,8,9,"theta_pi","set"
"637024","Pombal","PB",-6.9614,-37.7992,"Hidroweb diário",39,FALSE,0.6817543699028416,"alta (>=0.3)",TRUE,1.3932158804849797,9,"set",12,"dez",7,0.15,7,9,"theta_pi","set"
"637025","Catolé do Rocha","PB",-6.35,-37.75,"Hidroweb diário",43,FALSE,0.811380481709894,"alta (>=0.3)",TRUE,1.4524957213392,9,"set",1,"jan",8,0.15,8,9,"theta_pi","set"
"637028","Condado","PB",-6.9,-37.6167,"Hidroweb diário",40,FALSE,0.7259091135685952,"alta (>=0.3)",TRUE,1.3223022109877431,9,"set",12,"dez",7,0.15,8,9,"theta_pi","set"
"637031","Malta","PB",-6.9,-37.5333,"Hidroweb diário",60,FALSE,0.7957029399410114,"alta (>=0.3)",TRUE,1.33269509649924,9,"set",12,"dez",7,0.15,8,9,"theta_pi","set"
"637032","Pombal","PB",-6.7667,-37.8167,"Hidroweb diário",73,FALSE,0.7336806241096638,"alta (>=0.3)",TRUE,1.3163913236389884,9,"set",12,"dez",7,0.15,9,9,"theta_pi","set"
"637037","São Mamede","PB",-6.9306,-37.1036,"Hidroweb diário",53,FALSE,0.7659573765708659,"alta (>=0.3)",TRUE,1.2984504616938193,9,"set",12,"dez",7,0.15,8,9,"theta_pi","set"
"637040","Bom Jesus","PB",-6.4414,-37.9292,"Hidroweb diário",31,FALSE,0.6954519178531365,"alta (>=0.3)",TRUE,1.1876741005408207,9,"set",12,"dez",5,0.15,8,9,"theta_pi","set"
"637041","Paulista","PB",-6.59,-37.6233,"Hidroweb diário",31,FALSE,0.6646556689897686,"alta (>=0.3)",TRUE,1.2971903255403212,9,"set",12,"dez",7,0.15,8,9,"theta_pi","set"
"637042","Brejo dos Santos","PB",-6.3833,-37.8333,"Hidroweb diário",31,FALSE,0.7411635994069422,"alta (>=0.3)",TRUE,1.3284711488318075,9,"set",12,"dez",5,0.15,8,9,"theta_pi","set"
"637043","Lagoa","PB",-6.5894,-37.915,"Hidroweb diário",31,FALSE,0.7774988762636241,"alta (>=0.3)",TRUE,1.3072443178987045,9,"set",12,"dez",7,0.15,8,9,"theta_pi","set"
"637044","Riacho dos Cavalos","PB",-6.4353,-37.6531,"Hidroweb diário",32,FALSE,0.6784157894300515,"alta (>=0.3)",TRUE,1.3617037127964722,9,"set",12,"dez",7,0.15,8,9,"theta_pi","set"
"637045","São Bento","PB",-6.5022,-37.4581,"Hidroweb diário",31,FALSE,0.7160164775161001,"alta (>=0.3)",TRUE,1.2477961144912815,9,"set",12,"dez",7,0.15,7,9,"theta_pi","set"
"637066","Catolé do Rocha","PB",-6.3519,-37.7239,"Hidroweb diário",31,FALSE,0.7181496289048723,"alta (>=0.3)",TRUE,1.2383294002955405,9,"set",12,"dez",6,0.15,9,9,"theta_pi","set"
"637076","Catolé do Rocha","PB",-6.3439,-37.7467,"Hidroweb diário",31,FALSE,0.6975358091565007,"alta (>=0.3)",TRUE,1.3536433866334745,9,"set",12,"dez",6,0.15,9,9,"theta_pi","set"
"637077","Condado","PB",-6.9231,-37.5947,"Hidroweb diário",31,FALSE,0.712151546401806,"alta (>=0.3)",TRUE,1.0679373471171605,9,"set",11,"nov",6,0.15,8,9,"theta_pi","set"
"637078","Jericó","PB",-6.5664,-37.7997,"Hidroweb diário",32,FALSE,0.6014847488711704,"alta (>=0.3)",TRUE,1.2363248346869167,9,"set",12,"dez",7,0.15,8,9,"theta_pi","set"
"637079","Malta","PB",-6.9033,-37.5197,"Hidroweb diário",31,FALSE,0.6749585327369821,"alta (>=0.3)",TRUE,1.012819908719005,8,"ago",12,"dez",7,0.15,8,8,"theta_pi","ago"
"637080","São José de Espinharas","PB",-6.8481,-37.3264,"Hidroweb diário",31,FALSE,0.7439892193268716,"alta (>=0.3)",TRUE,1.2448260614044517,9,"set",12,"dez",7,0.15,7,9,"theta_pi","set"
"637081","Vista Serrana","PB",-6.7386,-37.5683,"Hidroweb diário",31,FALSE,0.6462577281733056,"alta (>=0.3)",TRUE,1.2355228142501273,9,"set",12,"dez",7,0.15,8,9,"theta_pi","set"
"638028","Cajazeiras","PB",-6.8942,-38.5444,"Hidroweb diário",101,FALSE,0.7741929812994284,"alta (>=0.3)",TRUE,1.1071597860147788,9,"set",12,"dez",7,0.15,8,9,"theta_pi","set"
"638029","Triunfo","PB",-6.5333,-38.5667,"Hidroweb diário",60,FALSE,0.7314887459524572,"alta (>=0.3)",TRUE,1.3065208328515974,9,"set",12,"dez",7,0.15,7,9,"theta_pi","set"
"638031","Sousa","PB",-6.7864,-38.0847,"Hidroweb diário",43,FALSE,0.7594751077610475,"alta (>=0.3)",TRUE,1.1971885374955193,9,"set",12,"dez",7,0.15,7,9,"theta_pi","set"
"638032","São João do Rio do Peixe","PB",-6.7353,-38.4481,"Hidroweb diário",41,FALSE,0.7592928926385474,"alta (>=0.3)",TRUE,1.2209656813873826,9,"set",11,"nov",6,0.15,8,9,"theta_pi","set"
"638033","São João do Rio do Peixe","PB",-6.7253,-38.4517,"Hidroweb diário",101,FALSE,0.7285150242723711,"alta (>=0.3)",TRUE,1.1409217150269044,9,"set",12,"dez",7,0.15,8,9,"theta_pi","set"
"638046","Pilões","PB",-6.695,-38.5219,"Hidroweb diário",52,FALSE,0.7736430095810419,"alta (>=0.3)",TRUE,1.321723096586732,9,"set",12,"dez",7,0.15,8,9,"theta_pi","set"
"638047","Cajazeiras","PB",-6.9808,-38.455,"Hidroweb diário",76,FALSE,0.6642723078181729,"alta (>=0.3)",TRUE,0.9441716657948077,8,"ago",12,"dez",7,0.15,8,8,"theta_pi","ago"
"638048","Nazarezinho","PB",-6.9167,-38.3333,"Hidroweb diário",38,FALSE,0.8321635420401102,"alta (>=0.3)",TRUE,1.1266331094238944,9,"set",12,"dez",7,0.15,7,9,"theta_pi","set"
"638049","São José da Lagoa Tapada","PB",-6.9422,-38.1619,"Hidroweb diário",53,FALSE,0.7678804330213033,"alta (>=0.3)",TRUE,1.0049157031104632,8,"ago",12,"dez",7,0.15,8,8,"theta_pi","ago"
"638051","Sousa","PB",-6.6178,-38.0947,"Hidroweb diário",53,FALSE,0.7561094862295654,"alta (>=0.3)",TRUE,1.2445912317799723,9,"set",12,"dez",6,0.15,8,9,"theta_pi","set"
"638059","Cajazeiras","PB",-6.7986,-38.5681,"Hidroweb diário",31,FALSE,0.7014605847420493,"alta (>=0.3)",TRUE,1.1150140632202108,9,"set",12,"dez",7,0.15,9,9,"theta_pi","set"
"638113","Sousa","PB",-6.8358,-38.3117,"Hidroweb diário",31,FALSE,0.7544245783843192,"alta (>=0.3)",TRUE,1.169334953833449,9,"set",11,"nov",6,0.15,9,9,"theta_pi","set"
"638123","Sousa","PB",-6.7694,-38.2194,"Hidroweb diário",31,FALSE,0.7185730146643436,"alta (>=0.3)",TRUE,1.2129798019089055,9,"set",11,"nov",6,0.15,8,9,"theta_pi","set"
"638125","Uiraúna","PB",-6.5231,-38.4092,"Hidroweb diário",31,FALSE,0.7049070972636898,"alta (>=0.3)",TRUE,1.2313432143673189,9,"set",12,"dez",6,0.15,8,9,"theta_pi","set"
"734001","Santa Rita","PB",-7.1406,-34.9828,"Hidroweb diário",96,FALSE,0.6121250673811893,"alta (>=0.3)",TRUE,2.3605953088866096,11,"nov",1,"jan",5,0.15,11,11,"theta_pi","nov"
"734002","João Pessoa","PB",-7.0833,-34.8333,"Hidroweb diário",42,FALSE,0.6806103647461456,"alta (>=0.3)",TRUE,2.6440606132533704,12,"dez",12,"dez",4,0.15,11,12,"theta_pi","dez"
"734003","João Pessoa","PB",-7.1167,-34.8833,"Hidroweb diário",59,FALSE,0.6935487437176647,"alta (>=0.3)",TRUE,2.3528647736737978,11,"nov",1,"jan",5,0.15,10,11,"theta_pi","nov"
"734008","Alhandra","PB",-7.4256,-34.9106,"Hidroweb diário",88,FALSE,0.6283500732668167,"alta (>=0.3)",TRUE,2.469563424218161,11,"nov",12,"dez",3,0.15,11,11,"theta_pi","nov"
"735002","Umbuzeiro","PB",-7.6958,-35.6642,"Hidroweb diário",113,FALSE,0.5584198660776627,"alta (>=0.3)",TRUE,1.9451620001463221,10,"out",1,"jan",4,0.15,11,10,"theta_pi","out"
"735006","Sapé","PB",-7.0925,-35.2233,"Hidroweb diário",98,FALSE,0.521158244085933,"alta (>=0.3)",TRUE,2.3117149784639914,11,"nov",12,"dez",4,0.15,11,11,"theta_pi","nov"
"735007","Pilar","PB",-7.1,-35.2833,"Hidroweb diário",44,FALSE,0.5303511338340734,"alta (>=0.3)",TRUE,2.074461029962084,10,"out",1,"jan",4,0.15,10,10,"theta_pi","out"
"735009","Mulungu","PB",-7.0294,-35.4681,"Hidroweb diário",96,FALSE,0.5898751815112933,"alta (>=0.3)",TRUE,2.26696592303775,11,"nov",12,"dez",4,0.15,11,11,"theta_pi","nov"
"735011","Umbuzeiro","PB",-7.7333,-35.8167,"Hidroweb diário",46,FALSE,0.5869832508552977,"alta (>=0.3)",TRUE,2.1569933756664343,11,"nov",1,"jan",5,0.15,10,11,"theta_pi","nov"
"735012","Aroeiras","PB",-7.5333,-35.8167,"Hidroweb diário",46,FALSE,0.5399581467422442,"alta (>=0.3)",TRUE,2.003576020259318,10,"out",1,"jan",5,0.15,10,10,"theta_pi","out"
"735015","Itabaiana","PB",-7.325,-35.3453,"Hidroweb diário",108,FALSE,0.5924568011981033,"alta (>=0.3)",TRUE,2.03523366284911,10,"out",12,"dez",4,0.15,10,10,"theta_pi","out"
"735017","Ingá","PB",-7.2925,-35.6119,"Hidroweb diário",109,FALSE,0.5150920975305993,"alta (>=0.3)",TRUE,1.8733401398018046,10,"out",12,"dez",4,0.15,11,10,"theta_pi","out"
"735018","Fagundes","PB",-7.3586,-35.7844,"Hidroweb diário",62,FALSE,0.4843333436068372,"alta (>=0.3)",TRUE,2.1677716980109727,11,"nov",12,"dez",3,0.15,11,11,"theta_pi","nov"
"735019","Cruz do Espírito Santo","PB",-7.1408,-35.0911,"Hidroweb diário",76,FALSE,0.587160747275299,"alta (>=0.3)",TRUE,2.3886111485910715,11,"nov",1,"jan",5,0.15,11,11,"theta_pi","nov"
"735026","Campina Grande","PB",-7.2256,-35.9042,"Hidroweb diário",95,FALSE,0.5610055248995153,"alta (>=0.3)",TRUE,1.9792821622582655,10,"out",1,"jan",5,0.15,11,10,"theta_pi","out"
"735028","Boqueirão","PB",-7.5333,-35.9833,"Hidroweb diário",74,FALSE,0.6494287018286415,"alta (>=0.3)",TRUE,1.6206423237232463,10,"out",2,"fev",6,0.15,9,10,"theta_pi","out"
"735029","Aroeiras","PB",-7.5167,-35.6833,"Hidroweb diário",61,FALSE,0.5255950593199087,"alta (>=0.3)",TRUE,1.8990674118915836,10,"out",12,"dez",4,0.15,10,10,"theta_pi","out"
"735030","Alagoa Nova","PB",-7.0542,-35.7578,"Hidroweb diário",107,FALSE,0.555050947630132,"alta (>=0.3)",TRUE,2.2135556054703,11,"nov",12,"dez",4,0.15,10,11,"theta_pi","nov"
"735033","Alagoa Grande","PB",-7.0367,-35.631100000000004,"Hidroweb diário",83,FALSE,0.4674935349627659,"alta (>=0.3)",TRUE,2.0179146746115704,10,"out",12,"dez",4,0.15,11,10,"theta_pi","out"
"735035","Caldas Brandão","PB",-7.1025,-35.3244,"Hidroweb diário",62,FALSE,0.5510944145151733,"alta (>=0.3)",TRUE,2.3280988744252964,11,"nov",12,"dez",4,0.15,11,11,"theta_pi","nov"
"735036","Santa Teresinha","PB",-7.13,-35.0475,"Hidroweb diário",57,FALSE,0.5349215535073207,"alta (>=0.3)",TRUE,2.4152417496468788,11,"nov",12,"dez",4,0.15,11,11,"theta_pi","nov"
"735124","Boqueirão","PB",-7.5283,-35.9997,"Hidroweb diário",55,FALSE,0.6884806127591073,"alta (>=0.3)",TRUE,1.6253863555100625,10,"out",12,"dez",4,0.15,10,10,"theta_pi","out"
"735160","Areial","PB",-7.0494,-35.9258,"Hidroweb diário",31,FALSE,0.559111229446339,"alta (>=0.3)",TRUE,1.9999078601790024,10,"out",12,"dez",4,0.15,11,10,"theta_pi","out"
"735162","Juarez Távora","PB",-7.1628,-35.5931,"Hidroweb diário",31,FALSE,0.4556614819027453,"alta (>=0.3)",TRUE,2.2217909869869894,11,"nov",12,"dez",4,0.15,11,11,"theta_pi","nov"
"735164","Mogeiro","PB",-7.3075,-35.4764,"Hidroweb diário",31,FALSE,0.4699911264756371,"alta (>=0.3)",TRUE,2.0773119824588955,10,"out",12,"dez",4,0.15,11,10,"theta_pi","out"
"735165","Puxinanã","PB",-7.1472,-35.9594,"Hidroweb diário",32,FALSE,0.5624004124685663,"alta (>=0.3)",TRUE,1.9181982627645666,10,"out",12,"dez",3,0.15,11,10,"theta_pi","out"
"735179","Campina Grande","PB",-7.1897,-35.9844,"Hidroweb diário",31,FALSE,0.4372739209351172,"alta (>=0.3)",TRUE,2.0603124951950367,10,"out",1,"jan",5,0.15,11,10,"theta_pi","out"
"735188","Queimadas","PB",-7.3606,-35.8897,"Hidroweb diário",31,FALSE,0.5664224077090931,"alta (>=0.3)",TRUE,2.1161899302863154,11,"nov",1,"jan",5,0.15,10,11,"theta_pi","nov"
"735189","Mulungu","PB",-7.0311,-35.4692,"Hidroweb diário",31,FALSE,0.5722245381473833,"alta (>=0.3)",TRUE,2.3275053830816144,11,"nov",12,"dez",4,0.15,11,11,"theta_pi","nov"
"735196","São Miguel de Taipu","PB",-7.2503,-35.2089,"Hidroweb diário",31,FALSE,0.5323982272438593,"alta (>=0.3)",TRUE,2.2897588167298126,11,"nov",12,"dez",4,0.15,11,11,"theta_pi","nov"
"735203","Pedras de Fogo","PB",-7.4014,-35.1175,"Hidroweb diário",31,FALSE,0.6166544185060595,"alta (>=0.3)",TRUE,2.542275556020022,11,"nov",12,"dez",4,0.15,11,11,"theta_pi","nov"
"736000","Taperoá","PB",-7.2175,-36.8289,"Hidroweb diário",42,FALSE,0.7284224267540877,"alta (>=0.3)",TRUE,1.3020569266231328,9,"set",12,"dez",5,0.15,10,9,"theta_pi","set"
"736002","Taperoá","PB",-7.2,-36.8333,"Hidroweb diário",73,FALSE,0.6323592607864044,"alta (>=0.3)",TRUE,1.3123958325256206,9,"set",1,"jan",7,0.15,1,9,"theta_pi","set"
"736003","Sumé","PB",-7.65,-36.9333,"Hidroweb diário",47,FALSE,0.7013123269008051,"alta (>=0.3)",TRUE,1.3394498572641813,9,"set",1,"jan",7,0.15,10,9,"theta_pi","set"
"736008","Soledade","PB",-7.0667,-36.3667,"Hidroweb diário",75,FALSE,0.830331422000891,"alta (>=0.3)",TRUE,1.3046067980832714,9,"set",1,"jan",6,0.15,9,9,"theta_pi","set"
"736010","Salgadinho","PB",-7.1,-36.85,"Hidroweb diário",54,FALSE,0.789723016824726,"alta (>=0.3)",TRUE,1.3684854080282047,9,"set",12,"dez",7,0.15,9,9,"theta_pi","set"
"736012","São João do Cariri","PB",-7.4,-36.5333,"Hidroweb diário",72,FALSE,0.7752131164135017,"alta (>=0.3)",TRUE,1.4642191828914966,9,"set",1,"jan",6,0.15,8,9,"theta_pi","set"
"736013","Boqueirão","PB",-7.6942,-36.1561,"Hidroweb diário",60,FALSE,0.5984342572336852,"alta (>=0.3)",TRUE,1.5186095557877803,9,"set",1,"jan",6,0.15,9,9,"theta_pi","set"
"736014","Pocinhos","PB",-7.0667,-36.0667,"Hidroweb diário",64,FALSE,0.6264391650329887,"alta (>=0.3)",TRUE,1.7382361929978316,10,"out",1,"jan",5,0.15,11,10,"theta_pi","out"
"736017","Serra Branca","PB",-7.6286,-36.5556,"Hidroweb diário",62,FALSE,0.734603691816629,"alta (>=0.3)",TRUE,1.1979110214525024,9,"set",12,"dez",5,0.15,9,9,"theta_pi","set"
"736020","Caraúbas","PB",-7.7253,-36.4903,"Hidroweb diário",90,FALSE,0.6982986150608124,"alta (>=0.3)",TRUE,1.2332418659491666,9,"set",12,"dez",5,0.15,9,9,"theta_pi","set"
"736021","Camalaú","PB",-7.89,-36.8256,"Hidroweb diário",61,FALSE,0.7530629497712278,"alta (>=0.3)",TRUE,1.3249489681049382,9,"set",12,"dez",5,0.15,9,9,"theta_pi","set"
"736022","Cabaceiras","PB",-7.4922,-36.2869,"Hidroweb diário",96,FALSE,0.7629126922368323,"alta (>=0.3)",TRUE,1.4494692068058668,9,"set",1,"jan",5,0.15,9,9,"theta_pi","set"
"736024","Campina Grande","PB",-7.2667,-36.2333,"Hidroweb diário",42,FALSE,0.6317019440429743,"alta (>=0.3)",TRUE,1.2784671930248455,9,"set",2,"fev",6,0.15,1,9,"theta_pi","set"
"736025","Barra de São Miguel","PB",-7.7517,-36.3181,"Hidroweb diário",60,FALSE,0.7808162577486027,"alta (>=0.3)",TRUE,1.2919117324472047,9,"set",12,"dez",5,0.15,9,9,"theta_pi","set"
"736043","Livramento","PB",-7.3761,-36.9492,"Hidroweb diário",31,FALSE,0.7087418643646651,"alta (>=0.3)",TRUE,1.2586718119147553,9,"set",12,"dez",7,0.15,8,9,"theta_pi","set"
"736044","São João do Cariri","PB",-7.4167,-36.5,"Hidroweb diário",31,FALSE,0.635812509797421,"alta (>=0.3)",TRUE,1.0549998089560768,9,"set",12,"dez",5,0.15,10,9,"theta_pi","set"
"736054","Soledade","PB",-7.1769,-36.4864,"Hidroweb diário",31,FALSE,0.7116029345721272,"alta (>=0.3)",TRUE,1.313074448733335,9,"set",1,"jan",6,0.15,9,9,"theta_pi","set"
"736055","Campina Grande","PB",-7.3386,-36.0842,"Hidroweb diário",31,FALSE,0.5196898506985255,"alta (>=0.3)",TRUE,1.7546093354516379,10,"out",12,"dez",4,0.15,10,10,"theta_pi","out"
"736066","Boa Vista","PB",-7.2575,-36.2375,"Hidroweb diário",31,FALSE,0.6219030677440174,"alta (>=0.3)",TRUE,1.5742832652875292,10,"out",12,"dez",4,0.15,10,10,"theta_pi","out"
"736067","Boqueirão","PB",-7.4908,-36.1358,"Hidroweb diário",31,FALSE,0.4923407861946186,"alta (>=0.3)",TRUE,1.7624066234991682,10,"out",12,"dez",4,0.15,11,10,"theta_pi","out"
"736068","Congo","PB",-7.8022,-36.6586,"Hidroweb diário",31,FALSE,0.5948174025051229,"alta (>=0.3)",TRUE,1.2599739214404746,9,"set",12,"dez",5,0.15,9,9,"theta_pi","set"
"736069","Gurjão","PB",-7.2478,-36.4892,"Hidroweb diário",31,FALSE,0.7020858979250693,"alta (>=0.3)",TRUE,1.2790050832636786,9,"set",1,"jan",6,0.15,9,9,"theta_pi","set"
"736070","Juazeirinho","PB",-7.0683,-36.58,"Hidroweb diário",31,FALSE,0.6753979061908696,"alta (>=0.3)",TRUE,1.405788562606391,9,"set",12,"dez",5,0.15,10,9,"theta_pi","set"
"736071","Piancó","PB",-7.0778,-36.0592,"Hidroweb diário",31,FALSE,0.6583805640087099,"alta (>=0.3)",TRUE,1.1671276508107706,9,"set",11,"nov",6,0.15,8,9,"theta_pi","set"
"736072","Pocinhos","PB",-7.1022,-36.8453,"Hidroweb diário",31,FALSE,0.5572748846397377,"alta (>=0.3)",TRUE,1.7719105470881464,10,"out",12,"dez",4,0.15,11,10,"theta_pi","out"
"736073","São José dos Cordeiros","PB",-7.3908,-36.8058,"Hidroweb diário",31,FALSE,0.7149305961287568,"alta (>=0.3)",TRUE,1.1542614474888326,9,"set",12,"dez",5,0.15,10,9,"theta_pi","set"
"736074","Serra Branca","PB",-7.4819,-36.66,"Hidroweb diário",31,FALSE,0.621770191371306,"alta (>=0.3)",TRUE,1.1996407972124987,9,"set",12,"dez",5,0.15,10,9,"theta_pi","set"
"736075","Soledade","PB",-7.0608,-36.3619,"Hidroweb diário",31,FALSE,0.7018171169933333,"alta (>=0.3)",TRUE,1.2241381009932786,9,"set",12,"dez",5,0.15,10,9,"theta_pi","set"
"736077","Sumé","PB",-7.6736,-36.8964,"Hidroweb diário",31,FALSE,0.7109933236422611,"alta (>=0.3)",TRUE,1.2076551942157532,9,"set",12,"dez",5,0.15,10,9,"theta_pi","set"
"736078","Taperoá","PB",-7.2164,-36.8281,"Hidroweb diário",31,FALSE,0.742229642792796,"alta (>=0.3)",TRUE,1.3143492387449225,9,"set",12,"dez",6,0.15,10,9,"theta_pi","set"
"737002","Teixeira","PB",-7.2167,-37.2667,"Hidroweb diário",79,FALSE,0.8381085093747631,"alta (>=0.3)",TRUE,1.2285151889898214,9,"set",1,"jan",9,0.15,6,9,"theta_pi","set"
"737003","Santa Teresinha","PB",-7.0833,-37.45,"Hidroweb diário",31,FALSE,0.8693283862908907,"alta (>=0.3)",TRUE,1.5431763939619692,9,"set",12,"dez",7,0.15,8,9,"theta_pi","set"
"737004","Prata","PB",-7.695,-37.0842,"Hidroweb diário",59,FALSE,0.7963240101386708,"alta (>=0.3)",TRUE,1.2752188694445687,9,"set",12,"dez",6,0.15,9,9,"theta_pi","set"
"737005","Santa Teresinha","PB",-7.1333,-37.3333,"Hidroweb diário",46,FALSE,0.6155095174062543,"alta (>=0.3)",TRUE,1.3111094065832645,9,"set",12,"dez",7,0.15,8,9,"theta_pi","set"
"737006","Piancó","PB",-7.2142,-37.9258,"Hidroweb diário",114,FALSE,0.6919478976138748,"alta (>=0.3)",TRUE,1.0807409810452888,9,"set",12,"dez",7,0.15,8,9,"theta_pi","set"
"737009","Patos","PB",-7.0167,-37.2833,"Hidroweb diário",73,FALSE,0.769678972734076,"alta (>=0.3)",TRUE,1.205676956037328,9,"set",1,"jan",9,0.15,7,9,"theta_pi","set"
"737010","Passagem","PB",-7.1333,-37.0667,"Hidroweb diário",31,FALSE,0.7322593528995046,"alta (>=0.3)",TRUE,1.138386852121156,9,"set",12,"dez",7,0.15,6,9,"theta_pi","set"
"737011","Olho D'água","PB",-7.2167,-37.7667,"Hidroweb diário",57,FALSE,0.7446197050344484,"alta (>=0.3)",TRUE,1.340854849401611,9,"set",12,"dez",7,0.15,8,9,"theta_pi","set"
"737014","Monteiro","PB",-7.8833,-37.1167,"Hidroweb diário",70,FALSE,0.6271762740465524,"alta (>=0.3)",TRUE,1.3058092595757465,9,"set",1,"jan",7,0.15,7,9,"theta_pi","set"
"737015","Mãe D'água","PB",-7.25,-37.4333,"Hidroweb diário",53,FALSE,0.7983172293167726,"alta (>=0.3)",TRUE,1.2016079161201296,9,"set",12,"dez",7,0.15,8,9,"theta_pi","set"
"737016","Juru","PB",-7.5478,-37.8067,"Hidroweb diário",61,FALSE,0.7260435520111128,"alta (>=0.3)",TRUE,1.2424527087366921,9,"set",11,"nov",6,0.15,8,9,"theta_pi","set"
"737017","Imaculada","PB",-7.3822,-37.5094,"Hidroweb diário",91,FALSE,0.7186897135534926,"alta (>=0.3)",TRUE,1.266279264071013,9,"set",12,"dez",6,0.15,8,9,"theta_pi","set"
"737018","Desterro","PB",-7.2833,-37.1,"Hidroweb diário",67,FALSE,0.8307645966635615,"alta (>=0.3)",TRUE,1.3635309455789417,9,"set",1,"jan",9,0.15,6,9,"theta_pi","set"
"737019","Coremas","PB",-7.0167,-37.9667,"Hidroweb diário",50,FALSE,0.7439223541702978,"alta (>=0.3)",TRUE,1.0256870485618828,8,"ago",12,"dez",7,0.15,9,8,"theta_pi","ago"
"737021","Catingueira","PB",-7.1333,-37.6167,"Hidroweb diário",57,FALSE,0.748926114363427,"alta (>=0.3)",TRUE,1.3427259160348253,9,"set",12,"dez",7,0.15,8,9,"theta_pi","set"
"737022","Água Branca","PB",-7.5117,-37.6367,"Hidroweb diário",89,FALSE,0.732047143293985,"alta (>=0.3)",TRUE,1.2079064909822312,9,"set",12,"dez",5,0.15,9,9,"theta_pi","set"
"737052","Cacimba de Areia","PB",-7.1275,-37.1558,"Hidroweb diário",31,FALSE,0.6894366132849705,"alta (>=0.3)",TRUE,1.2199459940583122,9,"set",12,"dez",7,0.15,8,9,"theta_pi","set"
"737053","Emas","PB",-7.1058,-37.7153,"Hidroweb diário",31,FALSE,0.6808586505128558,"alta (>=0.3)",TRUE,1.107634629924018,9,"set",12,"dez",7,0.15,8,9,"theta_pi","set"
"737055","Patos","PB",-7.0008,-37.3131,"Hidroweb diário",31,FALSE,0.6978333118479488,"alta (>=0.3)",TRUE,1.1185344824778305,9,"set",11,"nov",6,0.15,9,9,"theta_pi","set"
"737062","Monteiro","PB",-7.885,-37.1269,"Hidroweb diário",31,FALSE,0.6208582884575637,"alta (>=0.3)",TRUE,1.4132324151969236,9,"set",11,"nov",4,0.15,9,9,"theta_pi","set"
"737065","Catingueira","PB",-7.1283,-37.6083,"Hidroweb diário",31,FALSE,0.5875555199493363,"alta (>=0.3)",TRUE,0.9509010315804987,8,"ago",12,"dez",7,0.15,8,8,"theta_pi","ago"
"737066","Coremas","PB",-7.025,-37.9428,"Hidroweb diário",31,FALSE,0.6548633961521042,"alta (>=0.3)",TRUE,1.051047727649849,9,"set",12,"dez",7,0.15,8,9,"theta_pi","set"
"737067","Desterro","PB",-7.2903,-37.0881,"Hidroweb diário",31,FALSE,0.6854074245850297,"alta (>=0.3)",TRUE,1.3269934543006716,9,"set",12,"dez",7,0.15,8,9,"theta_pi","set"
"737068","Ibiara","PB",-7.3822,-37.5094,"Hidroweb diário",31,FALSE,0.6788842601587178,"alta (>=0.3)",TRUE,1.0432893219597632,8,"ago",11,"nov",6,0.15,8,8,"theta_pi","ago"
"737069","Mãe D'água","PB",-7.2572,-37.4253,"Hidroweb diário",31,FALSE,0.6593054396142765,"alta (>=0.3)",TRUE,0.7725356483014463,8,"ago",12,"dez",7,0.15,8,8,"theta_pi","ago"
"737070","Nova Olinda","PB",-7.1364,-37.0475,"Hidroweb diário",31,FALSE,0.7878189255659586,"alta (>=0.3)",TRUE,1.0244515498253972,8,"ago",12,"dez",7,0.15,8,8,"theta_pi","ago"
"737071","Passagem","PB",-7.215,-37.9258,"Hidroweb diário",31,FALSE,0.7976401146702138,"alta (>=0.3)",TRUE,1.124413797814392,9,"set",12,"dez",7,0.15,8,9,"theta_pi","set"
"737072","Pilar","PB",-7.7331,-37.9944,"Hidroweb diário",31,FALSE,0.6003790923460892,"alta (>=0.3)",TRUE,2.3502737636723285,11,"nov",12,"dez",4,0.15,11,11,"theta_pi","nov"
"737073","Salgadinho","PB",-7.1022,-37.8453,"Hidroweb diário",31,FALSE,0.7243624847998112,"alta (>=0.3)",TRUE,1.3799159415127995,9,"set",12,"dez",6,0.15,8,9,"theta_pi","set"
"737074","Santana dos Garrotes","PB",-7.3833,-37.9897,"Hidroweb diário",31,FALSE,0.6850497847044215,"alta (>=0.3)",TRUE,1.0585280310612095,9,"set",11,"nov",6,0.15,8,9,"theta_pi","set"
"737075","Santa Teresinha","PB",-7.0842,-37.445,"Hidroweb diário",31,FALSE,0.7057125306588958,"alta (>=0.3)",TRUE,1.1649424534537238,9,"set",12,"dez",7,0.15,8,9,"theta_pi","set"
"737076","Teixeira","PB",-7.2217,-37.2497,"Hidroweb diário",31,FALSE,0.6596838675768731,"alta (>=0.3)",TRUE,1.165663261594194,9,"set",11,"nov",6,0.15,9,9,"theta_pi","set"
"738009","Aguiar","PB",-7.0167,-38.3,"Hidroweb diário",39,FALSE,0.7748283701659224,"alta (>=0.3)",TRUE,1.1150307538749178,9,"set",12,"dez",7,0.15,7,9,"theta_pi","set"
"738010","Serra Grande","PB",-7.25,-38.3167,"Hidroweb diário",56,FALSE,0.8284684816191156,"alta (>=0.3)",TRUE,1.2348779156103653,9,"set",12,"dez",8,0.15,7,9,"theta_pi","set"
"738011","São José de Piranhas","PB",-7.1167,-38.5,"Hidroweb diário",56,FALSE,0.7434363608025665,"alta (>=0.3)",TRUE,1.0572763238757767,9,"set",12,"dez",7,0.15,8,9,"theta_pi","set"
"738012","Boa Ventura","PB",-7.4206,-38.2178,"Hidroweb diário",59,FALSE,0.7312597698078299,"alta (>=0.3)",TRUE,1.1711264367091414,9,"set",12,"dez",7,0.15,8,9,"theta_pi","set"
"738013","Princesa Isabel","PB",-7.7333,-38.0167,"Hidroweb diário",81,FALSE,0.6896382494412491,"alta (>=0.3)",TRUE,1.0583359133866206,9,"set",11,"nov",5,0.15,9,9,"theta_pi","set"
"738014","Nova Olinda","PB",-7.4667,-38.05,"Hidroweb diário",58,FALSE,0.7488221198191807,"alta (>=0.3)",TRUE,1.2604346356075846,9,"set",12,"dez",7,0.15,8,9,"theta_pi","set"
"738015","Manaíra","PB",-7.7069,-38.1525,"Hidroweb diário",87,FALSE,0.7399274803147864,"alta (>=0.3)",TRUE,0.9196370390407689,8,"ago",11,"nov",6,0.15,8,8,"theta_pi","ago"
"738017","Itaporanga","PB",-7.3017,-38.135,"Hidroweb diário",101,FALSE,0.7158962386871344,"alta (>=0.3)",TRUE,1.1309138236145444,9,"set",12,"dez",7,0.15,8,9,"theta_pi","set"
"738018","Ibiara","PB",-7.4833,-38.4167,"Hidroweb diário",31,FALSE,0.7061802563007024,"alta (>=0.3)",TRUE,1.147498994832964,9,"set",11,"nov",5,0.15,8,9,"theta_pi","set"
"738019","Santana dos Garrotes","PB",-7.3833,-38,"Hidroweb diário",31,FALSE,0.768914045446735,"alta (>=0.3)",TRUE,1.198860720179611,9,"set",12,"dez",7,0.15,8,9,"theta_pi","set"
"738020","Conceição","PB",-7.56,-38.5019,"Hidroweb diário",111,FALSE,0.7791836119357908,"alta (>=0.3)",TRUE,1.0363166222560691,8,"ago",12,"dez",7,0.15,8,8,"theta_pi","ago"
"738022","Bonito de Santa Fé","PB",-7.3144,-38.5144,"Hidroweb diário",86,FALSE,0.648150986920272,"alta (>=0.3)",TRUE,1.0361099502063194,8,"ago",12,"dez",7,0.15,8,8,"theta_pi","ago"
"738023","Conceição","PB",-7.35,-38.3667,"Hidroweb diário",53,FALSE,0.7400272845863916,"alta (>=0.3)",TRUE,1.1978810806712419,9,"set",12,"dez",7,0.15,8,9,"theta_pi","set"
"738024","São José de Piranhas","PB",-7.0667,-38.5833,"Hidroweb diário",56,FALSE,0.7808926708053776,"alta (>=0.3)",TRUE,0.9905511894842003,8,"ago",12,"dez",8,0.15,7,8,"theta_pi","ago"
"738025","Aguiar","PB",-7.0933,-38.1733,"Hidroweb diário",89,FALSE,0.757117561839708,"alta (>=0.3)",TRUE,1.1546927211163127,9,"set",12,"dez",7,0.15,8,9,"theta_pi","set"
"738070","Igaracy","PB",-7.1786,-38.1472,"Hidroweb diário",31,FALSE,0.6891999047337809,"alta (>=0.3)",TRUE,0.9755583013074713,8,"ago",11,"nov",6,0.15,8,8,"theta_pi","ago"
"738079","Santana de Mangueira","PB",-7.5503,-38.3353,"Hidroweb diário",31,FALSE,0.6743334847864185,"alta (>=0.3)",TRUE,0.8359348189540243,8,"ago",11,"nov",6,0.15,8,8,"theta_pi","ago"
"738088","São José de Piranhas","PB",-7.1156,-38.4967,"Hidroweb diário",31,FALSE,0.7375304778718633,"alta (>=0.3)",TRUE,0.9186591332079587,8,"ago",11,"nov",6,0.15,9,8,"theta_pi","ago"
"738099","Serra Grande","PB",-7.2142,-38.3722,"Hidroweb diário",31,FALSE,0.7478249395244022,"alta (>=0.3)",TRUE,0.9860150152053433,8,"ago",11,"nov",6,0.15,7,8,"theta_pi","ago"
"82689","Sao Goncalo","PB",-6.83583333,-38.31166666,"INMET diário",70,FALSE,0.7830879045382776,"alta (>=0.3)",TRUE,1.1364499241506985,9,"set",12,"dez",7,0.15,9,9,"theta_pi","set"
"82791","Patos","PB",-7.05361111,-37.27388888,"INMET diário",31,FALSE,0.770137008283906,"alta (>=0.3)",TRUE,1.0901471815608736,9,"set",12,"dez",8,0.15,9,9,"theta_pi","set"
"82792","Monteiro","PB",-7.89444444,-37.12472221,"INMET diário",42,FALSE,0.6028509669914114,"alta (>=0.3)",TRUE,1.3125759045264331,9,"set",12,"dez",5,0.15,9,9,"theta_pi","set"
"82795","Campina Grande","PB",-7.23,-35.9,"INMET diário",45,FALSE,0.47457741407481224,"alta (>=0.3)",TRUE,1.983731588684679,10,"out",12,"dez",5,0.15,11,10,"theta_pi","out"
"82798","Joao Pessoa","PB",-7.09527777,-34.8486111,"INMET diário",62,FALSE,0.7312511777390157,"alta (>=0.3)",TRUE,2.548793616787557,11,"nov",1,"jan",7,0.15,5,11,"theta_pi","nov"
"836000","São João do Tigre","PB",-8.08,-36.8472,"Hidroweb diário",88,FALSE,0.7522559174421962,"alta (>=0.3)",TRUE,1.0641665598464147,9,"set",12,"dez",6,0.15,8,9,"theta_pi","set"
"836001","São João do Tigre","PB",-8.078237,-36.849141,"Hidroweb diário",47,FALSE,0.6084586975577904,"alta (>=0.3)",TRUE,1.164742397620183,9,"set",12,"dez",4,0.15,10,9,"theta_pi","set"
"837000","São Sebastião do Umbuzeiro","PB",-8.1517,-37.0097,"Hidroweb diário",60,FALSE,0.5863983480133828,"alta (>=0.3)",TRUE,1.0530454028710998,9,"set",11,"nov",5,0.15,9,9,"theta_pi","set"
"735037","Frei Miguelinho","PE",-7.9667,-35.8833,"Hidroweb diário",33,FALSE,0.5034174574945192,"alta (>=0.3)",TRUE,2.054100141306354,10,"out",12,"dez",4,0.15,10,10,"theta_pi","out"
"735038","Aliança","PE",-7.5833,-35.2,"Hidroweb diário",31,FALSE,0.5979041488118141,"alta (>=0.3)",TRUE,2.1482091847835587,11,"nov",1,"jan",4,0.15,11,11,"theta_pi","nov"
"735041","Bom Jardim","PE",-7.8,-35.5833,"Hidroweb diário",81,FALSE,0.5109107352983394,"alta (>=0.3)",TRUE,2.007779010405571,10,"out",12,"dez",3,0.15,11,10,"theta_pi","out"
"735046","Carpina","PE",-7.85,-35.25,"Hidroweb diário",42,FALSE,0.6773455514683732,"alta (>=0.3)",TRUE,2.285430933887739,11,"nov",1,"jan",5,0.15,11,11,"theta_pi","nov"
"735048","Condado","PE",-7.5833,-35.1,"Hidroweb diário",31,FALSE,0.46765600392634604,"alta (>=0.3)",TRUE,2.50013410503061,11,"nov",12,"dez",3,0.15,12,11,"theta_pi","nov"
"735050","São Lourenço da Mata","PE",-7.9681,-35.1567,"Hidroweb diário",57,FALSE,0.605759907887084,"alta (>=0.3)",TRUE,2.5454428819033215,11,"nov",1,"jan",5,0.15,11,11,"theta_pi","nov"
"735058","Limoeiro","PE",-7.8667,-35.4667,"Hidroweb diário",33,FALSE,0.5134383211258432,"alta (>=0.3)",TRUE,2.333246053563878,11,"nov",1,"jan",12,0.15,1,11,"theta_pi","nov"
"735059","Limoeiro","PE",-7.8667,-35.4667,"Hidroweb diário",33,FALSE,0.5224091887319233,"alta (>=0.3)",TRUE,2.3432556981565007,11,"nov",1,"jan",12,0.15,1,11,"theta_pi","nov"
"735061","Machados","PE",-7.6833,-35.5167,"Hidroweb diário",31,FALSE,0.4991431977251502,"alta (>=0.3)",TRUE,2.3874995516452455,11,"nov",1,"jan",4,0.15,11,11,"theta_pi","nov"
"735066","Paudalho","PE",-7.8942,-35.1733,"Hidroweb diário",56,FALSE,0.5674533102822991,"alta (>=0.3)",TRUE,2.3376440849079003,11,"nov",1,"jan",4,0.15,11,11,"theta_pi","nov"
"735067","Salgadinho","PE",-7.9428,-35.6342,"Hidroweb diário",60,FALSE,0.463629157848331,"alta (>=0.3)",TRUE,2.336776794269488,11,"nov",12,"dez",4,0.15,11,11,"theta_pi","nov"
"735068","Surubim","PE",-7.8333,-35.75,"Hidroweb diário",68,FALSE,0.5647612046079546,"alta (>=0.3)",TRUE,1.9813569950030852,10,"out",1,"jan",5,0.15,11,10,"theta_pi","out"
"735072","Itambé (ex-també)","PE",-7.4167,-35.1167,"Hidroweb diário",81,FALSE,0.5949405024399292,"alta (>=0.3)",TRUE,2.3349172268212923,11,"nov",12,"dez",4,0.15,10,11,"theta_pi","nov"
"735074","Timbaúba","PE",-7.5167,-35.3167,"Hidroweb diário",78,FALSE,0.5986128389620974,"alta (>=0.3)",TRUE,2.0831562009098077,10,"out",11,"nov",3,0.15,10,10,"theta_pi","out"
"735080","Nazaré da Mata","PE",-7.6667,-35.1333,"Hidroweb diário",32,FALSE,0.7343411561892205,"alta (>=0.3)",TRUE,2.1705442908993975,11,"nov",1,"jan",5,0.15,10,11,"theta_pi","nov"
"735085","Vertentes","PE",-7.9167,-35.9833,"Hidroweb diário",72,FALSE,0.5804346503696365,"alta (>=0.3)",TRUE,1.7276244765616406,10,"out",1,"jan",5,0.15,11,10,"theta_pi","out"
"735100","Limoeiro","PE",-7.8789,-35.4519,"Hidroweb diário",48,FALSE,0.5517066577861885,"alta (>=0.3)",TRUE,2.4859730192588523,11,"nov",12,"dez",4,0.15,11,11,"theta_pi","nov"
"735125","São Lourenço da Mata","PE",-7.9833,-35.05,"Hidroweb diário",36,FALSE,0.6670884035508591,"alta (>=0.3)",TRUE,2.316220574879961,11,"nov",1,"jan",5,0.15,10,11,"theta_pi","nov"
"735157","Carpina","PE",-7.8428,-35.1825,"Hidroweb diário",39,FALSE,0.6973676908828571,"alta (>=0.3)",TRUE,2.6922736215719647,12,"dez",1,"jan",5,0.15,11,12,"theta_pi","dez"
"735158","Surubim","PE",-7.8547,-35.7644,"Hidroweb diário",40,FALSE,0.527236584255851,"alta (>=0.3)",TRUE,2.3149315099741754,11,"nov",1,"jan",5,0.15,11,11,"theta_pi","nov"
"735159","Vertentes","PE",-7.91,-35.9886,"Hidroweb diário",40,FALSE,0.5204799194495267,"alta (>=0.3)",TRUE,1.8213563233818153,10,"out",12,"dez",4,0.15,11,10,"theta_pi","out"
"736031","Taquaritinga do Norte","PE",-7.9,-36.05,"Hidroweb diário",32,FALSE,0.43701992394969413,"alta (>=0.3)",TRUE,2.1241270140220676,11,"nov",1,"jan",12,0.15,1,11,"theta_pi","nov"
"736040","Jataúba","PE",-7.9864,-36.5006,"Hidroweb diário",40,FALSE,0.6358970397791224,"alta (>=0.3)",TRUE,1.081653605395299,9,"set",12,"dez",5,0.15,10,9,"theta_pi","set"
"736041","Santa Cruz do Capibaribe","PE",-7.9619,-36.2022,"Hidroweb diário",40,FALSE,0.4992573926614771,"alta (>=0.3)",TRUE,1.7624185637989773,10,"out",12,"dez",4,0.15,12,10,"theta_pi","out"
"736042","Taquaritinga do Norte","PE",-7.9039,-36.0469,"Hidroweb diário",40,FALSE,0.4849771154319019,"alta (>=0.3)",TRUE,1.806999275126381,10,"out",12,"dez",4,0.15,11,10,"theta_pi","out"
"737023","Afogados da Ingazeira","PE",-7.7389,-37.6483,"Hidroweb diário",108,FALSE,0.7342964777792607,"alta (>=0.3)",TRUE,1.211150883530314,9,"set",12,"dez",6,0.15,9,9,"theta_pi","set"
"737026","Flores","PE",-7.95,-37.7167,"Hidroweb diário",31,FALSE,0.6685473908411901,"alta (>=0.3)",TRUE,1.1854903241406978,9,"set",11,"nov",5,0.15,10,9,"theta_pi","set"
"737027","Flores","PE",-7.8678,-37.9725,"Hidroweb diário",113,FALSE,0.5775779336637581,"alta (>=0.3)",TRUE,1.2696284575799293,9,"set",12,"dez",6,0.15,9,9,"theta_pi","set"
"737032","Iguaraci","PE",-7.8333,-37.3833,"Hidroweb diário",33,FALSE,0.6868371333263873,"alta (>=0.3)",TRUE,1.2650169423502389,9,"set",12,"dez",7,0.15,8,9,"theta_pi","set"
"737035","Carnaiba","PE",-7.7167,-37.8667,"Hidroweb diário",31,FALSE,0.7099945051207672,"alta (>=0.3)",TRUE,1.1954046927830704,9,"set",11,"nov",5,0.15,10,9,"theta_pi","set"
"737036","São José do Egito","PE",-7.4667,-37.2833,"Hidroweb diário",76,FALSE,0.6967664629279179,"alta (>=0.3)",TRUE,1.2046525814960776,9,"set",12,"dez",6,0.15,8,9,"theta_pi","set"
"738029","São José do Belmonte","PE",-7.8327,-38.7642,"Hidroweb diário",79,FALSE,0.7962523591291748,"alta (>=0.3)",TRUE,1.0137888930809413,8,"ago",11,"nov",6,0.15,8,8,"theta_pi","ago"
"738030","Serra Talhada","PE",-7.9774,-38.3219,"Hidroweb diário",77,FALSE,0.5640228317696863,"alta (>=0.3)",TRUE,0.9339277785004932,8,"ago",11,"nov",6,0.15,9,8,"theta_pi","ago"
"738032","Triunfo","PE",-7.8333,-38.1167,"Hidroweb diário",68,FALSE,0.598252277136612,"alta (>=0.3)",TRUE,1.3253903981014146,9,"set",12,"dez",5,0.15,9,9,"theta_pi","set"
"738036","Verdejante","PE",-7.9167,-38.9833,"Hidroweb diário",31,FALSE,0.7978289908667526,"alta (>=0.3)",TRUE,0.9443048954309764,8,"ago",12,"dez",8,0.15,6,8,"theta_pi","ago"
"739022","Cedro","PE",-7.7167,-39.3333,"Hidroweb diário",31,FALSE,0.6824893217450975,"alta (>=0.3)",TRUE,0.9796347094716983,8,"ago",11,"nov",6,0.15,8,8,"theta_pi","ago"
"739023","Exú","PE",-7.5134,-39.7185,"Hidroweb diário",51,FALSE,0.6668029129435172,"alta (>=0.3)",TRUE,0.8288736044902556,8,"ago",11,"nov",5,0.15,8,8,"theta_pi","ago"
"739028","Serrita","PE",-7.9333,-39.3167,"Hidroweb diário",59,FALSE,0.6452243462650828,"alta (>=0.3)",TRUE,1.0213513090457218,8,"ago",11,"nov",6,0.15,7,8,"theta_pi","ago"
"739029","Moreilândia","PE",-7.7333,-39.55,"Hidroweb diário",53,FALSE,0.5937330874372335,"alta (>=0.3)",TRUE,0.642739342191958,8,"ago",11,"nov",6,0.15,8,8,"theta_pi","ago"
"739031","Serrita","PE",-7.7667,-39.1667,"Hidroweb diário",32,FALSE,0.8414569209729598,"alta (>=0.3)",TRUE,1.0159670718860596,8,"ago",11,"nov",7,0.15,5,8,"theta_pi","ago"
"739032","Exú","PE",-7.6833,-39.7833,"Hidroweb diário",32,FALSE,0.5810150507423808,"alta (>=0.3)",TRUE,0.7880573286441388,8,"ago",10,"out",5,0.15,8,8,"theta_pi","ago"
"740013","Araripina","PE",-7.5771,-40.5058,"Hidroweb diário",54,FALSE,0.7418397742709743,"alta (>=0.3)",TRUE,0.9774297128394817,8,"ago",10,"out",6,0.15,6,8,"theta_pi","ago"
"740015","Ouricuri","PE",-7.8667,-40.15,"Hidroweb diário",32,FALSE,0.6841738340875022,"alta (>=0.3)",TRUE,0.7685014904992289,8,"ago",10,"out",5,0.15,8,8,"theta_pi","ago"
"740016","Ouricuri","PE",-7.8333,-40.3333,"Hidroweb diário",54,FALSE,0.7027356088725532,"alta (>=0.3)",TRUE,0.7791282982094845,8,"ago",10,"out",6,0.15,5,8,"theta_pi","ago"
"740017","Bodocó","PE",-7.5333,-40.1,"Hidroweb diário",52,FALSE,0.6368830688056974,"alta (>=0.3)",TRUE,0.9658427610501104,8,"ago",11,"nov",7,0.15,6,8,"theta_pi","ago"
"740020","Araripina","PE",-7.8333,-40.45,"Hidroweb diário",31,FALSE,0.6494685096174094,"alta (>=0.3)",TRUE,0.8116971079622093,8,"ago",10,"out",6,0.15,8,8,"theta_pi","ago"
"740021","Ouricuri","PE",-7.8843,-40.0857,"Hidroweb diário",70,FALSE,0.6166110441496709,"alta (>=0.3)",TRUE,0.532429573549484,8,"ago",10,"out",6,0.15,8,8,"theta_pi","ago"
"82753","Ouricuri","PE",-7.87944443,-40.09194444,"INMET diário",37,FALSE,0.748687823899659,"alta (>=0.3)",TRUE,0.6701931133013814,8,"ago",10,"out",6,0.15,9,8,"theta_pi","ago"
"82789","Triunfo","PE",-7.83,-38.12,"INMET diário",43,FALSE,0.6907425239981726,"alta (>=0.3)",TRUE,1.0700027805281955,9,"set",12,"dez",4,0.15,10,9,"theta_pi","set"
"82797","Surubim","PE",-7.839628,-35.801056,"INMET diário",58,FALSE,0.5238886813110946,"alta (>=0.3)",TRUE,2.0806802000356868,10,"out",1,"jan",5,0.15,10,10,"theta_pi","out"
"82799","Goiana","PE",-7.55,-34.98,"INMET diário",35,FALSE,0.6040440695098765,"alta (>=0.3)",TRUE,2.1508592329320595,11,"nov",1,"jan",5,0.15,11,11,"theta_pi","nov"
"82886","Cabrobo","PE",-8.5,-39.32,"INMET diário",58,FALSE,0.7064688607549185,"alta (>=0.3)",TRUE,0.9958116398501874,8,"ago",10,"out",5,0.15,9,8,"theta_pi","ago"
"82890","Arco Verde","PE",-8.4336111,-37.055277769999996,"INMET diário",49,FALSE,0.5612812992012712,"alta (>=0.3)",TRUE,1.3161569006330138,9,"set",12,"dez",4,0.15,10,9,"theta_pi","set"
"82892","Pesqueira","PE",-8.37,-36.71,"INMET diário",53,FALSE,0.585789898182519,"alta (>=0.3)",TRUE,1.3662513271346861,9,"set",1,"jan",5,0.15,10,9,"theta_pi","set"
"82893","Garanhuns","PE",-8.91,-36.49,"INMET diário",60,FALSE,0.4695896779271953,"alta (>=0.3)",TRUE,1.5784855014311958,10,"out",2,"fev",5,0.15,11,10,"theta_pi","out"
"82900","Recife (curado)","PE",-8.06,-34.96,"INMET diário",60,FALSE,0.5805924097714354,"alta (>=0.3)",TRUE,2.3654580701375005,11,"nov",1,"jan",5,0.15,11,11,"theta_pi","nov"
"82983","Petrolina","PE",-9.3886111,-40.52333332,"INMET diário",55,FALSE,0.6345652128908978,"alta (>=0.3)",TRUE,0.5836930490235005,8,"ago",10,"out",6,0.15,9,8,"theta_pi","ago"
"834005","Recife","PE",-8.0333,-34.8833,"Hidroweb diário",55,FALSE,0.6674414204210778,"alta (>=0.3)",TRUE,2.522889495945794,11,"nov",2,"fev",6,0.15,11,11,"theta_pi","nov"
"834007","Recife","PE",-8.05,-34.9167,"Hidroweb diário",59,FALSE,0.5804900258810264,"alta (>=0.3)",TRUE,2.3254014375370318,11,"nov",12,"dez",4,0.15,11,11,"theta_pi","nov"
"834014","Recife","PE",-8.0333,-34.9,"Hidroweb diário",35,FALSE,0.7191880799411038,"alta (>=0.3)",TRUE,2.370216839608843,11,"nov",1,"jan",5,0.15,11,11,"theta_pi","nov"
"835009","Caruaru","PE",-8.2833,-35.9667,"Hidroweb diário",56,FALSE,0.32344155684675047,"alta (>=0.3)",TRUE,2.188605421932243,11,"nov",1,"jan",5,0.15,10,11,"theta_pi","nov"
"835014","Cortes","PE",-8.4667,-35.55,"Hidroweb diário",31,FALSE,0.6406760754432199,"alta (>=0.3)",TRUE,2.632165719217091,12,"dez",2,"fev",5,0.15,11,12,"theta_pi","dez"
"835022","Escada","PE",-8.3667,-35.2333,"Hidroweb diário",58,FALSE,0.5571232229742062,"alta (>=0.3)",TRUE,2.2651655421181314,11,"nov",1,"jan",5,0.15,10,11,"theta_pi","nov"
"835030","Gravatá","PE",-8.2167,-35.5667,"Hidroweb diário",46,FALSE,0.5968189291606885,"alta (>=0.3)",TRUE,1.9693248032251358,10,"out",11,"nov",2,0.15,10,10,"theta_pi","out"
"835035","Maraial","PE",-8.8,-35.8333,"Hidroweb diário",31,FALSE,0.42651426623866295,"alta (>=0.3)",TRUE,2.1867019988000003,11,"nov",12,"dez",4,0.15,11,11,"theta_pi","nov"
"835037","Palmares","PE",-8.7614,-35.675,"Hidroweb diário",59,FALSE,0.5650903638266832,"alta (>=0.3)",TRUE,2.329123194410412,11,"nov",1,"jan",4,0.15,11,11,"theta_pi","nov"
"835044","Rio Formoso","PE",-8.6753,-35.1605,"Hidroweb diário",42,FALSE,0.6973212187945081,"alta (>=0.3)",TRUE,2.511948302153537,11,"nov",1,"jan",4,0.15,11,11,"theta_pi","nov"
"835048","São Lourenço da Mata","PE",-7.9986,-35.0319,"Hidroweb diário",55,FALSE,0.5999419762770004,"alta (>=0.3)",TRUE,2.430199838967698,11,"nov",12,"dez",3,0.15,11,11,"theta_pi","nov"
"835051","Riacho das Almas","PE",-8.1,-35.8667,"Hidroweb diário",31,FALSE,0.5090025697382947,"alta (>=0.3)",TRUE,1.9053620693491027,10,"out",12,"dez",3,0.15,11,10,"theta_pi","out"
"835054","São Lourenço da Mata","PE",-8.1667,-35.1833,"Hidroweb diário",32,FALSE,0.6198633404321193,"alta (>=0.3)",TRUE,2.233128504915079,11,"nov",1,"jan",5,0.15,10,11,"theta_pi","nov"
"835068","Vitória de Santo Antão","PE",-8.1136,-35.2839,"Hidroweb diário",99,FALSE,0.592464331535373,"alta (>=0.3)",TRUE,2.3086811784525505,11,"nov",1,"jan",5,0.15,11,11,"theta_pi","nov"
"835106","Caruaru","PE",-8.3028,-36.0108,"Hidroweb diário",47,FALSE,0.47380877024770773,"alta (>=0.3)",TRUE,1.4891493179442492,9,"set",12,"dez",4,0.15,10,9,"theta_pi","set"
"835135","Cumaru","PE",-8.0119,-35.6961,"Hidroweb diário",40,FALSE,0.5716069804650171,"alta (>=0.3)",TRUE,2.099622325440567,10,"out",12,"dez",3,0.15,11,10,"theta_pi","out"
"835136","Glória do Goitá","PE",-8,-35.2908,"Hidroweb diário",39,FALSE,0.6011607448042504,"alta (>=0.3)",TRUE,2.5248904807909023,11,"nov",12,"dez",4,0.15,11,11,"theta_pi","nov"
"835137","Pombos","PE",-8.1408,-35.3997,"Hidroweb diário",40,FALSE,0.5451684561678422,"alta (>=0.3)",TRUE,2.312851410285089,11,"nov",12,"dez",4,0.15,10,11,"theta_pi","nov"
"835138","Cabo de Santo Agostinho","PE",-8.2792,-35.0633,"Hidroweb diário",37,FALSE,0.6849096019782007,"alta (>=0.3)",TRUE,2.604209964519436,11,"nov",2,"fev",6,0.15,11,11,"theta_pi","nov"
"835140","Gameleira","PE",-8.6375,-35.3056,"Hidroweb diário",37,FALSE,0.5361526519430212,"alta (>=0.3)",TRUE,2.5069874959416847,11,"nov",1,"jan",5,0.15,11,11,"theta_pi","nov"
"835141","Palmares","PE",-8.6794,-35.5772,"Hidroweb diário",36,FALSE,0.624561173651505,"alta (>=0.3)",TRUE,2.5486927004958373,11,"nov",12,"dez",3,0.15,11,11,"theta_pi","nov"
"836002","Alagoinha","PE",-8.4833,-36.8167,"Hidroweb diário",32,FALSE,0.5720752500719554,"alta (>=0.3)",TRUE,1.2299980288406924,9,"set",12,"dez",5,0.15,10,9,"theta_pi","set"
"836005","Brejo da Madre de Deus","PE",-8.15,-36.3833,"Hidroweb diário",70,FALSE,0.6901513152799821,"alta (>=0.3)",TRUE,1.3157542793380603,9,"set",12,"dez",3,0.15,10,9,"theta_pi","set"
"836011","Pesqueira","PE",-8.35,-36.85,"Hidroweb diário",32,FALSE,0.4533309399215395,"alta (>=0.3)",TRUE,1.6079472194936597,10,"out",12,"dez",4,0.15,10,10,"theta_pi","out"
"836015","Garanhuns","PE",-8.9109,-36.4936,"Hidroweb diário",51,FALSE,0.4049434182106863,"alta (>=0.3)",TRUE,1.5426152639424053,9,"set",2,"fev",5,0.15,12,9,"theta_pi","set"
"836019","Pedra","PE",-8.8667,-36.9667,"Hidroweb diário",33,FALSE,0.47930023939615823,"alta (>=0.3)",TRUE,1.1889700777099597,9,"set",10,"out",4,0.15,8,9,"theta_pi","set"
"836020","Jupi","PE",-8.7,-36.45,"Hidroweb diário",32,FALSE,0.5749667418066354,"alta (>=0.3)",TRUE,1.353428281586134,9,"set",12,"dez",4,0.15,11,9,"theta_pi","set"
"836021","Jurema","PE",-8.7167,-36.1333,"Hidroweb diário",32,FALSE,0.6180690459902958,"alta (>=0.3)",TRUE,2.8995693400859883,12,"dez",1,"jan",4,0.15,11,12,"theta_pi","dez"
"836023","Brejo da Madre de Deus","PE",-8.1,-36.2833,"Hidroweb diário",31,FALSE,0.7068436168042083,"alta (>=0.3)",TRUE,1.4453606420459872,9,"set",12,"dez",4,0.15,10,9,"theta_pi","set"
"836024","Panelas","PE",-8.6667,-36.0333,"Hidroweb diário",50,FALSE,0.5213456833406365,"alta (>=0.3)",TRUE,1.9841790086983266,10,"out",1,"jan",4,0.15,11,10,"theta_pi","out"
"836029","Pedra","PE",-8.5,-36.9667,"Hidroweb diário",54,FALSE,0.5859974667949833,"alta (>=0.3)",TRUE,1.2127338212314007,9,"set",11,"nov",3,0.15,10,9,"theta_pi","set"
"836032","Pesqueira","PE",-8.3669,-36.6798,"Hidroweb diário",56,FALSE,0.6960243426340157,"alta (>=0.3)",TRUE,1.4217370504574347,9,"set",12,"dez",4,0.15,10,9,"theta_pi","set"
"836034","Poção","PE",-8.1833,-36.7,"Hidroweb diário",32,FALSE,0.8450804890431722,"alta (>=0.3)",TRUE,1.2275621647088681,9,"set",12,"dez",4,0.15,10,9,"theta_pi","set"
"836035","Quipapa","PE",-8.8167,-36.05,"Hidroweb diário",36,FALSE,0.6388462942548526,"alta (>=0.3)",TRUE,2.1846731654740683,11,"nov",2,"fev",6,0.15,12,11,"theta_pi","nov"
"836037","São Bento do Una","PE",-8.5167,-36.3667,"Hidroweb diário",68,FALSE,0.5333071268195363,"alta (>=0.3)",TRUE,1.0745832262649053,9,"set",12,"dez",4,0.15,10,9,"theta_pi","set"
"836039","São Caetano","PE",-8.3167,-36.15,"Hidroweb diário",47,FALSE,0.508664990678844,"alta (>=0.3)",TRUE,1.4917280663705743,9,"set",2,"fev",6,0.15,10,9,"theta_pi","set"
"836041","Saloá","PE",-8.95,-36.6667,"Hidroweb diário",32,FALSE,0.4182244293859483,"alta (>=0.3)",TRUE,1.5363427758595238,9,"set",12,"dez",3,0.15,10,9,"theta_pi","set"
"836042","Pesqueira","PE",-8.6167,-36.7,"Hidroweb diário",34,FALSE,0.6588976730022512,"alta (>=0.3)",TRUE,1.2348684650399833,9,"set",11,"nov",3,0.15,10,9,"theta_pi","set"
"836043","Sanharó","PE",-8.3656,-36.5603,"Hidroweb diário",64,FALSE,0.6321895258141669,"alta (>=0.3)",TRUE,1.3431209446366228,9,"set",12,"dez",4,0.15,10,9,"theta_pi","set"
"836052","Tacaimbó","PE",-8.3167,-36.3,"Hidroweb diário",32,FALSE,0.6397772055310079,"alta (>=0.3)",TRUE,1.2490553725443503,9,"set",12,"dez",4,0.15,11,9,"theta_pi","set"
"836053","Pedra","PE",-8.7333,-36.8667,"Hidroweb diário",48,FALSE,0.7291714977642383,"alta (>=0.3)",TRUE,1.1368572456404038,9,"set",12,"dez",5,0.15,9,9,"theta_pi","set"
"836092","Brejo da Madre de Deus","PE",-8.1456,-36.3703,"Hidroweb diário",39,FALSE,0.5501898448720635,"alta (>=0.3)",TRUE,1.4218909557505448,9,"set",12,"dez",4,0.15,10,9,"theta_pi","set"
"836093","Poção","PE",-8.1894,-36.7069,"Hidroweb diário",40,FALSE,0.44242657617608644,"alta (>=0.3)",TRUE,1.3501891866747366,9,"set",11,"nov",3,0.15,10,9,"theta_pi","set"
"837003","Arcoverde","PE",-8.4336,-37.0554,"Hidroweb diário",60,FALSE,0.5899702519911812,"alta (>=0.3)",TRUE,1.2724290987999718,9,"set",12,"dez",4,0.15,10,9,"theta_pi","set"
"837008","Ibimirim","PE",-8.6167,-37.5333,"Hidroweb diário",31,FALSE,0.6855403007710217,"alta (>=0.3)",TRUE,0.9424703707422993,8,"ago",11,"nov",5,0.15,8,8,"theta_pi","ago"
"837009","Buíque","PE",-8.6167,-37.1667,"Hidroweb diário",54,FALSE,0.4407780624593473,"alta (>=0.3)",TRUE,1.3204523974710982,9,"set",12,"dez",4,0.15,10,9,"theta_pi","set"
"837011","Custódia","PE",-8.1,-37.65,"Hidroweb diário",51,FALSE,0.6351277146639797,"alta (>=0.3)",TRUE,1.2706700557667399,9,"set",12,"dez",6,0.15,10,9,"theta_pi","set"
"837013","Betânia","PE",-8.1833,-37.9167,"Hidroweb diário",34,FALSE,0.6737996390771928,"alta (>=0.3)",TRUE,1.0424023159729412,8,"ago",11,"nov",5,0.15,10,8,"theta_pi","ago"
"837014","Custódia","PE",-8.35,-37.75,"Hidroweb diário",33,FALSE,0.6357424302398138,"alta (>=0.3)",TRUE,1.1510118353801007,9,"set",12,"dez",5,0.15,8,9,"theta_pi","set"
"837016","Floresta","PE",-8.4167,-37.9333,"Hidroweb diário",33,FALSE,0.760819962070915,"alta (>=0.3)",TRUE,0.9754459728481905,8,"ago",11,"nov",7,0.15,8,8,"theta_pi","ago"
"837022","Inajá","PE",-8.9044,-37.8283,"Hidroweb diário",37,FALSE,0.6340843843217141,"alta (>=0.3)",TRUE,0.7434939482940222,8,"ago",10,"out",3,0.15,10,8,"theta_pi","ago"
"837024","Itaíba","PE",-8.95,-37.4333,"Hidroweb diário",31,FALSE,0.5503889366446949,"alta (>=0.3)",TRUE,1.0047744751672105,8,"ago",11,"nov",2,0.15,10,8,"theta_pi","ago"
"837025","Ibimirim","PE",-8.3833,-37.6333,"Hidroweb diário",58,FALSE,0.6758759026219177,"alta (>=0.3)",TRUE,1.2745225881768527,9,"set",11,"nov",4,0.15,8,9,"theta_pi","set"
"837026","Inajá","PE",-8.7833,-37.9833,"Hidroweb diário",31,FALSE,0.6828000637791601,"alta (>=0.3)",TRUE,0.9188681106882745,8,"ago",10,"out",3,0.15,10,8,"theta_pi","ago"
"837027","Sertânia","PE",-8.4333,-37.4167,"Hidroweb diário",33,FALSE,0.7324488904650827,"alta (>=0.3)",TRUE,0.9682620407143541,8,"ago",12,"dez",7,0.15,7,8,"theta_pi","ago"
"837028","Ibimirim","PE",-8.7167,-37.5333,"Hidroweb diário",55,FALSE,0.6737047829618713,"alta (>=0.3)",TRUE,1.1375830021239541,9,"set",10,"out",4,0.15,9,9,"theta_pi","set"
"837029","Inajá","PE",-8.6667,-37.8667,"Hidroweb diário",32,FALSE,0.6458009341168115,"alta (>=0.3)",TRUE,0.9556496043461236,8,"ago",11,"nov",4,0.15,10,8,"theta_pi","ago"
"837031","Buíque","PE",-8.5833,-37.3167,"Hidroweb diário",31,FALSE,0.5743772488314233,"alta (>=0.3)",TRUE,1.0453324249198928,8,"ago",11,"nov",4,0.15,9,8,"theta_pi","ago"
"837032","Sertânia","PE",-8.15,-37.4833,"Hidroweb diário",33,FALSE,0.5881169195633603,"alta (>=0.3)",TRUE,1.1404152863195152,9,"set",11,"nov",5,0.15,8,9,"theta_pi","set"
"837033","Sertânia","PE",-8.0833,-37.2667,"Hidroweb diário",73,FALSE,0.6518718880809531,"alta (>=0.3)",TRUE,1.0572294981180823,9,"set",12,"dez",6,0.15,9,9,"theta_pi","set"
"837035","Flores","PE",-8.0667,-37.85,"Hidroweb diário",32,FALSE,0.7195894142846516,"alta (>=0.3)",TRUE,1.1570671016514242,9,"set",11,"nov",5,0.15,10,9,"theta_pi","set"
"837036","Tupanatinga","PE",-8.75,-37.35,"Hidroweb diário",32,FALSE,0.5479273051957695,"alta (>=0.3)",TRUE,1.3779872701318019,9,"set",12,"dez",3,0.15,10,9,"theta_pi","set"
"837037","Sertânia","PE",-8.4,-37.2167,"Hidroweb diário",31,FALSE,0.6129796377167649,"alta (>=0.3)",TRUE,0.9904148217790644,8,"ago",11,"nov",5,0.15,9,8,"theta_pi","ago"
"837038","Inajá","PE",-8.9208,-37.8306,"Hidroweb diário",51,FALSE,0.7262587649466591,"alta (>=0.3)",TRUE,0.8759947192508948,8,"ago",11,"nov",3,0.15,10,8,"theta_pi","ago"
"837039","Sertânia","PE",-8.3167,-37.3833,"Hidroweb diário",57,FALSE,0.6735594077129744,"alta (>=0.3)",TRUE,0.913615070989896,8,"ago",11,"nov",5,0.15,9,8,"theta_pi","ago"
"837040","Floresta","PE",-8.4833,-37.8333,"Hidroweb diário",31,FALSE,0.6897528315680469,"alta (>=0.3)",TRUE,0.8285861812919869,8,"ago",11,"nov",7,0.15,6,8,"theta_pi","ago"
"838000","Floresta","PE",-8.5392,-38.1928,"Hidroweb diário",92,FALSE,0.7219254037623174,"alta (>=0.3)",TRUE,0.9168751914004982,8,"ago",11,"nov",6,0.15,9,8,"theta_pi","ago"
"838001","Salgueiro","PE",-8.0667,-38.9833,"Hidroweb diário",32,FALSE,0.7729974228202072,"alta (>=0.3)",TRUE,1.0403349369213355,8,"ago",11,"nov",7,0.15,8,8,"theta_pi","ago"
"838002","Mirandiba","PE",-8.2397,-38.5278,"Hidroweb diário",64,FALSE,0.7197105188232977,"alta (>=0.3)",TRUE,0.8874161022216835,8,"ago",10,"out",5,0.15,10,8,"theta_pi","ago"
"838003","Belém de São Francisco","PE",-8.7228,-39.0323,"Hidroweb diário",50,FALSE,0.6578829204097155,"alta (>=0.3)",TRUE,0.816586618457276,8,"ago",10,"out",6,0.15,8,8,"theta_pi","ago"
"838004","Belém de São Francisco","PE",-8.765,-38.9606,"Hidroweb diário",75,FALSE,0.711612135109754,"alta (>=0.3)",TRUE,0.76215395059526,8,"ago",11,"nov",7,0.15,9,8,"theta_pi","ago"
"838005","Betânia","PE",-8.2833,-38.0333,"Hidroweb diário",55,FALSE,0.670843652976788,"alta (>=0.3)",TRUE,0.9852645941482379,8,"ago",11,"nov",5,0.15,8,8,"theta_pi","ago"
"838007","Floresta","PE",-8.4333,-38.8667,"Hidroweb diário",31,FALSE,0.7067402459965985,"alta (>=0.3)",TRUE,1.13967167931562,9,"set",11,"nov",7,0.15,8,9,"theta_pi","set"
"838009","Salgueiro","PE",-8.3,-38.9333,"Hidroweb diário",54,FALSE,0.683084936977956,"alta (>=0.3)",TRUE,0.9058641884159613,8,"ago",11,"nov",7,0.15,8,8,"theta_pi","ago"
"838013","Floresta","PE",-8.2833,-38.4833,"Hidroweb diário",42,FALSE,0.7280644929361203,"alta (>=0.3)",TRUE,0.9696232422747076,8,"ago",11,"nov",6,0.15,9,8,"theta_pi","ago"
"838015","Serra Talhada","PE",-8.0833,-38.4333,"Hidroweb diário",32,FALSE,0.6998166339524844,"alta (>=0.3)",TRUE,0.9559096642581473,8,"ago",11,"nov",6,0.15,8,8,"theta_pi","ago"
"838017","Petrolândia","PE",-8.8833,-38.2167,"Hidroweb diário",35,FALSE,0.665431468324695,"alta (>=0.3)",TRUE,0.7522813424192789,8,"ago",11,"nov",5,0.15,8,8,"theta_pi","ago"
"838018","Floresta","PE",-8.3833,-38.3333,"Hidroweb diário",32,FALSE,0.7739610232563292,"alta (>=0.3)",TRUE,0.6262281879708577,8,"ago",11,"nov",6,0.15,8,8,"theta_pi","ago"
"838020","Floresta","PE",-8.5392,-38.193600000000004,"Hidroweb diário",53,FALSE,0.6951492033503269,"alta (>=0.3)",TRUE,0.826844017812775,8,"ago",11,"nov",6,0.15,9,8,"theta_pi","ago"
"838021","Floresta","PE",-8.6064,-38.5786,"Hidroweb diário",49,FALSE,0.7314293754760848,"alta (>=0.3)",TRUE,0.6911490715794132,8,"ago",10,"out",5,0.15,10,8,"theta_pi","ago"
"838023","Petrolândia","PE",-8.8667,-38.4667,"Hidroweb diário",40,FALSE,0.6992578203677131,"alta (>=0.3)",TRUE,0.782347398140746,8,"ago",10,"out",3,0.15,9,8,"theta_pi","ago"
"838025","Mirandiba","PE",-8.1167,-38.73,"Hidroweb diário",32,FALSE,0.7193364963821691,"alta (>=0.3)",TRUE,0.8792640332546323,8,"ago",10,"out",5,0.15,8,8,"theta_pi","ago"
"838026","Serra Talhada","PE",-8.1667,-38.2167,"Hidroweb diário",32,FALSE,0.7447015389320747,"alta (>=0.3)",TRUE,1.0562672048231896,9,"set",11,"nov",6,0.15,8,9,"theta_pi","set"
"838028","Serra Talhada","PE",-8.0333,-38.1333,"Hidroweb diário",32,FALSE,0.7925168862016313,"alta (>=0.3)",TRUE,1.2024698121788275,9,"set",11,"nov",5,0.15,8,9,"theta_pi","set"
"838031","Serra Talhada","PE",-8.0006,-38.2447,"Hidroweb diário",48,FALSE,0.664969226186453,"alta (>=0.3)",TRUE,1.0314131841263263,8,"ago",11,"nov",5,0.15,9,8,"theta_pi","ago"
"839001","Parnamirim","PE",-8.0667,-39.4333,"Hidroweb diário",33,FALSE,0.6418816318104192,"alta (>=0.3)",TRUE,0.8373102718302066,8,"ago",10,"out",6,0.15,8,8,"theta_pi","ago"
"839002","Cabrobó","PE",-8.5,-39.3167,"Hidroweb diário",50,FALSE,0.6806911470165945,"alta (>=0.3)",TRUE,0.7368955646152331,8,"ago",10,"out",6,0.15,8,8,"theta_pi","ago"
"839003","Cabrobó","PE",-8.5,-39.3167,"Hidroweb diário",41,FALSE,0.7177489539030418,"alta (>=0.3)",TRUE,1.0105238766063014,8,"ago",10,"out",4,0.15,10,8,"theta_pi","ago"
"839008","Parnamirim","PE",-8.0833,-39.7833,"Hidroweb diário",32,FALSE,0.6383499297432471,"alta (>=0.3)",TRUE,0.8194506210417976,8,"ago",10,"out",6,0.15,8,8,"theta_pi","ago"
"839009","Parnamirim","PE",-8.2628,-39.8472,"Hidroweb diário",62,FALSE,0.6373703729765335,"alta (>=0.3)",TRUE,0.7919723522948436,8,"ago",10,"out",6,0.15,7,8,"theta_pi","ago"
"839012","Parnamirim","PE",-8.0833,-39.5667,"Hidroweb diário",73,FALSE,0.7408926056162016,"alta (>=0.3)",TRUE,1.041817481846035,8,"ago",11,"nov",6,0.15,8,8,"theta_pi","ago"
"839013","Parnamirim","PE",-8.0922,-39.5742,"Hidroweb diário",42,FALSE,0.6764924773033195,"alta (>=0.3)",TRUE,0.7634053503676327,8,"ago",10,"out",5,0.15,9,8,"theta_pi","ago"
"839014","Parnamirim","PE",-8.1778,-39.7314,"Hidroweb diário",64,FALSE,0.6705381875379813,"alta (>=0.3)",TRUE,0.7341950440435523,8,"ago",10,"out",6,0.15,9,8,"theta_pi","ago"
"839016","Salgueiro","PE",-8.0733,-39.1298,"Hidroweb diário",75,FALSE,0.7024577112870389,"alta (>=0.3)",TRUE,0.8618284142210603,8,"ago",11,"nov",7,0.15,9,8,"theta_pi","ago"
"839018","Santa Maria da Boa Vista","PE",-8.8,-39.8333,"Hidroweb diário",64,FALSE,0.7523632532752951,"alta (>=0.3)",TRUE,0.8299980738689804,8,"ago",10,"out",6,0.15,8,8,"theta_pi","ago"
"839019","Santa Maria da Boa Vista","PE",-8.8,-39.8333,"Hidroweb diário",49,FALSE,0.7028139207397013,"alta (>=0.3)",TRUE,0.9215475063777312,8,"ago",11,"nov",7,0.15,5,8,"theta_pi","ago"
"839021","Terra Nova","PE",-8.2167,-39.3833,"Hidroweb diário",31,FALSE,0.6814247816006328,"alta (>=0.3)",TRUE,1.1458720892888077,9,"set",1,"jan",12,0.15,1,9,"theta_pi","set"
"839023","Santa Maria da Boa Vista","PE",-8.4333,-39.95,"Hidroweb diário",32,FALSE,0.7022713231662885,"alta (>=0.3)",TRUE,0.9870163879181116,8,"ago",10,"out",6,0.15,8,8,"theta_pi","ago"
"839031","Belém de São Francisco","PE",-8.6231,-39.2392,"Hidroweb diário",49,FALSE,0.6506912663165174,"alta (>=0.3)",TRUE,0.7189807523027754,8,"ago",10,"out",5,0.15,9,8,"theta_pi","ago"
"839034","Orocó","PE",-8.5203,-39.6408,"Hidroweb diário",49,FALSE,0.7541427314460831,"alta (>=0.3)",TRUE,0.8708891045539158,8,"ago",11,"nov",7,0.15,8,8,"theta_pi","ago"
"840001","Afrânio","PE",-8.6667,-40.9667,"Hidroweb diário",55,FALSE,0.6283382520185508,"alta (>=0.3)",TRUE,0.7300819815910776,8,"ago",10,"out",6,0.15,5,8,"theta_pi","ago"
"840003","Santa Maria da Boa Vista","PE",-8.8167,-40.2,"Hidroweb diário",55,FALSE,0.5801100840600275,"alta (>=0.3)",TRUE,0.5066778448662034,7,"jul",9,"set",5,0.15,8,7,"theta_pi","jul"
"840004","Ouricuri","PE",-8.3833,-40.2167,"Hidroweb diário",33,FALSE,0.6679973267091243,"alta (>=0.3)",TRUE,0.6076035176976872,8,"ago",10,"out",6,0.15,6,8,"theta_pi","ago"
"840010","Santa Maria da Boa Vista","PE",-8.6161,-39.9994,"Hidroweb diário",62,FALSE,0.620514270847287,"alta (>=0.3)",TRUE,0.7915511091380547,8,"ago",10,"out",5,0.15,6,8,"theta_pi","ago"
"840012","Santa Maria da Boa Vista","PE",-8.6333,-40.2333,"Hidroweb diário",52,FALSE,0.6050532263893753,"alta (>=0.3)",TRUE,0.8170501611112894,8,"ago",10,"out",5,0.15,8,8,"theta_pi","ago"
"840014","Petrolina","PE",-8.5,-40.4167,"Hidroweb diário",32,FALSE,0.7247262797894142,"alta (>=0.3)",TRUE,0.8299991371100666,8,"ago",10,"out",6,0.15,6,8,"theta_pi","ago"
"840015","Santa Maria da Boa Vista","PE",-8.9989,-40.2731,"Hidroweb diário",82,FALSE,0.6720329174764038,"alta (>=0.3)",TRUE,0.45904130313666885,7,"jul",10,"out",6,0.15,7,7,"theta_pi","jul"
"840016","Parnamirim","PE",-8.1833,-40.05,"Hidroweb diário",33,FALSE,0.6587513168463036,"alta (>=0.3)",TRUE,0.6983472384274844,8,"ago",10,"out",6,0.15,5,8,"theta_pi","ago"
"840017","Petrolina","PE",-8.95,-40.7333,"Hidroweb diário",55,FALSE,0.7401165535369912,"alta (>=0.3)",TRUE,1.1021099680075774,9,"set",10,"out",6,0.15,5,9,"theta_pi","set"
"840019","Ouricuri","PE",-8.2667,-40.25,"Hidroweb diário",57,FALSE,0.6120160125730704,"alta (>=0.3)",TRUE,0.6784544829053565,8,"ago",10,"out",5,0.15,8,8,"theta_pi","ago"
"840021","Ouricuri","PE",-8.1333,-40.5833,"Hidroweb diário",57,FALSE,0.7096676697534948,"alta (>=0.3)",TRUE,0.8989807084564853,8,"ago",10,"out",6,0.15,9,8,"theta_pi","ago"
"840022","Petrolina","PE",-8.7,-40.6167,"Hidroweb diário",32,FALSE,0.5769799809324995,"alta (>=0.3)",TRUE,0.7307046441542857,8,"ago",10,"out",6,0.15,6,8,"theta_pi","ago"
"840023","Petrolina","PE",-8.95,-40.5,"Hidroweb diário",31,FALSE,0.5490956831193029,"alta (>=0.3)",TRUE,0.9461389320106369,8,"ago",10,"out",6,0.15,7,8,"theta_pi","ago"
"840024","Ouricuri","PE",-8.0667,-40.4167,"Hidroweb diário",31,FALSE,0.6791685308655135,"alta (>=0.3)",TRUE,0.7945756239763507,8,"ago",10,"out",6,0.15,6,8,"theta_pi","ago"
"841011","Afrânio","PE",-8.6333,-41.15,"Hidroweb diário",32,FALSE,0.6308887715429552,"alta (>=0.3)",TRUE,1.0441670311794375,8,"ago",10,"out",6,0.15,6,8,"theta_pi","ago"
"936000","Bom Conselho","PE",-9.2,-36.6167,"Hidroweb diário",32,FALSE,0.5802048457576896,"alta (>=0.3)",TRUE,1.9561286807586713,10,"out",1,"jan",4,0.15,12,10,"theta_pi","out"
"936001","Bom Conselho","PE",-9.163,-36.6886,"Hidroweb diário",47,FALSE,0.286471251952254,"media (0.20-0.3)",FALSE,2.077073047733905,10,"out",2,"fev",5,0.15,10,2,"ultimo_mes_seco","fev"
"936004","Correntes","PE",-9.1167,-36.3333,"Hidroweb diário",43,FALSE,0.5564296652450906,"alta (>=0.3)",TRUE,2.5582966381094274,11,"nov",2,"fev",5,0.15,10,11,"theta_pi","nov"
"936008","Correntes","PE",-9.0333,-36.4167,"Hidroweb diário",31,FALSE,0.43651537575791155,"alta (>=0.3)",TRUE,2.453059412173054,11,"nov",2,"fev",5,0.15,11,11,"theta_pi","nov"
"936009","Bom Conselho","PE",-9.1167,-36.7667,"Hidroweb diário",31,FALSE,0.44281684521513587,"alta (>=0.3)",TRUE,1.199451567972559,9,"set",12,"dez",4,0.15,10,9,"theta_pi","set"
"937000","Águas Belas","PE",-9.1167,-37.1167,"Hidroweb diário",69,FALSE,0.4946863765022743,"alta (>=0.3)",TRUE,1.475007207908545,9,"set",11,"nov",3,0.15,10,9,"theta_pi","set"
"937031","Águas Belas","PE",-9.1056,-37.1317,"Hidroweb diário",47,FALSE,0.41674968327699424,"alta (>=0.3)",TRUE,1.4339130479310442,9,"set",12,"dez",4,0.15,10,9,"theta_pi","set"
"938000","Petrolândia","PE",-8.9801,-38.2185,"Hidroweb diário",56,FALSE,0.6549679028456821,"alta (>=0.3)",TRUE,0.8206862555941133,8,"ago",10,"out",3,0.15,9,8,"theta_pi","ago"
"938002","Tacaratu","PE",-9.1,-38.15,"Hidroweb diário",70,FALSE,0.4402715375670843,"alta (>=0.3)",TRUE,1.1264197956299344,9,"set",10,"out",2,0.15,10,9,"theta_pi","set"
"938003","Petrolândia","PE",-9.2667,-38.1667,"Hidroweb diário",31,FALSE,0.5712268874142752,"alta (>=0.3)",TRUE,0.9807151745579318,8,"ago",11,"nov",3,0.15,10,8,"theta_pi","ago"
"940002","Petrolina","PE",-9.4167,-40.7167,"Hidroweb diário",32,FALSE,0.6524030251857655,"alta (>=0.3)",TRUE,0.9240275672507876,8,"ago",10,"out",6,0.15,5,8,"theta_pi","ago"
"940005","Santa Maria da Boa Vista","PE",-9.0333,-40.0167,"Hidroweb diário",52,FALSE,0.7434750464922772,"alta (>=0.3)",TRUE,0.9140488552791652,8,"ago",10,"out",6,0.15,5,8,"theta_pi","ago"
"940006","Petrolina","PE",-9.3833,-40.5,"Hidroweb diário",74,FALSE,0.6940563406690641,"alta (>=0.3)",TRUE,0.7558429956164613,8,"ago",10,"out",6,0.15,5,8,"theta_pi","ago"
"1043000","Avelino Lopes","PI",-10.0333,-43.95,"Hidroweb diário",38,FALSE,0.6250741000998021,"alta (>=0.3)",TRUE,0.3146172989999355,7,"jul",10,"out",6,0.15,5,7,"theta_pi","jul"
"1044003","Parnaguá","PI",-10.2167,-44.6333,"Hidroweb diário",38,FALSE,0.6319744520315954,"alta (>=0.3)",TRUE,0.4413159089067045,7,"jul",9,"set",5,0.15,6,7,"theta_pi","jul"
"1045001","Corrente","PI",-10.45,-45.15,"Hidroweb diário",39,FALSE,0.641556832028914,"alta (>=0.3)",TRUE,0.21042697213789782,7,"jul",9,"set",5,0.15,6,7,"theta_pi","jul"
"1045002","Cristalândia do Piauí","PI",-10.5833,-45.2833,"Hidroweb diário",38,FALSE,0.6626831515775493,"alta (>=0.3)",TRUE,0.17038014774262625,7,"jul",9,"set",5,0.15,6,7,"theta_pi","jul"
"241000","Luís Correia","PI",-2.8833,-41.6667,"Hidroweb diário",84,FALSE,0.7939217700275213,"alta (>=0.3)",TRUE,1.4010373642244027,9,"set",12,"dez",7,0.15,8,9,"theta_pi","set"
"241002","Parnaíba","PI",-2.9167,-41.7833,"Hidroweb diário",35,FALSE,0.8430564802001937,"alta (>=0.3)",TRUE,1.3919316648850444,9,"set",12,"dez",7,0.15,8,9,"theta_pi","set"
"341000","Parnaíba","PI",-3.25,-41.6333,"Hidroweb diário",39,FALSE,0.7412271602344421,"alta (>=0.3)",TRUE,1.4233808530008498,9,"set",12,"dez",7,0.15,8,9,"theta_pi","set"
"341001","Buriti dos Lopes","PI",-3.1833,-41.8667,"Hidroweb diário",40,FALSE,0.7216158222951505,"alta (>=0.3)",TRUE,1.4435048680066598,9,"set",12,"dez",6,0.15,9,9,"theta_pi","set"
"341003","Cocal","PI",-3.4833,-41.5667,"Hidroweb diário",35,FALSE,0.7419456244690195,"alta (>=0.3)",TRUE,1.3204825714315223,9,"set",12,"dez",7,0.15,8,9,"theta_pi","set"
"341006","Cocal","PI",-3.5667,-41.7333,"Hidroweb diário",34,FALSE,0.5967988949811662,"alta (>=0.3)",TRUE,1.0530653572338389,9,"set",12,"dez",7,0.15,8,9,"theta_pi","set"
"341009","Piracuruca","PI",-3.9333,-41.7167,"Hidroweb diário",78,FALSE,0.725496534782613,"alta (>=0.3)",TRUE,1.2326892415019142,9,"set",12,"dez",7,0.15,8,9,"theta_pi","set"
"341027","Piracuruca","PI",-3.7233,-41.9756,"Hidroweb diário",43,FALSE,0.6567277390914842,"alta (>=0.3)",TRUE,1.1513032373785754,9,"set",11,"nov",5,0.15,8,9,"theta_pi","set"
"342002","Esperantina","PI",-3.9033,-42.2294,"Hidroweb diário",62,FALSE,0.7244622249106244,"alta (>=0.3)",TRUE,1.2548436467565591,9,"set",11,"nov",5,0.15,8,9,"theta_pi","set"
"342003","Esperantina","PI",-3.65,-42.1333,"Hidroweb diário",34,FALSE,0.607073826859415,"alta (>=0.3)",TRUE,1.2020640606578172,9,"set",11,"nov",5,0.15,11,9,"theta_pi","set"
"342004","Luzilândia","PI",-3.4667,-42.3667,"Hidroweb diário",38,FALSE,0.5908739111373607,"alta (>=0.3)",TRUE,1.41853444848147,9,"set",11,"nov",5,0.15,11,9,"theta_pi","set"
"342005","Matias Olímpio","PI",-3.7167,-42.55,"Hidroweb diário",41,FALSE,0.6661908591758284,"alta (>=0.3)",TRUE,1.1060835903974373,9,"set",11,"nov",5,0.15,8,9,"theta_pi","set"
"342006","Porto","PI",-3.9,-42.7167,"Hidroweb diário",77,FALSE,0.7114722796848134,"alta (>=0.3)",TRUE,1.213880314511108,9,"set",11,"nov",6,0.15,8,9,"theta_pi","set"
"342007","Luzilândia","PI",-3.4622,-42.3733,"Hidroweb diário",43,FALSE,0.6143271380424581,"alta (>=0.3)",TRUE,1.1539783884213186,9,"set",11,"nov",5,0.15,9,9,"theta_pi","set"
"441001","Piracuruca","PI",-4.0167,-41.45,"Hidroweb diário",32,FALSE,0.7284048871263934,"alta (>=0.3)",TRUE,1.355683664466035,9,"set",12,"dez",7,0.15,8,9,"theta_pi","set"
"441002","Capitão de Campos","PI",-4.4667,-41.95,"Hidroweb diário",39,FALSE,0.8318098098179296,"alta (>=0.3)",TRUE,1.2118765267776068,9,"set",12,"dez",7,0.15,6,9,"theta_pi","set"
"441004","Pedro Ii","PI",-4.25,-41.2833,"Hidroweb diário",32,FALSE,0.7468028667060153,"alta (>=0.3)",TRUE,1.250924699091293,9,"set",12,"dez",7,0.15,6,9,"theta_pi","set"
"441005","Pedro Ii","PI",-4.4167,-41.4667,"Hidroweb diário",84,FALSE,0.7291405169800244,"alta (>=0.3)",TRUE,1.203325457000992,9,"set",12,"dez",7,0.15,7,9,"theta_pi","set"
"441006","Piripiri","PI",-4.2833,-41.7833,"Hidroweb diário",83,FALSE,0.802963822964343,"alta (>=0.3)",TRUE,1.2179568119218904,9,"set",12,"dez",7,0.15,8,9,"theta_pi","set"
"442000","Barras","PI",-4.25,-42.3,"Hidroweb diário",78,FALSE,0.7364562248894798,"alta (>=0.3)",TRUE,1.1107624335613744,9,"set",12,"dez",7,0.15,8,9,"theta_pi","set"
"442001","Batalha","PI",-4.3333,-42.0833,"Hidroweb diário",74,FALSE,0.7110426439372538,"alta (>=0.3)",TRUE,1.1150090398202415,9,"set",12,"dez",7,0.15,8,9,"theta_pi","set"
"442004","Campo Maior","PI",-4.8167,-42.1833,"Hidroweb diário",80,FALSE,0.7035193713822511,"alta (>=0.3)",TRUE,0.9993445234291062,8,"ago",11,"nov",6,0.15,8,8,"theta_pi","ago"
"442005","Barras","PI",-4.41,-42.1953,"Hidroweb diário",51,FALSE,0.7249657503882011,"alta (>=0.3)",TRUE,1.1903224484865707,9,"set",12,"dez",7,0.15,8,9,"theta_pi","set"
"442006","Miguel Alves","PI",-4.3333,-42.55,"Hidroweb diário",34,FALSE,0.7014793856527736,"alta (>=0.3)",TRUE,1.1082445862478885,9,"set",11,"nov",6,0.15,8,9,"theta_pi","set"
"442007","Campo Maior","PI",-4.5833,-42.3,"Hidroweb diário",31,FALSE,0.6912145114880017,"alta (>=0.3)",TRUE,1.0790101888778183,9,"set",11,"nov",6,0.15,8,9,"theta_pi","set"
"442008","José de Freitas","PI",-4.75,-42.5833,"Hidroweb diário",91,FALSE,0.7574660880050185,"alta (>=0.3)",TRUE,1.182564553756227,9,"set",11,"nov",6,0.15,8,9,"theta_pi","set"
"442010","Miguel Alves","PI",-4.1025,-42.5353,"Hidroweb diário",60,FALSE,0.6826384323464865,"alta (>=0.3)",TRUE,1.092718582170125,9,"set",11,"nov",6,0.15,8,9,"theta_pi","set"
"442011","União","PI",-4.5833,-42.8667,"Hidroweb diário",71,FALSE,0.7034005819954149,"alta (>=0.3)",TRUE,1.22054486475821,9,"set",11,"nov",6,0.15,8,9,"theta_pi","set"
"541000","São Miguel do Tapuio","PI",-5.45,-41.1,"Hidroweb diário",33,FALSE,0.7639076243624447,"alta (>=0.3)",TRUE,1.2633040378967177,9,"set",12,"dez",8,0.15,7,9,"theta_pi","set"
"541001","São Miguel do Tapuio","PI",-5.8667,-41.05,"Hidroweb diário",32,FALSE,0.8068559646962311,"alta (>=0.3)",TRUE,1.1129623858204964,9,"set",12,"dez",8,0.15,6,9,"theta_pi","set"
"541002","Castelo do Piauí","PI",-5.2247,-41.7369,"Hidroweb diário",57,FALSE,0.7016920853231084,"alta (>=0.3)",TRUE,0.9558460269243879,8,"ago",11,"nov",6,0.15,8,8,"theta_pi","ago"
"541003","Castelo do Piauí","PI",-5.3333,-41.5667,"Hidroweb diário",88,FALSE,0.7746773604587984,"alta (>=0.3)",TRUE,1.1279218429384217,9,"set",11,"nov",6,0.15,6,9,"theta_pi","set"
"541008","Aroazes","PI",-5.8167,-41.9667,"Hidroweb diário",38,FALSE,0.6228630950089433,"alta (>=0.3)",TRUE,0.9863493797361388,8,"ago",10,"out",5,0.15,7,8,"theta_pi","ago"
"541009","São João da Serra","PI",-5.5,-41.9167,"Hidroweb diário",40,FALSE,0.7560795782594771,"alta (>=0.3)",TRUE,1.051029625375342,9,"set",11,"nov",6,0.15,6,9,"theta_pi","set"
"541010","São Miguel do Tapuio","PI",-5.5,-41.3333,"Hidroweb diário",40,FALSE,0.7066931577832295,"alta (>=0.3)",TRUE,0.9704680927310055,8,"ago",11,"nov",7,0.15,6,8,"theta_pi","ago"
"541011","São Miguel do Tapuio","PI",-5.7167,-41.7,"Hidroweb diário",34,FALSE,0.6893190976209999,"alta (>=0.3)",TRUE,1.1098178337810496,9,"set",11,"nov",6,0.15,7,9,"theta_pi","set"
"542000","Altos","PI",-5.0333,-42.4667,"Hidroweb diário",40,FALSE,0.7240519461690744,"alta (>=0.3)",TRUE,1.1544993063330407,9,"set",10,"out",5,0.15,8,9,"theta_pi","set"
"542002","Alto Longá","PI",-5.2667,-42.2167,"Hidroweb diário",41,FALSE,0.7537119614789242,"alta (>=0.3)",TRUE,0.8271547150406251,8,"ago",1,"jan",12,0.15,1,8,"theta_pi","ago"
"542003","Beneditinos","PI",-5.45,-42.3667,"Hidroweb diário",41,FALSE,0.696895291515901,"alta (>=0.3)",TRUE,0.9037599113539516,8,"ago",10,"out",5,0.15,8,8,"theta_pi","ago"
"542004","Barro Duro","PI",-5.85,-42.8167,"Hidroweb diário",31,FALSE,0.6980010197108847,"alta (>=0.3)",TRUE,0.9602133646445361,8,"ago",10,"out",5,0.15,7,8,"theta_pi","ago"
"542005","Demerval Lobão","PI",-5.3667,-42.7,"Hidroweb diário",33,FALSE,0.6929053483053257,"alta (>=0.3)",TRUE,0.9695202174023048,8,"ago",11,"nov",6,0.15,6,8,"theta_pi","ago"
"542007","Monsenhor Gil","PI",-5.5833,-42.6167,"Hidroweb diário",41,FALSE,0.6528325383648022,"alta (>=0.3)",TRUE,1.0505456411931755,9,"set",10,"out",5,0.15,7,9,"theta_pi","set"
"542008","Prata do Piauí","PI",-5.6675,-42.2061,"Hidroweb diário",62,FALSE,0.68021341937556,"alta (>=0.3)",TRUE,0.9171069690821434,8,"ago",10,"out",5,0.15,8,8,"theta_pi","ago"
"542009","São Félix do Piauí","PI",-5.9333,-42.1167,"Hidroweb diário",35,FALSE,0.6314680600019559,"alta (>=0.3)",TRUE,0.9708356131552622,8,"ago",10,"out",5,0.15,7,8,"theta_pi","ago"
"542010","São Pedro do Piauí","PI",-5.9333,-42.7333,"Hidroweb diário",41,FALSE,0.6029068270445574,"alta (>=0.3)",TRUE,0.7350731562050162,8,"ago",10,"out",5,0.15,7,8,"theta_pi","ago"
"542012","Teresina","PI",-5.0878,-42.7992,"Hidroweb diário",105,FALSE,0.6586909107553897,"alta (>=0.3)",TRUE,1.0155912122007165,8,"ago",11,"nov",6,0.15,8,8,"theta_pi","ago"
"543009","Palmeirais","PI",-5.5728,-43.0242,"Hidroweb diário",64,FALSE,0.6410057218322258,"alta (>=0.3)",TRUE,0.624632346578694,8,"ago",10,"out",5,0.15,8,8,"theta_pi","ago"
"543010","Palmeirais","PI",-5.9756,-43.0617,"Hidroweb diário",64,FALSE,0.5583398293229059,"alta (>=0.3)",TRUE,0.5678934996633185,8,"ago",9,"set",4,0.15,8,8,"theta_pi","ago"
"640000","Pio Ix","PI",-6.8333,-40.6167,"Hidroweb diário",71,FALSE,0.8516567416912061,"alta (>=0.3)",TRUE,1.1729767412025984,9,"set",12,"dez",8,0.15,6,9,"theta_pi","set"
"641000","Aroazes","PI",-6.1167,-41.7833,"Hidroweb diário",40,FALSE,0.6635484018664953,"alta (>=0.3)",TRUE,0.8996872362152268,8,"ago",11,"nov",6,0.15,7,8,"theta_pi","ago"
"641001","Bocaina","PI",-6.9,-41.3167,"Hidroweb diário",41,FALSE,0.7165670111059862,"alta (>=0.3)",TRUE,0.8073391420239592,8,"ago",10,"out",6,0.15,6,8,"theta_pi","ago"
"641002","Pimenteiras","PI",-6.6333,-41.2833,"Hidroweb diário",35,FALSE,0.7173425506763829,"alta (>=0.3)",TRUE,0.9783324936367634,8,"ago",11,"nov",7,0.15,7,8,"theta_pi","ago"
"641003","Inhuma","PI",-6.6667,-41.7,"Hidroweb diário",38,FALSE,0.671595237231895,"alta (>=0.3)",TRUE,0.8217220672779472,8,"ago",10,"out",6,0.15,6,8,"theta_pi","ago"
"641004","Ipiranga do Piauí","PI",-6.8167,-41.7333,"Hidroweb diário",39,FALSE,0.642059498816549,"alta (>=0.3)",TRUE,0.8857321909336906,8,"ago",10,"out",6,0.15,6,8,"theta_pi","ago"
"641005","Valença do Piauí","PI",-6.5167,-41.5667,"Hidroweb diário",31,FALSE,0.6807019253005545,"alta (>=0.3)",TRUE,0.637880515951311,8,"ago",11,"nov",7,0.15,6,8,"theta_pi","ago"
"641006","Monsenhor Hipólito","PI",-6.9833,-41.1167,"Hidroweb diário",40,FALSE,0.6771849516930724,"alta (>=0.3)",TRUE,0.8443462380774367,8,"ago",11,"nov",7,0.15,6,8,"theta_pi","ago"
"641007","Pimenteiras","PI",-6.3667,-41.6167,"Hidroweb diário",31,FALSE,0.668014514955341,"alta (>=0.3)",TRUE,0.6857765047649507,8,"ago",10,"out",6,0.15,6,8,"theta_pi","ago"
"641008","Pimenteiras","PI",-6.25,-41.4333,"Hidroweb diário",33,FALSE,0.701337655798279,"alta (>=0.3)",TRUE,0.9340935959225563,8,"ago",10,"out",6,0.15,6,8,"theta_pi","ago"
"641010","Valença do Piauí","PI",-6.4,-41.75,"Hidroweb diário",47,FALSE,0.6629602279440413,"alta (>=0.3)",TRUE,0.9185281404224376,8,"ago",10,"out",6,0.15,6,8,"theta_pi","ago"
"642001","Amarante","PI",-6.25,-42.85,"Hidroweb diário",83,FALSE,0.6362925995405008,"alta (>=0.3)",TRUE,0.7444098010756907,8,"ago",9,"set",4,0.15,7,8,"theta_pi","ago"
"642007","Amarante","PI",-6.6333,-42.6833,"Hidroweb diário",36,FALSE,0.6615960356812707,"alta (>=0.3)",TRUE,0.7007515763071809,8,"ago",10,"out",6,0.15,6,8,"theta_pi","ago"
"642008","Nazaré do Piauí","PI",-6.9667,-42.6667,"Hidroweb diário",40,FALSE,0.6106839920642114,"alta (>=0.3)",TRUE,0.6814510891469097,8,"ago",10,"out",6,0.15,6,8,"theta_pi","ago"
"642009","Regeneração","PI",-6.2333,-42.6833,"Hidroweb diário",31,FALSE,0.5631381313078944,"alta (>=0.3)",TRUE,0.7892051838910015,8,"ago",9,"set",4,0.15,6,8,"theta_pi","ago"
"642010","Várzea Grande","PI",-6.5667,-42.2167,"Hidroweb diário",39,FALSE,0.6252355638469853,"alta (>=0.3)",TRUE,0.8234415705798345,8,"ago",10,"out",5,0.15,6,8,"theta_pi","ago"
"642012","Oeiras","PI",-6.9731,-42.1061,"Hidroweb diário",34,FALSE,0.6379795958900434,"alta (>=0.3)",TRUE,0.8331784824795917,8,"ago",10,"out",6,0.15,6,8,"theta_pi","ago"
"643006","Floriano","PI",-6.7667,-43.0167,"Hidroweb diário",46,FALSE,0.6562016578288714,"alta (>=0.3)",TRUE,0.5714694313326758,8,"ago",1,"jan",12,0.15,1,8,"theta_pi","ago"
"643010","Jerumenha","PI",-6.8167,-43.5,"Hidroweb diário",33,FALSE,0.5680967523037888,"alta (>=0.3)",TRUE,0.477604403002567,7,"jul",9,"set",5,0.15,6,7,"theta_pi","jul"
"740001","São Julião","PI",-7.1333,-40.9,"Hidroweb diário",38,FALSE,0.6638829772118772,"alta (>=0.3)",TRUE,0.7725562198208892,8,"ago",11,"nov",7,0.15,6,8,"theta_pi","ago"
"740002","Fronteiras","PI",-7.0833,-40.6167,"Hidroweb diário",40,FALSE,0.7001398615557023,"alta (>=0.3)",TRUE,0.9091584162110182,8,"ago",11,"nov",7,0.15,6,8,"theta_pi","ago"
"740004","Paulistana","PI",-7.9333,-40.8833,"Hidroweb diário",34,FALSE,0.6596436707673159,"alta (>=0.3)",TRUE,0.8985483612482412,8,"ago",10,"out",6,0.15,5,8,"theta_pi","ago"
"740005","Simões","PI",-7.6,-40.8167,"Hidroweb diário",31,FALSE,0.7680773096131323,"alta (>=0.3)",TRUE,0.8562228925562344,8,"ago",11,"nov",7,0.15,5,8,"theta_pi","ago"
"741001","Conceição do Canindé","PI",-7.9,-41.5667,"Hidroweb diário",36,FALSE,0.7383448517942038,"alta (>=0.3)",TRUE,0.7077364276988777,8,"ago",10,"out",6,0.15,5,8,"theta_pi","ago"
"741003","Itainópolis","PI",-7.4497,-41.4775,"Hidroweb diário",61,FALSE,0.6990794537991412,"alta (>=0.3)",TRUE,0.6841857313848076,8,"ago",10,"out",6,0.15,6,8,"theta_pi","ago"
"741004","Jaicós","PI",-7.3667,-41.1333,"Hidroweb diário",66,FALSE,0.7570034900789658,"alta (>=0.3)",TRUE,0.852954539648447,8,"ago",10,"out",6,0.15,6,8,"theta_pi","ago"
"741005","Jaicós","PI",-7.6667,-41.25,"Hidroweb diário",38,FALSE,0.7037455274906664,"alta (>=0.3)",TRUE,0.5535376194578797,8,"ago",10,"out",6,0.15,5,8,"theta_pi","ago"
"741006","Picos","PI",-7.0833,-41.4667,"Hidroweb diário",65,FALSE,0.7607717102916436,"alta (>=0.3)",TRUE,0.7950908007787297,8,"ago",11,"nov",7,0.15,5,8,"theta_pi","ago"
"741008","Paulistana","PI",-7.8333,-41.1167,"Hidroweb diário",33,FALSE,0.6675095347439313,"alta (>=0.3)",TRUE,0.7796249839624549,8,"ago",10,"out",6,0.15,5,8,"theta_pi","ago"
"741009","Santa Cruz do Piauí","PI",-7.1811,-41.7642,"Hidroweb diário",63,FALSE,0.6496434548632384,"alta (>=0.3)",TRUE,0.5654409968229057,8,"ago",10,"out",6,0.15,6,8,"theta_pi","ago"
"741010","Simplício Mendes","PI",-7.85,-41.9167,"Hidroweb diário",68,FALSE,0.7086250922142817,"alta (>=0.3)",TRUE,0.7180581936407547,8,"ago",10,"out",6,0.15,5,8,"theta_pi","ago"
"742000","Flores do Piauí","PI",-7.8167,-42.9333,"Hidroweb diário",35,FALSE,0.5968135856488073,"alta (>=0.3)",TRUE,0.6432953943372153,8,"ago",9,"set",5,0.15,6,8,"theta_pi","ago"
"742002","Oeiras","PI",-7.0167,-42.1333,"Hidroweb diário",72,FALSE,0.6768889558746549,"alta (>=0.3)",TRUE,0.41325544219299654,7,"jul",10,"out",6,0.15,6,7,"theta_pi","jul"
"742004","Paes Landim","PI",-7.7333,-42.25,"Hidroweb diário",40,FALSE,0.695340884159201,"alta (>=0.3)",TRUE,0.6521871956245076,8,"ago",9,"set",5,0.15,6,8,"theta_pi","ago"
"742006","São Francisco do Piauí","PI",-7.25,-42.55,"Hidroweb diário",41,FALSE,0.5881505874646245,"alta (>=0.3)",TRUE,0.5060792008958356,7,"jul",10,"out",6,0.15,6,7,"theta_pi","jul"
"742007","São José do Peixe","PI",-7.4833,-42.5667,"Hidroweb diário",36,FALSE,0.6700551496142728,"alta (>=0.3)",TRUE,0.3039677231201675,7,"jul",9,"set",5,0.15,5,7,"theta_pi","jul"
"742009","Socorro do Piauí","PI",-7.8,-42.5,"Hidroweb diário",39,FALSE,0.5643823335025568,"alta (>=0.3)",TRUE,0.622063068447,8,"ago",10,"out",6,0.15,5,8,"theta_pi","ago"
"742010","São José do Peixe","PI",-7.3167,-42.7833,"Hidroweb diário",34,FALSE,0.6225047896829053,"alta (>=0.3)",TRUE,0.7224483916531663,8,"ago",9,"set",5,0.15,6,8,"theta_pi","ago"
"742011","São Francisco do Piauí","PI",-7.2464,-42.5419,"Hidroweb diário",44,FALSE,0.6352419168584087,"alta (>=0.3)",TRUE,0.45927639033319834,7,"jul",9,"set",5,0.15,6,7,"theta_pi","jul"
"742012","Francisco Ayres","PI",-6.6183,-42.6939,"Hidroweb diário",42,FALSE,0.5612191500916686,"alta (>=0.3)",TRUE,0.7196178713296455,8,"ago",10,"out",5,0.15,8,8,"theta_pi","ago"
"743000","Bertolínia","PI",-7.6333,-43.95,"Hidroweb diário",37,FALSE,0.5538498679263945,"alta (>=0.3)",TRUE,0.2886230486443865,7,"jul",9,"set",5,0.15,6,7,"theta_pi","jul"
"743002","Itaueira","PI",-7.6,-43.0333,"Hidroweb diário",39,FALSE,0.5779543675121168,"alta (>=0.3)",TRUE,0.6613549771318165,8,"ago",9,"set",5,0.15,6,8,"theta_pi","ago"
"743004","Landri Sales","PI",-7.2667,-43.9333,"Hidroweb diário",39,FALSE,0.5582884786507701,"alta (>=0.3)",TRUE,0.2351894300932733,7,"jul",9,"set",5,0.15,6,7,"theta_pi","jul"
"743005","Rio Grande do Piauí","PI",-7.9333,-43.2167,"Hidroweb diário",39,FALSE,0.4000373207557158,"alta (>=0.3)",TRUE,0.2813052338152581,7,"jul",9,"set",5,0.15,5,7,"theta_pi","jul"
"743006","Itaueira","PI",-7.4167,-43.1833,"Hidroweb diário",33,FALSE,0.6774795391207028,"alta (>=0.3)",TRUE,0.8067536619917172,8,"ago",9,"set",5,0.15,6,8,"theta_pi","ago"
"743009","Jerumenha","PI",-7.2453,-43.6444,"Hidroweb diário",44,FALSE,0.5426150560966725,"alta (>=0.3)",TRUE,0.052218522060254145,7,"jul",9,"set",5,0.15,6,7,"theta_pi","jul"
"744001","Uruçuí","PI",-7.6833,-44.6,"Hidroweb diário",32,FALSE,0.5792758430814526,"alta (>=0.3)",TRUE,0.43340093561600396,7,"jul",9,"set",5,0.15,6,7,"theta_pi","jul"
"744003","Uruçuí","PI",-7.5667,-44.7167,"Hidroweb diário",34,FALSE,0.6173030632714607,"alta (>=0.3)",TRUE,0.42352145842896155,7,"jul",9,"set",5,0.15,6,7,"theta_pi","jul"
"744006","Uruçuí","PI",-7.2333,-44.55,"Hidroweb diário",36,FALSE,0.6698187086791124,"alta (>=0.3)",TRUE,0.3436353082624608,7,"jul",9,"set",5,0.15,6,7,"theta_pi","jul"
"745003","Ribeiro Gonçalves","PI",-7.5572,-45.2444,"Hidroweb diário",58,FALSE,0.5765603416411115,"alta (>=0.3)",TRUE,0.34314397918428646,7,"jul",9,"set",5,0.15,6,7,"theta_pi","jul"
"82287","Parnaiba","PI",-3.09,-41.78,"INMET diário",50,FALSE,0.808505504911766,"alta (>=0.3)",TRUE,1.2808504118058432,9,"set",12,"dez",6,0.15,9,9,"theta_pi","set"
"82474","Caldeirao","PI",-4.33,-41.72,"INMET diário",34,FALSE,0.7158421093752783,"alta (>=0.3)",TRUE,1.136940634824061,9,"set",12,"dez",7,0.15,9,9,"theta_pi","set"
"82480","Piripiri","PI",-4.28,-41.79,"INMET diário",33,FALSE,0.7395429924621132,"alta (>=0.3)",TRUE,1.1616650512371562,9,"set",12,"dez",7,0.15,8,9,"theta_pi","set"
"82578","Teresina","PI",-5.03,-42.8,"INMET diário",88,FALSE,0.661744492114791,"alta (>=0.3)",TRUE,0.8873029988735701,8,"ago",11,"nov",6,0.15,8,8,"theta_pi","ago"
"82678","Floriano","PI",-6.76166666,-43.00333333,"INMET diário",49,FALSE,0.5539198780363017,"alta (>=0.3)",TRUE,0.6152050732577835,8,"ago",9,"set",4,0.15,7,8,"theta_pi","ago"
"82684","Morro dos Cavalos","PI",-7.85,-41.9,"INMET diário",35,FALSE,0.6294568446519048,"alta (>=0.3)",TRUE,0.4875986781649079,7,"jul",10,"out",6,0.15,6,7,"theta_pi","jul"
"82780","Picos","PI",-7.08,-41.44,"INMET diário",40,FALSE,0.6575689906028617,"alta (>=0.3)",TRUE,0.8318714755663389,8,"ago",11,"nov",7,0.15,7,8,"theta_pi","ago"
"82870","Vale do Gurgueia (cristiano Castro)","PI",-8.44,-43.87,"INMET diário",37,FALSE,0.6041514344239691,"alta (>=0.3)",TRUE,0.6058946852522074,8,"ago",9,"set",5,0.15,6,8,"theta_pi","ago"
"82879","Sao Joao do Piaui","PI",-8.37,-42.25,"INMET diário",42,FALSE,0.6639866370531713,"alta (>=0.3)",TRUE,0.5362220424994555,8,"ago",10,"out",6,0.15,6,8,"theta_pi","ago"
"82882","Paulistana","PI",-8.13222221,-41.14305555,"INMET diário",36,FALSE,0.7344219949000559,"alta (>=0.3)",TRUE,0.8056067369461519,8,"ago",10,"out",6,0.15,6,8,"theta_pi","ago"
"82975","Bom Jesus do Piaui","PI",-9.07,-44.37,"INMET diário",44,FALSE,0.5355489000253341,"alta (>=0.3)",TRUE,0.6241414165373576,8,"ago",9,"set",5,0.15,6,8,"theta_pi","ago"
"82976","Caracol","PI",-9.29,-43.32,"INMET diário",35,FALSE,0.6474709581064875,"alta (>=0.3)",TRUE,0.2921822333064596,7,"jul",10,"out",6,0.15,6,7,"theta_pi","jul"
"841005","Paulistana","PI",-8.1333,-41.15,"Hidroweb diário",71,FALSE,0.7008202960965653,"alta (>=0.3)",TRUE,0.760503390529706,8,"ago",10,"out",6,0.15,5,8,"theta_pi","ago"
"841007","Conceição do Canindé","PI",-8.4,-41.8167,"Hidroweb diário",34,FALSE,0.6373257791222989,"alta (>=0.3)",TRUE,0.7562620497122043,8,"ago",10,"out",6,0.15,5,8,"theta_pi","ago"
"841008","São João do Piauí","PI",-8.45,-41.7,"Hidroweb diário",31,FALSE,0.6995163692869671,"alta (>=0.3)",TRUE,0.8480460251305149,8,"ago",10,"out",6,0.15,5,8,"theta_pi","ago"
"841017","Conceição do Canindé","PI",-8.0056,-41.5014,"Hidroweb diário",34,FALSE,0.6252281921035172,"alta (>=0.3)",TRUE,0.6161717471004027,8,"ago",10,"out",6,0.15,6,8,"theta_pi","ago"
"842001","Canto do Buriti","PI",-8.1167,-42.95,"Hidroweb diário",34,FALSE,0.5920950547115643,"alta (>=0.3)",TRUE,0.3110151447854195,7,"jul",10,"out",6,0.15,6,7,"theta_pi","jul"
"842004","São Raimundo Nonato","PI",-8.6167,-42.1333,"Hidroweb diário",32,FALSE,0.6663667107719551,"alta (>=0.3)",TRUE,0.7336500883754704,8,"ago",10,"out",6,0.15,5,8,"theta_pi","ago"
"842007","São João do Piauí","PI",-8.3667,-42.25,"Hidroweb diário",61,FALSE,0.6644952534793499,"alta (>=0.3)",TRUE,0.5888762732884572,8,"ago",10,"out",6,0.15,5,8,"theta_pi","ago"
"843002","Eliseu Martins","PI",-8.2,-43.7,"Hidroweb diário",40,FALSE,0.6296289109252299,"alta (>=0.3)",TRUE,0.4031474775509935,7,"jul",9,"set",5,0.15,6,7,"theta_pi","jul"
"844000","Uruçuí","PI",-8.05,-44.4667,"Hidroweb diário",34,FALSE,0.5540421660463271,"alta (>=0.3)",TRUE,0.4168723359882833,7,"jul",9,"set",5,0.15,6,7,"theta_pi","jul"
"844001","Uruçuí","PI",-8.1333,-44.4167,"Hidroweb diário",32,FALSE,0.6389347205542392,"alta (>=0.3)",TRUE,0.41041182200446086,7,"jul",9,"set",5,0.15,6,7,"theta_pi","jul"
"844008","Cristino Castro","PI",-8.8131,-44.2156,"Hidroweb diário",54,FALSE,0.5650174395896499,"alta (>=0.3)",TRUE,0.5511008681090293,8,"ago",9,"set",5,0.15,6,8,"theta_pi","ago"
"941000","São Raimundo Nonato","PI",-9.0167,-41.9667,"Hidroweb diário",34,FALSE,0.5608171935377894,"alta (>=0.3)",TRUE,0.3457820699962792,7,"jul",10,"out",6,0.15,5,7,"theta_pi","jul"
"942000","Caracol","PI",-9.15,-42.9833,"Hidroweb diário",39,FALSE,0.6088328614269223,"alta (>=0.3)",TRUE,0.37219960771904476,7,"jul",9,"set",5,0.15,5,7,"theta_pi","jul"
"942003","São Raimundo Nonato","PI",-9.3667,-42.7833,"Hidroweb diário",37,FALSE,0.6105602707149868,"alta (>=0.3)",TRUE,0.6268588125789436,8,"ago",10,"out",6,0.15,5,8,"theta_pi","ago"
"942004","São Raimundo Nonato","PI",-9.1833,-42.55,"Hidroweb diário",32,FALSE,0.5590673188065889,"alta (>=0.3)",TRUE,0.5624295411647205,8,"ago",9,"set",5,0.15,5,8,"theta_pi","ago"
"942005","São Raimundo Nonato","PI",-9.0167,-42.6833,"Hidroweb diário",56,FALSE,0.6525306823623558,"alta (>=0.3)",TRUE,0.3607838190822942,7,"jul",10,"out",6,0.15,5,7,"theta_pi","jul"
"943000","Caracol","PI",-9.2833,-43.3167,"Hidroweb diário",33,FALSE,0.6080100310717657,"alta (>=0.3)",TRUE,0.31571275309569025,7,"jul",1,"jan",12,0.15,1,7,"theta_pi","jul"
"944004","Monte Alegre do Piauí","PI",-9.75,-44.8667,"Hidroweb diário",33,FALSE,0.5600297169373395,"alta (>=0.3)",TRUE,0.4865767507859138,7,"jul",9,"set",5,0.15,5,7,"theta_pi","jul"
"945001","Barreiras do Piauí","PI",-9.95,-45.4833,"Hidroweb diário",34,FALSE,0.6193696199736237,"alta (>=0.3)",TRUE,0.22322972016735645,7,"jul",9,"set",5,0.15,6,7,"theta_pi","jul"
"945005","Gilbués","PI",-9.7,-45.3833,"Hidroweb diário",31,FALSE,0.6498891583591763,"alta (>=0.3)",TRUE,0.3298871727383628,7,"jul",9,"set",5,0.15,6,7,"theta_pi","jul"
"945009","Monte Alegre do Piauí","PI",-9.7833,-45.0333,"Hidroweb diário",34,FALSE,0.6973535415914957,"alta (>=0.3)",TRUE,0.5273551755507835,8,"ago",9,"set",5,0.15,5,8,"theta_pi","ago"
"2250028","Sertaneja","PR",-22.8509,-50.8737,"Hidroweb diário",50,TRUE,0.3358301991710991,"alta (>=0.3)",TRUE,0.19989555802697564,7,"jul",8,"ago",3,0.15,8,7,"theta_pi","jul"
"2250030","Leópolis","PR",-22.9729,-50.7743,"Hidroweb diário",50,TRUE,0.29874703628968413,"media (0.20-0.3)",FALSE,0.5303546318078813,8,"ago",8,"ago",2,0.15,8,8,"ultimo_mes_seco","ago"
"2250031","Leópolis","PR",-22.95,-50.633,"Hidroweb diário",41,TRUE,0.4117552548457043,"alta (>=0.3)",TRUE,0.41236209509263805,7,"jul",8,"ago",2,0.15,8,7,"theta_pi","jul"
"2250032","Itambaraca","PR",-22.9722,-50.4791,"Hidroweb diário",50,TRUE,0.3466690893492333,"alta (>=0.3)",TRUE,0.5067119104036873,7,"jul",8,"ago",2,0.15,8,7,"theta_pi","jul"
"2250033","Andirá","PR",-22.9652,-50.2661,"Hidroweb diário",50,TRUE,0.35008626813552485,"alta (>=0.3)",TRUE,0.4081246257472849,7,"jul",8,"ago",2,0.15,8,7,"theta_pi","jul"
"2250035","Cambará","PR",-22.983,-49.9999,"Hidroweb diário",40,TRUE,0.37655045107533236,"alta (>=0.3)",TRUE,0.5099476692417049,7,"jul",8,"ago",2,0.15,8,7,"theta_pi","jul"
"2251023","Porecatu","PR",-22.7545,-51.3866,"Hidroweb diário",44,TRUE,0.31510861612454066,"alta (>=0.3)",TRUE,0.068042152054231,7,"jul",8,"ago",2,0.15,8,7,"theta_pi","jul"
"2251027","Bela Vista do Paraíso","PR",-22.95,-51.2,"Hidroweb diário",45,TRUE,0.3082004939803772,"alta (>=0.3)",TRUE,0.47175406704707706,7,"jul",8,"ago",2,0.15,8,7,"theta_pi","jul"
"2251033","Colorado","PR",-22.898,-51.888,"Hidroweb diário",47,TRUE,0.29315807256014687,"media (0.20-0.3)",FALSE,0.4644858577379726,7,"jul",8,"ago",2,0.15,8,8,"ultimo_mes_seco","ago"
"2251037","Cafeara","PR",-22.7877,-51.7113,"Hidroweb diário",50,TRUE,0.3321380315563621,"alta (>=0.3)",TRUE,0.38359052785734105,7,"jul",8,"ago",3,0.15,8,7,"theta_pi","jul"
"2251038","Alvorada do Sul","PR",-22.7847,-51.2305,"Hidroweb diário",48,TRUE,0.2831523637490093,"media (0.20-0.3)",FALSE,0.25289053309539494,7,"jul",8,"ago",2,0.15,8,8,"ultimo_mes_seco","ago"
"2251039","Primeiro de Maio","PR",-22.8483,-51.0271,"Hidroweb diário",50,TRUE,0.3909652401503815,"alta (>=0.3)",TRUE,0.4385275334448091,7,"jul",8,"ago",2,0.15,8,7,"theta_pi","jul"
"2251041","Santo Inácio","PR",-22.6963,-51.7898,"Hidroweb diário",50,TRUE,0.32336478165888893,"alta (>=0.3)",TRUE,0.19556447621339798,7,"jul",8,"ago",2,0.15,8,7,"theta_pi","jul"
"2251042","Lupionópolis","PR",-22.6997,-51.6422,"Hidroweb diário",50,TRUE,0.3541484802441136,"alta (>=0.3)",TRUE,0.1768289745447111,7,"jul",8,"ago",2,0.15,8,7,"theta_pi","jul"
"2251069","Centenário do Sul","PR",-22.8227,-51.5955,"Hidroweb diário",50,TRUE,0.2730532040485534,"media (0.20-0.3)",FALSE,0.3047060424187416,7,"jul",8,"ago",2,0.15,8,8,"ultimo_mes_seco","ago"
"2252010","Paranacity","PR",-22.8569,-52.0781,"Hidroweb diário",50,TRUE,0.2608584100885049,"media (0.20-0.3)",FALSE,6.173501298612196,6,"jun",8,"ago",2,0.15,8,8,"ultimo_mes_seco","ago"
"2252013","Jardim Olinda","PR",-22.5508,-52.0363,"Hidroweb diário",50,TRUE,0.3468773608524367,"alta (>=0.3)",TRUE,0.030913168382306393,7,"jul",8,"ago",2,0.15,8,7,"theta_pi","jul"
"2252015","Diamante do Norte","PR",-22.6541,-52.8605,"Hidroweb diário",50,TRUE,0.2422397474165797,"media (0.20-0.3)",FALSE,0.026749093005136216,7,"jul",8,"ago",3,0.15,8,8,"ultimo_mes_seco","ago"
"2252017","Paranavai","PR",-22.6527,-52.518,"Hidroweb diário",50,TRUE,0.31296911883348044,"alta (>=0.3)",TRUE,0.04381780154233938,7,"jul",8,"ago",2,0.15,8,7,"theta_pi","jul"
"2252019","Paranapoema","PR",-22.6608,-52.133,"Hidroweb diário",49,TRUE,0.30272096115243025,"alta (>=0.3)",TRUE,0.2363315924388722,7,"jul",8,"ago",2,0.15,8,7,"theta_pi","jul"
"2252020","Nova Londrina","PR",-22.7666,-52.983,"Hidroweb diário",44,TRUE,0.20674873040171776,"media (0.20-0.3)",FALSE,0.24944871844089608,7,"jul",8,"ago",2,0.15,8,8,"ultimo_mes_seco","ago"
"2252022","Terra Rica","PR",-22.7336,-52.6168,"Hidroweb diário",50,TRUE,0.2166064774443184,"media (0.20-0.3)",FALSE,6.220436012934426,6,"jun",8,"ago",2,0.15,8,8,"ultimo_mes_seco","ago"
"2252023","Paranavai","PR",-22.7311,-52.4463,"Hidroweb diário",50,TRUE,0.37032624075963727,"alta (>=0.3)",TRUE,0.0141861634887973,7,"jul",8,"ago",2,0.15,8,7,"theta_pi","jul"
"2252024","Santo Antônio do Caiuá","PR",-22.7346,-52.3438,"Hidroweb diário",50,TRUE,0.2887386208862008,"media (0.20-0.3)",FALSE,0.1108230998878248,7,"jul",8,"ago",2,0.15,8,8,"ultimo_mes_seco","ago"
"2252025","Guairaça","PR",-22.95,-52.7997,"Hidroweb diário",40,TRUE,0.30560332994593403,"alta (>=0.3)",TRUE,0.12795320123091652,7,"jul",8,"ago",1,0.15,8,7,"theta_pi","jul"
"2252027","Paranavai","PR",-22.818,-52.5166,"Hidroweb diário",50,TRUE,0.22753959826234998,"media (0.20-0.3)",FALSE,0.23298195620365025,7,"jul",8,"ago",2,0.15,8,8,"ultimo_mes_seco","ago"
"2253002","Porto Rico","PR",-22.7711,-53.2714,"Hidroweb diário",47,TRUE,0.3516812299087345,"alta (>=0.3)",TRUE,0.1890602864895394,7,"jul",8,"ago",2,0.15,8,7,"theta_pi","jul"
"2253008","São Pedro do Paraná","PR",-22.795,-53.1591,"Hidroweb diário",50,TRUE,0.307289282651493,"alta (>=0.3)",TRUE,0.6129176358984934,8,"ago",8,"ago",2,0.15,8,8,"theta_pi","ago"
"2253010","Querência do Norte","PR",-22.9747,-53.3963,"Hidroweb diário",50,TRUE,0.2800969577402839,"media (0.20-0.3)",FALSE,6.171485409678572,6,"jun",8,"ago",2,0.15,8,8,"ultimo_mes_seco","ago"
"2253011","Santa Cruz de Monte Castelo","PR",-22.9565,-53.2931,"Hidroweb diário",49,TRUE,0.2559513457229252,"media (0.20-0.3)",FALSE,0.28462417663594747,7,"jul",8,"ago",2,0.15,8,8,"ultimo_mes_seco","ago"
"2253013","Loanda","PR",-22.9383,-53.0508,"Hidroweb diário",50,TRUE,0.25752532281191903,"media (0.20-0.3)",FALSE,0.24179383524530434,7,"jul",8,"ago",2,0.15,8,8,"ultimo_mes_seco","ago"
"2253016","São Pedro do Paraná","PR",-22.7181,-53.1767,"Hidroweb diário",39,TRUE,0.2546309490098415,"media (0.20-0.3)",FALSE,0.328398957285791,7,"jul",8,"ago",2,0.15,8,8,"ultimo_mes_seco","ago"
"2349030","Joaquim Távora","PR",-23.5,-49.8667,"Hidroweb diário",45,TRUE,0.2965632355913157,"media (0.20-0.3)",FALSE,0.7347543264429695,8,"ago",8,"ago",3,0.15,8,8,"ultimo_mes_seco","ago"
"2349031","Santa Fé","PR",-23.039993,-51.808014,"Hidroweb diário",41,TRUE,0.36669527345690256,"alta (>=0.3)",TRUE,0.10195579084330086,7,"jul",8,"ago",1,0.15,8,7,"theta_pi","jul"
"2349032","Telêmaco Borba","PR",-23.6833,-49.85,"Hidroweb diário",44,TRUE,0.2789802717199746,"media (0.20-0.3)",FALSE,0.6140665267443078,8,"ago",8,"ago",2,0.15,8,8,"ultimo_mes_seco","ago"
"2349033","Tomazina","PR",-23.7667,-49.95,"Hidroweb diário",87,TRUE,0.31870135339384703,"alta (>=0.3)",TRUE,0.23409180431087073,7,"jul",8,"ago",2,0.15,8,7,"theta_pi","jul"
"2349034","Wenceslau Braz","PR",-23.8667,-49.8,"Hidroweb diário",42,TRUE,0.5491834990428475,"alta (>=0.3)",TRUE,0.6525705732049445,8,"ago",8,"ago",1,0.15,8,8,"theta_pi","ago"
"2349036","Ribeirão Claro","PR",-23.2011,-49.7557,"Hidroweb diário",46,TRUE,0.29522358944961175,"media (0.20-0.3)",FALSE,0.35664589444785305,7,"jul",8,"ago",2,0.15,8,8,"ultimo_mes_seco","ago"
"2349038","Jacarezinho","PR",-23.1166,-49.833,"Hidroweb diário",33,TRUE,0.3948945458083285,"alta (>=0.3)",TRUE,0.3598751511020074,7,"jul",8,"ago",3,0.15,8,7,"theta_pi","jul"
"2349040","Jacarezinho","PR",-23.15,-49.9667,"Hidroweb diário",48,TRUE,0.3858559238306029,"alta (>=0.3)",TRUE,0.4386609341598389,7,"jul",8,"ago",2,0.15,8,7,"theta_pi","jul"
"2349059","Santo Antônio da Platina","PR",-23.4138,-49.9808,"Hidroweb diário",50,TRUE,0.231855664676653,"media (0.20-0.3)",FALSE,0.18850921323427727,7,"jul",8,"ago",2,0.15,8,8,"ultimo_mes_seco","ago"
"2349060","Carlópolis","PR",-23.5458,-49.747,"Hidroweb diário",50,TRUE,0.3029553410420481,"alta (>=0.3)",TRUE,0.15484926508987926,7,"jul",6,"jun",2,0.15,8,7,"theta_pi","jul"
"2349061","Santana do Itararé","PR",-23.7545,-49.6228,"Hidroweb diário",50,TRUE,0.29688342789122046,"media (0.20-0.3)",FALSE,0.43260754344279057,7,"jul",8,"ago",2,0.15,8,8,"ultimo_mes_seco","ago"
"2349064","São José da Boa Vista","PR",-23.9142,-49.6503,"Hidroweb diário",50,TRUE,0.2077177890075766,"media (0.20-0.3)",FALSE,6.170138475940611,6,"jun",8,"ago",2,0.15,8,8,"ultimo_mes_seco","ago"
"2349066","Jacarezinho","PR",-23.1590428,-49.9739664,"Hidroweb diário",41,TRUE,0.39087021993938015,"alta (>=0.3)",TRUE,0.42289741896809563,7,"jul",8,"ago",1,0.15,8,7,"theta_pi","jul"
"2350000","Jataizinho","PR",-23.2583,-50.9844,"Hidroweb diário",61,TRUE,0.4375802628382339,"alta (>=0.3)",TRUE,0.3973390578599951,7,"jul",8,"ago",2,0.15,8,7,"theta_pi","jul"
"2350001","Santa Mariana","PR",-23.1286,-50.4597,"Hidroweb diário",51,TRUE,0.40432031970787435,"alta (>=0.3)",TRUE,0.47265521956350265,7,"jul",8,"ago",2,0.15,8,7,"theta_pi","jul"
"2350002","Andirá","PR",-23.0853,-50.2856,"Hidroweb diário",79,TRUE,0.34653335348618136,"alta (>=0.3)",TRUE,0.2772574386123683,7,"jul",8,"ago",2,0.15,8,7,"theta_pi","jul"
"2350006","Santo Antônio do Paraíso","PR",-23.4936,-50.6467,"Hidroweb diário",50,TRUE,0.37109931715028416,"alta (>=0.3)",TRUE,0.28535548647663067,7,"jul",8,"ago",2,0.15,8,7,"theta_pi","jul"
"2350010","São Jerônimo da Serra","PR",-23.7,-50.8166,"Hidroweb diário",37,TRUE,0.27440526367695905,"media (0.20-0.3)",FALSE,0.32704246874493376,7,"jul",8,"ago",2,0.15,8,8,"ultimo_mes_seco","ago"
"2350011","Cambará","PR",-23.0419,-50.07,"Hidroweb diário",45,TRUE,0.3176373816378312,"alta (>=0.3)",TRUE,0.21557438374820023,7,"jul",8,"ago",2,0.15,8,7,"theta_pi","jul"
"2350012","Santo Antônio da Platina","PR",-23.2997,-50.0666,"Hidroweb diário",44,TRUE,0.3172858097333239,"alta (>=0.3)",TRUE,0.32120513782952925,7,"jul",8,"ago",1,0.15,8,7,"theta_pi","jul"
"2350015","Tamarana","PR",-23.7458,-50.9403,"Hidroweb diário",58,TRUE,0.1968060934015278,"baixa (<0.20)",FALSE,0.56903501633357,8,"ago",8,"ago",2,0.15,8,8,"ultimo_mes_seco","ago"
"2350016","Londrina","PR",-23.7458,-50.9403,"Hidroweb diário",49,TRUE,0.22681792882990895,"media (0.20-0.3)",FALSE,0.36684663043522275,7,"jul",8,"ago",2,0.15,7,8,"ultimo_mes_seco","ago"
"2350017","Cambará","PR",-23,-50.0331,"Hidroweb diário",53,TRUE,0.46253154348019604,"alta (>=0.3)",TRUE,0.501277599919776,7,"jul",8,"ago",3,0.15,8,7,"theta_pi","jul"
"2350018","Bandeirantes","PR",-23.1,-50.35,"Hidroweb diário",42,TRUE,0.27962883835538976,"media (0.20-0.3)",FALSE,0.2842542702229596,7,"jul",8,"ago",2,0.15,8,8,"ultimo_mes_seco","ago"
"2350021","Cornélio Procópio","PR",-23.3437,-50.5918,"Hidroweb diário",50,TRUE,0.31088434951499094,"alta (>=0.3)",TRUE,0.2380979675250027,7,"jul",8,"ago",2,0.15,8,7,"theta_pi","jul"
"2350023","Uraí","PR",-23.1983,-50.7902,"Hidroweb diário",50,TRUE,0.27904969625748727,"media (0.20-0.3)",FALSE,0.5322982276006901,8,"ago",8,"ago",2,0.15,8,8,"ultimo_mes_seco","ago"
"2350026","Leópolis","PR",-23.08,-50.7544,"Hidroweb diário",44,TRUE,0.2692134891641704,"media (0.20-0.3)",FALSE,0.507039300768053,7,"jul",8,"ago",2,0.15,8,8,"ultimo_mes_seco","ago"
"2350027","Cornélio Procópio","PR",-23.138,-50.6744,"Hidroweb diário",32,TRUE,0.18022186170140744,"baixa (<0.20)",FALSE,0.24822848890540117,7,"jul",8,"ago",3,0.15,8,8,"ultimo_mes_seco","ago"
"2350029","Santa Amélia","PR",-23.2663,-50.4319,"Hidroweb diário",48,TRUE,0.1980680670742118,"baixa (<0.20)",FALSE,0.7158657479117789,8,"ago",8,"ago",2,0.15,8,8,"ultimo_mes_seco","ago"
"2350032","Assaí","PR",-23.3945,-50.924,"Hidroweb diário",50,TRUE,0.3130417297423587,"alta (>=0.3)",TRUE,0.4932731744926886,7,"jul",8,"ago",2,0.15,8,7,"theta_pi","jul"
"2350033","Ribeirão do Pinhal","PR",-23.4096,-50.3586,"Hidroweb diário",50,TRUE,0.32386029391356175,"alta (>=0.3)",TRUE,0.6081310789278717,8,"ago",8,"ago",2,0.15,8,8,"theta_pi","ago"
"2350035","Londrina","PR",-23.4777,-50.9369,"Hidroweb diário",37,TRUE,0.2167569826882186,"media (0.20-0.3)",FALSE,0.7881822254169466,8,"ago",8,"ago",2,0.15,8,8,"ultimo_mes_seco","ago"
"2350037","São Jerônimo da Serra","PR",-23.7816,-50.8143,"Hidroweb diário",50,TRUE,0.22843915645933105,"media (0.20-0.3)",FALSE,6.207415705522725,6,"jun",8,"ago",2,0.15,8,8,"ultimo_mes_seco","ago"
"2350041","Ibaiti","PR",-23.8976,-50.2503,"Hidroweb diário",49,TRUE,0.14529487825990284,"baixa (<0.20)",FALSE,0.21476989090542076,7,"jul",8,"ago",2,0.15,8,8,"ultimo_mes_seco","ago"
"2350042","Ibaiti","PR",-23.8889,-50.182,"Hidroweb diário",49,TRUE,0.23062395331877297,"media (0.20-0.3)",FALSE,0.3651441722111959,7,"jul",8,"ago",2,0.15,8,8,"ultimo_mes_seco","ago"
"2350043","Pinhalão","PR",-23.9518,-50.0323,"Hidroweb diário",50,TRUE,0.1889397557696684,"baixa (<0.20)",FALSE,6.126726820921098,6,"jun",8,"ago",2,0.15,8,8,"ultimo_mes_seco","ago"
"2350046","Japira","PR",-23.8114,-50.1364,"Hidroweb diário",46,TRUE,0.2503001623432924,"media (0.20-0.3)",FALSE,0.0729130749327759,7,"jul",8,"ago",2,0.15,8,8,"ultimo_mes_seco","ago"
"2350048","Congonhinhas","PR",-23.6339,-50.4746,"Hidroweb diário",50,TRUE,0.29415429543180577,"media (0.20-0.3)",FALSE,0.32844757925118523,7,"jul",8,"ago",2,0.15,8,8,"ultimo_mes_seco","ago"
"2350049","Ibaiti","PR",-23.6313,-50.3098,"Hidroweb diário",50,TRUE,0.1530682974254346,"baixa (<0.20)",FALSE,0.7545991869511921,8,"ago",8,"ago",2,0.15,8,8,"ultimo_mes_seco","ago"
"2350052","Ribeirão do Pinhal","PR",-23.5379,-50.381,"Hidroweb diário",50,TRUE,0.20805412964767436,"media (0.20-0.3)",FALSE,0.8302986985784366,8,"ago",8,"ago",2,0.15,8,8,"ultimo_mes_seco","ago"
"2350053","Jundiaí do Sul","PR",-23.4349,-50.2455,"Hidroweb diário",50,TRUE,0.21871595820647208,"media (0.20-0.3)",FALSE,0.6549659418380099,8,"ago",8,"ago",2,0.15,8,8,"ultimo_mes_seco","ago"
"2350054","Guapirama","PR",-23.5139,-50.0408,"Hidroweb diário",50,TRUE,0.22944942562808907,"media (0.20-0.3)",FALSE,0.6436426317791469,8,"ago",8,"ago",2,0.15,8,8,"ultimo_mes_seco","ago"
"2350057","Cornélio Procópio","PR",-23.1697,-50.7883,"Hidroweb diário",35,TRUE,0.28032614376810566,"media (0.20-0.3)",FALSE,0.17370041467285358,7,"jul",8,"ago",2,0.15,8,8,"ultimo_mes_seco","ago"
"2350061","Sapopema","PR",-23.9038,-50.5708,"Hidroweb diário",48,TRUE,0.26819711756566955,"media (0.20-0.3)",FALSE,0.2709444227704333,7,"jul",8,"ago",3,0.15,7,8,"ultimo_mes_seco","ago"
"2350062","Figueira","PR",-23.8503,-50.3911,"Hidroweb diário",59,TRUE,0.15505193344020837,"baixa (<0.20)",FALSE,0.40247041155678015,7,"jul",8,"ago",2,0.15,8,8,"ultimo_mes_seco","ago"
"2350063","Ibaiti","PR",-23.8137,-50.3251,"Hidroweb diário",43,TRUE,0.21019862164711767,"media (0.20-0.3)",FALSE,0.004241127770585119,7,"jul",8,"ago",2,0.15,8,8,"ultimo_mes_seco","ago"
"2351003","Londrina","PR",-23.3,-51.15,"Hidroweb diário",44,TRUE,0.284126553886537,"media (0.20-0.3)",FALSE,0.19112755023117886,7,"jul",8,"ago",2,0.15,8,8,"ultimo_mes_seco","ago"
"2351004","Bom Sucesso","PR",-23.7095,-51.7621,"Hidroweb diário",50,TRUE,0.14357641690373113,"baixa (<0.20)",FALSE,0.5284877741046178,8,"ago",8,"ago",2,0.15,7,8,"ultimo_mes_seco","ago"
"2351008","Apucarana","PR",-23.5,-51.5333,"Hidroweb diário",42,TRUE,0.22127575405586053,"media (0.20-0.3)",FALSE,0.6158611254762549,8,"ago",8,"ago",2,0.15,8,8,"ultimo_mes_seco","ago"
"2351011","Ibiporã","PR",-23.2667,-51.0167,"Hidroweb diário",44,TRUE,0.35441700927683556,"alta (>=0.3)",TRUE,0.3681735250628688,7,"jul",8,"ago",2,0.15,8,7,"theta_pi","jul"
"2351013","Maringá","PR",-23.4167,-51.95,"Hidroweb diário",52,TRUE,0.27461106354904746,"media (0.20-0.3)",FALSE,0.47855546623921646,7,"jul",8,"ago",2,0.15,8,8,"ultimo_mes_seco","ago"
"2351020","Borrazópolis","PR",-23.9408,-51.5877,"Hidroweb diário",40,TRUE,0.09559319335390226,"baixa (<0.20)",FALSE,1.2944035263602847,9,"set",8,"ago",1,0.15,8,8,"ultimo_mes_seco","ago"
"2351022","Faxinal","PR",-23.938,-51.2336,"Hidroweb diário",31,TRUE,0.03007172616341989,"baixa (<0.20)",FALSE,5.908657332805703,6,"jun",8,"ago",2,0.15,8,8,"ultimo_mes_seco","ago"
"2351023","São Pedro do Ivaí","PR",-23.8641,-51.8583,"Hidroweb diário",50,TRUE,0.06920676806832443,"baixa (<0.20)",FALSE,5.6525819758649085,5,"mai",8,"ago",2,0.15,8,8,"ultimo_mes_seco","ago"
"2351024","Kalore","PR",-23.8256,-51.6691,"Hidroweb diário",48,TRUE,0.12635422974550864,"baixa (<0.20)",FALSE,0.2114949286204917,7,"jul",8,"ago",2,0.15,8,8,"ultimo_mes_seco","ago"
"2351025","Novo Itacolomi","PR",-23.7638,-51.5069,"Hidroweb diário",40,TRUE,0.24672548715059373,"media (0.20-0.3)",FALSE,0.6006246438951298,8,"ago",8,"ago",2,0.15,8,8,"ultimo_mes_seco","ago"
"2351026","Rio Bom","PR",-23.7604,-51.4114,"Hidroweb diário",50,TRUE,0.15024851032866235,"baixa (<0.20)",FALSE,0.16062334767748662,7,"jul",8,"ago",2,0.15,8,8,"ultimo_mes_seco","ago"
"2351027","Marilândia do Sul (araruva)","PR",-23.8269,-51.2669,"Hidroweb diário",50,TRUE,0.1050402625137009,"baixa (<0.20)",FALSE,0.6344619663548798,8,"ago",8,"ago",2,0.15,8,8,"ultimo_mes_seco","ago"
"2351028","Itambé","PR",-23.6497,-51.983,"Hidroweb diário",49,TRUE,0.17437014071207793,"baixa (<0.20)",FALSE,0.4399375645613531,7,"jul",8,"ago",2,0.15,8,8,"ultimo_mes_seco","ago"
"2351029","Marialva","PR",-23.6104,-51.8605,"Hidroweb diário",50,TRUE,0.16182316134381297,"baixa (<0.20)",FALSE,0.3683492344958798,7,"jul",8,"ago",2,0.15,8,8,"ultimo_mes_seco","ago"
"2351031","Cambé","PR",-23.0661,-51.2611,"Hidroweb diário",48,TRUE,0.31684931840018005,"alta (>=0.3)",TRUE,0.2991314141423625,7,"jul",8,"ago",2,0.15,8,7,"theta_pi","jul"
"2351032","Sertanópolis","PR",-23.0497,-51.033,"Hidroweb diário",37,TRUE,0.395034309698051,"alta (>=0.3)",TRUE,0.5055426914401159,7,"jul",8,"ago",2,0.15,8,7,"theta_pi","jul"
"2351033","Cambé","PR",-23.283,-51.283,"Hidroweb diário",35,TRUE,0.3544065658755232,"alta (>=0.3)",TRUE,0.3028083662570232,7,"jul",8,"ago",2,0.15,8,7,"theta_pi","jul"
"2351035","Londrina","PR",-23.5118,-51.2365,"Hidroweb diário",49,TRUE,0.2321071403177898,"media (0.20-0.3)",FALSE,0.21368256469018346,7,"jul",8,"ago",2,0.15,8,8,"ultimo_mes_seco","ago"
"2351037","California","PR",-23.6647,-51.3611,"Hidroweb diário",50,TRUE,0.16598100198394652,"baixa (<0.20)",FALSE,0.20604606628010863,7,"jul",8,"ago",2,0.15,8,8,"ultimo_mes_seco","ago"
"2351040","Tamarana","PR",-23.75,-51.0266,"Hidroweb diário",39,TRUE,0.17036678173664205,"baixa (<0.20)",FALSE,0.5842398334284706,8,"ago",8,"ago",2,0.15,8,8,"ultimo_mes_seco","ago"
"2351041","Faxinal","PR",-24.0271,-51.0984,"Hidroweb diário",50,TRUE,0.09051526828600687,"baixa (<0.20)",FALSE,5.868081836766205,6,"jun",8,"ago",2,0.15,7,8,"ultimo_mes_seco","ago"
"2351043","Cambira","PR",-23.6708,-51.5968,"Hidroweb diário",48,TRUE,0.0734237701455083,"baixa (<0.20)",FALSE,0.5160193450791314,7,"jul",8,"ago",2,0.15,8,8,"ultimo_mes_seco","ago"
"2351044","Sarandi","PR",-23.4843,-51.9056,"Hidroweb diário",50,TRUE,0.22336554179701296,"media (0.20-0.3)",FALSE,0.5852306629398524,8,"ago",8,"ago",2,0.15,8,8,"ultimo_mes_seco","ago"
"2351045","Maringá","PR",-23.4,-51.8738,"Hidroweb diário",50,TRUE,0.2791566736544773,"media (0.20-0.3)",FALSE,0.32792332253537965,7,"jul",8,"ago",2,0.15,8,8,"ultimo_mes_seco","ago"
"2351048","Arapongas","PR",-23.4051,-51.4191,"Hidroweb diário",49,TRUE,0.2161018125083752,"media (0.20-0.3)",FALSE,0.6217865988946357,8,"ago",8,"ago",2,0.15,8,8,"ultimo_mes_seco","ago"
"2351050","Iguaraçu","PR",-23.183,-51.833,"Hidroweb diário",48,TRUE,0.19083620042160196,"baixa (<0.20)",FALSE,0.1979983792778792,7,"jul",8,"ago",2,0.15,8,8,"ultimo_mes_seco","ago"
"2351051","Astorga","PR",-23.2377,-51.6613,"Hidroweb diário",50,TRUE,0.21887189948145164,"media (0.20-0.3)",FALSE,0.21979449109697716,7,"jul",8,"ago",2,0.15,8,8,"ultimo_mes_seco","ago"
"2351053","Rolândia","PR",-23.1963,-51.4401,"Hidroweb diário",45,TRUE,0.28701215065143165,"media (0.20-0.3)",FALSE,0.018512591450861496,7,"jul",8,"ago",2,0.15,8,8,"ultimo_mes_seco","ago"
"2351065","Santa Fé","PR",-23.0361,-51.8035,"Hidroweb diário",45,TRUE,0.18268898424350372,"baixa (<0.20)",FALSE,0.3584569803325822,7,"jul",8,"ago",2,0.15,8,8,"ultimo_mes_seco","ago"
"2351066","Fênix","PR",-23.9006,-51.9525,"Hidroweb diário",39,TRUE,0.056581488864383606,"baixa (<0.20)",FALSE,0.4510902591168301,7,"jul",8,"ago",2,0.15,8,8,"ultimo_mes_seco","ago"
"2351070","Londrina","PR",-23.4029,-51.0066,"Hidroweb diário",31,TRUE,0.34065031464604795,"alta (>=0.3)",TRUE,0.1330995577466645,7,"jul",8,"ago",2,0.15,8,7,"theta_pi","jul"
"2351073","Londrina","PR",-23.583,-51.083,"Hidroweb diário",33,TRUE,0.29478536985872295,"media (0.20-0.3)",FALSE,0.714719569742184,8,"ago",8,"ago",2,0.15,8,8,"ultimo_mes_seco","ago"
"2352000","Rondon","PR",-23.3242,-52.6669,"Hidroweb diário",70,TRUE,0.11401771564394544,"baixa (<0.20)",FALSE,0.4824392821063762,7,"jul",8,"ago",2,0.15,8,8,"ultimo_mes_seco","ago"
"2352002","Quinta do Sol","PR",-23.8167,-52.1833,"Hidroweb diário",43,TRUE,0.227295788042111,"media (0.20-0.3)",FALSE,6.27141792074399,7,"jul",8,"ago",2,0.15,8,8,"ultimo_mes_seco","ago"
"2352010","Engenheiro Beltrão","PR",-23.6747,-52.1172,"Hidroweb diário",48,TRUE,0.09927992483482313,"baixa (<0.20)",FALSE,0.5358502578927404,8,"ago",8,"ago",2,0.15,7,8,"ultimo_mes_seco","ago"
"2352013","Flórida","PR",-23.1166,-52,"Hidroweb diário",31,TRUE,0.21573128409917744,"media (0.20-0.3)",FALSE,0.154708070872199,7,"jul",8,"ago",2,0.15,8,8,"ultimo_mes_seco","ago"
"2352014","Fênix","PR",-23.848,-52.0283,"Hidroweb diário",48,TRUE,0.19112436664232726,"baixa (<0.20)",FALSE,6.267809040520311,7,"jul",8,"ago",2,0.15,7,8,"ultimo_mes_seco","ago"
"2352017","Paranavai","PR",-23.0833,-52.4333,"Hidroweb diário",46,TRUE,0.20521624851112938,"media (0.20-0.3)",FALSE,0.5081698936574642,7,"jul",8,"ago",2,0.15,8,8,"ultimo_mes_seco","ago"
"2352019","Cianorte","PR",-23.6667,-52.5833,"Hidroweb diário",31,TRUE,0.17692589589589922,"baixa (<0.20)",FALSE,0.513715341216902,7,"jul",8,"ago",2,0.15,7,8,"ultimo_mes_seco","ago"
"2352026","Tuneiras do Oeste","PR",-23.9066,-52.9547,"Hidroweb diário",49,TRUE,0.05017856885856961,"baixa (<0.20)",FALSE,0.7178703422055411,8,"ago",8,"ago",2,0.15,8,8,"ultimo_mes_seco","ago"
"2352029","Peabiru","PR",-23.9108,-52.3361,"Hidroweb diário",50,TRUE,0.20222552594717813,"media (0.20-0.3)",FALSE,6.100821994867485,6,"jun",8,"ago",2,0.15,8,8,"ultimo_mes_seco","ago"
"2352030","Peabiru","PR",-24.0047,-52.2369,"Hidroweb diário",49,TRUE,0.28524007340486696,"media (0.20-0.3)",FALSE,0.6709015459118766,8,"ago",8,"ago",2,0.15,8,8,"ultimo_mes_seco","ago"
"2352031","Cianorte","PR",-23.7927,-52.6413,"Hidroweb diário",50,TRUE,0.2023066592124268,"media (0.20-0.3)",FALSE,6.13896707451821,6,"jun",8,"ago",2,0.15,7,8,"ultimo_mes_seco","ago"
"2352032","Araruna","PR",-23.833,-52.5,"Hidroweb diário",36,TRUE,0.15303787189951804,"baixa (<0.20)",FALSE,6.180501616159746,6,"jun",8,"ago",2,0.15,8,8,"ultimo_mes_seco","ago"
"2352033","Engenheiro Beltrão","PR",-23.7997,-52.333,"Hidroweb diário",42,TRUE,0.2107785691479944,"media (0.20-0.3)",FALSE,0.5125400759255214,7,"jul",8,"ago",1,0.15,8,8,"ultimo_mes_seco","ago"
"2352034","Engenheiro Beltrão","PR",-23.783,-52.2499,"Hidroweb diário",50,TRUE,0.14789007112928065,"baixa (<0.20)",FALSE,0.11327031464789225,7,"jul",8,"ago",2,0.15,8,8,"ultimo_mes_seco","ago"
"2352035","Terra Boa","PR",-23.673,-52.3805,"Hidroweb diário",47,TRUE,0.21503569247320364,"media (0.20-0.3)",FALSE,0.40782439600808407,7,"jul",8,"ago",2,0.15,8,8,"ultimo_mes_seco","ago"
"2352036","São Carlos do Ivaí","PR",-23.3636,-52.5238,"Hidroweb diário",35,TRUE,0.19770054948622967,"baixa (<0.20)",FALSE,6.2361490411761915,6,"jun",8,"ago",2,0.15,8,8,"ultimo_mes_seco","ago"
"2352037","Floraí","PR",-23.3238,-52.2994,"Hidroweb diário",50,TRUE,0.25909621342483236,"media (0.20-0.3)",FALSE,0.35402614659333315,7,"jul",8,"ago",2,0.15,8,8,"ultimo_mes_seco","ago"
"2352038","Ourizona","PR",-23.4041,-52.1961,"Hidroweb diário",50,TRUE,0.23971931314233208,"media (0.20-0.3)",FALSE,0.7344402947993947,8,"ago",8,"ago",2,0.15,8,8,"ultimo_mes_seco","ago"
"2352039","Nova Esperança","PR",-23.2219,-52.3497,"Hidroweb diário",50,TRUE,0.21116807901477508,"media (0.20-0.3)",FALSE,0.4252812282302176,7,"jul",8,"ago",2,0.15,8,8,"ultimo_mes_seco","ago"
"2352042","Tapejara","PR",-23.668,-52.9761,"Hidroweb diário",49,TRUE,0.1518245150663952,"baixa (<0.20)",FALSE,0.3246312053976881,7,"jul",8,"ago",2,0.15,7,8,"ultimo_mes_seco","ago"
"2352043","Rondon","PR",-23.5666,-52.8497,"Hidroweb diário",38,TRUE,0.1965347661256052,"baixa (<0.20)",FALSE,6.1944519568833485,6,"jun",8,"ago",2,0.15,8,8,"ultimo_mes_seco","ago"
"2352044","Indianópolis","PR",-23.4827,-52.7013,"Hidroweb diário",42,TRUE,0.06727043155473773,"baixa (<0.20)",FALSE,0.0554456861571942,7,"jul",8,"ago",2,0.15,8,8,"ultimo_mes_seco","ago"
"2352045","Japurá","PR",-23.4666,-52.5497,"Hidroweb diário",50,TRUE,0.2437546811005828,"media (0.20-0.3)",FALSE,0.5829494082521189,8,"ago",8,"ago",2,0.15,8,8,"ultimo_mes_seco","ago"
"2352046","Cidade Gaucha","PR",-23.3825,-52.9441,"Hidroweb diário",50,TRUE,0.27072966083991085,"media (0.20-0.3)",FALSE,0.08729467354960517,7,"jul",8,"ago",2,0.15,8,8,"ultimo_mes_seco","ago"
"2352047","Guaporema","PR",-23.333,-52.7666,"Hidroweb diário",38,TRUE,0.22294586299516667,"media (0.20-0.3)",FALSE,0.42249273322383274,7,"jul",8,"ago",2,0.15,8,8,"ultimo_mes_seco","ago"
"2352048","Planaltina do Paraná","PR",-23.1491,-52.9452,"Hidroweb diário",50,TRUE,0.2498421713409478,"media (0.20-0.3)",FALSE,0.5840716361307847,8,"ago",8,"ago",2,0.15,7,8,"ultimo_mes_seco","ago"
"2352050","Planaltina do Paraná","PR",-23.0227,-52.9216,"Hidroweb diário",50,TRUE,0.19322714022655857,"baixa (<0.20)",FALSE,0.21126202968729313,7,"jul",8,"ago",2,0.15,8,8,"ultimo_mes_seco","ago"
"2352051","Amaporã","PR",-23.0852,-52.7847,"Hidroweb diário",48,TRUE,0.2253933834707362,"media (0.20-0.3)",FALSE,0.2777222173292447,7,"jul",8,"ago",2,0.15,8,8,"ultimo_mes_seco","ago"
"2352052","Paranavai","PR",-23.1136,-52.7124,"Hidroweb diário",50,TRUE,0.2239306406090467,"media (0.20-0.3)",FALSE,0.36394971879084514,7,"jul",8,"ago",2,0.15,8,8,"ultimo_mes_seco","ago"
"2352053","São Jorge D'oeste","PR",-23.5308,-52.3808,"Hidroweb diário",50,TRUE,0.33024441058298676,"alta (>=0.3)",TRUE,0.6576615994341977,8,"ago",8,"ago",2,0.15,8,8,"theta_pi","ago"
"2352055","Maringá","PR",-23.5263,-52.0536,"Hidroweb diário",46,TRUE,0.27567439132778754,"media (0.20-0.3)",FALSE,0.9734390734235008,8,"ago",8,"ago",2,0.15,8,8,"ultimo_mes_seco","ago"
"2352060","Planaltina do Paraná","PR",-23.0772,-52.9591,"Hidroweb diário",51,TRUE,0.19361193681708788,"baixa (<0.20)",FALSE,6.201421252465419,6,"jun",8,"ago",2,0.15,8,8,"ultimo_mes_seco","ago"
"2352061","Ivatuba","PR",-23.6169,-52.1963,"Hidroweb diário",51,TRUE,0.23805998699303066,"media (0.20-0.3)",FALSE,0.2437275541232057,7,"jul",8,"ago",2,0.15,8,8,"ultimo_mes_seco","ago"
"2352062","Nova Esperança","PR",-23.183,-52.183,"Hidroweb diário",52,TRUE,0.2925985478493939,"media (0.20-0.3)",FALSE,0.534156815209316,8,"ago",8,"ago",2,0.15,8,8,"ultimo_mes_seco","ago"
"2352063","São Jorge D'oeste","PR",-23.4347,-52.2903,"Hidroweb diário",44,TRUE,0.23607134033325,"media (0.20-0.3)",FALSE,0.2568453342495259,7,"jul",8,"ago",2,0.15,8,8,"ultimo_mes_seco","ago"
"2353001","Santa Isabel do Ivaí","PR",-23.0067,-53.1889,"Hidroweb diário",58,TRUE,0.2045892303392696,"media (0.20-0.3)",FALSE,0.043226849827394484,7,"jul",8,"ago",2,0.15,8,8,"ultimo_mes_seco","ago"
"2353002","Mariluz","PR",-23.9167,-53.1331,"Hidroweb diário",62,TRUE,0.11321185326679546,"baixa (<0.20)",FALSE,0.052600841339499375,7,"jul",8,"ago",2,0.15,8,8,"ultimo_mes_seco","ago"
"2353003","Altônia","PR",-23.8719,-53.8888,"Hidroweb diário",57,TRUE,0.20539020633341226,"media (0.20-0.3)",FALSE,5.944696014200002,6,"jun",8,"ago",2,0.15,8,8,"ultimo_mes_seco","ago"
"2353004","Cruzeiro do Oeste","PR",-23.7777,-53.0822,"Hidroweb diário",57,TRUE,0.17707690025561568,"baixa (<0.20)",FALSE,1.0493727202326737,8,"ago",8,"ago",2,0.15,8,8,"ultimo_mes_seco","ago"
"2353005","Xambre","PR",-23.7349,-53.4881,"Hidroweb diário",58,TRUE,0.11828074768212618,"baixa (<0.20)",FALSE,0.1525948644533727,7,"jul",8,"ago",2,0.15,8,8,"ultimo_mes_seco","ago"
"2353006","Mariluz","PR",-23.983,-53.1666,"Hidroweb diário",57,TRUE,0.1321081873893736,"baixa (<0.20)",FALSE,6.188553277812019,6,"jun",8,"ago",2,0.15,7,8,"ultimo_mes_seco","ago"
"2353008","Umuarama","PR",-23.7331,-53.2831,"Hidroweb diário",46,TRUE,0.09697844237409449,"baixa (<0.20)",FALSE,0.26049770378517784,7,"jul",8,"ago",2,0.15,8,8,"ultimo_mes_seco","ago"
"2353010","Querência do Norte","PR",-23.0781,-53.4803,"Hidroweb diário",50,TRUE,0.29978986897630305,"media (0.20-0.3)",FALSE,6.2308291421575115,6,"jun",8,"ago",2,0.15,7,8,"ultimo_mes_seco","ago"
"2353016","Pérola","PR",-23.7969,-53.6755,"Hidroweb diário",49,TRUE,0.15581766403751948,"baixa (<0.20)",FALSE,0.20487214042012658,7,"jul",8,"ago",2,0.15,7,8,"ultimo_mes_seco","ago"
"2353017","Cidade Gaucha","PR",-23.4386,-53.0161,"Hidroweb diário",46,TRUE,0.2039258411369582,"media (0.20-0.3)",FALSE,0.2059109904476639,7,"jul",8,"ago",2,0.15,8,8,"ultimo_mes_seco","ago"
"2353019","São Jorge do Patrocínio","PR",-23.693,-53.9088,"Hidroweb diário",48,TRUE,0.22567055027484195,"media (0.20-0.3)",FALSE,0.04068742513643562,7,"jul",8,"ago",2,0.15,8,8,"ultimo_mes_seco","ago"
"2353020","Xambre","PR",-23.7166,-53.713,"Hidroweb diário",49,TRUE,0.23172959252076575,"media (0.20-0.3)",FALSE,0.15786160057377507,7,"jul",8,"ago",2,0.15,8,8,"ultimo_mes_seco","ago"
"2353022","Umuarama","PR",-23.6185,-53.3837,"Hidroweb diário",49,TRUE,0.20826894273605526,"media (0.20-0.3)",FALSE,0.23078187534577677,7,"jul",8,"ago",2,0.15,7,8,"ultimo_mes_seco","ago"
"2353023","Maria Helena","PR",-23.6077,-53.2041,"Hidroweb diário",49,TRUE,0.22214436354982156,"media (0.20-0.3)",FALSE,6.010683704426853,6,"jun",8,"ago",2,0.15,7,8,"ultimo_mes_seco","ago"
"2353025","Alto Paraíso","PR",-23.4794,-53.7269,"Hidroweb diário",48,TRUE,0.1964603472063448,"baixa (<0.20)",FALSE,5.9344128815565735,6,"jun",8,"ago",2,0.15,8,8,"ultimo_mes_seco","ago"
"2353027","Umuarama","PR",-23.5264,-53.4652,"Hidroweb diário",49,TRUE,0.1581338451716693,"baixa (<0.20)",FALSE,6.134239669956392,6,"jun",8,"ago",2,0.15,7,8,"ultimo_mes_seco","ago"
"2353028","Maria Helena","PR",-23.5488,-53.3212,"Hidroweb diário",49,TRUE,0.19113240896946068,"baixa (<0.20)",FALSE,6.100007994657728,6,"jun",8,"ago",2,0.15,7,8,"ultimo_mes_seco","ago"
"2353029","Nova Olimpia","PR",-23.4858,-53.0838,"Hidroweb diário",49,TRUE,0.23228458453035433,"media (0.20-0.3)",FALSE,0.1911827069401316,7,"jul",8,"ago",2,0.15,8,8,"ultimo_mes_seco","ago"
"2353031","Icaraíma","PR",-23.383,-53.6166,"Hidroweb diário",49,TRUE,0.2121254676935386,"media (0.20-0.3)",FALSE,0.0621662053896369,7,"jul",8,"ago",2,0.15,8,8,"ultimo_mes_seco","ago"
"2353032","Ivaté","PR",-23.333,-53.4166,"Hidroweb diário",36,TRUE,0.2566175725197475,"media (0.20-0.3)",FALSE,0.17656543993418133,7,"jul",8,"ago",1,0.15,8,8,"ultimo_mes_seco","ago"
"2353033","Douradina","PR",-23.3666,-53.283,"Hidroweb diário",50,TRUE,0.2549317625655858,"media (0.20-0.3)",FALSE,0.2032570648644582,7,"jul",8,"ago",3,0.15,7,8,"ultimo_mes_seco","ago"
"2353034","Tapira","PR",-23.3161,-53.0764,"Hidroweb diário",49,TRUE,0.29066567975229646,"media (0.20-0.3)",FALSE,0.25844267487132894,7,"jul",8,"ago",3,0.15,8,8,"ultimo_mes_seco","ago"
"2353038","Santa Isabel do Ivaí","PR",-23.1342,-53.2775,"Hidroweb diário",50,TRUE,0.2607319422191886,"media (0.20-0.3)",FALSE,6.169575375856307,6,"jun",8,"ago",2,0.15,7,8,"ultimo_mes_seco","ago"
"2353041","Santa Mônica","PR",-23.183,-53.0666,"Hidroweb diário",51,TRUE,0.2767265913543283,"media (0.20-0.3)",FALSE,0.09855810519461142,7,"jul",8,"ago",2,0.15,8,8,"ultimo_mes_seco","ago"
"2353044","Santa Isabel do Ivaí","PR",-23.1869,-53.2014,"Hidroweb diário",49,TRUE,0.1854003153925321,"baixa (<0.20)",FALSE,5.923040756279504,6,"jun",8,"ago",2,0.15,7,8,"ultimo_mes_seco","ago"
"2353047","Cafezal do Sul","PR",-23.9413,-53.5863,"Hidroweb diário",49,TRUE,0.1780622002550577,"baixa (<0.20)",FALSE,6.0053417400515725,6,"jun",8,"ago",2,0.15,8,8,"ultimo_mes_seco","ago"
"2448035","Adrianópolis","PR",-24.7166,-48.7499,"Hidroweb diário",50,TRUE,0.33014734294333353,"alta (>=0.3)",TRUE,0.021825723381691257,7,"jul",8,"ago",5,0.15,8,7,"theta_pi","jul"
"2448037","Adrianópolis","PR",-24.7563,-48.968,"Hidroweb diário",51,TRUE,0.2935874988302812,"media (0.20-0.3)",FALSE,0.3267227399908169,7,"jul",8,"ago",4,0.15,8,8,"ultimo_mes_seco","ago"
"2449000","Adrianópolis","PR",-24.6556,-48.9997,"Hidroweb diário",86,TRUE,0.1693955929078311,"baixa (<0.20)",FALSE,6.224157938634194,6,"jun",8,"ago",3,0.15,8,8,"ultimo_mes_seco","ago"
"2449006","Cerro Azul","PR",-24.8,-49.2833,"Hidroweb diário",67,TRUE,0.12928788468279348,"baixa (<0.20)",FALSE,0.7181029860899837,8,"ago",8,"ago",3,0.15,8,8,"ultimo_mes_seco","ago"
"2449007","Doutor Ulysses","PR",-24.75,-49.3333,"Hidroweb diário",78,TRUE,0.3181888846003552,"alta (>=0.3)",TRUE,0.1814962469273724,7,"jul",8,"ago",3,0.15,8,7,"theta_pi","jul"
"2449008","Cerro Azul","PR",-24.8433,-49.2733,"Hidroweb diário",74,TRUE,0.17814599109466048,"baixa (<0.20)",FALSE,0.08182778073516524,7,"jul",5,"mai",4,0.15,8,5,"ultimo_mes_seco","mai"
"2449011","Piraí do Sul","PR",-24.5293,-49.9292,"Hidroweb diário",52,TRUE,0.08155812328521383,"baixa (<0.20)",FALSE,6.137413650674102,6,"jun",8,"ago",1,0.15,8,8,"ultimo_mes_seco","ago"
"2449019","Jaguariaíva","PR",-24.2333,-49.7,"Hidroweb diário",77,TRUE,0.20086143957790692,"media (0.20-0.3)",FALSE,0.08243576659961072,7,"jul",8,"ago",2,0.15,8,8,"ultimo_mes_seco","ago"
"2449020","Cerro Azul","PR",-24.95,-49.3,"Hidroweb diário",49,TRUE,0.14404320931380193,"baixa (<0.20)",FALSE,0.40337449308881224,7,"jul",8,"ago",5,0.15,8,8,"ultimo_mes_seco","ago"
"2449021","Doutor Ulysses","PR",-24.567,-49.4197,"Hidroweb diário",51,TRUE,0.28908274259191175,"media (0.20-0.3)",FALSE,0.33302417512300564,7,"jul",8,"ago",4,0.15,8,8,"ultimo_mes_seco","ago"
"2449023","Cerro Azul","PR",-24.8556,-49.4665,"Hidroweb diário",51,TRUE,0.16149776466638505,"baixa (<0.20)",FALSE,0.5926666945503554,8,"ago",8,"ago",1,0.15,8,8,"ultimo_mes_seco","ago"
"2449024","Tunas do Paraná","PR",-24.9772,-49.0862,"Hidroweb diário",50,TRUE,0.052379485888818855,"baixa (<0.20)",FALSE,6.152055329154784,6,"jun",5,"mai",4,0.15,8,5,"ultimo_mes_seco","mai"
"2449026","Castro","PR",-24.9373,-49.8244,"Hidroweb diário",46,TRUE,0.0485671608343043,"baixa (<0.20)",FALSE,6.245162447801353,6,"jun",8,"ago",2,0.15,8,8,"ultimo_mes_seco","ago"
"2449028","Castro","PR",-24.7744,-49.7,"Hidroweb diário",45,TRUE,0.19649029661480108,"baixa (<0.20)",FALSE,0.30077715543802586,7,"jul",8,"ago",1,0.15,8,8,"ultimo_mes_seco","ago"
"2449030","Castro","PR",-24.6465,-49.7298,"Hidroweb diário",49,TRUE,0.06738413909858598,"baixa (<0.20)",FALSE,0.233776474226648,7,"jul",8,"ago",1,0.15,8,8,"ultimo_mes_seco","ago"
"2449032","Piraí do Sul","PR",-24.5003,-49.7262,"Hidroweb diário",50,TRUE,0.12683589734022727,"baixa (<0.20)",FALSE,6.173733989722968,6,"jun",8,"ago",2,0.15,8,8,"ultimo_mes_seco","ago"
"2449036","Jaguariaíva","PR",-24.383,-49.583,"Hidroweb diário",46,TRUE,0.2478427951725745,"media (0.20-0.3)",FALSE,0.5032632320836743,7,"jul",8,"ago",2,0.15,8,8,"ultimo_mes_seco","ago"
"2449040","Jaguariaíva","PR",-24.246,-49.7167,"Hidroweb diário",50,TRUE,0.16833689449837627,"baixa (<0.20)",FALSE,0.29644548484519984,7,"jul",8,"ago",2,0.15,8,8,"ultimo_mes_seco","ago"
"2449044","Senges","PR",-24.1,-49.4667,"Hidroweb diário",50,TRUE,0.2939599571457361,"media (0.20-0.3)",FALSE,0.05283716389541828,7,"jul",8,"ago",2,0.15,8,8,"ultimo_mes_seco","ago"
"2449045","São José da Boa Vista","PR",-24.0524,-49.6556,"Hidroweb diário",49,TRUE,0.1624548339418362,"baixa (<0.20)",FALSE,0.1192129163515574,7,"jul",8,"ago",2,0.15,8,8,"ultimo_mes_seco","ago"
"2449063","Rio Branco do Sul","PR",-24.9667,-49.4667,"Hidroweb diário",46,TRUE,0.20400724923913444,"media (0.20-0.3)",FALSE,0.4880770547261199,7,"jul",8,"ago",1,0.15,8,8,"ultimo_mes_seco","ago"
"2450002","Tibagi","PR",-24.5108,-50.4111,"Hidroweb diário",82,TRUE,0.13110529205241278,"baixa (<0.20)",FALSE,0.7056560071536462,8,"ago",8,"ago",1,0.15,8,8,"ultimo_mes_seco","ago"
"2450003","Curiúva","PR",-24.0322,-50.6925,"Hidroweb diário",37,TRUE,0.13004348751078176,"baixa (<0.20)",FALSE,6.252369770440658,6,"jun",8,"ago",2,0.15,8,8,"ultimo_mes_seco","ago"
"2450005","Telêmaco Borba","PR",-24.2831,-50.6331,"Hidroweb diário",52,TRUE,0.1755926013320974,"baixa (<0.20)",FALSE,5.487255040707099,5,"mai",8,"ago",2,0.15,8,8,"ultimo_mes_seco","ago"
"2450006","Ortigueira","PR",-24.045,-50.7128,"Hidroweb diário",62,TRUE,0.04526488806614334,"baixa (<0.20)",FALSE,5.79856499394964,6,"jun",8,"ago",2,0.15,8,8,"ultimo_mes_seco","ago"
"2450008","Ortigueira","PR",-24.2094,-50.9244,"Hidroweb diário",48,TRUE,0.05192416150033534,"baixa (<0.20)",FALSE,6.126204885941418,6,"jun",8,"ago",1,0.15,8,8,"ultimo_mes_seco","ago"
"2450009","Tibagi","PR",-24.7,-50.483,"Hidroweb diário",55,TRUE,0.058156690486445374,"baixa (<0.20)",FALSE,0.7893705924344108,8,"ago",8,"ago",2,0.15,8,8,"ultimo_mes_seco","ago"
"2450011","Telêmaco Borba","PR",-24.3333,-50.6167,"Hidroweb diário",42,TRUE,0.08550598622630329,"baixa (<0.20)",FALSE,0.14738011934126247,7,"jul",8,"ago",1,0.15,8,8,"ultimo_mes_seco","ago"
"2450013","Castro","PR",-24.7667,-50.0667,"Hidroweb diário",48,TRUE,0.012176749758243729,"baixa (<0.20)",FALSE,0.288043844642461,7,"jul",8,"ago",1,0.15,8,8,"ultimo_mes_seco","ago"
"2450021","Ponta Grossa","PR",-24.9847,-50.2623,"Hidroweb diário",50,TRUE,0.0896457800525783,"baixa (<0.20)",FALSE,1.3629960783853983,9,"set",8,"ago",1,0.15,8,8,"ultimo_mes_seco","ago"
"2450024","Carambeí","PR",-24.9682,-49.981,"Hidroweb diário",50,TRUE,0.03694496987572347,"baixa (<0.20)",FALSE,6.2591438465147275,6,"jun",8,"ago",1,0.15,8,8,"ultimo_mes_seco","ago"
"2450025","Tibagi","PR",-24.6804,-50.2459,"Hidroweb diário",50,TRUE,0.036979257001947215,"baixa (<0.20)",FALSE,1.0570345574236433,9,"set",8,"ago",1,0.15,8,8,"ultimo_mes_seco","ago"
"2450026","Castro","PR",-24.6662,-50.1342,"Hidroweb diário",50,TRUE,0.01030603140467039,"baixa (<0.20)",FALSE,1.6608339715832254,10,"out",8,"ago",1,0.15,8,8,"ultimo_mes_seco","ago"
"2450031","Piraí do Sul","PR",-24.3802,-50.1088,"Hidroweb diário",47,TRUE,0.17851766640282005,"baixa (<0.20)",FALSE,6.197053613830702,6,"jun",8,"ago",2,0.15,8,8,"ultimo_mes_seco","ago"
"2450034","Ventania","PR",-24.2577,-50.2403,"Hidroweb diário",50,TRUE,0.13530713203327224,"baixa (<0.20)",FALSE,0.5218003587245056,8,"ago",8,"ago",2,0.15,8,8,"ultimo_mes_seco","ago"
"2450036","Arapoti","PR",-24.2593,-50.0838,"Hidroweb diário",48,TRUE,0.14063755443570822,"baixa (<0.20)",FALSE,0.14102564793742145,7,"jul",8,"ago",2,0.15,8,8,"ultimo_mes_seco","ago"
"2450040","Reserva","PR",-24.4926,-50.8195,"Hidroweb diário",50,TRUE,0.08756029388666726,"baixa (<0.20)",FALSE,5.044173114942685,4,"abr",8,"ago",2,0.15,8,8,"ultimo_mes_seco","ago"
"2450048","Arapoti","PR",-24.0074,-50.1351,"Hidroweb diário",49,TRUE,0.2533993568473688,"media (0.20-0.3)",FALSE,6.231071972382477,6,"jun",8,"ago",2,0.15,8,8,"ultimo_mes_seco","ago"
"2450049","Ivaí","PR",-24.9575,-50.8919,"Hidroweb diário",50,TRUE,0.025997706446436727,"baixa (<0.20)",FALSE,0.3597711228440118,7,"jul",8,"ago",1,0.15,8,8,"ultimo_mes_seco","ago"
"2450050","Reserva","PR",-24.6688,-50.9349,"Hidroweb diário",38,TRUE,0.03562115322928702,"baixa (<0.20)",FALSE,1.401193678163477,9,"set",8,"ago",2,0.15,8,8,"ultimo_mes_seco","ago"
"2450052","Reserva","PR",-24.4185,-50.9776,"Hidroweb diário",50,TRUE,0.11128754625170763,"baixa (<0.20)",FALSE,0.5228863427607133,8,"ago",8,"ago",1,0.15,8,8,"ultimo_mes_seco","ago"
"2450054","Ipiranga","PR",-24.8616,-50.6486,"Hidroweb diário",43,TRUE,0.17876767670520496,"baixa (<0.20)",FALSE,1.0801904947119727,9,"set",5,"mai",2,0.15,8,5,"ultimo_mes_seco","mai"
"2450056","Ponta Grossa","PR",-24.95,-50.3833,"Hidroweb diário",36,TRUE,0.12047784729159165,"baixa (<0.20)",FALSE,5.70970880812588,5,"mai",5,"mai",5,0.15,8,5,"ultimo_mes_seco","mai"
"2450058","Reserva","PR",-24.6502,-50.859,"Hidroweb diário",42,TRUE,0.18500080467275906,"baixa (<0.20)",FALSE,0.14464521722247933,7,"jul",8,"ago",2,0.15,8,8,"ultimo_mes_seco","ago"
"2450062","Curiúva","PR",-24.0284,-50.6699,"Hidroweb diário",35,TRUE,0.18058120172674427,"baixa (<0.20)",FALSE,0.02611685826305392,7,"jul",8,"ago",2,0.15,8,8,"ultimo_mes_seco","ago"
"2451002","Jardim Alegre","PR",-24.05,-51.6167,"Hidroweb diário",55,TRUE,0.1598560665558892,"baixa (<0.20)",FALSE,0.41052564308491135,7,"jul",8,"ago",2,0.15,8,8,"ultimo_mes_seco","ago"
"2451003","Cândido de Abreu","PR",-24.8333,-51.15,"Hidroweb diário",68,TRUE,0.1301236144813795,"baixa (<0.20)",FALSE,2.682102667992896,12,"dez",8,"ago",2,0.15,8,8,"ultimo_mes_seco","ago"
"2451006","Cruzmaltina","PR",-24.1058,-51.4822,"Hidroweb diário",49,TRUE,0.14589171385567654,"baixa (<0.20)",FALSE,0.42390244070942584,7,"jul",8,"ago",2,0.15,8,8,"ultimo_mes_seco","ago"
"2451010","Santa Maria do Oeste","PR",-24.9328,-51.8834,"Hidroweb diário",58,TRUE,0.054585141394766896,"baixa (<0.20)",FALSE,3.6593189746447425,1,"jan",8,"ago",1,0.15,8,8,"ultimo_mes_seco","ago"
"2451012","Barbosa Ferraz","PR",-24.0667,-51.9333,"Hidroweb diário",42,TRUE,0.12152230732978292,"baixa (<0.20)",FALSE,6.226692848509671,6,"jun",8,"ago",1,0.15,8,8,"ultimo_mes_seco","ago"
"2451013","Pitanga","PR",-24.7571,-51.7714,"Hidroweb diário",60,TRUE,0.09857251200452381,"baixa (<0.20)",FALSE,4.005677358226565,2,"fev",8,"ago",3,0.15,8,8,"ultimo_mes_seco","ago"
"2451014","Ivaiporã","PR",-24.25,-51.65,"Hidroweb diário",69,TRUE,0.10493035122485743,"baixa (<0.20)",FALSE,6.15810418633389,6,"jun",8,"ago",2,0.15,8,8,"ultimo_mes_seco","ago"
"2451015","Manoel Ribas","PR",-24.5167,-51.6667,"Hidroweb diário",58,TRUE,0.09284604106750152,"baixa (<0.20)",FALSE,2.7606183716556307,12,"dez",8,"ago",2,0.15,8,8,"ultimo_mes_seco","ago"
"2451017","Grandes Rios","PR",-24.3444,-51.4239,"Hidroweb diário",59,TRUE,0.03301523040331867,"baixa (<0.20)",FALSE,3.2487079894160975,1,"jan",8,"ago",2,0.15,8,8,"ultimo_mes_seco","ago"
"2451020","Barbosa Ferraz","PR",-24.0167,-51.95,"Hidroweb diário",50,TRUE,0.10546515114348465,"baixa (<0.20)",FALSE,5.801558650439867,6,"jun",8,"ago",2,0.15,8,8,"ultimo_mes_seco","ago"
"2451021","Santa Maria do Oeste","PR",-24.7791,-51.9544,"Hidroweb diário",49,TRUE,0.023951708194742436,"baixa (<0.20)",FALSE,4.955728573464648,4,"abr",8,"ago",2,0.15,8,8,"ultimo_mes_seco","ago"
"2451022","Ivaiporã","PR",-24.2492,-51.5641,"Hidroweb diário",50,TRUE,0.18136888330803186,"baixa (<0.20)",FALSE,0.013871213923598896,7,"jul",8,"ago",1,0.15,8,8,"ultimo_mes_seco","ago"
"2451023","Grandes Rios","PR",-24.1844,-51.4249,"Hidroweb diário",41,TRUE,0.07692969147398437,"baixa (<0.20)",FALSE,1.0067968576352262,8,"ago",8,"ago",1,0.15,8,8,"ultimo_mes_seco","ago"
"2451026","Pitanga","PR",-24.6166,-51.833,"Hidroweb diário",50,TRUE,0.0087357009644173,"baixa (<0.20)",FALSE,0.0030274445419677803,7,"jul",8,"ago",2,0.15,8,8,"ultimo_mes_seco","ago"
"2451027","Boa Ventura de São Roque","PR",-24.9058,-51.6707,"Hidroweb diário",50,TRUE,0.0839585199584977,"baixa (<0.20)",FALSE,4.506039737427859,3,"mar",8,"ago",1,0.15,8,8,"ultimo_mes_seco","ago"
"2451028","Boa Ventura de São Roque","PR",-24.8836,-51.5436,"Hidroweb diário",50,TRUE,0.09022532763438097,"baixa (<0.20)",FALSE,3.265268908110513,1,"jan",8,"ago",1,0.15,8,8,"ultimo_mes_seco","ago"
"2451029","Turvo","PR",-24.9592,-51.3583,"Hidroweb diário",50,TRUE,0.06257373137950238,"baixa (<0.20)",FALSE,2.0880827785361475,10,"out",8,"ago",2,0.15,8,8,"ultimo_mes_seco","ago"
"2451032","Pitanga","PR",-24.7591,-51.6219,"Hidroweb diário",50,TRUE,0.06612599941954708,"baixa (<0.20)",FALSE,0.8615554232084504,8,"ago",8,"ago",2,0.15,8,8,"ultimo_mes_seco","ago"
"2451034","Prudentópolis","PR",-24.8407,-51.2968,"Hidroweb diário",49,TRUE,0.04382703147870071,"baixa (<0.20)",FALSE,2.7048769774169834,12,"dez",8,"ago",2,0.15,8,8,"ultimo_mes_seco","ago"
"2451035","Reserva","PR",-24.8565,-50.9889,"Hidroweb diário",50,TRUE,0.0674988416135859,"baixa (<0.20)",FALSE,5.275363711623022,5,"mai",8,"ago",2,0.15,8,8,"ultimo_mes_seco","ago"
"2451036","Pitanga","PR",-24.6411,-51.758,"Hidroweb diário",50,TRUE,0.042025100316674883,"baixa (<0.20)",FALSE,5.219082824205678,5,"mai",8,"ago",2,0.15,7,8,"ultimo_mes_seco","ago"
"2451038","Cândido de Abreu","PR",-24.6268,-51.249,"Hidroweb diário",50,TRUE,0.13314476998335906,"baixa (<0.20)",FALSE,2.7571228151568103,12,"dez",8,"ago",1,0.15,8,8,"ultimo_mes_seco","ago"
"2451039","Reserva","PR",-24.6833,-51.0597,"Hidroweb diário",41,TRUE,0.09835234161412318,"baixa (<0.20)",FALSE,2.4392945659558376,11,"nov",8,"ago",1,0.15,8,8,"ultimo_mes_seco","ago"
"2451043","Reserva","PR",-24.5694,-51.153,"Hidroweb diário",49,TRUE,0.07272128691896576,"baixa (<0.20)",FALSE,3.9357943916061764,2,"fev",8,"ago",1,0.15,8,8,"ultimo_mes_seco","ago"
"2451044","Nova Tebas","PR",-24.4166,-51.933,"Hidroweb diário",50,TRUE,0.15698807980817148,"baixa (<0.20)",FALSE,0.094825653316656,7,"jul",8,"ago",1,0.15,8,8,"ultimo_mes_seco","ago"
"2451045","Ivaiporã","PR",-24.353,-51.6913,"Hidroweb diário",46,TRUE,0.11953307634244474,"baixa (<0.20)",FALSE,1.8018528410023236,10,"out",8,"ago",1,0.15,8,8,"ultimo_mes_seco","ago"
"2451046","Ariranha do Ivaí","PR",-24.3845,-51.5897,"Hidroweb diário",50,TRUE,0.045097221655160266,"baixa (<0.20)",FALSE,1.0851638341168572,9,"set",8,"ago",2,0.15,8,8,"ultimo_mes_seco","ago"
"2451047","Rio Branco do Ivaí","PR",-24.3222,-51.3114,"Hidroweb diário",50,TRUE,0.06641274482722653,"baixa (<0.20)",FALSE,5.236025784981556,5,"mai",8,"ago",2,0.15,8,8,"ultimo_mes_seco","ago"
"2451049","Jardim Alegre","PR",-24.1144,-51.7341,"Hidroweb diário",48,TRUE,0.15036558223258317,"baixa (<0.20)",FALSE,0.035769358337247564,7,"jul",8,"ago",2,0.15,8,8,"ultimo_mes_seco","ago"
"2451051","Cândido de Abreu","PR",-24.565,-51.3313,"Hidroweb diário",41,TRUE,0.04989512784685818,"baixa (<0.20)",FALSE,4.914031629222964,4,"abr",8,"ago",1,0.15,8,8,"ultimo_mes_seco","ago"
"2452000","Altamira do Paraná","PR",-24.7489,-52.7019,"Hidroweb diário",54,TRUE,0.09663336721301999,"baixa (<0.20)",FALSE,2.5716502711704443,11,"nov",8,"ago",1,0.15,8,8,"ultimo_mes_seco","ago"
"2452001","Campina da Lagoa","PR",-24.5544,-52.9014,"Hidroweb diário",53,TRUE,0.14832295008975846,"baixa (<0.20)",FALSE,0.6979831072995764,8,"ago",8,"ago",2,0.15,8,8,"ultimo_mes_seco","ago"
"2452004","Campo Mourão","PR",-24.0333,-52.2667,"Hidroweb diário",32,TRUE,0.37035341315364584,"alta (>=0.3)",TRUE,5.9882205764828695,6,"jun",8,"ago",2,0.15,8,6,"theta_pi","jun"
"2452007","Campo Mourão","PR",-24.0472,-52.3674,"Hidroweb diário",51,TRUE,0.24959147244202157,"media (0.20-0.3)",FALSE,0.4995695151306784,7,"jul",8,"ago",2,0.15,7,8,"ultimo_mes_seco","ago"
"2452008","Iretama","PR",-24.4183,-52.1058,"Hidroweb diário",51,TRUE,0.07695176957706631,"baixa (<0.20)",FALSE,5.614637164122709,5,"mai",8,"ago",2,0.15,8,8,"ultimo_mes_seco","ago"
"2452009","Ubiratã","PR",-24.5338,-52.9908,"Hidroweb diário",60,TRUE,0.16173820017281568,"baixa (<0.20)",FALSE,0.570677996317292,8,"ago",8,"ago",2,0.15,7,8,"ultimo_mes_seco","ago"
"2452010","Janiópolis","PR",-24.133,-52.7666,"Hidroweb diário",58,TRUE,0.14788643907565377,"baixa (<0.20)",FALSE,0.5042098550191936,7,"jul",8,"ago",2,0.15,7,8,"ultimo_mes_seco","ago"
"2452011","Campina da Lagoa","PR",-24.5997,-52.8041,"Hidroweb diário",58,TRUE,0.17933422346090352,"baixa (<0.20)",FALSE,1.0967885740451602,9,"set",8,"ago",2,0.15,8,8,"ultimo_mes_seco","ago"
"2452012","Altamira do Paraná","PR",-24.7997,-52.6999,"Hidroweb diário",55,TRUE,0.07076420094978401,"baixa (<0.20)",FALSE,0.10422435481941489,7,"jul",8,"ago",2,0.15,8,8,"ultimo_mes_seco","ago"
"2452013","Nova Cantu","PR",-24.6666,-52.5666,"Hidroweb diário",32,TRUE,0.09087505549464778,"baixa (<0.20)",FALSE,5.928238552799215,6,"jun",8,"ago",2,0.15,7,8,"ultimo_mes_seco","ago"
"2452014","Mamborê","PR",-24.283,-52.5166,"Hidroweb diário",60,TRUE,0.07024549047497256,"baixa (<0.20)",FALSE,5.591165898327468,5,"mai",8,"ago",2,0.15,8,8,"ultimo_mes_seco","ago"
"2452015","Roncador","PR",-24.5955,-52.2739,"Hidroweb diário",59,TRUE,0.02992292576346535,"baixa (<0.20)",FALSE,5.894229574379535,6,"jun",8,"ago",2,0.15,8,8,"ultimo_mes_seco","ago"
"2452016","Palmital","PR",-24.8844,-52.2027,"Hidroweb diário",58,TRUE,0.05076283668750139,"baixa (<0.20)",FALSE,1.0797525561899204,9,"set",8,"ago",1,0.15,8,8,"ultimo_mes_seco","ago"
"2452018","Campo Mourão","PR",-24.05,-52.3667,"Hidroweb diário",44,TRUE,0.17965781246213625,"baixa (<0.20)",FALSE,0.010758856986758943,7,"jul",8,"ago",1,0.15,8,8,"ultimo_mes_seco","ago"
"2452019","Laranjal","PR",-24.8858,-52.4738,"Hidroweb diário",50,TRUE,0.09443259004256786,"baixa (<0.20)",FALSE,0.4411635251837996,7,"jul",8,"ago",2,0.15,8,8,"ultimo_mes_seco","ago"
"2452029","Farol","PR",-24.0905,-52.6213,"Hidroweb diário",49,TRUE,0.11517622336651057,"baixa (<0.20)",FALSE,5.9723334387098035,6,"jun",8,"ago",2,0.15,7,8,"ultimo_mes_seco","ago"
"2452033","Juranda","PR",-24.3464,-52.9331,"Hidroweb diário",49,TRUE,0.12460038387441981,"baixa (<0.20)",FALSE,2.6913014686001895,12,"dez",8,"ago",2,0.15,7,8,"ultimo_mes_seco","ago"
"2452035","Mamborê","PR",-24.433,-52.5497,"Hidroweb diário",49,TRUE,0.059752217476348575,"baixa (<0.20)",FALSE,3.46865699886752,1,"jan",8,"ago",2,0.15,7,8,"ultimo_mes_seco","ago"
"2452040","Mamborê","PR",-24.3166,-52.6499,"Hidroweb diário",50,TRUE,0.05728592901139494,"baixa (<0.20)",FALSE,0.07445049190737497,7,"jul",8,"ago",2,0.15,8,8,"ultimo_mes_seco","ago"
"2452041","Roncador","PR",-24.5011,-52.2445,"Hidroweb diário",50,TRUE,0.09837301851469175,"baixa (<0.20)",FALSE,6.231793679765492,6,"jun",8,"ago",2,0.15,8,8,"ultimo_mes_seco","ago"
"2452042","Roncador","PR",-24.5,-52.0497,"Hidroweb diário",50,TRUE,0.16481808995461253,"baixa (<0.20)",FALSE,0.3691455136911981,7,"jul",8,"ago",2,0.15,8,8,"ultimo_mes_seco","ago"
"2452044","Iretama","PR",-24.4287,-52.1816,"Hidroweb diário",50,TRUE,0.09113919492576218,"baixa (<0.20)",FALSE,0.8177325517473382,8,"ago",8,"ago",2,0.15,7,8,"ultimo_mes_seco","ago"
"2452045","Campo Mourão","PR",-24.2347,-52.4025,"Hidroweb diário",50,TRUE,0.07839514977905312,"baixa (<0.20)",FALSE,6.1094752116934234,6,"jun",8,"ago",2,0.15,8,8,"ultimo_mes_seco","ago"
"2452046","Luiziana","PR",-24.283,-52.2666,"Hidroweb diário",50,TRUE,0.11426371103798863,"baixa (<0.20)",FALSE,0.16194336103218313,7,"jul",8,"ago",2,0.15,8,8,"ultimo_mes_seco","ago"
"2452047","Iretama","PR",-24.2927,-52.0769,"Hidroweb diário",44,TRUE,0.2504189369269074,"media (0.20-0.3)",FALSE,1.4263218340789567,9,"set",8,"ago",2,0.15,7,8,"ultimo_mes_seco","ago"
"2452050","Nova Cantu","PR",-24.6667,-52.5667,"Hidroweb diário",38,TRUE,0.10671825760729824,"baixa (<0.20)",FALSE,1.3170847547818239,9,"set",8,"ago",2,0.15,8,8,"ultimo_mes_seco","ago"
"2452051","Diamante do Sul","PR",-24.9472,-52.5978,"Hidroweb diário",41,TRUE,0.11755130498942137,"baixa (<0.20)",FALSE,0.4984955296346554,7,"jul",8,"ago",1,0.15,8,8,"ultimo_mes_seco","ago"
"2453000","Iporã","PR",-24.1667,-53.7333,"Hidroweb diário",44,TRUE,0.08179032414767566,"baixa (<0.20)",FALSE,0.29495011718303704,7,"jul",8,"ago",2,0.15,8,8,"ultimo_mes_seco","ago"
"2453001","Ubiratã","PR",-24.5583,-53.1289,"Hidroweb diário",54,TRUE,0.09127025293903053,"baixa (<0.20)",FALSE,0.40094389646597767,7,"jul",8,"ago",2,0.15,7,8,"ultimo_mes_seco","ago"
"2453003","Palotina","PR",-24.3,-53.9167,"Hidroweb diário",43,TRUE,0.14142560173770544,"baixa (<0.20)",FALSE,0.22520927284535244,7,"jul",8,"ago",1,0.15,8,8,"ultimo_mes_seco","ago"
"2453004","Assis Chateaubriand","PR",-24.4166,-53.5166,"Hidroweb diário",34,TRUE,0.10738347694074374,"baixa (<0.20)",FALSE,3.8347773938294307,2,"fev",8,"ago",2,0.15,8,8,"ultimo_mes_seco","ago"
"2453008","Alto Piquiri","PR",-24.03,-53.438,"Hidroweb diário",58,TRUE,0.16421784562414343,"baixa (<0.20)",FALSE,0.40050456435528126,7,"jul",8,"ago",2,0.15,8,8,"ultimo_mes_seco","ago"
"2453009","Formosa do Oeste","PR",-24.2,-53.3333,"Hidroweb diário",57,TRUE,0.14442848609812492,"baixa (<0.20)",FALSE,0.706908740386219,8,"ago",8,"ago",2,0.15,8,8,"ultimo_mes_seco","ago"
"2453010","Formosa do Oeste","PR",-24.283,-53.3166,"Hidroweb diário",58,TRUE,0.08173932108436432,"baixa (<0.20)",FALSE,0.49142874457205843,7,"jul",8,"ago",2,0.15,7,8,"ultimo_mes_seco","ago"
"2453011","Nova Aurora","PR",-24.5667,-53.2,"Hidroweb diário",40,TRUE,0.170161805751597,"baixa (<0.20)",FALSE,1.539445470147793,9,"set",8,"ago",2,0.15,8,8,"ultimo_mes_seco","ago"
"2453012","Corbélia","PR",-24.7986,-53.2913,"Hidroweb diário",59,TRUE,0.08818904465902351,"baixa (<0.20)",FALSE,0.7933109486198852,8,"ago",8,"ago",2,0.15,7,8,"ultimo_mes_seco","ago"
"2453013","Iguatu","PR",-24.6333,-53.1,"Hidroweb diário",60,TRUE,0.0714269508595139,"baixa (<0.20)",FALSE,0.3783508223127375,7,"jul",8,"ago",2,0.15,7,8,"ultimo_mes_seco","ago"
"2453014","Braganey","PR",-24.8969,-53.0776,"Hidroweb diário",58,TRUE,0.0709666056105002,"baixa (<0.20)",FALSE,0.6617710084399412,8,"ago",8,"ago",2,0.15,8,8,"ultimo_mes_seco","ago"
"2453016","Goioerê","PR",-24.1933,-53.0319,"Hidroweb diário",52,TRUE,0.0766164761843387,"baixa (<0.20)",FALSE,0.3422837075520735,7,"jul",8,"ago",1,0.15,8,8,"ultimo_mes_seco","ago"
"2453017","Toledo","PR",-24.7255,-53.8449,"Hidroweb diário",56,TRUE,0.09093084891281544,"baixa (<0.20)",FALSE,6.187410827733934,6,"jun",8,"ago",2,0.15,7,8,"ultimo_mes_seco","ago"
"2453023","Cascavel","PR",-24.9333,-53.4333,"Hidroweb diário",36,TRUE,0.04888356088107111,"baixa (<0.20)",FALSE,1.6229091434902962,10,"out",8,"ago",2,0.15,7,8,"ultimo_mes_seco","ago"
"2453026","Ouro Verde do Oeste","PR",-24.7755,-53.9016,"Hidroweb diário",50,TRUE,0.13736380401704604,"baixa (<0.20)",FALSE,0.6029642157511619,8,"ago",8,"ago",2,0.15,8,8,"ultimo_mes_seco","ago"
"2453027","Toledo","PR",-24.7727,-53.6427,"Hidroweb diário",50,TRUE,0.08644448958102413,"baixa (<0.20)",FALSE,0.06582064862068382,7,"jul",8,"ago",2,0.15,8,8,"ultimo_mes_seco","ago"
"2453028","Toledo","PR",-24.6202,-53.9261,"Hidroweb diário",50,TRUE,0.126393709570342,"baixa (<0.20)",FALSE,0.029402421759792744,7,"jul",8,"ago",2,0.15,7,8,"ultimo_mes_seco","ago"
"2453030","Assis Chateaubriand","PR",-24.6111,-53.6141,"Hidroweb diário",50,TRUE,0.09657012215809263,"baixa (<0.20)",FALSE,6.06822230339512,6,"jun",8,"ago",2,0.15,7,8,"ultimo_mes_seco","ago"
"2453037","Nova Aurora","PR",-24.573,-53.3799,"Hidroweb diário",50,TRUE,0.12312263916706981,"baixa (<0.20)",FALSE,0.025101850624530964,7,"jul",8,"ago",2,0.15,7,8,"ultimo_mes_seco","ago"
"2453043","Nova Aurora","PR",-24.3781,-53.1619,"Hidroweb diário",45,TRUE,0.14117085545066121,"baixa (<0.20)",FALSE,1.6264213446512323,10,"out",8,"ago",2,0.15,8,8,"ultimo_mes_seco","ago"
"2453047","Maripa","PR",-24.423,-53.8277,"Hidroweb diário",49,TRUE,0.21040200458603323,"media (0.20-0.3)",FALSE,0.5748090079592119,8,"ago",8,"ago",2,0.15,8,8,"ultimo_mes_seco","ago"
"2453048","Nova Santa Rosa","PR",-24.39,-53.9558,"Hidroweb diário",48,TRUE,0.19703537470538587,"baixa (<0.20)",FALSE,0.6906690369647743,8,"ago",8,"ago",2,0.15,7,8,"ultimo_mes_seco","ago"
"2453050","Brasilândia do Sul","PR",-24.1983,-53.5255,"Hidroweb diário",49,TRUE,0.14371442480360178,"baixa (<0.20)",FALSE,0.5694720542267516,8,"ago",8,"ago",2,0.15,8,8,"ultimo_mes_seco","ago"
"2453052","Francisco Alves","PR",-24.0964,-53.9655,"Hidroweb diário",49,TRUE,0.20253547208893916,"media (0.20-0.3)",FALSE,0.5919066087297982,8,"ago",8,"ago",2,0.15,8,8,"ultimo_mes_seco","ago"
"2453056","Cascavel","PR",-24.9619,-53.2433,"Hidroweb diário",50,TRUE,0.03870027477368343,"baixa (<0.20)",FALSE,0.14667266829906783,7,"jul",8,"ago",2,0.15,8,8,"ultimo_mes_seco","ago"
"2453059","Toledo","PR",-24.677,-53.7104,"Hidroweb diário",45,TRUE,0.1881644266423621,"baixa (<0.20)",FALSE,0.24005924603526824,7,"jul",8,"ago",2,0.15,7,8,"ultimo_mes_seco","ago"
"2454000","Marechal Cândido Rondon","PR",-24.4922,-54.3161,"Hidroweb diário",68,TRUE,0.10873087134749057,"baixa (<0.20)",FALSE,0.9586857800638122,8,"ago",8,"ago",2,0.15,8,8,"ultimo_mes_seco","ago"
"2454001","Guaíra","PR",-24.0666,-54.25,"Hidroweb diário",63,TRUE,0.22061656516012285,"media (0.20-0.3)",FALSE,0.2472805837327606,7,"jul",8,"ago",2,0.15,8,8,"ultimo_mes_seco","ago"
"2454003","Entre Rios do Oeste","PR",-24.6919,-54.2327,"Hidroweb diário",62,TRUE,0.1719048288855237,"baixa (<0.20)",FALSE,6.120764786621326,6,"jun",8,"ago",2,0.15,7,8,"ultimo_mes_seco","ago"
"2454004","Pato Bragado","PR",-24.6481,-54.2983,"Hidroweb diário",50,TRUE,0.12245740623071648,"baixa (<0.20)",FALSE,5.541980783051215,5,"mai",8,"ago",3,0.15,7,8,"ultimo_mes_seco","ago"
"2454006","Terra Roxa","PR",-24.1674,-54.0995,"Hidroweb diário",57,TRUE,0.2401685228666079,"media (0.20-0.3)",FALSE,6.204412379886295,6,"jun",8,"ago",2,0.15,7,8,"ultimo_mes_seco","ago"
"2454011","Vera Cruz do Oeste","PR",-24.9769,-53.9838,"Hidroweb diário",50,TRUE,0.11571309563135235,"baixa (<0.20)",FALSE,5.667753072316088,5,"mai",8,"ago",2,0.15,8,8,"ultimo_mes_seco","ago"
"2454012","Santa Helena","PR",-24.7786,-54.2397,"Hidroweb diário",50,TRUE,0.11447695031413399,"baixa (<0.20)",FALSE,0.09363533588432751,7,"jul",8,"ago",2,0.15,8,8,"ultimo_mes_seco","ago"
"2454015","Mercedes","PR",-24.4541,-54.1622,"Hidroweb diário",50,TRUE,0.26308159867500636,"media (0.20-0.3)",FALSE,0.33819948959697077,7,"jul",8,"ago",2,0.15,7,8,"ultimo_mes_seco","ago"
"2454016","Guaíra","PR",-24.3058,-54.1547,"Hidroweb diário",50,TRUE,0.22717976267685544,"media (0.20-0.3)",FALSE,6.241394921217913,6,"jun",8,"ago",2,0.15,8,8,"ultimo_mes_seco","ago"
"2454018","Diamante D'oeste","PR",-24.9066,-54.2019,"Hidroweb diário",50,TRUE,0.0816577453013297,"baixa (<0.20)",FALSE,0.07881713824844218,7,"jul",8,"ago",2,0.15,8,8,"ultimo_mes_seco","ago"
"2548000","Morretes","PR",-25.4667,-48.8333,"Hidroweb diário",85,TRUE,0.4591517828991247,"alta (>=0.3)",TRUE,0.7509125886300637,8,"ago",8,"ago",4,0.15,8,8,"theta_pi","ago"
"2548001","Campina Grande do Sul","PR",-25.1697,-48.8794,"Hidroweb diário",81,TRUE,0.25286619853512193,"media (0.20-0.3)",FALSE,0.404509557178647,7,"jul",8,"ago",5,0.15,8,8,"ultimo_mes_seco","ago"
"2548002","Morretes","PR",-25.4283,-48.9442,"Hidroweb diário",57,TRUE,0.36119292821744464,"alta (>=0.3)",TRUE,0.13865584116087037,7,"jul",8,"ago",3,0.15,7,7,"theta_pi","jul"
"2548003","Antonina","PR",-25.2333,-48.75,"Hidroweb diário",78,TRUE,0.6266475169877966,"alta (>=0.3)",TRUE,0.5483246924432866,8,"ago",8,"ago",4,0.15,8,8,"theta_pi","ago"
"2548004","Matinhos","PR",-25.8167,-48.5333,"Hidroweb diário",33,TRUE,0.4722432531250686,"alta (>=0.3)",TRUE,0.7008299082539581,8,"ago",8,"ago",2,0.15,7,8,"theta_pi","ago"
"2548005","Paranaguá","PR",-25.5167,-48.5167,"Hidroweb diário",33,TRUE,0.4197067334311476,"alta (>=0.3)",TRUE,0.7395629502086808,8,"ago",8,"ago",4,0.15,8,8,"theta_pi","ago"
"2548006","Guaraqueçaba","PR",-25.3,-48.3333,"Hidroweb diário",31,TRUE,0.7199565128012001,"alta (>=0.3)",TRUE,0.41816656274006736,7,"jul",7,"jul",2,0.15,6,7,"theta_pi","jul"
"2548010","Paranaguá","PR",-25.5167,-48.5167,"Hidroweb diário",80,TRUE,0.5249317904020088,"alta (>=0.3)",TRUE,0.7123373056162489,8,"ago",8,"ago",3,0.15,7,8,"theta_pi","ago"
"2548016","Paranaguá","PR",-25.5667,-48.6333,"Hidroweb diário",50,TRUE,0.5508972379170791,"alta (>=0.3)",TRUE,0.861366344681529,8,"ago",8,"ago",4,0.15,8,8,"theta_pi","ago"
"2548017","Morretes","PR",-25.5167,-48.7167,"Hidroweb diário",39,TRUE,0.28616015123881117,"media (0.20-0.3)",FALSE,0.6901149442518761,8,"ago",8,"ago",3,0.15,7,8,"ultimo_mes_seco","ago"
"2548020","Guaratuba","PR",-25.9166,-48.883,"Hidroweb diário",45,TRUE,0.4043398248994695,"alta (>=0.3)",TRUE,0.73458412509133,8,"ago",8,"ago",4,0.15,7,8,"theta_pi","ago"
"2548021","Paranaguá","PR",-25.5166,-48.5166,"Hidroweb diário",32,TRUE,0.4790349636010644,"alta (>=0.3)",TRUE,0.6693124074948605,8,"ago",8,"ago",4,0.15,8,8,"theta_pi","ago"
"2548023","Guaraqueçaba","PR",-25.2666,-48.2997,"Hidroweb diário",44,TRUE,0.6593380746067478,"alta (>=0.3)",TRUE,0.6781319597628431,8,"ago",8,"ago",4,0.15,8,8,"theta_pi","ago"
"2548027","Morretes","PR",-25.5058,-48.8741,"Hidroweb diário",52,TRUE,0.34149804640558873,"alta (>=0.3)",TRUE,0.6149415875454816,8,"ago",8,"ago",4,0.15,8,8,"theta_pi","ago"
"2548036","Campina Grande do Sul","PR",-25.3046032,-49.0545355,"Hidroweb diário",49,TRUE,0.2817210498928351,"media (0.20-0.3)",FALSE,0.41210497794954704,7,"jul",5,"mai",2,0.15,8,5,"ultimo_mes_seco","mai"
"2548038","Morretes","PR",-25.5,-48.8167,"Hidroweb diário",48,TRUE,0.4056516889033506,"alta (>=0.3)",TRUE,0.5893282024750846,8,"ago",6,"jun",3,0.15,8,8,"theta_pi","ago"
"2548039","Guaraqueçaba","PR",-25.3,-48.3333,"Hidroweb diário",39,TRUE,0.7181957049833041,"alta (>=0.3)",TRUE,0.756659989996991,8,"ago",6,"jun",3,0.15,8,8,"theta_pi","ago"
"2548040","Bocaiúva do Sul","PR",-25.0833,-48.8333,"Hidroweb diário",40,TRUE,0.27523533651369003,"media (0.20-0.3)",FALSE,0.4486771327028456,7,"jul",5,"mai",3,0.15,8,5,"ultimo_mes_seco","mai"
"2548041","Piraquara","PR",-25.4925,-48.9938,"Hidroweb diário",94,TRUE,0.22144743089147412,"media (0.20-0.3)",FALSE,0.7303770684088315,8,"ago",8,"ago",2,0.15,8,8,"ultimo_mes_seco","ago"
"2548042","Guaraqueçaba","PR",-25.083,-48.2166,"Hidroweb diário",48,TRUE,0.7317128751005902,"alta (>=0.3)",TRUE,0.7028484531392883,8,"ago",8,"ago",3,0.15,8,8,"theta_pi","ago"
"2548043","Guaraqueçaba","PR",-25.1822,-48.4033,"Hidroweb diário",44,TRUE,0.48115403643388327,"alta (>=0.3)",TRUE,0.6584050034585447,8,"ago",8,"ago",4,0.15,8,8,"theta_pi","ago"
"2548044","Guaraqueçaba","PR",-25.2142,-48.465,"Hidroweb diário",43,TRUE,0.4898687183680675,"alta (>=0.3)",TRUE,0.5839113842808379,8,"ago",6,"jun",2,0.15,8,8,"theta_pi","ago"
"2548047","Morretes","PR",-25.3888,-48.8588,"Hidroweb diário",50,TRUE,0.5023255571019681,"alta (>=0.3)",TRUE,0.4899910159767884,7,"jul",8,"ago",4,0.15,8,7,"theta_pi","jul"
"2548049","Paranaguá","PR",-25.5966,-48.6247,"Hidroweb diário",48,TRUE,0.46795655158996663,"alta (>=0.3)",TRUE,0.5985351461470303,8,"ago",8,"ago",4,0.15,8,8,"theta_pi","ago"
"2548052","São José dos Pinhais","PR",-25.8127,-48.9236,"Hidroweb diário",51,TRUE,0.28146233593933684,"media (0.20-0.3)",FALSE,0.34383536750003796,7,"jul",8,"ago",4,0.15,8,8,"ultimo_mes_seco","ago"
"2548053","Guaratuba","PR",-25.8777,-48.618,"Hidroweb diário",45,TRUE,0.550943818092743,"alta (>=0.3)",TRUE,0.5748866710813941,8,"ago",8,"ago",3,0.15,8,8,"theta_pi","ago"
"2548068","Antonina","PR",-25.4307,-48.72,"Hidroweb diário",51,TRUE,0.4869552448824959,"alta (>=0.3)",TRUE,0.2750246210233997,7,"jul",6,"jun",3,0.15,8,7,"theta_pi","jul"
"2549000","Lapa","PR",-25.9333,-49.7833,"Hidroweb diário",77,TRUE,0.13421773523159086,"baixa (<0.20)",FALSE,1.1531202815949249,9,"set",5,"mai",4,0.15,4,5,"ultimo_mes_seco","mai"
"2549001","Porto Amazonas","PR",-25.55,-49.8833,"Hidroweb diário",80,TRUE,0.18485878542243556,"baixa (<0.20)",FALSE,1.5516782509342055,9,"set",8,"ago",3,0.15,8,8,"ultimo_mes_seco","ago"
"2549002","Curitiba","PR",-25.4167,-49.3,"Hidroweb diário",40,TRUE,0.1784612942108844,"baixa (<0.20)",FALSE,0.26234269675416855,7,"jul",5,"mai",4,0.15,5,5,"ultimo_mes_seco","mai"
"2549003","Quitandinha","PR",-25.95,-49.3931,"Hidroweb diário",83,TRUE,0.10655272390575385,"baixa (<0.20)",FALSE,0.856357703106192,8,"ago",5,"mai",4,0.15,4,5,"ultimo_mes_seco","mai"
"2549004","Piraquara","PR",-25.45,-49.0667,"Hidroweb diário",65,TRUE,0.17587738734750452,"baixa (<0.20)",FALSE,0.6170068657039939,8,"ago",5,"mai",4,0.15,5,5,"ultimo_mes_seco","mai"
"2549006","Curitiba","PR",-25.4333,-49.2667,"Hidroweb diário",128,TRUE,0.1605089056480296,"baixa (<0.20)",FALSE,0.9111787968371898,8,"ago",5,"mai",4,0.15,7,5,"ultimo_mes_seco","mai"
"2549007","São José dos Pinhais","PR",-25.7333,-49,"Hidroweb diário",42,TRUE,0.333839956095715,"alta (>=0.3)",TRUE,0.480715928189277,7,"jul",8,"ago",4,0.15,6,7,"theta_pi","jul"
"2549008","Tijucas do Sul","PR",-25.8167,-49.0833,"Hidroweb diário",52,TRUE,0.2774903663240463,"media (0.20-0.3)",FALSE,0.9118653095835872,8,"ago",8,"ago",5,0.15,8,8,"ultimo_mes_seco","ago"
"2549010","Piraquara","PR",-25.4722,-49.015,"Hidroweb diário",53,TRUE,0.14740820107546287,"baixa (<0.20)",FALSE,0.32252218753662854,7,"jul",5,"mai",4,0.15,8,5,"ultimo_mes_seco","mai"
"2549012","Rio Branco do Sul","PR",-25.1333,-49.2833,"Hidroweb diário",48,TRUE,0.13345846790980098,"baixa (<0.20)",FALSE,0.8521344575332478,8,"ago",8,"ago",3,0.15,5,8,"ultimo_mes_seco","ago"
"2549013","Lapa","PR",-25.6331,-49.75,"Hidroweb diário",48,TRUE,0.21632770929860667,"media (0.20-0.3)",FALSE,0.13714238583149008,7,"jul",5,"mai",4,0.15,5,5,"ultimo_mes_seco","mai"
"2549015","Campo Largo","PR",-25.5,-49.4999,"Hidroweb diário",31,TRUE,0.035992771420205565,"baixa (<0.20)",FALSE,1.2615179331299329,9,"set",8,"ago",3,0.15,8,8,"ultimo_mes_seco","ago"
"2549017","São José dos Pinhais","PR",-25.5192,-49.1467,"Hidroweb diário",60,TRUE,0.3289452981978027,"alta (>=0.3)",TRUE,0.5667264814704143,8,"ago",5,"mai",3,0.15,8,8,"theta_pi","ago"
"2549019","Balsa Nova","PR",-25.4595,-49.5848,"Hidroweb diário",60,TRUE,0.1171742639084983,"baixa (<0.20)",FALSE,0.39430532288598036,7,"jul",5,"mai",2,0.15,8,5,"ultimo_mes_seco","mai"
"2549040","Contenda","PR",-25.6801,-49.5417,"Hidroweb diário",37,TRUE,0.13008581063315686,"baixa (<0.20)",FALSE,5.634123551264635,5,"mai",5,"mai",3,0.15,8,5,"ultimo_mes_seco","mai"
"2549042","Quatro Barras","PR",-25.3675,-49.074,"Hidroweb diário",31,TRUE,0.06635705252712794,"baixa (<0.20)",FALSE,0.838949111727951,8,"ago",8,"ago",5,0.15,6,8,"ultimo_mes_seco","ago"
"2549045","Campo Largo","PR",-25.3551,-49.5076,"Hidroweb diário",50,TRUE,0.05584635678902136,"baixa (<0.20)",FALSE,6.14802831904636,6,"jun",5,"mai",3,0.15,4,5,"ultimo_mes_seco","mai"
"2549047","Campo Largo","PR",-25.22,-49.6476,"Hidroweb diário",51,TRUE,0.1245671669273889,"baixa (<0.20)",FALSE,0.5153689509530793,7,"jul",4,"abr",2,0.15,8,4,"ultimo_mes_seco","abr"
"2549048","Campo Largo","PR",-25.2914,-49.5352,"Hidroweb diário",51,TRUE,0.09603624074903441,"baixa (<0.20)",FALSE,0.16149106387206927,7,"jul",4,"abr",2,0.15,8,4,"ultimo_mes_seco","abr"
"2549051","Bocaiúva do Sul","PR",-25.2072,-49.1113,"Hidroweb diário",58,TRUE,0.06461681726501096,"baixa (<0.20)",FALSE,0.10030710683159404,7,"jul",8,"ago",3,0.15,8,8,"ultimo_mes_seco","ago"
"2549052","Ponta Grossa","PR",-25.1496,-49.9021,"Hidroweb diário",50,TRUE,0.1379590938274777,"baixa (<0.20)",FALSE,0.04082018115317968,7,"jul",8,"ago",1,0.15,8,8,"ultimo_mes_seco","ago"
"2549053","Itaperuçu","PR",-25.133,-49.5166,"Hidroweb diário",51,TRUE,0.18914319409945735,"baixa (<0.20)",FALSE,6.196694350008473,6,"jun",8,"ago",1,0.15,8,8,"ultimo_mes_seco","ago"
"2549054","Cerro Azul","PR",-25.0652,-49.1236,"Hidroweb diário",51,TRUE,0.13916020587375616,"baixa (<0.20)",FALSE,5.576483644850626,5,"mai",5,"mai",4,0.15,8,5,"ultimo_mes_seco","mai"
"2549056","Campo Largo","PR",-25.0137,-49.6414,"Hidroweb diário",50,TRUE,0.24974523941698962,"media (0.20-0.3)",FALSE,0.4848757134828996,7,"jul",8,"ago",2,0.15,8,8,"ultimo_mes_seco","ago"
"2549059","Lapa","PR",-25.7996,-49.8831,"Hidroweb diário",50,TRUE,0.11378043569771537,"baixa (<0.20)",FALSE,0.6928770040231571,8,"ago",4,"abr",2,0.15,8,4,"ultimo_mes_seco","abr"
"2549061","Quitandinha","PR",-25.855,-49.5258,"Hidroweb diário",49,TRUE,0.10477998369693205,"baixa (<0.20)",FALSE,0.6656246209742713,8,"ago",5,"mai",3,0.15,4,5,"ultimo_mes_seco","mai"
"2549062","Mandirituba","PR",-25.777,-49.3247,"Hidroweb diário",46,TRUE,0.10311042045928197,"baixa (<0.20)",FALSE,6.2735254753259895,7,"jul",5,"mai",3,0.15,8,5,"ultimo_mes_seco","mai"
"2549063","Tijucas do Sul","PR",-25.7852,-49.1392,"Hidroweb diário",48,TRUE,0.04824529701172644,"baixa (<0.20)",FALSE,0.40234305727207237,7,"jul",5,"mai",3,0.15,8,5,"ultimo_mes_seco","mai"
"2549065","Palmeira","PR",-25.433,-49.8166,"Hidroweb diário",48,TRUE,0.10209748217173019,"baixa (<0.20)",FALSE,1.4377452661926233,9,"set",4,"abr",2,0.15,8,4,"ultimo_mes_seco","abr"
"2549075","Curitiba","PR",-25.45,-49.25,"Hidroweb diário",34,TRUE,0.10280322924294522,"baixa (<0.20)",FALSE,0.6483833464667509,8,"ago",5,"mai",2,0.15,8,5,"ultimo_mes_seco","mai"
"2549076","Campo do Tenente","PR",-25.9833,-49.6833,"Hidroweb diário",43,TRUE,0.07787067376003085,"baixa (<0.20)",FALSE,2.0072379321024068,10,"out",5,"mai",3,0.15,4,5,"ultimo_mes_seco","mai"
"2549077","Almirante Tamandaré","PR",-25.3519,-49.3447,"Hidroweb diário",37,TRUE,0.19564100421748573,"baixa (<0.20)",FALSE,0.5532267480517447,8,"ago",5,"mai",4,0.15,8,5,"ultimo_mes_seco","mai"
"2549080","Campo Largo","PR",-25.4181,-49.3869,"Hidroweb diário",38,TRUE,0.06387609546366439,"baixa (<0.20)",FALSE,0.8124503066079573,8,"ago",5,"mai",4,0.15,8,5,"ultimo_mes_seco","mai"
"2549081","Araucária","PR",-25.5378,-49.3892,"Hidroweb diário",37,TRUE,0.02938431052552784,"baixa (<0.20)",FALSE,0.46571100177484115,7,"jul",4,"abr",2,0.15,8,4,"ultimo_mes_seco","abr"
"2549082","Araucária","PR",-25.5783,-49.4278,"Hidroweb diário",38,TRUE,0.15203088489306446,"baixa (<0.20)",FALSE,5.265734527083801,5,"mai",5,"mai",3,0.15,4,5,"ultimo_mes_seco","mai"
"2549090","Colombo","PR",-25.2877,-49.2314,"Hidroweb diário",37,TRUE,0.1115182356568072,"baixa (<0.20)",FALSE,0.8518064202900942,8,"ago",5,"mai",2,0.15,8,5,"ultimo_mes_seco","mai"
"2549091","Lapa","PR",-25.7833,-49.7667,"Hidroweb diário",32,TRUE,0.1344245475040106,"baixa (<0.20)",FALSE,1.3713777445052329,9,"set",5,"mai",3,0.15,4,5,"ultimo_mes_seco","mai"
"2549093","Araucária","PR",-25.5992,-49.51,"Hidroweb diário",34,TRUE,0.10700020131139143,"baixa (<0.20)",FALSE,0.5257003418282111,8,"ago",5,"mai",3,0.15,8,5,"ultimo_mes_seco","mai"
"2549131","Curitiba","PR",-25.7167,-49.4333,"Hidroweb diário",55,TRUE,0.19364101610536336,"baixa (<0.20)",FALSE,1.0099920441222552,8,"ago",5,"mai",3,0.15,8,5,"ultimo_mes_seco","mai"
"2550000","Prudentópolis","PR",-25.2372,-50.9608,"Hidroweb diário",81,TRUE,0.02705938131992946,"baixa (<0.20)",FALSE,1.8784237268067934,10,"out",8,"ago",1,0.15,8,8,"ultimo_mes_seco","ago"
"2550001","São Mateus do Sul","PR",-25.8756,-50.3894,"Hidroweb diário",79,TRUE,0.04126880639366146,"baixa (<0.20)",FALSE,3.433067678931586,1,"jan",5,"mai",4,0.15,8,5,"ultimo_mes_seco","mai"
"2550002","Ponta Grossa","PR",-25.0333,-50.0833,"Hidroweb diário",46,TRUE,0.0466428800847541,"baixa (<0.20)",FALSE,5.57006420553475,5,"mai",8,"ago",1,0.15,8,8,"ultimo_mes_seco","ago"
"2550003","Ponta Grossa","PR",-25.1333,-50.15,"Hidroweb diário",77,TRUE,0.05188136429104437,"baixa (<0.20)",FALSE,1.3088493567662427,9,"set",8,"ago",1,0.15,8,8,"ultimo_mes_seco","ago"
"2550005","Mallet","PR",-25.9522,-50.6792,"Hidroweb diário",76,TRUE,0.02936406968999176,"baixa (<0.20)",FALSE,3.706347773236455,2,"fev",8,"ago",2,0.15,8,8,"ultimo_mes_seco","ago"
"2550006","Ivaí","PR",-25.0167,-50.85,"Hidroweb diário",91,TRUE,0.031282099533341295,"baixa (<0.20)",FALSE,1.420242465968068,9,"set",8,"ago",2,0.15,8,8,"ultimo_mes_seco","ago"
"2550011","Ponta Grossa","PR",-25.0333,-50.1167,"Hidroweb diário",31,TRUE,0.18068149246589815,"baixa (<0.20)",FALSE,0.5658828394080266,8,"ago",8,"ago",2,0.15,8,8,"ultimo_mes_seco","ago"
"2550013","Irati","PR",-25.4667,-50.6167,"Hidroweb diário",39,TRUE,0.19517206954036306,"baixa (<0.20)",FALSE,6.119215333984592,6,"jun",8,"ago",3,0.15,8,8,"ultimo_mes_seco","ago"
"2550014","Mallet","PR",-25.8833,-50.8333,"Hidroweb diário",51,TRUE,0.09017158189104771,"baixa (<0.20)",FALSE,5.109568431372792,4,"abr",7,"jul",1,0.15,7,7,"ultimo_mes_seco","jul"
"2550015","Palmeira","PR",-25.3464,-49.9196,"Hidroweb diário",68,TRUE,0.06413221730631653,"baixa (<0.20)",FALSE,1.0372230933018078,8,"ago",8,"ago",3,0.15,8,8,"ultimo_mes_seco","ago"
"2550016","Ponta Grossa","PR",-25.0756,-50.3889,"Hidroweb diário",39,TRUE,0.029626171963887078,"baixa (<0.20)",FALSE,6.0261770364519185,6,"jun",4,"abr",2,0.15,8,4,"ultimo_mes_seco","abr"
"2550017","São Mateus do Sul","PR",-25.9109,-50.5244,"Hidroweb diário",49,TRUE,0.07029275842460288,"baixa (<0.20)",FALSE,5.532186029575071,5,"mai",4,"abr",2,0.15,4,4,"ultimo_mes_seco","abr"
"2550024","Ponta Grossa","PR",-25.2167,-50.0167,"Hidroweb diário",49,TRUE,0.06852103228527323,"baixa (<0.20)",FALSE,1.7762131121349083,10,"out",8,"ago",2,0.15,8,8,"ultimo_mes_seco","ago"
"2550025","Teixeira Soares","PR",-25.45,-50.5833,"Hidroweb diário",56,TRUE,0.04568808950689585,"baixa (<0.20)",FALSE,2.3582615850228117,11,"nov",8,"ago",1,0.15,8,8,"ultimo_mes_seco","ago"
"2550028","Lapa","PR",-25.6973,-50.0134,"Hidroweb diário",49,TRUE,0.09826923529460013,"baixa (<0.20)",FALSE,5.977588640097495,6,"jun",5,"mai",3,0.15,8,5,"ultimo_mes_seco","mai"
"2550029","Irati","PR",-25.4464,-50.786,"Hidroweb diário",50,TRUE,0.036623407454294425,"baixa (<0.20)",FALSE,5.8350276429038885,6,"jun",8,"ago",1,0.15,8,8,"ultimo_mes_seco","ago"
"2550032","Lapa","PR",-25.8202,-50.1333,"Hidroweb diário",35,TRUE,0.08079855273774142,"baixa (<0.20)",FALSE,5.856216996673716,6,"jun",5,"mai",3,0.15,4,5,"ultimo_mes_seco","mai"
"2550035","Rebouças","PR",-25.7359,-50.4948,"Hidroweb diário",50,TRUE,0.13516919754039014,"baixa (<0.20)",FALSE,4.368603149820498,3,"mar",4,"abr",2,0.15,8,4,"ultimo_mes_seco","abr"
"2550037","São João do Triunfo","PR",-25.6223,-50.2004,"Hidroweb diário",50,TRUE,0.05915375845780968,"baixa (<0.20)",FALSE,0.04571650951173352,7,"jul",4,"abr",2,0.15,8,4,"ultimo_mes_seco","abr"
"2550038","Rebouças","PR",-25.6299,-50.6883,"Hidroweb diário",49,TRUE,0.09133207371824845,"baixa (<0.20)",FALSE,5.652564201847348,5,"mai",5,"mai",4,0.15,8,5,"ultimo_mes_seco","mai"
"2550041","Palmeira","PR",-25.4917,-50.2982,"Hidroweb diário",50,TRUE,0.008976434325520248,"baixa (<0.20)",FALSE,1.9875430274700252,10,"out",5,"mai",2,0.15,8,5,"ultimo_mes_seco","mai"
"2550042","Palmeira","PR",-25.4952,-50.0763,"Hidroweb diário",50,TRUE,0.07733892695289842,"baixa (<0.20)",FALSE,5.966002377107482,6,"jun",5,"mai",3,0.15,8,5,"ultimo_mes_seco","mai"
"2550043","Imbituva","PR",-25.3415,-50.7864,"Hidroweb diário",50,TRUE,0.035910887124187996,"baixa (<0.20)",FALSE,5.7359259925649875,5,"mai",8,"ago",1,0.15,8,8,"ultimo_mes_seco","ago"
"2550045","Teixeira Soares","PR",-25.3771,-50.4619,"Hidroweb diário",50,TRUE,0.11170478348481559,"baixa (<0.20)",FALSE,5.332710159658978,5,"mai",8,"ago",1,0.15,8,8,"ultimo_mes_seco","ago"
"2550048","Imbituva","PR",-25.2375,-50.6005,"Hidroweb diário",49,TRUE,0.06368175453773371,"baixa (<0.20)",FALSE,3.017348581161202,12,"dez",8,"ago",1,0.15,8,8,"ultimo_mes_seco","ago"
"2550052","Ivaí","PR",-25.0294,-50.8,"Hidroweb diário",50,TRUE,0.008892269508844645,"baixa (<0.20)",FALSE,3.3018574261076883,1,"jan",8,"ago",1,0.15,8,8,"ultimo_mes_seco","ago"
"2550053","Irati","PR",-25.4772,-51.0369,"Hidroweb diário",50,TRUE,0.012874376460472544,"baixa (<0.20)",FALSE,5.102960220004976,4,"abr",8,"ago",1,0.15,8,8,"ultimo_mes_seco","ago"
"2550055","Prudentópolis","PR",-25.1222,-50.9863,"Hidroweb diário",50,TRUE,0.05827034643231959,"baixa (<0.20)",FALSE,3.2833169776251485,1,"jan",8,"ago",2,0.15,8,8,"ultimo_mes_seco","ago"
"2550056","Ivaí","PR",-25.0066,-50.8509,"Hidroweb diário",50,TRUE,0.08683648021429288,"baixa (<0.20)",FALSE,3.377140104154662,1,"jan",5,"mai",2,0.15,8,5,"ultimo_mes_seco","mai"
"2550057","Guarapuava","PR",-25.1915,-50.813,"Hidroweb diário",50,TRUE,0.06242039911533408,"baixa (<0.20)",FALSE,5.408564717713544,5,"mai",8,"ago",1,0.15,8,8,"ultimo_mes_seco","ago"
"2551000","Guarapuava","PR",-25.35,-51.4833,"Hidroweb diário",62,TRUE,0.12728292133841684,"baixa (<0.20)",FALSE,3.0623742917897556,12,"dez",8,"ago",1,0.15,8,8,"ultimo_mes_seco","ago"
"2551001","Inácio Martins","PR",-25.6942,-51.2025,"Hidroweb diário",59,TRUE,0.1122190771230499,"baixa (<0.20)",FALSE,3.52111100262846,1,"jan",8,"ago",3,0.15,8,8,"ultimo_mes_seco","ago"
"2551002","Guarapuava","PR",-25.0333,-51.85,"Hidroweb diário",31,TRUE,0.0853776821500148,"baixa (<0.20)",FALSE,3.724678942847863,2,"fev",8,"ago",2,0.15,7,8,"ultimo_mes_seco","ago"
"2551004","Guarapuava","PR",-25.6372,-51.9656,"Hidroweb diário",60,TRUE,0.09214842487031656,"baixa (<0.20)",FALSE,3.9026828448741258,2,"fev",8,"ago",2,0.15,8,8,"ultimo_mes_seco","ago"
"2551007","Candói","PR",-25.5166,-51.783,"Hidroweb diário",38,TRUE,0.11699887825260412,"baixa (<0.20)",FALSE,3.1629559099964673,1,"jan",8,"ago",3,0.15,8,8,"ultimo_mes_seco","ago"
"2551008","Guarapuava","PR",-25.5497,-51.483,"Hidroweb diário",54,TRUE,0.19259429494160185,"baixa (<0.20)",FALSE,3.980483684619667,2,"fev",5,"mai",2,0.15,8,5,"ultimo_mes_seco","mai"
"2551009","Campina do Simão","PR",-25.1091,-51.8063,"Hidroweb diário",47,TRUE,0.14944755379169572,"baixa (<0.20)",FALSE,4.2921085217435735,3,"mar",8,"ago",1,0.15,8,8,"ultimo_mes_seco","ago"
"2551010","Guarapuava","PR",-25.3647,-51.4969,"Hidroweb diário",43,TRUE,0.14193549053975898,"baixa (<0.20)",FALSE,3.4655649821388215,1,"jan",8,"ago",1,0.15,8,8,"ultimo_mes_seco","ago"
"2551011","Inácio Martins","PR",-25.6297,-51.0877,"Hidroweb diário",48,TRUE,0.005175406721941853,"baixa (<0.20)",FALSE,4.83203399857295,4,"abr",5,"mai",2,0.15,8,5,"ultimo_mes_seco","mai"
"2551014","Inácio Martins","PR",-25.573,-51.0715,"Hidroweb diário",48,TRUE,0.06729938194338012,"baixa (<0.20)",FALSE,3.3500026132377085,1,"jan",8,"ago",1,0.15,8,8,"ultimo_mes_seco","ago"
"2551017","Cruz Machado","PR",-25.944,-51.2626,"Hidroweb diário",50,TRUE,0.11576301377373403,"baixa (<0.20)",FALSE,3.6204276444431027,1,"jan",4,"abr",2,0.15,8,4,"ultimo_mes_seco","abr"
"2551018","Cruz Machado","PR",-25.903,-51.1044,"Hidroweb diário",50,TRUE,0.11629019439556244,"baixa (<0.20)",FALSE,5.616099125942745,5,"mai",8,"ago",1,0.15,8,8,"ultimo_mes_seco","ago"
"2551019","Pinhão","PR",-25.85,-51.7666,"Hidroweb diário",41,TRUE,0.0764260191051385,"baixa (<0.20)",FALSE,3.5897113967308862,1,"jan",8,"ago",1,0.15,8,8,"ultimo_mes_seco","ago"
"2551020","Pinhão","PR",-25.7997,-51.5166,"Hidroweb diário",34,TRUE,0.1097626461492473,"baixa (<0.20)",FALSE,3.0073564182775274,12,"dez",9,"set",2,0.15,8,9,"ultimo_mes_seco","set"
"2551022","Inácio Martins","PR",-25.8075,-51.2886,"Hidroweb diário",37,TRUE,0.1323965631205521,"baixa (<0.20)",FALSE,3.3111973180062835,1,"jan",8,"ago",1,0.15,8,8,"ultimo_mes_seco","ago"
"2551023","Cruz Machado","PR",-25.82,-51.1161,"Hidroweb diário",50,TRUE,0.07809387729120171,"baixa (<0.20)",FALSE,3.8274054192110096,2,"fev",8,"ago",2,0.15,8,8,"ultimo_mes_seco","ago"
"2551024","Pinhão","PR",-25.65,-51.6667,"Hidroweb diário",49,TRUE,0.13262021946068087,"baixa (<0.20)",FALSE,3.0310707645851864,12,"dez",8,"ago",2,0.15,8,8,"ultimo_mes_seco","ago"
"2551025","Pinhão","PR",-25.7357,-51.5211,"Hidroweb diário",48,TRUE,0.14789555249098413,"baixa (<0.20)",FALSE,3.0871036638183824,12,"dez",4,"abr",2,0.15,8,4,"ultimo_mes_seco","abr"
"2551026","Inácio Martins","PR",-25.6331,-51.165,"Hidroweb diário",50,TRUE,0.09812228547231472,"baixa (<0.20)",FALSE,4.5963596870667605,3,"mar",8,"ago",1,0.15,8,8,"ultimo_mes_seco","ago"
"2551027","Guarapuava","PR",-25.5614,-51.5548,"Hidroweb diário",44,TRUE,0.07041301887277063,"baixa (<0.20)",FALSE,3.478942199476974,1,"jan",8,"ago",1,0.15,8,8,"ultimo_mes_seco","ago"
"2551031","Goioxim","PR",-25.2666,-51.883,"Hidroweb diário",31,TRUE,0.07331242662965287,"baixa (<0.20)",FALSE,2.517087617364579,11,"nov",8,"ago",1,0.15,8,8,"ultimo_mes_seco","ago"
"2551033","Guarapuava","PR",-25.25,-51.55,"Hidroweb diário",48,TRUE,0.127608314953975,"baixa (<0.20)",FALSE,3.0673930380392602,12,"dez",8,"ago",1,0.15,8,8,"ultimo_mes_seco","ago"
"2551034","Guarapuava","PR",-25.3105,-51.4299,"Hidroweb diário",49,TRUE,0.15430491914564332,"baixa (<0.20)",FALSE,5.365519387664567,5,"mai",8,"ago",1,0.15,8,8,"ultimo_mes_seco","ago"
"2551035","Guarapuava","PR",-25.2731,-51.273,"Hidroweb diário",50,TRUE,0.0618226457818776,"baixa (<0.20)",FALSE,4.1113817514882065,2,"fev",4,"abr",2,0.15,8,4,"ultimo_mes_seco","abr"
"2551037","Reserva do Iguaçu","PR",-25.7997,-51.8497,"Hidroweb diário",47,TRUE,0.11778476518332193,"baixa (<0.20)",FALSE,3.2533419058306747,1,"jan",8,"ago",2,0.15,8,8,"ultimo_mes_seco","ago"
"2551038","Prudentópolis","PR",-25.3798,-51.0828,"Hidroweb diário",50,TRUE,0.12202491014170491,"baixa (<0.20)",FALSE,5.817566764263804,6,"jun",8,"ago",1,0.15,8,8,"ultimo_mes_seco","ago"
"2551039","Prudentópolis","PR",-25.3105,-51.1701,"Hidroweb diário",49,TRUE,0.047004357905188116,"baixa (<0.20)",FALSE,5.182094053113875,4,"abr",8,"ago",1,0.15,8,8,"ultimo_mes_seco","ago"
"2551040","Turvo","PR",-25.0405,-51.5445,"Hidroweb diário",48,TRUE,0.07073714764313235,"baixa (<0.20)",FALSE,1.2170255582727239,9,"set",8,"ago",1,0.15,8,8,"ultimo_mes_seco","ago"
"2551043","Prudentópolis","PR",-25.1464,-51.0727,"Hidroweb diário",50,TRUE,0.01552659898383138,"baixa (<0.20)",FALSE,4.192037242936309,3,"mar",8,"ago",3,0.15,8,8,"ultimo_mes_seco","ago"
"2551047","Candói","PR",-25.5333,-51.8167,"Hidroweb diário",36,TRUE,0.10912792097590579,"baixa (<0.20)",FALSE,3.65109500879431,1,"jan",8,"ago",1,0.15,8,8,"ultimo_mes_seco","ago"
"2552000","Quedas do Iguaçu","PR",-25.4483,-52.9044,"Hidroweb diário",75,TRUE,0.11699073514325158,"baixa (<0.20)",FALSE,4.441378076712231,3,"mar",8,"ago",2,0.15,8,8,"ultimo_mes_seco","ago"
"2552001","São Jorge do Ivaí","PR",-25.7739,-52.9328,"Hidroweb diário",61,TRUE,0.07422858411165628,"baixa (<0.20)",FALSE,3.859659831656848,2,"fev",8,"ago",3,0.15,8,8,"ultimo_mes_seco","ago"
"2552002","Verê","PR",-25.9206,-52.8522,"Hidroweb diário",46,TRUE,0.07182443278231596,"baixa (<0.20)",FALSE,3.196667650881715,1,"jan",5,"mai",2,0.15,8,5,"ultimo_mes_seco","mai"
"2552005","Virmond","PR",-25.4831,-52.2167,"Hidroweb diário",57,TRUE,0.0915225611283474,"baixa (<0.20)",FALSE,3.8546894506309557,2,"fev",8,"ago",3,0.15,8,8,"ultimo_mes_seco","ago"
"2552006","Guaraniaçú","PR",-25.083,-52.883,"Hidroweb diário",61,TRUE,0.04599240532015777,"baixa (<0.20)",FALSE,1.030797487024455,8,"ago",8,"ago",2,0.15,8,8,"ultimo_mes_seco","ago"
"2552007","Laranjeiras do Sul","PR",-25.4055,-52.4041,"Hidroweb diário",48,TRUE,0.098388127833566,"baixa (<0.20)",FALSE,3.2913778686603856,1,"jan",8,"ago",1,0.15,8,8,"ultimo_mes_seco","ago"
"2552008","Marquinho","PR",-25.1122,-52.2583,"Hidroweb diário",58,TRUE,0.13375113277140635,"baixa (<0.20)",FALSE,1.7472642078320684,10,"out",8,"ago",1,0.15,8,8,"ultimo_mes_seco","ago"
"2552009","Laranjeiras do Sul","PR",-25.3978,-52.435,"Hidroweb diário",42,TRUE,0.0986940558249146,"baixa (<0.20)",FALSE,3.855254982100171,2,"fev",8,"ago",3,0.15,7,8,"ultimo_mes_seco","ago"
"2552010","Nova Laranjeiras","PR",-25.3069,-52.5427,"Hidroweb diário",50,TRUE,0.04170916222170608,"baixa (<0.20)",FALSE,4.080834352759082,2,"fev",8,"ago",2,0.15,7,8,"ultimo_mes_seco","ago"
"2552017","Mangueirinha","PR",-25.9364,-52.1775,"Hidroweb diário",31,TRUE,0.1078496876551244,"baixa (<0.20)",FALSE,3.2698004269310994,1,"jan",8,"ago",2,0.15,8,8,"ultimo_mes_seco","ago"
"2552019","Laranjeiras do Sul","PR",-25.2225,-52.4311,"Hidroweb diário",50,TRUE,0.02429033532078955,"baixa (<0.20)",FALSE,4.848361410884358,4,"abr",8,"ago",2,0.15,8,8,"ultimo_mes_seco","ago"
"2552022","Reserva do Iguaçu","PR",-25.7997,-52.0166,"Hidroweb diário",48,TRUE,0.09498776622721848,"baixa (<0.20)",FALSE,3.149518671995129,12,"dez",8,"ago",2,0.15,8,8,"ultimo_mes_seco","ago"
"2552023","Candói","PR",-25.6977,-52.1966,"Hidroweb diário",46,TRUE,0.07212124622146841,"baixa (<0.20)",FALSE,4.719114401171484,4,"abr",4,"abr",2,0.15,8,4,"ultimo_mes_seco","abr"
"2552025","Candói","PR",-25.5511,-52.1069,"Hidroweb diário",48,TRUE,0.043959439120370786,"baixa (<0.20)",FALSE,5.188656028971135,4,"abr",8,"ago",2,0.15,7,8,"ultimo_mes_seco","ago"
"2552026","Goioxim","PR",-25.1997,-51.9908,"Hidroweb diário",49,TRUE,0.09459274547162747,"baixa (<0.20)",FALSE,4.08375738509834,2,"fev",8,"ago",2,0.15,8,8,"ultimo_mes_seco","ago"
"2552029","São João","PR",-25.8256,-52.7306,"Hidroweb diário",49,TRUE,0.07962373210686652,"baixa (<0.20)",FALSE,4.831756768266502,4,"abr",8,"ago",1,0.15,8,8,"ultimo_mes_seco","ago"
"2552030","Chopinzinho","PR",-25.86,-52.5269,"Hidroweb diário",44,TRUE,0.15539839722254384,"baixa (<0.20)",FALSE,4.24245691511771,3,"mar",8,"ago",1,0.15,8,8,"ultimo_mes_seco","ago"
"2552031","Chopinzinho","PR",-25.8166,-52.4158,"Hidroweb diário",51,TRUE,0.0261812501435005,"baixa (<0.20)",FALSE,4.049678423288011,2,"fev",8,"ago",2,0.15,8,8,"ultimo_mes_seco","ago"
"2552033","Chopinzinho","PR",-25.7275,-52.5027,"Hidroweb diário",49,TRUE,0.07332006966895915,"baixa (<0.20)",FALSE,3.0772481221355954,12,"dez",8,"ago",1,0.15,8,8,"ultimo_mes_seco","ago"
"2552034","Chopinzinho","PR",-25.7469,-52.3908,"Hidroweb diário",49,TRUE,0.09714567859603344,"baixa (<0.20)",FALSE,3.166783770548372,1,"jan",8,"ago",1,0.15,8,8,"ultimo_mes_seco","ago"
"2552036","Rio Bonito do Iguaçu","PR",-25.491,-52.5269,"Hidroweb diário",49,TRUE,0.05923375950563764,"baixa (<0.20)",FALSE,2.634288481177804,12,"dez",8,"ago",1,0.15,8,8,"ultimo_mes_seco","ago"
"2552037","Porto Barreiro","PR",-25.5166,-52.4,"Hidroweb diário",43,TRUE,0.14644010428628904,"baixa (<0.20)",FALSE,4.889469071309263,4,"abr",8,"ago",1,0.15,8,8,"ultimo_mes_seco","ago"
"2552038","Espigão Alto do Iguaçu","PR",-25.4222,-52.8366,"Hidroweb diário",48,TRUE,0.1380271338535034,"baixa (<0.20)",FALSE,5.106812618917622,4,"abr",8,"ago",1,0.15,8,8,"ultimo_mes_seco","ago"
"2552039","Espigão Alto do Iguaçu","PR",-25.3863,-52.7703,"Hidroweb diário",49,TRUE,0.08613006266666379,"baixa (<0.20)",FALSE,5.292613431249396,5,"mai",8,"ago",1,0.15,8,8,"ultimo_mes_seco","ago"
"2552040","Virmond","PR",-25.3812,-52.2013,"Hidroweb diário",48,TRUE,0.08562904491322731,"baixa (<0.20)",FALSE,5.2218651823964635,5,"mai",8,"ago",2,0.15,8,8,"ultimo_mes_seco","ago"
"2552041","Cantagalo","PR",-25.3667,-52.1167,"Hidroweb diário",42,TRUE,0.11440870263363515,"baixa (<0.20)",FALSE,3.3441748174718584,1,"jan",8,"ago",1,0.15,8,8,"ultimo_mes_seco","ago"
"2552042","Itapejara D'oeste","PR",-25.9405,-52.8249,"Hidroweb diário",49,TRUE,0.12800722914509247,"baixa (<0.20)",FALSE,2.686453720770881,12,"dez",8,"ago",2,0.15,8,8,"ultimo_mes_seco","ago"
"2552043","Coronel Vivida","PR",-25.9343,-52.712,"Hidroweb diário",49,TRUE,0.17684655695147206,"baixa (<0.20)",FALSE,2.9130569622990508,12,"dez",8,"ago",2,0.15,8,8,"ultimo_mes_seco","ago"
"2552044","Coronel Vivida","PR",-25.983,-52.5666,"Hidroweb diário",48,TRUE,0.0619245341331134,"baixa (<0.20)",FALSE,3.7696583371548025,2,"fev",8,"ago",2,0.15,8,8,"ultimo_mes_seco","ago"
"2552045","São Jorge D'oeste","PR",-25.7166,-52.9166,"Hidroweb diário",49,TRUE,0.08814606324998493,"baixa (<0.20)",FALSE,3.3169389285954476,1,"jan",8,"ago",1,0.15,8,8,"ultimo_mes_seco","ago"
"2552046","Quedas do Iguaçu","PR",-25.3927,-52.9644,"Hidroweb diário",49,TRUE,0.05805672915534628,"baixa (<0.20)",FALSE,6.0854282860801465,6,"jun",8,"ago",2,0.15,8,8,"ultimo_mes_seco","ago"
"2552047","Nova Laranjeiras","PR",-25.2099,-52.652,"Hidroweb diário",49,TRUE,0.04595151857209121,"baixa (<0.20)",FALSE,5.842942791975881,6,"jun",8,"ago",1,0.15,8,8,"ultimo_mes_seco","ago"
"2553003","Cruzeiro do Iguaçu","PR",-25.6,-53.0833,"Hidroweb diário",33,TRUE,0.06129596624989042,"baixa (<0.20)",FALSE,6.210028168235239,6,"jun",8,"ago",1,0.15,8,8,"ultimo_mes_seco","ago"
"2553004","Cruzeiro do Iguaçu","PR",-25.5805,-53.1175,"Hidroweb diário",62,TRUE,0.004750564645873732,"baixa (<0.20)",FALSE,4.931256480917758,4,"abr",8,"ago",2,0.15,8,8,"ultimo_mes_seco","ago"
"2553005","Pérola D'oeste","PR",-25.833,-53.75,"Hidroweb diário",49,TRUE,0.012107430177960688,"baixa (<0.20)",FALSE,5.308940910227498,5,"mai",8,"ago",3,0.15,8,8,"ultimo_mes_seco","ago"
"2553006","Capanema","PR",-25.7,-53.7997,"Hidroweb diário",32,TRUE,0.03314193599750986,"baixa (<0.20)",FALSE,1.249593284903636,9,"set",7,"jul",1,0.15,7,7,"ultimo_mes_seco","jul"
"2553007","Salto do Lontra","PR",-25.7766,-53.3108,"Hidroweb diário",55,TRUE,0.07040615379027265,"baixa (<0.20)",FALSE,5.228744597802594,5,"mai",8,"ago",3,0.15,8,8,"ultimo_mes_seco","ago"
"2553009","Céu Azul","PR",-25.1558,-53.85,"Hidroweb diário",60,TRUE,0.13222575037782117,"baixa (<0.20)",FALSE,5.507134457963249,5,"mai",8,"ago",2,0.15,8,8,"ultimo_mes_seco","ago"
"2553010","Santa Izabel do Oeste","PR",-25.8122,-53.473,"Hidroweb diário",47,TRUE,0.0512125765065065,"baixa (<0.20)",FALSE,2.7341336976145283,12,"dez",8,"ago",1,0.15,8,8,"ultimo_mes_seco","ago"
"2553012","Ampére","PR",-25.9133,-53.473,"Hidroweb diário",59,TRUE,0.00666782377067828,"baixa (<0.20)",FALSE,5.5183846552399745,5,"mai",8,"ago",3,0.15,8,8,"ultimo_mes_seco","ago"
"2553014","Capanema","PR",-25.5917,-53.975,"Hidroweb diário",51,TRUE,0.090299928750322625,"baixa (<0.20)",FALSE,1.8215656392517934,10,"out",8,"ago",2,0.15,8,8,"ultimo_mes_seco","ago"
"2553015","Planalto","PR",-25.7,-53.7667,"Hidroweb diário",41,TRUE,0.06578161431620595,"baixa (<0.20)",FALSE,5.714638651298626,5,"mai",8,"ago",3,0.15,7,8,"ultimo_mes_seco","ago"
"2553016","Cascavel","PR",-25.1836,-53.4802,"Hidroweb diário",42,TRUE,0.07220317225578057,"baixa (<0.20)",FALSE,5.658813083225203,5,"mai",8,"ago",2,0.15,8,8,"ultimo_mes_seco","ago"
"2553019","Ibema","PR",-25.1216,-53.0063,"Hidroweb diário",49,TRUE,0.05985438909063407,"baixa (<0.20)",FALSE,3.07349508924846,12,"dez",8,"ago",2,0.15,8,8,"ultimo_mes_seco","ago"
"2553020","Matelândia","PR",-25.3063,-53.8727,"Hidroweb diário",50,TRUE,0.03857307362368047,"baixa (<0.20)",FALSE,1.1728334607464257,9,"set",8,"ago",2,0.15,8,8,"ultimo_mes_seco","ago"
"2553022","Vera Cruz do Oeste","PR",-25.0644,-53.8782,"Hidroweb diário",50,TRUE,0.01654376395431101,"baixa (<0.20)",FALSE,1.5567146495717354,9,"set",8,"ago",2,0.15,8,8,"ultimo_mes_seco","ago"
"2553024","Capitão Leônidas Marques","PR",-25.4833,-53.6167,"Hidroweb diário",48,TRUE,0.06477733787931778,"baixa (<0.20)",FALSE,0.6814012233277551,8,"ago",8,"ago",2,0.15,7,8,"ultimo_mes_seco","ago"
"2553026","Boa Vista da Aparecida","PR",-25.3944,-53.3847,"Hidroweb diário",50,TRUE,0.040369934444522075,"baixa (<0.20)",FALSE,5.089889405196256,4,"abr",8,"ago",2,0.15,8,8,"ultimo_mes_seco","ago"
"2553028","Santa Lúcia","PR",-25.4119,-53.5683,"Hidroweb diário",49,TRUE,0.036684898600221186,"baixa (<0.20)",FALSE,2.656152212413353,12,"dez",8,"ago",2,0.15,8,8,"ultimo_mes_seco","ago"
"2553029","Santa Lúcia","PR",-25.35,-53.5497,"Hidroweb diário",49,TRUE,0.07602659116732925,"baixa (<0.20)",FALSE,4.632578665265694,3,"mar",8,"ago",2,0.15,8,8,"ultimo_mes_seco","ago"
"2553030","Três Barras do Paraná","PR",-25.4206,-53.1788,"Hidroweb diário",50,TRUE,0.030674119401528793,"baixa (<0.20)",FALSE,0.7987497579036753,8,"ago",8,"ago",2,0.15,8,8,"ultimo_mes_seco","ago"
"2553033","Lindoeste","PR",-25.1741,-53.6022,"Hidroweb diário",42,TRUE,0.10595171549288743,"baixa (<0.20)",FALSE,5.2065110053160915,4,"abr",8,"ago",2,0.15,8,8,"ultimo_mes_seco","ago"
"2553035","Cascavel","PR",-25.137,-53.3316,"Hidroweb diário",50,TRUE,0.03748883860935328,"baixa (<0.20)",FALSE,0.32047108741256003,7,"jul",8,"ago",1,0.15,8,8,"ultimo_mes_seco","ago"
"2553036","Pranchita","PR",-25.95,-53.833,"Hidroweb diário",47,TRUE,0.17165364627644117,"baixa (<0.20)",FALSE,1.4164063669990106,9,"set",8,"ago",2,0.15,8,8,"ultimo_mes_seco","ago"
"2553037","Pranchita","PR",-25.9545,-53.6353,"Hidroweb diário",49,TRUE,0.10169110122434089,"baixa (<0.20)",FALSE,2.2464026646988873,11,"nov",8,"ago",1,0.15,8,8,"ultimo_mes_seco","ago"
"2553038","Planalto","PR",-25.7701,-53.6649,"Hidroweb diário",49,TRUE,0.04447574521423637,"baixa (<0.20)",FALSE,5.04263086149889,4,"abr",8,"ago",2,0.15,8,8,"ultimo_mes_seco","ago"
"2553039","Planalto","PR",-25.6871,-53.6884,"Hidroweb diário",48,TRUE,0.0948320168113429,"baixa (<0.20)",FALSE,1.4238072402173594,9,"set",8,"ago",2,0.15,8,8,"ultimo_mes_seco","ago"
"2553040","Catanduvas","PR",-25.2,-53.133,"Hidroweb diário",34,TRUE,0.03171032542597862,"baixa (<0.20)",FALSE,5.489081921876759,5,"mai",8,"ago",1,0.15,8,8,"ultimo_mes_seco","ago"
"2553041","Catanduvas","PR",-25.2183,-53.1615,"Hidroweb diário",49,TRUE,0.07029436071356021,"baixa (<0.20)",FALSE,3.9787240683364393,2,"fev",8,"ago",2,0.15,8,8,"ultimo_mes_seco","ago"
"2553044","Enéas Marques","PR",-25.933,-53.1697,"Hidroweb diário",49,TRUE,0.10991294862385885,"baixa (<0.20)",FALSE,2.1573792553108264,11,"nov",8,"ago",2,0.15,8,8,"ultimo_mes_seco","ago"
"2553046","Enéas Marques","PR",-25.8875,-53.0824,"Hidroweb diário",49,TRUE,0.08415527288917603,"baixa (<0.20)",FALSE,1.9725446320113915,10,"out",8,"ago",2,0.15,7,8,"ultimo_mes_seco","ago"
"2553047","Santa Izabel do Oeste","PR",-25.683,-53.4666,"Hidroweb diário",49,TRUE,0.1018784563276154,"baixa (<0.20)",FALSE,1.0376420854282125,8,"ago",8,"ago",1,0.15,8,8,"ultimo_mes_seco","ago"
"2553051","Realeza","PR",-25.5419,-53.5067,"Hidroweb diário",34,TRUE,0.11943403264634067,"baixa (<0.20)",FALSE,0.8130515249163474,8,"ago",8,"ago",3,0.15,8,8,"ultimo_mes_seco","ago"
"2553052","Dois Vizinhos","PR",-25.6822,-52.9844,"Hidroweb diário",37,TRUE,0.03615613460563231,"baixa (<0.20)",FALSE,2.7205252420133323,12,"dez",8,"ago",1,0.15,8,8,"ultimo_mes_seco","ago"
"2554000","Foz do Iguaçu","PR",-25.55,-54.5833,"Hidroweb diário",55,TRUE,0.1192317518739285,"baixa (<0.20)",FALSE,1.293868327168079,9,"set",8,"ago",2,0.15,8,8,"ultimo_mes_seco","ago"
"2554002","Foz do Iguaçu","PR",-25.683,-54.433,"Hidroweb diário",71,TRUE,0.22927600305900697,"media (0.20-0.3)",FALSE,0.48164392664297984,7,"jul",8,"ago",2,0.15,8,8,"ultimo_mes_seco","ago"
"2554005","Matelândia","PR",-25.2402,-53.9752,"Hidroweb diário",60,TRUE,0.018245062998688753,"baixa (<0.20)",FALSE,0.8960774774311526,8,"ago",8,"ago",1,0.15,8,8,"ultimo_mes_seco","ago"
"2554006","São Miguel do Iguaçu","PR",-25.3463,-54.2447,"Hidroweb diário",62,TRUE,0.10093085892768022,"baixa (<0.20)",FALSE,6.085673656280521,6,"jun",8,"ago",2,0.15,7,8,"ultimo_mes_seco","ago"
"2554012","Santa Terezinha de Itaipu","PR",-25.4355,-54.3954,"Hidroweb diário",50,TRUE,0.191952781923353,"baixa (<0.20)",FALSE,0.2667387323297415,7,"jul",8,"ago",2,0.15,8,8,"ultimo_mes_seco","ago"
"2554013","São Miguel do Iguaçu","PR",-25.5041,-54.3275,"Hidroweb diário",50,TRUE,0.13228524165703992,"baixa (<0.20)",FALSE,0.15643224167886247,7,"jul",8,"ago",2,0.15,8,8,"ultimo_mes_seco","ago"
"2554018","Serranópolis do Iguaçu","PR",-25.4137,-54.0377,"Hidroweb diário",50,TRUE,0.0679955185801915,"baixa (<0.20)",FALSE,0.6959558143088834,8,"ago",8,"ago",2,0.15,7,8,"ultimo_mes_seco","ago"
"2554020","Missal","PR",-25.0819,-54.2544,"Hidroweb diário",50,TRUE,0.0896258075781046,"baixa (<0.20)",FALSE,0.8426430751213952,8,"ago",8,"ago",2,0.15,7,8,"ultimo_mes_seco","ago"
"2554023","Ramilândia","PR",-25.1189,-54.0261,"Hidroweb diário",49,TRUE,0.13059812196700907,"baixa (<0.20)",FALSE,0.09111096667915952,7,"jul",7,"jul",1,0.15,7,7,"ultimo_mes_seco","jul"
"2554025","Itaipulândia","PR",-25.1094,-54.3994,"Hidroweb diário",49,TRUE,0.13871943469264617,"baixa (<0.20)",FALSE,5.886705925464925,6,"jun",8,"ago",2,0.15,8,8,"ultimo_mes_seco","ago"
"2649006","Rio Negro","PR",-26.1,-49.8,"Hidroweb diário",95,TRUE,0.1815237513261655,"baixa (<0.20)",FALSE,2.0657007765888444,10,"out",5,"mai",4,0.15,4,5,"ultimo_mes_seco","mai"
"2649018","Piên","PR",-26.1547,-49.3806,"Hidroweb diário",49,TRUE,0.08784282397245463,"baixa (<0.20)",FALSE,0.8386899588496424,8,"ago",5,"mai",4,0.15,5,5,"ultimo_mes_seco","mai"
"2649021","Rio Negro","PR",-26.1,-49.8,"Hidroweb diário",91,TRUE,0.08473411632809567,"baixa (<0.20)",FALSE,1.394349992809462,9,"set",8,"ago",3,0.15,4,8,"ultimo_mes_seco","ago"
"2650005","São Mateus do Sul","PR",-25.866823,-50.382796,"Hidroweb diário",43,TRUE,0.055133065693403704,"baixa (<0.20)",FALSE,5.961974640394896,6,"jun",5,"mai",3,0.15,8,5,"ultimo_mes_seco","mai"
"2650006","São Mateus do Sul","PR",-26.0192,-50.5925,"Hidroweb diário",51,TRUE,0.043596424132226703,"baixa (<0.20)",FALSE,1.125204936676007,9,"set",8,"ago",3,0.15,8,8,"ultimo_mes_seco","ago"
"2651000","União da Vitória","PR",-26.228596,-51.0869796,"Hidroweb diário",79,TRUE,0.15315811792211614,"baixa (<0.20)",FALSE,3.4275225641683695,1,"jan",4,"abr",2,0.15,8,4,"ultimo_mes_seco","abr"
"2651003","General Carneiro","PR",-26.3867,-51.2719,"Hidroweb diário",68,TRUE,0.15087714472216804,"baixa (<0.20)",FALSE,3.1365991914546467,12,"dez",5,"mai",4,0.15,4,5,"ultimo_mes_seco","mai"
"2651004","Porto Vitória","PR",-26.1667,-51.2167,"Hidroweb diário",75,TRUE,0.10662032804485508,"baixa (<0.20)",FALSE,3.4985669258294205,1,"jan",4,"abr",2,0.15,8,4,"ultimo_mes_seco","abr"
"2651005","União da Vitória","PR",-26.0306,-51.1419,"Hidroweb diário",72,TRUE,0.1735152344676405,"baixa (<0.20)",FALSE,2.8924985918699173,12,"dez",8,"ago",1,0.15,8,8,"ultimo_mes_seco","ago"
"2651010","General Carneiro","PR",-26.6175,-51.28,"Hidroweb diário",49,TRUE,0.10506079301854378,"baixa (<0.20)",FALSE,2.595671289434629,11,"nov",8,"ago",3,0.15,8,8,"ultimo_mes_seco","ago"
"2651013","Bituruna","PR",-26.1905,-51.2977,"Hidroweb diário",67,TRUE,0.1898443290069595,"baixa (<0.20)",FALSE,3.4875726093507673,1,"jan",8,"ago",3,0.15,8,8,"ultimo_mes_seco","ago"
"2651015","Bituruna","PR",-26.1666,-51.5497,"Hidroweb diário",52,TRUE,0.13278369085785627,"baixa (<0.20)",FALSE,3.5470377999646963,1,"jan",4,"abr",2,0.15,8,4,"ultimo_mes_seco","abr"
"2651016","Cruz Machado","PR",-26.043,-51.207,"Hidroweb diário",65,TRUE,0.25507958369152306,"media (0.20-0.3)",FALSE,2.729258790552819,12,"dez",8,"ago",3,0.15,4,8,"ultimo_mes_seco","ago"
"2651020","Bituruna","PR",-26.1587,-51.4082,"Hidroweb diário",50,TRUE,0.17370246580398,"baixa (<0.20)",FALSE,3.071659230983656,12,"dez",8,"ago",3,0.15,8,8,"ultimo_mes_seco","ago"
"2651023","Bituruna","PR",-26.1166,-51.5666,"Hidroweb diário",50,TRUE,0.10714296082469212,"baixa (<0.20)",FALSE,3.7637547567323395,2,"fev",8,"ago",3,0.15,8,8,"ultimo_mes_seco","ago"
"2651026","General Carneiro","PR",-26.4797,-51.428,"Hidroweb diário",47,TRUE,0.20068141837331385,"media (0.20-0.3)",FALSE,2.9812069276183126,12,"dez",4,"abr",4,0.15,8,4,"ultimo_mes_seco","abr"
"2651029","Palmas","PR",-26.4249,-51.5621,"Hidroweb diário",49,TRUE,0.2284253288040666,"media (0.20-0.3)",FALSE,2.454938884588961,11,"nov",4,"abr",2,0.15,4,4,"ultimo_mes_seco","abr"
"2651031","Palmas","PR",-26.2667,-51.9,"Hidroweb diário",47,TRUE,0.1534795437164018,"baixa (<0.20)",FALSE,3.3128457772601596,1,"jan",8,"ago",1,0.15,8,8,"ultimo_mes_seco","ago"
"2651035","Coronel Domingos Soares","PR",-26.3666,-51.8666,"Hidroweb diário",41,TRUE,0.1741444232157304,"baixa (<0.20)",FALSE,3.196700748473608,1,"jan",8,"ago",3,0.15,3,8,"ultimo_mes_seco","ago"
"2651043","Palmas","PR",-26.4833,-51.9833,"Hidroweb diário",40,TRUE,0.23569353384998906,"media (0.20-0.3)",FALSE,2.994626925291148,12,"dez",3,"mar",2,0.15,8,3,"ultimo_mes_seco","mar"
"2652003","Clevelândia","PR",-26.4167,-52.35,"Hidroweb diário",42,TRUE,0.11083146726615362,"baixa (<0.20)",FALSE,2.8682820561116626,12,"dez",8,"ago",3,0.15,3,8,"ultimo_mes_seco","ago"
"2652007","Coronel Vivida","PR",-26.0294,-52.6283,"Hidroweb diário",57,TRUE,0.08173877129072492,"baixa (<0.20)",FALSE,3.522876617232328,1,"jan",8,"ago",1,0.15,8,8,"ultimo_mes_seco","ago"
"2652009","Bom Sucesso do Sul","PR",-26.0506,-52.8008,"Hidroweb diário",67,TRUE,0.15605175828405407,"baixa (<0.20)",FALSE,2.483070175729458,11,"nov",8,"ago",2,0.15,7,8,"ultimo_mes_seco","ago"
"2652010","Palmas","PR",-26.4777,-51.9769,"Hidroweb diário",59,TRUE,0.17648001470444327,"baixa (<0.20)",FALSE,3.4497598274909214,1,"jan",8,"ago",2,0.15,8,8,"ultimo_mes_seco","ago"
"2652011","Mariópolis","PR",-26.3666,-52.5666,"Hidroweb diário",61,TRUE,0.1357459250018706,"baixa (<0.20)",FALSE,2.728623351488864,12,"dez",8,"ago",3,0.15,8,8,"ultimo_mes_seco","ago"
"2652012","Vitorino","PR",-26.2638,-52.7769,"Hidroweb diário",49,TRUE,0.13656700301975397,"baixa (<0.20)",FALSE,2.9973700063595428,12,"dez",8,"ago",2,0.15,7,8,"ultimo_mes_seco","ago"
"2652013","Pato Branco","PR",-26.233,-52.683,"Hidroweb diário",59,TRUE,0.25603563604247026,"media (0.20-0.3)",FALSE,2.681008827979159,12,"dez",8,"ago",2,0.15,8,8,"ultimo_mes_seco","ago"
"2652015","Clevelândia","PR",-26.2781,-52.2961,"Hidroweb diário",55,TRUE,0.20692506072723416,"media (0.20-0.3)",FALSE,2.373981699830337,11,"nov",5,"mai",5,0.15,3,5,"ultimo_mes_seco","mai"
"2652022","Honório Serpa","PR",-26.1475,-52.383,"Hidroweb diário",47,TRUE,0.11014690404321541,"baixa (<0.20)",FALSE,3.8011392189033937,2,"fev",8,"ago",2,0.15,8,8,"ultimo_mes_seco","ago"
"2652023","Coronel Domingos Soares","PR",-26.3639,-52.0039,"Hidroweb diário",46,TRUE,0.2303177176447136,"media (0.20-0.3)",FALSE,3.308782066511164,1,"jan",4,"abr",4,0.15,4,4,"ultimo_mes_seco","abr"
"2652025","Vitorino","PR",-26.2891,-52.6977,"Hidroweb diário",46,TRUE,0.22681055589097898,"media (0.20-0.3)",FALSE,2.3976530069471016,11,"nov",8,"ago",3,0.15,8,8,"ultimo_mes_seco","ago"
"2652026","Coronel Domingos Soares","PR",-26.0716,-52.0924,"Hidroweb diário",38,TRUE,0.18936853546745255,"baixa (<0.20)",FALSE,2.8086267755656333,12,"dez",8,"ago",3,0.15,8,8,"ultimo_mes_seco","ago"
"2652027","Mangueirinha","PR",-26.1272,-52.1838,"Hidroweb diário",49,TRUE,0.19424405937775227,"baixa (<0.20)",FALSE,2.574117599700796,11,"nov",8,"ago",1,0.15,8,8,"ultimo_mes_seco","ago"
"2652032","Coronel Vivida","PR",-26.0722,-52.4972,"Hidroweb diário",49,TRUE,0.05065916138037301,"baixa (<0.20)",FALSE,3.2236276736657286,1,"jan",8,"ago",1,0.15,8,8,"ultimo_mes_seco","ago"
"2652033","Pato Branco","PR",-26.2311,-52.5966,"Hidroweb diário",49,TRUE,0.14663682217836063,"baixa (<0.20)",FALSE,2.5304679677728665,11,"nov",8,"ago",1,0.15,8,8,"ultimo_mes_seco","ago"
"2652035","Pato Branco","PR",-26.1167,-52.6833,"Hidroweb diário",38,TRUE,0.12868551394243893,"baixa (<0.20)",FALSE,3.102900204762949,12,"dez",8,"ago",3,0.15,8,8,"ultimo_mes_seco","ago"
"2653008","Barracão","PR",-26.25,-53.633,"Hidroweb diário",36,TRUE,0.13099702208746225,"baixa (<0.20)",FALSE,5.238365521415685,5,"mai",8,"ago",4,0.15,8,8,"ultimo_mes_seco","ago"
"2653009","Santo Antônio do Sudoeste","PR",-26.0727118,-53.725556,"Hidroweb diário",54,TRUE,0.03650289763070644,"baixa (<0.20)",FALSE,2.7180763530417145,12,"dez",8,"ago",2,0.15,7,8,"ultimo_mes_seco","ago"
"2653012","Francisco Beltrão","PR",-26.0833,-53.0667,"Hidroweb diário",45,TRUE,0.0644192971189382,"baixa (<0.20)",FALSE,2.113778868861856,11,"nov",8,"ago",3,0.15,3,8,"ultimo_mes_seco","ago"
"2653014","Santo Antônio do Sudoeste","PR",-26.1086,-53.6466,"Hidroweb diário",48,TRUE,0.02850978576933491,"baixa (<0.20)",FALSE,1.4372900066229781,9,"set",8,"ago",2,0.15,8,8,"ultimo_mes_seco","ago"
"2653015","Francisco Beltrão","PR",-26.0833,-53.178,"Hidroweb diário",39,TRUE,0.09282855756093061,"baixa (<0.20)",FALSE,2.526037113642457,11,"nov",8,"ago",1,0.15,8,8,"ultimo_mes_seco","ago"
"2653016","Manfrinópolis","PR",-26.0663,-53.3528,"Hidroweb diário",49,TRUE,0.07085486140834162,"baixa (<0.20)",FALSE,3.366695621885797,1,"jan",8,"ago",3,0.15,8,8,"ultimo_mes_seco","ago"
"2653017","Salgado Filho","PR",-26.1122,-53.4633,"Hidroweb diário",49,TRUE,0.044050511790337255,"baixa (<0.20)",FALSE,2.234191597475769,11,"nov",8,"ago",3,0.15,7,8,"ultimo_mes_seco","ago"
"2653019","Flor da Serra do Sul","PR",-26.2416,-53.1963,"Hidroweb diário",49,TRUE,0.0651171118070495,"baixa (<0.20)",FALSE,3.0568467998610442,12,"dez",8,"ago",3,0.15,8,8,"ultimo_mes_seco","ago"
"2653020","Salgado Filho","PR",-26.183,-53.383,"Hidroweb diário",41,TRUE,0.05015074031742187,"baixa (<0.20)",FALSE,2.8145172087718944,12,"dez",8,"ago",2,0.15,8,8,"ultimo_mes_seco","ago"
"2653021","Barracão","PR",-26.2343,-53.4524,"Hidroweb diário",49,TRUE,0.11473050659822429,"baixa (<0.20)",FALSE,1.9455167549395531,10,"out",8,"ago",3,0.15,8,8,"ultimo_mes_seco","ago"
"2653022","Marmeleiro","PR",-26.378,-53.0447,"Hidroweb diário",43,TRUE,0.14453655705209223,"baixa (<0.20)",FALSE,2.3474524231355387,11,"nov",8,"ago",1,0.15,8,8,"ultimo_mes_seco","ago"
"2653023","Flor da Serra do Sul","PR",-26.3185,-53.1829,"Hidroweb diário",49,TRUE,0.08826902540458428,"baixa (<0.20)",FALSE,2.799519569637352,12,"dez",8,"ago",3,0.15,8,8,"ultimo_mes_seco","ago"
"2653024","Marmeleiro","PR",-26.1525,-53.0183,"Hidroweb diário",47,TRUE,0.09102285467170221,"baixa (<0.20)",FALSE,1.9039065796664094,10,"out",4,"abr",4,0.15,7,4,"ultimo_mes_seco","abr"
"83766","Londrina","PR",-23.32555554,-51.14166666,"INMET diário",62,TRUE,0.30122709622043115,"alta (>=0.3)",TRUE,0.2638102940241971,7,"jul",8,"ago",2,0.15,8,7,"theta_pi","jul"
"83767","Maringa","PR",-23.40527777,-51.93277777,"INMET diário",53,TRUE,0.27220811150009117,"media (0.20-0.3)",FALSE,0.37290887995222943,7,"jul",8,"ago",2,0.15,8,8,"ultimo_mes_seco","ago"
"83769","Jacarezinho","PR",-23.15,-49.97,"INMET diário",54,TRUE,0.3683964256827837,"alta (>=0.3)",TRUE,0.2926742306603896,7,"jul",8,"ago",2,0.15,8,7,"theta_pi","jul"
"83775","Guaíra","PR",-24.08,-54.25,"INMET diário",31,TRUE,0.1635953445614435,"baixa (<0.20)",FALSE,6.096686561677284,6,"jun",8,"ago",2,0.15,8,8,"ultimo_mes_seco","ago"
"83783","Campo Mourao","PR",-24.09,-52.39,"INMET diário",51,TRUE,0.2050251606443135,"media (0.20-0.3)",FALSE,0.47699204172612886,7,"jul",8,"ago",1,0.15,8,8,"ultimo_mes_seco","ago"
"83811","Ivai","PR",-25.01,-50.85,"INMET diário",43,TRUE,0.04533836417587023,"baixa (<0.20)",FALSE,2.345389717130466,11,"nov",4,"abr",2,0.15,8,4,"ultimo_mes_seco","abr"
"83813","Castro","PR",-24.79,-50,"INMET diário",86,TRUE,0.10162868130445873,"baixa (<0.20)",FALSE,0.9029296479264314,8,"ago",8,"ago",2,0.15,7,8,"ultimo_mes_seco","ago"
"83826","Foz do Iguaçu","PR",-25.55,-54.57,"INMET diário",32,TRUE,0.2017444436938669,"media (0.20-0.3)",FALSE,0.6160163341918958,8,"ago",8,"ago",1,0.15,8,8,"ultimo_mes_seco","ago"
"83836","Irati","PR",-25.50277777,-50.63749999,"INMET diário",62,TRUE,0.10415693378051533,"baixa (<0.20)",FALSE,1.5378708921916606,9,"set",8,"ago",1,0.15,8,8,"ultimo_mes_seco","ago"
"83837","Ponta Grossa","PR",-25.1,-50.17,"INMET diário",48,TRUE,0.08267197470598173,"baixa (<0.20)",FALSE,0.2924753629624815,7,"jul",8,"ago",2,0.15,7,8,"ultimo_mes_seco","ago"
"83842","Curitiba","PR",-25.45,-49.23,"INMET diário",59,TRUE,0.24653261000780244,"media (0.20-0.3)",FALSE,0.9410300765486196,8,"ago",5,"mai",3,0.15,8,5,"ultimo_mes_seco","mai"
"83844","Paranagua","PR",-25.54,-48.53,"INMET diário",55,TRUE,0.4805937363560809,"alta (>=0.3)",TRUE,0.6986843833213074,8,"ago",8,"ago",3,0.15,8,8,"theta_pi","ago"
"83860","Palmas","PR",-26.47999999,-51.97999999,"INMET diário",49,TRUE,0.16450893214043746,"baixa (<0.20)",FALSE,3.1333049607655705,12,"dez",7,"jul",2,0.15,7,7,"ultimo_mes_seco","jul"
"83864","São Cristóvão","PR",-26.23,-51.07,"INMET diário",36,TRUE,0.18393976078910435,"baixa (<0.20)",FALSE,3.659505475783436,1,"jan",5,"mai",1,0.15,5,5,"ultimo_mes_seco","mai"
"2041046","Varre-sai","RJ",-20.9308,-41.8675,"Hidroweb diário",57,FALSE,0.6466799560649548,"alta (>=0.3)",TRUE,0.2494880923326583,7,"jul",8,"ago",4,0.15,7,7,"theta_pi","jul"
"2042027","Porciúncula","RJ",-20.9692,-42.0517,"Hidroweb diário",87,FALSE,0.6726866584538228,"alta (>=0.3)",TRUE,0.14839967011621621,7,"jul",9,"set",5,0.15,7,7,"theta_pi","jul"
"2141001","São João da Barra","RJ",-21.4828,-41.1033,"Hidroweb diário",53,FALSE,0.5681289266606908,"alta (>=0.3)",TRUE,0.26737252529204075,7,"jul",8,"ago",3,0.15,6,7,"theta_pi","jul"
"2141002","Campo dos Goytacazes","RJ",-21.7533,-41.3003,"Hidroweb diário",49,FALSE,0.5612047246682723,"alta (>=0.3)",TRUE,0.11734088671049175,7,"jul",9,"set",6,0.15,8,7,"theta_pi","jul"
"2141003","Campo dos Goytacazes","RJ",-21.4872,-41.6136,"Hidroweb diário",87,FALSE,0.6922102315213093,"alta (>=0.3)",TRUE,6.234212962189191,6,"jun",8,"ago",4,0.15,8,6,"theta_pi","jun"
"2141004","Itaperuna","RJ",-21.2064,-41.8911,"Hidroweb diário",75,FALSE,0.6438189162864767,"alta (>=0.3)",TRUE,0.038628790568905495,7,"jul",8,"ago",4,0.15,7,7,"theta_pi","jul"
"2141005","São Fidélis","RJ",-21.6453,-41.7522,"Hidroweb diário",74,FALSE,0.6491658080405449,"alta (>=0.3)",TRUE,6.202478797054971,6,"jun",9,"set",5,0.15,7,6,"theta_pi","jun"
"2141006","São Fidélis","RJ",-21.6433,-41.8586,"Hidroweb diário",87,FALSE,0.6640916624437724,"alta (>=0.3)",TRUE,6.270862078238871,7,"jul",9,"set",5,0.15,8,7,"theta_pi","jul"
"2141007","Cambuci","RJ",-21.6253,-41.9853,"Hidroweb diário",83,FALSE,0.6501320555655851,"alta (>=0.3)",TRUE,0.03986629715939786,7,"jul",9,"set",5,0.15,8,7,"theta_pi","jul"
"2141022","Campo dos Goytacazes","RJ",-21.75,-41.3333,"Hidroweb diário",38,FALSE,0.5707622620504665,"alta (>=0.3)",TRUE,0.2046499183588882,7,"jul",9,"set",4,0.15,8,7,"theta_pi","jul"
"2141100","Itaocara","RJ",-21.7328,-41.9878,"Hidroweb diário",61,FALSE,0.6435187927651305,"alta (>=0.3)",TRUE,6.279164894977688,7,"jul",8,"ago",4,0.15,7,7,"theta_pi","jul"
"2142014","Carmo","RJ",-21.8708,-42.6403,"Hidroweb diário",67,FALSE,0.6508041029018419,"alta (>=0.3)",TRUE,0.1045970363472845,7,"jul",9,"set",5,0.15,7,7,"theta_pi","jul"
"2142022","Cantagalo","RJ",-21.9514,-42.3561,"Hidroweb diário",86,FALSE,0.6850849102526961,"alta (>=0.3)",TRUE,0.09520220956233023,7,"jul",9,"set",5,0.15,7,7,"theta_pi","jul"
"2142053","Carmo","RJ",-21.9333,-42.6167,"Hidroweb diário",32,FALSE,0.6877816010905614,"alta (>=0.3)",TRUE,6.186403865484368,6,"jun",8,"ago",4,0.15,8,6,"theta_pi","jun"
"2142058","Santo Antônio de Pádua","RJ",-21.5419,-42.1825,"Hidroweb diário",59,FALSE,0.7275348177521647,"alta (>=0.3)",TRUE,6.115158877162158,6,"jun",8,"ago",4,0.15,6,6,"theta_pi","jun"
"2142059","Carmo","RJ",-21.8433,-42.5783,"Hidroweb diário",33,FALSE,0.6445663685533267,"alta (>=0.3)",TRUE,0.17659871139490202,7,"jul",9,"set",5,0.15,8,7,"theta_pi","jul"
"2241001","Campo dos Goytacazes","RJ",-22.0425,-41.0556,"Hidroweb diário",60,FALSE,0.4471736257803805,"alta (>=0.3)",TRUE,0.06886644657426767,7,"jul",9,"set",4,0.15,8,7,"theta_pi","jul"
"2241002","Macaé","RJ",-22.1061,-41.4711,"Hidroweb diário",59,FALSE,0.4178203851929021,"alta (>=0.3)",TRUE,0.1488897011288896,7,"jul",8,"ago",3,0.15,8,7,"theta_pi","jul"
"2241003","Conceição de Macabu","RJ",-22.0861,-41.7397,"Hidroweb diário",78,FALSE,0.5167336869580242,"alta (>=0.3)",TRUE,0.15521051623766688,7,"jul",8,"ago",3,0.15,8,7,"theta_pi","jul"
"2241004","Macaé","RJ",-22.2592,-41.9842,"Hidroweb diário",57,FALSE,0.49514968389127845,"alta (>=0.3)",TRUE,0.16308048123950425,7,"jul",8,"ago",4,0.15,6,7,"theta_pi","jul"
"2241010","Macaé","RJ",-22.1,-41.4667,"Hidroweb diário",34,FALSE,0.5584501251848666,"alta (>=0.3)",TRUE,0.6863479048088799,8,"ago",9,"set",4,0.15,7,8,"theta_pi","ago"
"2241016","Macaé","RJ",-22.3667,-41.7833,"Hidroweb diário",40,FALSE,0.3977550499552784,"alta (>=0.3)",TRUE,0.13474528505552164,7,"jul",8,"ago",3,0.15,8,7,"theta_pi","jul"
"2242001","Trajano de Morais","RJ",-22.0428,-42.0442,"Hidroweb diário",60,FALSE,0.6027881656991764,"alta (>=0.3)",TRUE,0.04661455501260905,7,"jul",8,"ago",4,0.15,6,7,"theta_pi","jul"
"2242002","Trajano de Morais","RJ",-22.1864,-42.1636,"Hidroweb diário",61,FALSE,0.6527412258389311,"alta (>=0.3)",TRUE,0.06793275693354092,7,"jul",9,"set",5,0.15,8,7,"theta_pi","jul"
"2242003","Nova Friburgo","RJ",-22.4047,-42.3392,"Hidroweb diário",76,FALSE,0.5422263699975184,"alta (>=0.3)",TRUE,0.24371982344885926,7,"jul",8,"ago",3,0.15,8,7,"theta_pi","jul"
"2242004","Nova Friburgo","RJ",-22.3631,-42.3808,"Hidroweb diário",76,FALSE,0.6431397119243017,"alta (>=0.3)",TRUE,0.3618901313773412,7,"jul",9,"set",5,0.15,8,7,"theta_pi","jul"
"2242005","Nova Friburgo","RJ",-22.3903,-42.4947,"Hidroweb diário",59,FALSE,0.6534901526802035,"alta (>=0.3)",TRUE,0.2509449689747589,7,"jul",9,"set",5,0.15,6,7,"theta_pi","jul"
"2242006","Casimiro de Abreu","RJ",-22.4722,-42.0844,"Hidroweb diário",56,FALSE,0.5354409404850489,"alta (>=0.3)",TRUE,0.05958323422160937,7,"jul",8,"ago",3,0.15,6,7,"theta_pi","jul"
"2242007","Silva Jardim","RJ",-22.4672,-42.3072,"Hidroweb diário",59,FALSE,0.5457398357101975,"alta (>=0.3)",TRUE,0.4476945548730723,7,"jul",8,"ago",3,0.15,6,7,"theta_pi","jul"
"2242008","Silva Jardim","RJ",-22.5489,-42.5461,"Hidroweb diário",59,FALSE,0.6443521942518634,"alta (>=0.3)",TRUE,0.6361997609525472,8,"ago",8,"ago",3,0.15,7,8,"theta_pi","ago"
"2242010","Maricá","RJ",-22.9061,-42.7319,"Hidroweb diário",57,FALSE,0.23095148952919947,"media (0.20-0.3)",FALSE,0.6326032195403892,8,"ago",8,"ago",3,0.15,7,8,"ultimo_mes_seco","ago"
"2242011","Magé","RJ",-22.6856,-42.9497,"Hidroweb diário",57,FALSE,0.5774674050549906,"alta (>=0.3)",TRUE,0.5084856296687522,7,"jul",8,"ago",3,0.15,7,7,"theta_pi","jul"
"2242012","Magé","RJ",-22.4958,-42.9086,"Hidroweb diário",59,FALSE,0.6128952710187435,"alta (>=0.3)",TRUE,0.39997312436139454,7,"jul",8,"ago",4,0.15,8,7,"theta_pi","jul"
"2242013","Cachoeiras de Macacu","RJ",-22.4397,-42.7636,"Hidroweb diário",59,FALSE,0.5989094120424973,"alta (>=0.3)",TRUE,0.3641480887576627,7,"jul",8,"ago",4,0.15,6,7,"theta_pi","jul"
"2242014","Cachoeiras de Macacu","RJ",-22.5564,-42.69,"Hidroweb diário",58,FALSE,0.6984013744524357,"alta (>=0.3)",TRUE,0.29764258250627046,7,"jul",8,"ago",4,0.15,7,7,"theta_pi","jul"
"2242015","Cachoeiras de Macacu","RJ",-22.4667,-42.65,"Hidroweb diário",38,FALSE,0.6128652475606937,"alta (>=0.3)",TRUE,0.37305428982175676,7,"jul",9,"set",4,0.15,8,7,"theta_pi","jul"
"2242016","Cachoeiras de Macacu","RJ",-22.4411,-42.6219,"Hidroweb diário",57,FALSE,0.5901735925368895,"alta (>=0.3)",TRUE,0.2724043537705549,7,"jul",8,"ago",3,0.15,6,7,"theta_pi","jul"
"2242017","Trajano de Morais","RJ",-22.0678,-42.16,"Hidroweb diário",61,FALSE,0.7343586292608387,"alta (>=0.3)",TRUE,0.07184550267399496,7,"jul",8,"ago",4,0.15,7,7,"theta_pi","jul"
"2242018","Bom Jardim","RJ",-22.2356,-42.2858,"Hidroweb diário",61,FALSE,0.735644737929213,"alta (>=0.3)",TRUE,0.1631371593510835,7,"jul",9,"set",5,0.15,8,7,"theta_pi","jul"
"2242019","Bom Jardim","RJ",-22.2994,-42.4011,"Hidroweb diário",58,FALSE,0.7881309522158567,"alta (>=0.3)",TRUE,0.23274494648284536,7,"jul",9,"set",5,0.15,6,7,"theta_pi","jul"
"2242020","Nova Friburgo","RJ",-22.2761,-42.5039,"Hidroweb diário",61,FALSE,0.6986651283199271,"alta (>=0.3)",TRUE,0.09624925718192685,7,"jul",9,"set",5,0.15,6,7,"theta_pi","jul"
"2242021","Bom Jardim","RJ",-22.1569,-42.4164,"Hidroweb diário",81,FALSE,0.7087306050245072,"alta (>=0.3)",TRUE,0.013127726918162445,7,"jul",9,"set",5,0.15,8,7,"theta_pi","jul"
"2242022","Nova Friburgo","RJ",-22.2858,-42.66,"Hidroweb diário",76,FALSE,0.6796611499369167,"alta (>=0.3)",TRUE,0.05084112988398767,7,"jul",9,"set",5,0.15,6,7,"theta_pi","jul"
"2242023","Nova Friburgo","RJ",-22.2167,-42.5167,"Hidroweb diário",46,FALSE,0.7678538722181102,"alta (>=0.3)",TRUE,0.2781930477200425,7,"jul",9,"set",5,0.15,7,7,"theta_pi","jul"
"2242024","Nova Friburgo","RJ",-22.3772,-42.5517,"Hidroweb diário",61,FALSE,0.5747445178879811,"alta (>=0.3)",TRUE,0.27769700652403234,7,"jul",8,"ago",3,0.15,6,7,"theta_pi","jul"
"2242025","Nova Friburgo","RJ",-22.3425,-42.5572,"Hidroweb diário",58,FALSE,0.5792532433082387,"alta (>=0.3)",TRUE,0.17963954377622804,7,"jul",9,"set",4,0.15,6,7,"theta_pi","jul"
"2242026","Teresópolis","RJ",-22.2714,-42.7947,"Hidroweb diário",60,FALSE,0.6689242105990492,"alta (>=0.3)",TRUE,0.14150771963734612,7,"jul",8,"ago",4,0.15,8,7,"theta_pi","jul"
"2242027","Teresópolis","RJ",-22.2011,-42.9,"Hidroweb diário",90,FALSE,0.6790231773626104,"alta (>=0.3)",TRUE,0.12871663831917074,7,"jul",9,"set",5,0.15,7,7,"theta_pi","jul"
"2242028","Sapucaia","RJ",-22.0353,-42.9908,"Hidroweb diário",82,FALSE,0.7068758339562639,"alta (>=0.3)",TRUE,0.13634251580589873,7,"jul",9,"set",5,0.15,8,7,"theta_pi","jul"
"2242029","Sumidouro","RJ",-22.0503,-42.6783,"Hidroweb diário",74,FALSE,0.6805905884059821,"alta (>=0.3)",TRUE,0.18008033511800503,7,"jul",9,"set",5,0.15,8,7,"theta_pi","jul"
"2242051","Itaboraí","RJ",-22.7333,-42.85,"Hidroweb diário",31,FALSE,0.5640365659589991,"alta (>=0.3)",TRUE,0.5156454125715411,7,"jul",9,"set",4,0.15,7,7,"theta_pi","jul"
"2242077","Sapucaia","RJ",-22.0196881,-42.840827,"Hidroweb diário",33,FALSE,0.6775096167812958,"alta (>=0.3)",TRUE,0.09387975216622188,7,"jul",9,"set",5,0.15,8,7,"theta_pi","jul"
"2243002","Barra do Piraí","RJ",-22.4506,-43.7978,"Hidroweb diário",67,FALSE,0.6862990078353155,"alta (>=0.3)",TRUE,0.4741916569381676,7,"jul",9,"set",5,0.15,7,7,"theta_pi","jul"
"2243003","Paraíba do Sul","RJ",-22.1483,-43.2911,"Hidroweb diário",87,FALSE,0.8065362315576322,"alta (>=0.3)",TRUE,0.3723811613536218,7,"jul",9,"set",5,0.15,8,7,"theta_pi","jul"
"2243004","Valença","RJ",-22.2875,-43.9294,"Hidroweb diário",81,FALSE,0.7011497265342833,"alta (>=0.3)",TRUE,0.2522794394264638,7,"jul",8,"ago",4,0.15,7,7,"theta_pi","jul"
"2243005","Valença","RJ",-22.2189,-43.7036,"Hidroweb diário",82,FALSE,0.658891413512761,"alta (>=0.3)",TRUE,0.3804650751713512,7,"jul",9,"set",5,0.15,7,7,"theta_pi","jul"
"2243006","Valença","RJ",-22.1569,-43.7525,"Hidroweb diário",78,FALSE,0.7012272015980542,"alta (>=0.3)",TRUE,0.3010166139581921,7,"jul",9,"set",5,0.15,6,7,"theta_pi","jul"
"2243007","Rio das Flores","RJ",-22.2086,-43.6233,"Hidroweb diário",85,FALSE,0.7356814637688501,"alta (>=0.3)",TRUE,0.36141244275095685,7,"jul",9,"set",5,0.15,8,7,"theta_pi","jul"
"2243008","Rio das Flores","RJ",-22.0858,-43.5567,"Hidroweb diário",81,FALSE,0.6527237197305555,"alta (>=0.3)",TRUE,0.2576658601770207,7,"jul",9,"set",5,0.15,7,7,"theta_pi","jul"
"2243009","Petrópolis","RJ",-22.5117,-43.1708,"Hidroweb diário",62,FALSE,0.5696788397203745,"alta (>=0.3)",TRUE,0.3275861816636148,7,"jul",9,"set",4,0.15,8,7,"theta_pi","jul"
"2243010","Petrópolis","RJ",-22.4853,-43.1492,"Hidroweb diário",88,FALSE,0.6888655730751904,"alta (>=0.3)",TRUE,0.34113869947405306,7,"jul",9,"set",5,0.15,7,7,"theta_pi","jul"
"2243011","Petrópolis","RJ",-22.4381,-43.1703,"Hidroweb diário",88,FALSE,0.7158099126479243,"alta (>=0.3)",TRUE,0.18086761160722697,7,"jul",9,"set",5,0.15,6,7,"theta_pi","jul"
"2243012","Petrópolis","RJ",-22.3325,-43.1361,"Hidroweb diário",88,FALSE,0.6849460960939183,"alta (>=0.3)",TRUE,0.1779623287289599,7,"jul",9,"set",5,0.15,7,7,"theta_pi","jul"
"2243013","Três Rios","RJ",-22.2439,-43.0972,"Hidroweb diário",86,FALSE,0.687731458662664,"alta (>=0.3)",TRUE,0.22766045369902596,7,"jul",9,"set",5,0.15,7,7,"theta_pi","jul"
"2243014","Petrópolis","RJ",-22.2997,-43.1781,"Hidroweb diário",83,FALSE,0.7177506470679973,"alta (>=0.3)",TRUE,0.15750059394230703,7,"jul",8,"ago",4,0.15,8,7,"theta_pi","jul"
"2243015","Três Rios","RJ",-22.1403,-43.1542,"Hidroweb diário",90,FALSE,0.7445231311281227,"alta (>=0.3)",TRUE,6.82011630494226e-4,7,"jul",9,"set",5,0.15,7,7,"theta_pi","jul"
"2243016","Petrópolis","RJ",-22.1931,-43.0083,"Hidroweb diário",71,FALSE,0.6915073816682181,"alta (>=0.3)",TRUE,0.20296323547679201,7,"jul",9,"set",5,0.15,6,7,"theta_pi","jul"
"2243088","Rio de Janeiro","RJ",-22.8658,-43.4258,"Hidroweb diário",31,FALSE,0.4822394051078356,"alta (>=0.3)",TRUE,0.606830567008506,8,"ago",8,"ago",3,0.15,7,8,"theta_pi","ago"
"2243110","Rio de Janeiro","RJ",-22.9110137,-43.2093727,"Hidroweb diário",31,FALSE,0.501271855188664,"alta (>=0.3)",TRUE,0.7323049769597251,8,"ago",8,"ago",3,0.15,8,8,"theta_pi","ago"
"2243129","Rio de Janeiro","RJ",-22.9110137,-43.2093727,"Hidroweb diário",39,FALSE,0.4758896223486732,"alta (>=0.3)",TRUE,0.5376488981815088,8,"ago",8,"ago",2,0.15,8,8,"theta_pi","ago"
"2243141","Rio de Janeiro","RJ",-22.8667,-43.45,"Hidroweb diário",32,FALSE,0.6160132071479465,"alta (>=0.3)",TRUE,0.6845781768830932,8,"ago",8,"ago",3,0.15,7,8,"theta_pi","ago"
"2243149","Rio de Janeiro","RJ",-22.95,-43.2667,"Hidroweb diário",42,FALSE,0.10883676645809863,"baixa (<0.20)",FALSE,0.5716531660893949,8,"ago",6,"jun",1,0.15,6,6,"ultimo_mes_seco","jun"
"2243188","Petrópolis","RJ",-22.5333,-43.1833,"Hidroweb diário",36,FALSE,0.5105955899948686,"alta (>=0.3)",TRUE,0.3654149033300984,7,"jul",8,"ago",3,0.15,8,7,"theta_pi","jul"
"2243205","Barra do Piraí","RJ",-22.4819,-43.8392,"Hidroweb diário",85,FALSE,0.7655451710228235,"alta (>=0.3)",TRUE,0.4289426972595806,7,"jul",9,"set",5,0.15,7,7,"theta_pi","jul"
"2243206","Três Rios","RJ",-22.1417,-43.2156,"Hidroweb diário",60,FALSE,0.6997923590096649,"alta (>=0.3)",TRUE,0.31065504253380294,7,"jul",9,"set",5,0.15,8,7,"theta_pi","jul"
"2243207","Piraí","RJ",-22.6958,-43.8719,"Hidroweb diário",45,FALSE,0.6565441595508698,"alta (>=0.3)",TRUE,0.401922593182005,7,"jul",8,"ago",4,0.15,7,7,"theta_pi","jul"
"2243208","Três Rios","RJ",-22.0211,-43.3,"Hidroweb diário",37,FALSE,0.6463176472814561,"alta (>=0.3)",TRUE,0.2976957582781363,7,"jul",9,"set",5,0.15,7,7,"theta_pi","jul"
"2243209","Piraí","RJ",-22.6872,-43.8728,"Hidroweb diário",43,FALSE,0.6034174582820163,"alta (>=0.3)",TRUE,0.41521439119441506,7,"jul",8,"ago",4,0.15,7,7,"theta_pi","jul"
"2243211","Piraí","RJ",-22.7008,-43.8783,"Hidroweb diário",36,FALSE,0.677729935344048,"alta (>=0.3)",TRUE,0.3829397503143088,7,"jul",8,"ago",4,0.15,7,7,"theta_pi","jul"
"2243212","Valença","RJ",-22.3425,-43.8086,"Hidroweb diário",32,FALSE,0.6287420693827627,"alta (>=0.3)",TRUE,0.36191547416112835,7,"jul",8,"ago",4,0.15,6,7,"theta_pi","jul"
"2243216","Piraí","RJ",-22.63,-43.895,"Hidroweb diário",66,FALSE,0.6892911195691556,"alta (>=0.3)",TRUE,0.3455155683111008,7,"jul",8,"ago",4,0.15,6,7,"theta_pi","jul"
"2243250","Itaguaí","RJ",-22.9044,-43.8678,"Hidroweb diário",36,FALSE,0.23966858830689028,"media (0.20-0.3)",FALSE,0.6176309483567803,8,"ago",8,"ago",2,0.15,7,8,"ultimo_mes_seco","ago"
"2244028","Angra dos Reis","RJ",-22.9583,-44.5611,"Hidroweb diário",44,FALSE,0.5571687461944453,"alta (>=0.3)",TRUE,0.5709120234667998,8,"ago",8,"ago",4,0.15,7,8,"theta_pi","ago"
"2244030","Resende","RJ",-22.5033,-44.6156,"Hidroweb diário",68,FALSE,0.7144394000913915,"alta (>=0.3)",TRUE,0.181196029671614,7,"jul",9,"set",5,0.15,7,7,"theta_pi","jul"
"2244031","Itatiaia","RJ",-22.5003,-44.5542,"Hidroweb diário",55,FALSE,0.7112242797170805,"alta (>=0.3)",TRUE,0.27236268958832577,7,"jul",8,"ago",4,0.15,6,7,"theta_pi","jul"
"2244033","Valença","RJ",-22.2311,-44.0647,"Hidroweb diário",84,FALSE,0.691597319199433,"alta (>=0.3)",TRUE,0.24433503194258718,7,"jul",9,"set",5,0.15,7,7,"theta_pi","jul"
"2244034","Barra Mansa","RJ",-22.3036,-44.1869,"Hidroweb diário",84,FALSE,0.7215108890695959,"alta (>=0.3)",TRUE,0.2363543359344556,7,"jul",9,"set",5,0.15,6,7,"theta_pi","jul"
"2244037","Resende","RJ",-22.2975,-44.3106,"Hidroweb diário",79,FALSE,0.7407622946762425,"alta (>=0.3)",TRUE,0.29046359382009806,7,"jul",9,"set",5,0.15,7,7,"theta_pi","jul"
"2244038","Resende","RJ",-22.2706,-44.3917,"Hidroweb diário",85,FALSE,0.7188249532387551,"alta (>=0.3)",TRUE,0.30223076495737267,7,"jul",9,"set",5,0.15,6,7,"theta_pi","jul"
"2244039","Resende","RJ",-22.3378,-44.5903,"Hidroweb diário",84,FALSE,0.6877618244062889,"alta (>=0.3)",TRUE,0.405796435291052,7,"jul",9,"set",5,0.15,6,7,"theta_pi","jul"
"2244040","Rio Claro","RJ",-22.8322,-44.1989,"Hidroweb diário",46,FALSE,0.713079653180114,"alta (>=0.3)",TRUE,0.5932633825983304,8,"ago",9,"set",4,0.15,7,8,"theta_pi","ago"
"2244041","Volta Redonda","RJ",-22.5011,-44.0919,"Hidroweb diário",80,FALSE,0.6900736430983206,"alta (>=0.3)",TRUE,0.36257334043920597,7,"jul",8,"ago",4,0.15,7,7,"theta_pi","jul"
"2244042","Barra Mansa","RJ",-22.5375,-44.1758,"Hidroweb diário",77,FALSE,0.6872270748555079,"alta (>=0.3)",TRUE,0.47178574328146866,7,"jul",9,"set",5,0.15,7,7,"theta_pi","jul"
"2244043","Barra Mansa","RJ",-22.5814,-44.2681,"Hidroweb diário",61,FALSE,0.6434793100602234,"alta (>=0.3)",TRUE,0.2861244227429408,7,"jul",9,"set",5,0.15,6,7,"theta_pi","jul"
"2244044","Barra Mansa","RJ",-22.4742,-44.2289,"Hidroweb diário",58,FALSE,0.6372011912988733,"alta (>=0.3)",TRUE,0.35759789302463163,7,"jul",9,"set",5,0.15,6,7,"theta_pi","jul"
"2244045","Barra Mansa","RJ",-22.3856,-44.1075,"Hidroweb diário",57,FALSE,0.681965855259631,"alta (>=0.3)",TRUE,0.4122488345952293,7,"jul",9,"set",5,0.15,6,7,"theta_pi","jul"
"2244046","Resende","RJ",-22.3333,-44.4,"Hidroweb diário",34,FALSE,0.671921026856957,"alta (>=0.3)",TRUE,0.3254043401251229,7,"jul",9,"set",5,0.15,7,7,"theta_pi","jul"
"2244047","Resende","RJ",-22.33,-44.5383,"Hidroweb diário",87,FALSE,0.7062893265362215,"alta (>=0.3)",TRUE,0.33781042912615594,7,"jul",9,"set",5,0.15,7,7,"theta_pi","jul"
"2244090","Resende","RJ",-22.4418699,-44.4204847,"Hidroweb diário",42,FALSE,0.698813250127933,"alta (>=0.3)",TRUE,0.28117193458178663,7,"jul",9,"set",6,0.15,7,7,"theta_pi","jul"
"2244097","Rio Claro","RJ",-22.7722,-44.0911,"Hidroweb diário",98,FALSE,0.73973332341707,"alta (>=0.3)",TRUE,0.43360201883241833,7,"jul",9,"set",5,0.15,7,7,"theta_pi","jul"
"2244098","Mangaratiba","RJ",-22.8522,-43.9953,"Hidroweb diário",54,FALSE,0.5260225892842375,"alta (>=0.3)",TRUE,0.6257289323066721,8,"ago",8,"ago",3,0.15,7,8,"theta_pi","ago"
"2244099","Rio Claro","RJ",-22.8356,-44.193600000000004,"Hidroweb diário",61,FALSE,0.6691839050964069,"alta (>=0.3)",TRUE,0.37812373963553153,7,"jul",9,"set",5,0.15,6,7,"theta_pi","jul"
"2244101","Volta Redonda","RJ",-22.5128,-44.0942,"Hidroweb diário",53,FALSE,0.7232552156803279,"alta (>=0.3)",TRUE,0.5343735503609595,8,"ago",8,"ago",4,0.15,7,8,"theta_pi","ago"
"2244103","Rio Claro","RJ",-22.7489,-44.1247,"Hidroweb diário",34,FALSE,0.7178795826114346,"alta (>=0.3)",TRUE,0.2802069768512317,7,"jul",9,"set",6,0.15,6,7,"theta_pi","jul"
"2244104","Resende","RJ",-22.4467,-44.3042,"Hidroweb diário",44,FALSE,0.6848471719268586,"alta (>=0.3)",TRUE,0.3695461177423376,7,"jul",9,"set",5,0.15,7,7,"theta_pi","jul"
"2244105","Itatiaia","RJ",-22.4969,-44.5583,"Hidroweb diário",34,FALSE,0.6672049615981163,"alta (>=0.3)",TRUE,0.30876053302994755,7,"jul",8,"ago",4,0.15,7,7,"theta_pi","jul"
"2244106","Barra Mansa","RJ",-22.5414,-44.1781,"Hidroweb diário",53,FALSE,0.7262090262691194,"alta (>=0.3)",TRUE,0.3084959292094092,7,"jul",8,"ago",4,0.15,6,7,"theta_pi","jul"
"2244148","Mangaratiba","RJ",-22.9614,-44.0306,"Hidroweb diário",36,FALSE,0.46121279996731473,"alta (>=0.3)",TRUE,0.6521526864143679,8,"ago",8,"ago",3,0.15,8,8,"theta_pi","ago"
"2244149","Angra dos Reis","RJ",-22.9361,-44.3917,"Hidroweb diário",35,FALSE,0.5238288721720042,"alta (>=0.3)",TRUE,0.5672877418455934,8,"ago",8,"ago",3,0.15,6,8,"theta_pi","ago"
"2344006","Paraty","RJ",-23.3172,-44.7217,"Hidroweb diário",58,FALSE,0.41532698480158886,"alta (>=0.3)",TRUE,0.5112493280277376,7,"jul",8,"ago",3,0.15,7,7,"theta_pi","jul"
"2344007","Paraty","RJ",-23.2242,-44.7642,"Hidroweb diário",63,FALSE,0.5213964876648627,"alta (>=0.3)",TRUE,0.551275794380002,8,"ago",8,"ago",3,0.15,6,8,"theta_pi","ago"
"2344008","Paraty","RJ",-23.0722,-44.6981,"Hidroweb diário",58,FALSE,0.518473545017534,"alta (>=0.3)",TRUE,0.6392828946179058,8,"ago",8,"ago",4,0.15,6,8,"theta_pi","ago"
"2344016","Angra dos Reis","RJ",-23.0258,-44.5181,"Hidroweb diário",44,FALSE,0.513325273342541,"alta (>=0.3)",TRUE,0.6737537436366705,8,"ago",8,"ago",3,0.15,8,8,"theta_pi","ago"
"2344019","Angra dos Reis","RJ",-23.0047,-44.5364,"Hidroweb diário",32,FALSE,0.49300584436539996,"alta (>=0.3)",TRUE,0.3493053507231967,7,"jul",8,"ago",3,0.15,8,7,"theta_pi","jul"
"83007","Alto da Boa Vista","RJ",-22.96583333,-43.27916666,"INMET diário",54,FALSE,0.15939586635182204,"baixa (<0.20)",FALSE,0.633998646172558,8,"ago",6,"jun",1,0.15,6,6,"ultimo_mes_seco","jun"
"83114","Iguaba Grande","RJ",-22.85,-42.19,"INMET diário",33,FALSE,0.3402217010424413,"alta (>=0.3)",TRUE,0.5713252183427642,8,"ago",6,"jun",2,0.15,6,8,"theta_pi","ago"
"83695","Itaperuna","RJ",-21.20444444,-41.90555555,"INMET diário",89,FALSE,0.6819217749885947,"alta (>=0.3)",TRUE,0.15607365857454988,7,"jul",9,"set",5,0.15,7,7,"theta_pi","jul"
"83696","Santa Maria Madalena","RJ",-21.96805554,-42.00305555,"INMET diário",90,FALSE,0.5657512370176008,"alta (>=0.3)",TRUE,0.06712965573604214,7,"jul",9,"set",5,0.15,7,7,"theta_pi","jul"
"83698","Campos","RJ",-21.74249999,-41.33277777,"INMET diário",111,FALSE,0.5113146806711567,"alta (>=0.3)",TRUE,0.1543076201798733,7,"jul",8,"ago",3,0.15,8,7,"theta_pi","jul"
"83711","Resende","RJ",-22.6,-44.47,"INMET diário",55,FALSE,0.7678284622442052,"alta (>=0.3)",TRUE,0.6214704241194252,8,"ago",9,"set",5,0.15,8,8,"theta_pi","ago"
"83718","Cordeiro","RJ",-22.02222221,-42.36444444,"INMET diário",46,FALSE,0.7273514837728773,"alta (>=0.3)",TRUE,6.244658778568372,6,"jun",9,"set",5,0.15,6,6,"theta_pi","jun"
"83719","Arraial do Cabo","RJ",-22.98,-42.03,"INMET diário",40,FALSE,0.39873483017990036,"alta (>=0.3)",TRUE,0.7681752247054425,8,"ago",8,"ago",3,0.15,8,8,"theta_pi","ago"
"83738","Resende","RJ",-22.45,-44.44,"INMET diário",92,FALSE,0.7100373865231419,"alta (>=0.3)",TRUE,0.2893219136810421,7,"jul",9,"set",5,0.15,8,7,"theta_pi","jul"
"83741","Seropédica","RJ",-22.757848,-43.685017,"INMET diário",37,FALSE,0.7212730763348731,"alta (>=0.3)",TRUE,0.5029613392996147,7,"jul",8,"ago",4,0.15,8,7,"theta_pi","jul"
"83742","Vassouras","RJ",-22.4,-43.67,"INMET diário",51,FALSE,0.7146065696955087,"alta (>=0.3)",TRUE,0.286968488801391,7,"jul",9,"set",5,0.15,7,7,"theta_pi","jul"
"83743","Rio de Janeiro","RJ",-22.9,-43.18,"INMET diário",38,FALSE,0.503437197810679,"alta (>=0.3)",TRUE,0.38631405185212947,7,"jul",8,"ago",3,0.15,8,7,"theta_pi","jul"
"83744","Teresopolis","RJ",-22.41722221,-42.97222221,"INMET diário",78,FALSE,0.6226215310255323,"alta (>=0.3)",TRUE,0.1517120135829281,7,"jul",9,"set",5,0.15,7,7,"theta_pi","jul"
"83764","Nova Iguaçu","RJ",-22.57999999,-43.5,"INMET diário",39,FALSE,0.657514514603829,"alta (>=0.3)",TRUE,0.35665203181231914,7,"jul",9,"set",5,0.15,6,7,"theta_pi","jul"
"83788","Angra dos Reis","RJ",-23.02,-44.33,"INMET diário",46,FALSE,0.596456517345364,"alta (>=0.3)",TRUE,0.5668060658321872,8,"ago",8,"ago",3,0.15,8,8,"theta_pi","ago"
"83789","Santa Cruz","RJ",-22.92,-43.69,"INMET diário",50,FALSE,0.6003642410945478,"alta (>=0.3)",TRUE,0.697112188504243,8,"ago",8,"ago",3,0.15,8,8,"theta_pi","ago"
"83790","Rio de Janeiro","RJ",-22.87,-43.45,"INMET diário",44,FALSE,0.6163374565982204,"alta (>=0.3)",TRUE,0.6444994197177351,8,"ago",9,"set",4,0.15,7,8,"theta_pi","ago"
"83805","Santo Antonio de Padua","RJ",-21.53694444,-42.16083333,"INMET diário",72,FALSE,0.7151457570192845,"alta (>=0.3)",TRUE,6.185370973739267,6,"jun",9,"set",5,0.15,7,6,"theta_pi","jun"
"83807","Carmo","RJ",-21.94,-42.61,"INMET diário",57,FALSE,0.6808069227267781,"alta (>=0.3)",TRUE,9.776864045605474e-4,7,"jul",9,"set",5,0.15,6,7,"theta_pi","jul"
"437012","Areia Branca","RN",-4.95,-37.1167,"Hidroweb diário",77,FALSE,0.789581982775294,"alta (>=0.3)",TRUE,1.3048850334722413,9,"set",1,"jan",7,0.15,8,9,"theta_pi","set"
"535002","Macaíba","RN",-5.9,-35.3667,"Hidroweb diário",50,FALSE,0.6272026164353797,"alta (>=0.3)",TRUE,1.9979759201425538,10,"out",1,"jan",5,0.15,10,10,"theta_pi","out"
"535007","Natal","RN",-5.8,-35.2167,"Hidroweb diário",51,FALSE,0.6459254227919053,"alta (>=0.3)",TRUE,2.278575521821985,11,"nov",2,"fev",7,0.15,2,11,"theta_pi","nov"
"535008","Natal","RN",-5.7667,-35.2,"Hidroweb diário",43,FALSE,0.6812339999038541,"alta (>=0.3)",TRUE,2.479710658703909,11,"nov",1,"jan",5,0.15,11,11,"theta_pi","nov"
"535011","Taipu","RN",-5.6167,-35.6,"Hidroweb diário",78,FALSE,0.6516835464967189,"alta (>=0.3)",TRUE,2.046880871706197,10,"out",1,"jan",5,0.15,11,10,"theta_pi","out"
"535013","São Paulo do Potengi","RN",-5.9,-35.7667,"Hidroweb diário",56,FALSE,0.5689149189099278,"alta (>=0.3)",TRUE,1.8165537237837448,10,"out",2,"fev",7,0.15,10,10,"theta_pi","out"
"535014","São Pedro","RN",-5.9,-35.6333,"Hidroweb diário",31,FALSE,0.6993111835340541,"alta (>=0.3)",TRUE,1.86860850870485,10,"out",1,"jan",12,0.15,1,10,"theta_pi","out"
"535017","João Câmara","RN",-5.5333,-35.8167,"Hidroweb diário",53,FALSE,0.6335539630999216,"alta (>=0.3)",TRUE,1.8211364053459356,10,"out",1,"jan",6,0.15,1,10,"theta_pi","out"
"535021","Touros","RN",-5.1833,-35.4667,"Hidroweb diário",81,FALSE,0.681972118140866,"alta (>=0.3)",TRUE,2.086941298180423,10,"out",1,"jan",5,0.15,10,10,"theta_pi","out"
"535024","Bento Fernandes (ex-barreto)","RN",-5.7,-35.7667,"Hidroweb diário",43,FALSE,0.6420392801519629,"alta (>=0.3)",TRUE,1.7592793818238728,10,"out",1,"jan",12,0.15,1,10,"theta_pi","out"
"535027","Ceará-mirim","RN",-5.6333,-35.4333,"Hidroweb diário",54,FALSE,0.5863908680799441,"alta (>=0.3)",TRUE,2.263125502744561,11,"nov",1,"jan",5,0.15,10,11,"theta_pi","nov"
"535029","Barcelona","RN",-5.95,-35.9167,"Hidroweb diário",32,FALSE,0.6995995465538327,"alta (>=0.3)",TRUE,1.708043806814702,10,"out",1,"jan",6,0.15,10,10,"theta_pi","out"
"535038","Ielmo Marinho","RN",-5.8458,-35.5233,"Hidroweb diário",53,FALSE,0.5884173292171909,"alta (>=0.3)",TRUE,2.263172897348217,11,"nov",12,"dez",4,0.15,11,11,"theta_pi","nov"
"536001","Jardim de Angicos","RN",-5.65,-36,"Hidroweb diário",61,FALSE,0.7623842392310722,"alta (>=0.3)",TRUE,1.4384851113665142,9,"set",1,"jan",6,0.15,1,9,"theta_pi","set"
"536009","Lajes","RN",-5.7,-36.25,"Hidroweb diário",52,FALSE,0.8763323970283432,"alta (>=0.3)",TRUE,1.5608170639244645,9,"set",2,"fev",10,0.15,1,9,"theta_pi","set"
"536011","Cerro Corá","RN",-5.8667,-36.2833,"Hidroweb diário",55,FALSE,0.7683081922008139,"alta (>=0.3)",TRUE,1.6574662555125543,10,"out",1,"jan",7,0.15,8,10,"theta_pi","out"
"536017","São Tomé","RN",-5.9667,-36.0667,"Hidroweb diário",45,FALSE,0.716950461038382,"alta (>=0.3)",TRUE,1.5070504258318207,9,"set",2,"fev",10,0.15,1,9,"theta_pi","set"
"536018","Santana dos Matos","RN",-5.9667,-36.65,"Hidroweb diário",81,FALSE,0.7761048287255425,"alta (>=0.3)",TRUE,1.3898219076256073,9,"set",1,"jan",8,0.15,8,9,"theta_pi","set"
"536019","Pedro Avelino","RN",-5.5167,-36.3833,"Hidroweb diário",59,FALSE,0.7633983571747789,"alta (>=0.3)",TRUE,1.4408489806649665,9,"set",1,"jan",8,0.15,8,9,"theta_pi","set"
"536021","Açú","RN",-5.5833,-36.9,"Hidroweb diário",70,FALSE,0.7491555036738345,"alta (>=0.3)",TRUE,1.3361274178784845,9,"set",1,"jan",7,0.15,8,9,"theta_pi","set"
"536022","São Pedro","RN",-5.7833,-36.6,"Hidroweb diário",39,FALSE,0.7845767324763753,"alta (>=0.3)",TRUE,1.3543608371337434,9,"set",1,"jan",8,0.15,6,9,"theta_pi","set"
"536024","Angicos","RN",-5.6667,-36.6,"Hidroweb diário",78,FALSE,0.7765875677893318,"alta (>=0.3)",TRUE,1.4905817265834378,9,"set",12,"dez",7,0.15,8,9,"theta_pi","set"
"536025","Santana dos Matos","RN",-5.9833,-36.85,"Hidroweb diário",31,FALSE,0.7378160144414327,"alta (>=0.3)",TRUE,1.4876052474735753,9,"set",12,"dez",7,0.15,9,9,"theta_pi","set"
"536028","Pendências","RN",-5.25,-36.7167,"Hidroweb diário",59,FALSE,0.8314690175171338,"alta (>=0.3)",TRUE,1.5204644070733135,9,"set",1,"jan",7,0.15,8,9,"theta_pi","set"
"536031","São Rafael","RN",-5.8,-36.8667,"Hidroweb diário",62,FALSE,0.7785620486170545,"alta (>=0.3)",TRUE,1.4342818797448733,9,"set",1,"jan",8,0.15,1,9,"theta_pi","set"
"536032","Afonso Bezerra","RN",-5.5,-36.5,"Hidroweb diário",57,FALSE,0.8322556219534093,"alta (>=0.3)",TRUE,1.6163875174942,10,"out",1,"jan",8,0.15,8,10,"theta_pi","out"
"536035","Açú","RN",-5.6319,-36.9161,"Hidroweb diário",37,FALSE,0.7738874956481737,"alta (>=0.3)",TRUE,1.5094482890093295,9,"set",12,"dez",6,0.15,8,9,"theta_pi","set"
"536036","Pendências","RN",-5.2572,-36.7233,"Hidroweb diário",38,FALSE,0.7395847226209841,"alta (>=0.3)",TRUE,1.4342077092206218,9,"set",12,"dez",6,0.15,9,9,"theta_pi","set"
"537002","Olho D'água do Borges","RN",-5.95,-37.7,"Hidroweb diário",32,FALSE,0.7345738424234785,"alta (>=0.3)",TRUE,1.480133417927073,9,"set",2,"fev",10,0.15,1,9,"theta_pi","set"
"537005","Campo Grande","RN",-5.85,-37.3167,"Hidroweb diário",67,FALSE,0.7736669031070428,"alta (>=0.3)",TRUE,1.493691658679037,9,"set",1,"jan",8,0.15,7,9,"theta_pi","set"
"537006","Caraúbas","RN",-5.7833,-37.5667,"Hidroweb diário",76,FALSE,0.7542640429360973,"alta (>=0.3)",TRUE,1.525134824084562,9,"set",1,"jan",8,0.15,7,9,"theta_pi","set"
"537008","Felipe Guerra","RN",-5.5933,-37.6842,"Hidroweb diário",108,FALSE,0.7189434101894245,"alta (>=0.3)",TRUE,1.473561450022911,9,"set",12,"dez",6,0.15,8,9,"theta_pi","set"
"537009","Riacho da Cruz","RN",-5.9333,-37.95,"Hidroweb diário",34,FALSE,0.7560843237776809,"alta (>=0.3)",TRUE,1.6561638122834403,10,"out",1,"jan",12,0.15,1,10,"theta_pi","out"
"537010","Itaú","RN",-5.8333,-37.9667,"Hidroweb diário",40,FALSE,0.7689640258067247,"alta (>=0.3)",TRUE,1.487497553257877,9,"set",1,"jan",12,0.15,1,9,"theta_pi","set"
"537012","Mossoró","RN",-5.45,-37.2167,"Hidroweb diário",52,FALSE,0.7524830122163334,"alta (>=0.3)",TRUE,1.4977153251336768,9,"set",1,"jan",8,0.15,7,9,"theta_pi","set"
"537013","Governador Dix-sept Rosado","RN",-5.45,-37.5167,"Hidroweb diário",82,FALSE,0.8365444271278567,"alta (>=0.3)",TRUE,1.4470249076860686,9,"set",12,"dez",6,0.15,8,9,"theta_pi","set"
"537014","Severiano Melo","RN",-5.7833,-37.9167,"Hidroweb diário",65,FALSE,0.7745748923283219,"alta (>=0.3)",TRUE,1.470690439450087,9,"set",12,"dez",7,0.15,8,9,"theta_pi","set"
"537017","Apodi","RN",-5.4167,-37.7833,"Hidroweb diário",32,FALSE,0.7451601057679544,"alta (>=0.3)",TRUE,1.5792127528965803,10,"out",12,"dez",6,0.15,8,10,"theta_pi","out"
"537019","Upanema","RN",-5.6436,-37.2553,"Hidroweb diário",92,FALSE,0.7886914758195315,"alta (>=0.3)",TRUE,1.5179991053963173,9,"set",12,"dez",6,0.15,9,9,"theta_pi","set"
"537020","Umarizal","RN",-5.9833,-37.8167,"Hidroweb diário",31,FALSE,0.6737281424582847,"alta (>=0.3)",TRUE,1.4865491165313314,9,"set",1,"jan",12,0.15,1,9,"theta_pi","set"
"537023","Mossoró","RN",-5.2,-37.35,"Hidroweb diário",66,FALSE,0.7356919632588276,"alta (>=0.3)",TRUE,1.444233554692658,9,"set",1,"jan",7,0.15,8,9,"theta_pi","set"
"537027","Paraú","RN",-5.7667,-37.1,"Hidroweb diário",67,FALSE,0.7333798881928109,"alta (>=0.3)",TRUE,1.5224693151739759,9,"set",12,"dez",7,0.15,8,9,"theta_pi","set"
"537029","Apodi","RN",-5.6667,-37.8,"Hidroweb diário",47,FALSE,0.7695571433025297,"alta (>=0.3)",TRUE,1.4499707682360872,9,"set",1,"jan",8,0.15,8,9,"theta_pi","set"
"537034","Campo Grande","RN",-5.8672,-37.3147,"Hidroweb diário",39,FALSE,0.6995844607055595,"alta (>=0.3)",TRUE,1.3138708620967412,9,"set",12,"dez",6,0.15,9,9,"theta_pi","set"
"537035","Mossoró","RN",-5.2889,-37.2889,"Hidroweb diário",39,FALSE,0.7481164671947248,"alta (>=0.3)",TRUE,1.4774658049279779,9,"set",12,"dez",6,0.15,8,9,"theta_pi","set"
"537036","Governador Dix-sept Rosado","RN",-5.45,-37.515,"Hidroweb diário",39,FALSE,0.7034805625758171,"alta (>=0.3)",TRUE,1.4239320166673384,9,"set",12,"dez",6,0.15,8,9,"theta_pi","set"
"537037","Mossoró","RN",-5.2194,-37.3622,"Hidroweb diário",39,FALSE,0.7732506177002328,"alta (>=0.3)",TRUE,1.4743077725429288,9,"set",12,"dez",6,0.15,9,9,"theta_pi","set"
"538033","Taboleiro Grande","RN",-5.9333,-38.05,"Hidroweb diário",57,FALSE,0.7734045971150972,"alta (>=0.3)",TRUE,1.4717486294337991,9,"set",12,"dez",7,0.15,7,9,"theta_pi","set"
"635002","Pedro Velho","RN",-6.45,-35.2333,"Hidroweb diário",41,FALSE,0.616961333050434,"alta (>=0.3)",TRUE,2.249630856763147,11,"nov",1,"jan",5,0.15,10,11,"theta_pi","nov"
"635005","São José de Mipibu","RN",-6.0667,-35.2333,"Hidroweb diário",64,FALSE,0.5645755019180352,"alta (>=0.3)",TRUE,2.34311338054915,11,"nov",1,"jan",5,0.15,11,11,"theta_pi","nov"
"635009","Presidente Juscelino","RN",-6.1,-35.7,"Hidroweb diário",62,FALSE,0.6548999375411955,"alta (>=0.3)",TRUE,1.769001836019997,10,"out",12,"dez",4,0.15,10,10,"theta_pi","out"
"635011","Santo Antônio","RN",-6.3,-35.4667,"Hidroweb diário",60,FALSE,0.6360516879800328,"alta (>=0.3)",TRUE,2.2209563869214337,11,"nov",1,"jan",6,0.15,1,11,"theta_pi","nov"
"635013","São José de Mipibu","RN",-6.0853,-35.2486,"Hidroweb diário",56,FALSE,0.5765401139376201,"alta (>=0.3)",TRUE,2.2591028107404734,11,"nov",12,"dez",4,0.15,10,11,"theta_pi","nov"
"635016","Nova Cruz","RN",-6.4667,-35.4333,"Hidroweb diário",56,FALSE,0.5659158214556598,"alta (>=0.3)",TRUE,2.2592752014951003,11,"nov",12,"dez",4,0.15,10,11,"theta_pi","nov"
"635025","Canguaretama","RN",-6.3833,-35.1167,"Hidroweb diário",71,FALSE,0.6690404582804921,"alta (>=0.3)",TRUE,2.2034938431970366,11,"nov",12,"dez",4,0.15,11,11,"theta_pi","nov"
"636001","Cruzeta","RN",-6.4112,-36.792,"Hidroweb diário",60,FALSE,0.797637994652779,"alta (>=0.3)",TRUE,1.4727251848892897,9,"set",1,"jan",8,0.15,8,9,"theta_pi","set"
"636005","Florania","RN",-6.1167,-36.8167,"Hidroweb diário",52,FALSE,0.8278754392239391,"alta (>=0.3)",TRUE,1.3738591465293233,9,"set",1,"jan",8,0.15,8,9,"theta_pi","set"
"636007","Acari","RN",-6.4167,-36.6,"Hidroweb diário",67,FALSE,0.7930485383023311,"alta (>=0.3)",TRUE,1.3427040896239526,9,"set",1,"jan",8,0.15,8,9,"theta_pi","set"
"636010","São Vicente","RN",-6.2167,-36.6833,"Hidroweb diário",61,FALSE,0.704632743350956,"alta (>=0.3)",TRUE,1.3529292091932286,9,"set",1,"jan",8,0.15,8,9,"theta_pi","set"
"636013","Jardim do Seridó","RN",-6.5833,-36.7833,"Hidroweb diário",58,FALSE,0.762056256680819,"alta (>=0.3)",TRUE,1.2492016874907022,9,"set",1,"jan",9,0.15,8,9,"theta_pi","set"
"636016","Santana do Seridó","RN",-6.7333,-36.7667,"Hidroweb diário",35,FALSE,0.8153167737442533,"alta (>=0.3)",TRUE,1.2791428992759013,9,"set",1,"jan",9,0.15,7,9,"theta_pi","set"
"636017","Carnauba dos Dantas","RN",-6.55,-36.5,"Hidroweb diário",41,FALSE,0.742842566216276,"alta (>=0.3)",TRUE,1.3545448088003944,9,"set",1,"jan",8,0.15,7,9,"theta_pi","set"
"636018","Parelhas","RN",-6.6833,-36.6667,"Hidroweb diário",61,FALSE,0.768439265974539,"alta (>=0.3)",TRUE,1.2379020136460905,9,"set",1,"jan",9,0.15,7,9,"theta_pi","set"
"636019","Santa Cruz","RN",-6.2428,-35.9947,"Hidroweb diário",42,FALSE,0.5017981590515789,"alta (>=0.3)",TRUE,1.5289407022174082,9,"set",12,"dez",5,0.15,9,9,"theta_pi","set"
"636021","Santa Cruz","RN",-6.2333,-36.0167,"Hidroweb diário",73,FALSE,0.777030632027354,"alta (>=0.3)",TRUE,1.6213776870193144,10,"out",1,"jan",6,0.15,9,10,"theta_pi","out"
"636022","Campo Redondo","RN",-6.2,-36.1667,"Hidroweb diário",42,FALSE,0.7423520545999419,"alta (>=0.3)",TRUE,1.6409740508359083,10,"out",1,"jan",5,0.15,10,10,"theta_pi","out"
"636024","Equador","RN",-6.9333,-36.7,"Hidroweb diário",51,FALSE,0.7667687091306142,"alta (>=0.3)",TRUE,1.29799199158919,9,"set",1,"jan",9,0.15,7,9,"theta_pi","set"
"636025","Currais Novos","RN",-6.2551,-36.5188,"Hidroweb diário",78,FALSE,0.7651797018179848,"alta (>=0.3)",TRUE,1.3970592088929594,9,"set",1,"jan",7,0.15,1,9,"theta_pi","set"
"636026","Cerro Corá","RN",-6.05,-36.35,"Hidroweb diário",60,FALSE,0.754158803542641,"alta (>=0.3)",TRUE,1.4799739285969684,9,"set",1,"jan",7,0.15,1,9,"theta_pi","set"
"636027","Ouro Branco","RN",-6.7,-36.95,"Hidroweb diário",51,FALSE,0.8114495252373534,"alta (>=0.3)",TRUE,1.384964412140684,9,"set",1,"jan",9,0.15,1,9,"theta_pi","set"
"636045","Jardim do Seridó","RN",-6.5936,-36.785,"Hidroweb diário",38,FALSE,0.7664883495073146,"alta (>=0.3)",TRUE,1.211316411890744,9,"set",12,"dez",7,0.15,8,9,"theta_pi","set"
"637000","Patú","RN",-6.1,-37.6333,"Hidroweb diário",80,FALSE,0.7387909163931881,"alta (>=0.3)",TRUE,1.4547962904834255,9,"set",12,"dez",7,0.15,8,9,"theta_pi","set"
"637002","João Dias","RN",-6.2667,-37.7833,"Hidroweb diário",58,FALSE,0.8505379688550433,"alta (>=0.3)",TRUE,1.4458290154090971,9,"set",1,"jan",8,0.15,7,9,"theta_pi","set"
"637004","Caicó","RN",-6.4667,-37.1,"Hidroweb diário",67,FALSE,0.7579702439657334,"alta (>=0.3)",TRUE,1.335162489389406,9,"set",12,"dez",7,0.15,8,9,"theta_pi","set"
"637005","Caicó","RN",-6.4,-37.0667,"Hidroweb diário",48,FALSE,0.8333779478147029,"alta (>=0.3)",TRUE,1.5319574708975972,9,"set",1,"jan",8,0.15,7,9,"theta_pi","set"
"637009","Lucrécia","RN",-6.1,-37.8,"Hidroweb diário",43,FALSE,0.8165275690010397,"alta (>=0.3)",TRUE,1.4410202584190466,9,"set",1,"jan",12,0.15,1,9,"theta_pi","set"
"637010","Jardim de Piranhas","RN",-6.4622,-37.3025,"Hidroweb diário",62,FALSE,0.750418135305897,"alta (>=0.3)",TRUE,1.549978740960196,9,"set",12,"dez",7,0.15,8,9,"theta_pi","set"
"637011","Jucurutu","RN",-6.0333,-37.0167,"Hidroweb diário",64,FALSE,0.7445840824954147,"alta (>=0.3)",TRUE,1.3687217362023507,9,"set",12,"dez",7,0.15,7,9,"theta_pi","set"
"637012","Campo Grande","RN",-6.05,-37.3833,"Hidroweb diário",42,FALSE,0.8147977838700091,"alta (>=0.3)",TRUE,1.3807428174816812,9,"set",1,"jan",8,0.15,7,9,"theta_pi","set"
"637013","Serra Negra do Norte","RN",-6.6667,-37.4,"Hidroweb diário",72,FALSE,0.7341469706220671,"alta (>=0.3)",TRUE,1.2744928496413417,9,"set",12,"dez",7,0.15,7,9,"theta_pi","set"
"637014","São João do Sabugi","RN",-6.75,-37.2,"Hidroweb diário",74,FALSE,0.7629518419267582,"alta (>=0.3)",TRUE,1.1976290642840914,9,"set",1,"jan",9,0.15,6,9,"theta_pi","set"
"637015","Martins","RN",-6.0833,-37.9,"Hidroweb diário",77,FALSE,0.7661679386888581,"alta (>=0.3)",TRUE,1.350524276765078,9,"set",12,"dez",7,0.15,8,9,"theta_pi","set"
"637017","São Fernando","RN",-6.3833,-37.1833,"Hidroweb diário",31,FALSE,0.7193489293864926,"alta (>=0.3)",TRUE,1.4350452864947831,9,"set",12,"dez",10,0.15,3,9,"theta_pi","set"
"637021","Caicó","RN",-6.4833,-37.0667,"Hidroweb diário",40,FALSE,0.7013373247228062,"alta (>=0.3)",TRUE,1.407288299219409,9,"set",2,"fev",9,0.15,1,9,"theta_pi","set"
"637039","Caicó","RN",-6.4511,-37.0906,"Hidroweb diário",40,FALSE,0.7315590945644594,"alta (>=0.3)",TRUE,1.2530088243055613,9,"set",12,"dez",7,0.15,8,9,"theta_pi","set"
"638037","Alexandria","RN",-6.4167,-38,"Hidroweb diário",55,FALSE,0.8059016493156088,"alta (>=0.3)",TRUE,1.2194570851999296,9,"set",12,"dez",7,0.15,8,9,"theta_pi","set"
"638039","Luís Gomes","RN",-6.4167,-38.3833,"Hidroweb diário",78,FALSE,0.7196776796126928,"alta (>=0.3)",TRUE,1.251135170838905,9,"set",12,"dez",6,0.15,9,9,"theta_pi","set"
"638040","Marcelino Vieira","RN",-6.2833,-38.15,"Hidroweb diário",51,FALSE,0.687439052722756,"alta (>=0.3)",TRUE,1.181524047319187,9,"set",12,"dez",7,0.15,8,9,"theta_pi","set"
"638041","Pau dos Ferros","RN",-6.1,-38.2,"Hidroweb diário",68,FALSE,0.7688453590836588,"alta (>=0.3)",TRUE,1.4671349665487878,9,"set",1,"jan",8,0.15,7,9,"theta_pi","set"
"638043","São Miguel","RN",-6.2167,-38.5,"Hidroweb diário",70,FALSE,0.7801121193388685,"alta (>=0.3)",TRUE,1.325595598997476,9,"set",1,"jan",8,0.15,7,9,"theta_pi","set"
"638044","São Miguel","RN",-6.2128,-38.4256,"Hidroweb diário",62,FALSE,0.6934290149049558,"alta (>=0.3)",TRUE,1.3875561553131663,9,"set",12,"dez",6,0.15,9,9,"theta_pi","set"
"638045","Tenente Ananias","RN",-6.4667,-38.1667,"Hidroweb diário",31,FALSE,0.7154347330937684,"alta (>=0.3)",TRUE,1.2743277641961288,9,"set",1,"jan",12,0.15,1,9,"theta_pi","set"
"82590","Apodi","RN",-5.62666666,-37.815,"INMET diário",49,FALSE,0.7279910366856275,"alta (>=0.3)",TRUE,1.4608058230210592,9,"set",1,"jan",7,0.15,9,9,"theta_pi","set"
"82591","Mossoró","RN",-5.213412,-37.312164,"INMET diário",37,FALSE,0.7509339072904535,"alta (>=0.3)",TRUE,1.4867378663307338,9,"set",12,"dez",6,0.15,9,9,"theta_pi","set"
"82594","Macau","RN",-5.15,-36.57,"INMET diário",43,FALSE,0.7908799104029675,"alta (>=0.3)",TRUE,1.5036728424592443,9,"set",1,"jan",6,0.15,9,9,"theta_pi","set"
"82596","Ceara Mirim","RN",-5.65333333,-35.42583332,"INMET diário",45,FALSE,0.49725329452676476,"alta (>=0.3)",TRUE,2.4509614785223874,11,"nov",1,"jan",5,0.15,10,11,"theta_pi","nov"
"82598","Natal","RN",-5.83722221,-35.20777777,"INMET diário",49,FALSE,0.6535941109519048,"alta (>=0.3)",TRUE,2.443337291789412,11,"nov",1,"jan",5,0.15,11,11,"theta_pi","nov"
"82691","Florania","RN",-6.12,-36.81,"INMET diário",43,FALSE,0.6988320290844691,"alta (>=0.3)",TRUE,1.3687862542138665,9,"set",12,"dez",7,0.15,9,9,"theta_pi","set"
"82693","Cruzeta","RN",-6.43,-36.79,"INMET diário",53,FALSE,0.7478938969599072,"alta (>=0.3)",TRUE,1.399876256122966,9,"set",12,"dez",7,0.15,10,9,"theta_pi","set"
"1061003","Ouro Preto do Oeste","RO",-10.5169,-62.0014,"Hidroweb diário",34,FALSE,0.6616907674335054,"alta (>=0.3)",TRUE,0.5359391726139349,8,"ago",9,"set",4,0.15,7,8,"theta_pi","ago"
"1062001","Jaru","RO",-10.4458,-62.4656,"Hidroweb diário",45,FALSE,0.6074762400931615,"alta (>=0.3)",TRUE,0.5321774584674585,8,"ago",8,"ago",3,0.15,7,8,"theta_pi","ago"
"1062002","Jaru","RO",-10.2364,-62.6272,"Hidroweb diário",46,FALSE,0.5611677050302107,"alta (>=0.3)",TRUE,0.6066976433012214,8,"ago",8,"ago",3,0.15,7,8,"theta_pi","ago"
"1062003","Mirante da Serra","RO",-11.0036,-62.6561,"Hidroweb diário",41,FALSE,0.569270400712591,"alta (>=0.3)",TRUE,0.48765057751901425,7,"jul",8,"ago",3,0.15,7,7,"theta_pi","jul"
"1062004","Theobroma","RO",-10.2364,-62.3458,"Hidroweb diário",35,FALSE,0.5998463052208661,"alta (>=0.3)",TRUE,0.8659830943038455,8,"ago",8,"ago",3,0.15,7,8,"theta_pi","ago"
"1063000","Ariquemes","RO",-10.505,-63.6461,"Hidroweb diário",42,FALSE,0.5807609353962153,"alta (>=0.3)",TRUE,0.4812427033792623,7,"jul",8,"ago",3,0.15,7,7,"theta_pi","jul"
"1063001","Ariquemes","RO",-9.7608,-63.2875,"Hidroweb diário",38,FALSE,0.5004914065974418,"alta (>=0.3)",TRUE,0.4341923164816155,7,"jul",8,"ago",3,0.15,7,7,"theta_pi","jul"
"1065002","Guajará-mirim","RO",-10.7925,-65.3478,"Hidroweb diário",50,FALSE,0.5728724465124854,"alta (>=0.3)",TRUE,0.6682910219072502,8,"ago",8,"ago",3,0.15,7,8,"theta_pi","ago"
"1160000","Pimenta Bueno","RO",-12.0153,-60.855,"Hidroweb diário",45,FALSE,0.5658283148034108,"alta (>=0.3)",TRUE,0.21450258878204775,7,"jul",8,"ago",3,0.15,7,7,"theta_pi","jul"
"1160002","Pimenta Bueno","RO",-11.7489,-60.8678,"Hidroweb diário",42,FALSE,0.5754328165942005,"alta (>=0.3)",TRUE,0.18884480325764455,7,"jul",8,"ago",3,0.15,7,7,"theta_pi","jul"
"1161000","Cacoal","RO",-11.4408,-61.4839,"Hidroweb diário",44,FALSE,0.6310599734749607,"alta (>=0.3)",TRUE,0.4274431362913032,7,"jul",8,"ago",3,0.15,7,7,"theta_pi","jul"
"1161001","Pimenta Bueno","RO",-11.6836,-61.1922,"Hidroweb diário",42,FALSE,0.5855471513030251,"alta (>=0.3)",TRUE,0.28996349265303223,7,"jul",8,"ago",3,0.15,7,7,"theta_pi","jul"
"1161002","Rolim de Moura","RO",-11.7497,-61.7764,"Hidroweb diário",39,FALSE,0.6211367888036444,"alta (>=0.3)",TRUE,0.4413382482080623,7,"jul",8,"ago",3,0.15,7,7,"theta_pi","jul"
"1262000","Costa Marques","RO",-12.8514,-62.8992,"Hidroweb diário",42,FALSE,0.6225739441251608,"alta (>=0.3)",TRUE,0.17775643568931102,7,"jul",8,"ago",3,0.15,7,7,"theta_pi","jul"
"1264000","Costa Marques","RO",-12.4269,-64.4225,"Hidroweb diário",40,FALSE,0.5572800494256757,"alta (>=0.3)",TRUE,0.45369077279797526,7,"jul",9,"set",4,0.15,7,7,"theta_pi","jul"
"1360000","Colorado do Oeste","RO",-13.1142,-60.5483,"Hidroweb diário",37,FALSE,0.4796951811626709,"alta (>=0.3)",TRUE,0.26673933159324714,7,"jul",8,"ago",3,0.15,7,7,"theta_pi","jul"
"1360001","Cerejeiras","RO",-13.1967,-60.8233,"Hidroweb diário",41,FALSE,0.6753608564460544,"alta (>=0.3)",TRUE,0.5016512298770073,7,"jul",9,"set",4,0.15,7,7,"theta_pi","jul"
"1360002","Pimenteiras do Oeste","RO",-13.4797,-61.0464,"Hidroweb diário",38,FALSE,0.5222988133299467,"alta (>=0.3)",TRUE,0.12304187763628767,7,"jul",9,"set",5,0.15,7,7,"theta_pi","jul"
"82825","Porto Velho","RO",-8.7931,-63.8467,"INMET diário",34,FALSE,0.603585211418689,"alta (>=0.3)",TRUE,0.25692126610648197,7,"jul",8,"ago",3,0.15,6,7,"theta_pi","jul"
"862000","Machadinho D'oeste","RO",-8.9322,-62.0556,"Hidroweb diário",39,FALSE,0.5365038735076821,"alta (>=0.3)",TRUE,0.3090605291981186,7,"jul",8,"ago",3,0.15,7,7,"theta_pi","jul"
"863000","Porto Velho","RO",-8.7667,-63.9167,"Hidroweb diário",33,FALSE,0.44595812995033457,"alta (>=0.3)",TRUE,0.40149710565567603,7,"jul",8,"ago",3,0.15,7,7,"theta_pi","jul"
"961003","Machadinho D'oeste","RO",-9.6814,-61.9789,"Hidroweb diário",32,FALSE,0.5454643893549356,"alta (>=0.3)",TRUE,0.3622891580031378,7,"jul",8,"ago",3,0.15,7,7,"theta_pi","jul"
"962000","Machadinho D'oeste","RO",-9.5864,-62.3939,"Hidroweb diário",36,FALSE,0.6180960045407206,"alta (>=0.3)",TRUE,0.73471863416619,8,"ago",8,"ago",3,0.15,7,8,"theta_pi","ago"
"963000","Ariquemes","RO",-9.9317,-63.0569,"Hidroweb diário",44,FALSE,0.5432195127610208,"alta (>=0.3)",TRUE,0.41638346015327654,7,"jul",8,"ago",3,0.15,7,7,"theta_pi","jul"
"963001","Porto Velho","RO",-9.2606,-63.1619,"Hidroweb diário",46,FALSE,0.6108933720381583,"alta (>=0.3)",TRUE,0.5459395840051852,8,"ago",8,"ago",3,0.15,7,8,"theta_pi","ago"
"963004","Ariquemes","RO",-9.8872,-62.9878,"Hidroweb diário",41,FALSE,0.6295174733754131,"alta (>=0.3)",TRUE,0.49102922709844615,7,"jul",8,"ago",3,0.15,7,7,"theta_pi","jul"
"965001","Porto Velho","RO",-9.7031,-65.3647,"Hidroweb diário",44,FALSE,0.5183621214025765,"alta (>=0.3)",TRUE,0.26676426876790105,7,"jul",8,"ago",3,0.15,7,7,"theta_pi","jul"
"966000","Porto Velho","RO",-9.7556,-66.6117,"Hidroweb diário",44,FALSE,0.5893047186792273,"alta (>=0.3)",TRUE,0.5745007019481023,8,"ago",8,"ago",3,0.15,7,8,"theta_pi","ago"
"966001","Porto Velho","RO",-9.6903,-65.9931,"Hidroweb diário",32,FALSE,0.5078779611671568,"alta (>=0.3)",TRUE,0.03570507093058267,7,"jul",8,"ago",3,0.15,7,7,"theta_pi","jul"
"60000","Rorainópolis","RR",-0.8558,-60.5219,"Hidroweb diário",33,FALSE,0.32026720284944593,"alta (>=0.3)",TRUE,1.7588722750987011,10,"out",1,"jan",6,0.15,11,10,"theta_pi","out"
"60001","São Luiz","RR",-0.2275,-60.6908,"Hidroweb diário",34,FALSE,0.36795703112136796,"alta (>=0.3)",TRUE,1.9772075400617148,10,"out",2,"fev",6,0.15,10,10,"theta_pi","out"
"61000","Rorainópolis","RR",-0.5067,-61.7858,"Hidroweb diário",53,FALSE,0.3804035574058029,"alta (>=0.3)",TRUE,1.917281250425392,10,"out",11,"nov",4,0.15,1,10,"theta_pi","out"
"61001","Caracaraí","RR",-0.8731,-61.9317,"Hidroweb diário",37,FALSE,0.15897736431496215,"baixa (<0.20)",FALSE,1.6409649363737704,10,"out",10,"out",5,0.15,9,10,"ultimo_mes_seco","out"
"8059001","Caroebe","RR",0.8069,-59.4283,"Hidroweb diário",35,FALSE,0.584452648069574,"alta (>=0.3)",TRUE,2.275983283906711,11,"nov",1,"jan",5,0.15,12,11,"theta_pi","nov"
"8060000","Rorainópolis","RR",0.5211,-60.465,"Hidroweb diário",34,FALSE,0.4186552594626474,"alta (>=0.3)",TRUE,2.4931335169200484,11,"nov",3,"mar",6,0.15,12,11,"theta_pi","nov"
"8160001","Rorainópolis","RR",1.1264,-60.3994,"Hidroweb diário",46,FALSE,0.5761440217702,"alta (>=0.3)",TRUE,2.6242447981387,12,"dez",3,"mar",6,0.15,2,12,"theta_pi","dez"
"8160003","Caracaraí","RR",1.4608,-60.7675,"Hidroweb diário",35,FALSE,0.5071049383318131,"alta (>=0.3)",TRUE,2.504434743426304,11,"nov",3,"mar",6,0.15,1,11,"theta_pi","nov"
"8161001","Caracaraí","RR",1.8214,-61.1236,"Hidroweb diário",49,FALSE,0.44643217744576585,"alta (>=0.3)",TRUE,2.559445892465576,11,"nov",3,"mar",6,0.15,2,11,"theta_pi","nov"
"82024","Boa Vista","RR",2.82944443,-60.66194444,"INMET diário",47,FALSE,0.5227741051884474,"alta (>=0.3)",TRUE,2.7769646563915,12,"dez",3,"mar",6,0.15,1,12,"theta_pi","dez"
"82042","Caracarai","RR",1.83249999,-61.12083332,"INMET diário",37,FALSE,0.40757862196597217,"alta (>=0.3)",TRUE,2.49516527126201,11,"nov",3,"mar",6,0.15,2,11,"theta_pi","nov"
"8260003","Bonfim","RR",2.7606,-60.325,"Hidroweb diário",33,FALSE,0.5652530535033069,"alta (>=0.3)",TRUE,2.7901508257196816,12,"dez",3,"mar",6,0.15,1,12,"theta_pi","dez"
"8261000","Mucajaí","RR",2.8708,-61.4406,"Hidroweb diário",51,FALSE,0.4351720051016834,"alta (>=0.3)",TRUE,2.781815699240134,12,"dez",3,"mar",4,0.15,2,12,"theta_pi","dez"
"8261001","Mucajaí","RR",2.2628,-60.9728,"Hidroweb diário",35,FALSE,0.5772185198201976,"alta (>=0.3)",TRUE,2.6262204845534867,12,"dez",2,"fev",5,0.15,1,12,"theta_pi","dez"
"8263000","Alto Alegre","RR",2.8358,-63.6417,"Hidroweb diário",37,FALSE,0.21469080120498463,"media (0.20-0.3)",FALSE,1.839142605349065,10,"out",12,"dez",6,0.15,11,12,"ultimo_mes_seco","dez"
"8359000","Bonfim","RR",3.3783,-59.8156,"Hidroweb diário",42,FALSE,0.5495078423728322,"alta (>=0.3)",TRUE,2.846404838509601,12,"dez",3,"mar",6,0.15,1,12,"theta_pi","dez"
"8360000","Pacaraima","RR",4.1667,-60.5289,"Hidroweb diário",49,FALSE,0.43991264166669003,"alta (>=0.3)",TRUE,3.306539239543918,1,"jan",3,"mar",4,0.15,1,1,"theta_pi","jan"
"8360002","Boa Vista","RR",3.2078,-60.5711,"Hidroweb diário",48,FALSE,0.6211422542263613,"alta (>=0.3)",TRUE,2.8878100176426327,12,"dez",3,"mar",6,0.15,1,12,"theta_pi","dez"
"8361000","Amajari","RR",3.6608,-61.3839,"Hidroweb diário",44,FALSE,0.36179841244713934,"alta (>=0.3)",TRUE,2.257562597415335,11,"nov",3,"mar",5,0.15,2,11,"theta_pi","nov"
"8361001","Alto Alegre","RR",3.2906,-61.2881,"Hidroweb diário",46,FALSE,0.6408766108086543,"alta (>=0.3)",TRUE,2.4564247373644634,11,"nov",3,"mar",4,0.15,2,11,"theta_pi","nov"
"8361004","Alto Alegre","RR",3.2872,-61.0883,"Hidroweb diário",45,FALSE,0.4871062863163654,"alta (>=0.3)",TRUE,2.733551055067908,12,"dez",3,"mar",4,0.15,1,12,"theta_pi","dez"
"8361005","Amajari","RR",3.7592,-61.7181,"Hidroweb diário",34,FALSE,0.4928486767817423,"alta (>=0.3)",TRUE,2.733180216022032,12,"dez",3,"mar",5,0.15,1,12,"theta_pi","dez"
"8363000","Alto Alegre","RR",3.5497,-63.1692,"Hidroweb diário",31,FALSE,0.2011663663557343,"media (0.20-0.3)",FALSE,2.242197426279224,11,"nov",3,"mar",7,0.15,12,3,"ultimo_mes_seco","mar"
"8459000","Uiramutã","RR",4.4517,-59.8589,"Hidroweb diário",36,FALSE,0.574374697805638,"alta (>=0.3)",TRUE,3.0252186223905997,12,"dez",3,"mar",7,0.15,1,12,"theta_pi","dez"
"8460001","Pacaraima","RR",4.1961,-60.7939,"Hidroweb diário",40,FALSE,0.48545141632294286,"alta (>=0.3)",TRUE,3.3718217051883967,1,"jan",3,"mar",4,0.15,1,1,"theta_pi","jan"
"8461000","Pacaraima","RR",4.4883,-61.1297,"Hidroweb diário",33,FALSE,0.5869772023931595,"alta (>=0.3)",TRUE,2.997050934680661,12,"dez",3,"mar",4,0.15,1,12,"theta_pi","dez"
"2751005","Marcelino Ramos","RS",-27.4611,-51.9136,"Hidroweb diário",36,TRUE,0.08374000741323663,"baixa (<0.20)",FALSE,4.075921667187785,2,"fev",4,"abr",2,0.15,4,4,"ultimo_mes_seco","abr"
"2751006","Paim Filho","RS",-27.7125,-51.7378,"Hidroweb diário",66,TRUE,0.14442073726541574,"baixa (<0.20)",FALSE,3.335885258142554,1,"jan",4,"abr",2,0.15,4,4,"ultimo_mes_seco","abr"
"2751007","Sananduva","RS",-27.9828,-51.7836,"Hidroweb diário",67,TRUE,0.17341298707341157,"baixa (<0.20)",FALSE,4.112720472873705,2,"fev",4,"abr",1,0.15,4,4,"ultimo_mes_seco","abr"
"2751008","Maximiliano de Almeida","RS",-27.6589,-51.7483,"Hidroweb diário",33,TRUE,0.18156021568086494,"baixa (<0.20)",FALSE,5.104593872278923,4,"abr",5,"mai",2,0.15,4,5,"ultimo_mes_seco","mai"
"2751015","Barracão","RS",-27.6786,-51.4547,"Hidroweb diário",47,TRUE,0.12601622177503363,"baixa (<0.20)",FALSE,3.319951077797346,1,"jan",3,"mar",2,0.15,3,3,"ultimo_mes_seco","mar"
"2751017","Lagoa Vermelha","RS",-28.0058,-51.4544,"Hidroweb diário",47,TRUE,0.12386241897800866,"baixa (<0.20)",FALSE,4.182398113868733,3,"mar",4,"abr",3,0.15,3,4,"ultimo_mes_seco","abr"
"2751018","Marcelino Ramos","RS",-27.4647,-51.9031,"Hidroweb diário",35,TRUE,0.28435034941157383,"media (0.20-0.3)",FALSE,2.9743487256134924,12,"dez",3,"mar",3,0.15,8,3,"ultimo_mes_seco","mar"
"2752006","Erebango","RS",-27.8542,-52.3047,"Hidroweb diário",79,TRUE,0.33427241988032846,"alta (>=0.3)",TRUE,4.353685016832019,3,"mar",4,"abr",1,0.15,4,3,"theta_pi","mar"
"2752009","Barão de Cotegipe","RS",-27.5831,-52.4669,"Hidroweb diário",35,TRUE,0.07246094724741617,"baixa (<0.20)",FALSE,4.113758996285368,2,"fev",4,"abr",3,0.15,4,4,"ultimo_mes_seco","abr"
"2752013","Sarandi","RS",-27.9333,-52.9167,"Hidroweb diário",35,TRUE,0.10638666441080141,"baixa (<0.20)",FALSE,5.6927535645142795,5,"mai",4,"abr",1,0.15,4,4,"ultimo_mes_seco","abr"
"2752017","Itatiba do Sul","RS",-27.3889,-52.4544,"Hidroweb diário",49,TRUE,0.16540480824082088,"baixa (<0.20)",FALSE,3.0081927361775374,12,"dez",3,"mar",2,0.15,3,3,"ultimo_mes_seco","mar"
"2752021","Gaurama","RS",-27.5872,-52.0928,"Hidroweb diário",38,TRUE,0.09660564768545964,"baixa (<0.20)",FALSE,3.6158690847257726,1,"jan",4,"abr",3,0.15,3,4,"ultimo_mes_seco","abr"
"2753002","Frederico Westphalen","RS",-27.3608,-53.3975,"Hidroweb diário",61,TRUE,0.2939519653558674,"media (0.20-0.3)",FALSE,2.4610369262256633,11,"nov",8,"ago",3,0.15,8,8,"ultimo_mes_seco","ago"
"2753004","Sarandi","RS",-27.8117,-53.0278,"Hidroweb diário",65,TRUE,0.12385907627478336,"baixa (<0.20)",FALSE,3.713870207097726,2,"fev",4,"abr",6,0.15,3,4,"ultimo_mes_seco","abr"
"2753007","Santo Augusto","RS",-27.8517,-53.7764,"Hidroweb diário",75,TRUE,0.09187191561888218,"baixa (<0.20)",FALSE,1.8866164918346957,10,"out",8,"ago",4,0.15,8,8,"ultimo_mes_seco","ago"
"2753009","Três Passos","RS",-27.4514,-53.925,"Hidroweb diário",58,TRUE,0.11003490569245732,"baixa (<0.20)",FALSE,2.994631283430372,12,"dez",8,"ago",1,0.15,8,8,"ultimo_mes_seco","ago"
"2753014","Liberato Salzano","RS",-27.5992,-53.0714,"Hidroweb diário",50,TRUE,0.15148620308313235,"baixa (<0.20)",FALSE,2.304775339155094,11,"nov",8,"ago",1,0.15,8,8,"ultimo_mes_seco","ago"
"2753015","Palmeira das Missões","RS",-27.9133,-53.3108,"Hidroweb diário",47,TRUE,0.23460850946897777,"media (0.20-0.3)",FALSE,3.476380273226091,1,"jan",2,"fev",2,0.15,8,2,"ultimo_mes_seco","fev"
"2753016","Miraguai","RS",-27.5008,-53.6925,"Hidroweb diário",48,TRUE,0.054101250618948396,"baixa (<0.20)",FALSE,2.839195915390885,12,"dez",8,"ago",2,0.15,8,8,"ultimo_mes_seco","ago"
"2754001","Tiradentes do Sul","RS",-27.3019,-54.1394,"Hidroweb diário",73,TRUE,0.019587919697054344,"baixa (<0.20)",FALSE,4.997707199023935,4,"abr",4,"abr",2,0.15,8,4,"ultimo_mes_seco","abr"
"2754004","Três de Maio","RS",-27.7714,-54.3889,"Hidroweb diário",31,TRUE,0.1304171857359705,"baixa (<0.20)",FALSE,5.347681734380677,5,"mai",5,"mai",4,0.15,11,5,"ultimo_mes_seco","mai"
"2754007","Três de Maio","RS",-27.7817,-54.2408,"Hidroweb diário",62,TRUE,0.07968164095930529,"baixa (<0.20)",FALSE,4.134152964527196,2,"fev",3,"mar",3,0.15,8,3,"ultimo_mes_seco","mar"
"2754009","Tucunduva","RS",-27.6742,-54.4625,"Hidroweb diário",49,TRUE,0.028830207018082418,"baixa (<0.20)",FALSE,4.539896263447859,3,"mar",8,"ago",1,0.15,8,8,"ultimo_mes_seco","ago"
"2754010","Independência","RS",-27.9681,-54.1164,"Hidroweb diário",49,TRUE,0.04076129453318174,"baixa (<0.20)",FALSE,2.7457915381606117,12,"dez",2,"fev",2,0.15,8,2,"ultimo_mes_seco","fev"
"2755001","Porto Lucena","RS",-27.8544,-55.0236,"Hidroweb diário",73,TRUE,0.1643417074187316,"baixa (<0.20)",FALSE,1.6334159749260415,10,"out",8,"ago",2,0.15,8,8,"ultimo_mes_seco","ago"
"2850002","São José dos Ausentes","RS",-28.7144,-50.0689,"Hidroweb diário",62,TRUE,0.28437706562669907,"media (0.20-0.3)",FALSE,3.8563314961304105,2,"fev",5,"mai",1,0.15,5,5,"ultimo_mes_seco","mai"
"2850006","Bom Jesus","RS",-28.4494,-50.2964,"Hidroweb diário",49,TRUE,0.2471936358113366,"media (0.20-0.3)",FALSE,3.6972362763309894,2,"fev",5,"mai",2,0.15,4,5,"ultimo_mes_seco","mai"
"2850008","Vacaria","RS",-28.2108,-50.7586,"Hidroweb diário",58,TRUE,0.0550121240327511,"baixa (<0.20)",FALSE,5.154303850089221,4,"abr",4,"abr",2,0.15,4,4,"ultimo_mes_seco","abr"
"2850009","Jaquirana","RS",-28.8675,-50.4561,"Hidroweb diário",80,TRUE,0.1353075581362699,"baixa (<0.20)",FALSE,4.3165043597731145,3,"mar",5,"mai",2,0.15,5,5,"ultimo_mes_seco","mai"
"2850010","Bom Jesus","RS",-28.64,-50.2872,"Hidroweb diário",31,TRUE,0.2875070738713361,"media (0.20-0.3)",FALSE,4.142414913114299,2,"fev",5,"mai",2,0.15,4,5,"ultimo_mes_seco","mai"
"2851001","Vista Alegre do Prata","RS",-28.8,-51.7833,"Hidroweb diário",31,TRUE,0.11013120425610101,"baixa (<0.20)",FALSE,4.9751238308218895,4,"abr",5,"mai",2,0.15,5,5,"ultimo_mes_seco","mai"
"2851003","Antônio Prado","RS",-28.8533,-51.2844,"Hidroweb diário",79,TRUE,0.1371569002914457,"baixa (<0.20)",FALSE,3.4291203114932594,1,"jan",4,"abr",2,0.15,4,4,"ultimo_mes_seco","abr"
"2851005","Casca","RS",-28.5719,-51.9731,"Hidroweb diário",69,TRUE,0.16728004987398895,"baixa (<0.20)",FALSE,4.210477511306799,3,"mar",5,"mai",2,0.15,5,5,"ultimo_mes_seco","mai"
"2851008","Muitos Capões","RS",-28.55,-51.35,"Hidroweb diário",36,TRUE,0.29832202388334106,"media (0.20-0.3)",FALSE,5.325462362837249,5,"mai",5,"mai",4,0.15,5,5,"ultimo_mes_seco","mai"
"2851010","Campestre da Serra","RS",-28.6733,-51.1428,"Hidroweb diário",60,TRUE,0.11024112697173515,"baixa (<0.20)",FALSE,3.6426844788204873,1,"jan",4,"abr",2,0.15,3,4,"ultimo_mes_seco","abr"
"2851020","Caseiros","RS",-28.2556,-51.8619,"Hidroweb diário",60,TRUE,0.1842559962582414,"baixa (<0.20)",FALSE,4.110138741466565,2,"fev",4,"abr",1,0.15,4,4,"ultimo_mes_seco","abr"
"2851021","Vila Flores","RS",-28.8775,-51.4483,"Hidroweb diário",68,TRUE,0.1311746756743864,"baixa (<0.20)",FALSE,3.5434489884564253,1,"jan",5,"mai",2,0.15,5,5,"ultimo_mes_seco","mai"
"2851022","Casca","RS",-28.6194,-51.8667,"Hidroweb diário",67,TRUE,0.14154163911479542,"baixa (<0.20)",FALSE,3.9702838620470926,2,"fev",5,"mai",3,0.15,4,5,"ultimo_mes_seco","mai"
"2851024","Nova Prata","RS",-28.7561,-51.6283,"Hidroweb diário",80,TRUE,0.21137204324237374,"media (0.20-0.3)",FALSE,3.5847550336016667,1,"jan",5,"mai",2,0.15,5,5,"ultimo_mes_seco","mai"
"2851026","Ipê","RS",-28.7667,-51.3667,"Hidroweb diário",45,TRUE,0.08572973604452973,"baixa (<0.20)",FALSE,2.482000656219795,11,"nov",5,"mai",3,0.15,5,5,"ultimo_mes_seco","mai"
"2851028","David Canabarro","RS",-28.3911,-51.8489,"Hidroweb diário",60,TRUE,0.1427610905617593,"baixa (<0.20)",FALSE,3.9516688775087045,2,"fev",4,"abr",1,0.15,4,4,"ultimo_mes_seco","abr"
"2851043","Esmeralda","RS",-28.0592,-51.1881,"Hidroweb diário",47,TRUE,0.28356801943864446,"media (0.20-0.3)",FALSE,3.475159737909133,1,"jan",3,"mar",2,0.15,3,3,"ultimo_mes_seco","mar"
"2851044","Guaporé","RS",-28.8444,-51.8792,"Hidroweb diário",36,TRUE,0.18122195944619096,"baixa (<0.20)",FALSE,3.2925257740869203,1,"jan",8,"ago",1,0.15,8,8,"ultimo_mes_seco","ago"
"2852001","Gentil","RS",-28.3167,-52.05,"Hidroweb diário",32,TRUE,0.15072830947312726,"baixa (<0.20)",FALSE,5.217479326160891,5,"mai",5,"mai",1,0.15,5,5,"ultimo_mes_seco","mai"
"2852002","Soledade","RS",-28.9333,-52.5833,"Hidroweb diário",31,TRUE,0.09454612937767606,"baixa (<0.20)",FALSE,2.808892916035653,12,"dez",5,"mai",3,0.15,11,5,"ultimo_mes_seco","mai"
"2852003","Arvorezinha","RS",-28.8667,-52.1833,"Hidroweb diário",31,TRUE,0.08477052248237145,"baixa (<0.20)",FALSE,4.354968319113463,3,"mar",5,"mai",2,0.15,5,5,"ultimo_mes_seco","mai"
"2852004","Soledade","RS",-28.8039,-52.3817,"Hidroweb diário",61,TRUE,0.2536639181134149,"media (0.20-0.3)",FALSE,3.1174455150184044,12,"dez",5,"mai",2,0.15,12,5,"ultimo_mes_seco","mai"
"2852006","Carazinho","RS",-28.2933,-52.7242,"Hidroweb diário",73,TRUE,0.13736341243899314,"baixa (<0.20)",FALSE,3.4888018925369657,1,"jan",12,"dez",3,0.15,12,12,"ultimo_mes_seco","dez"
"2852007","Coqueiros do Sul","RS",-28.1892,-52.7458,"Hidroweb diário",73,TRUE,0.12043251107836449,"baixa (<0.20)",FALSE,4.084822911401816,2,"fev",5,"mai",5,0.15,4,5,"ultimo_mes_seco","mai"
"2852008","Colorado","RS",-28.5333,-52.9833,"Hidroweb diário",38,TRUE,0.07413974652242362,"baixa (<0.20)",FALSE,2.8538157715685712,12,"dez",4,"abr",2,0.15,4,4,"ultimo_mes_seco","abr"
"2852009","Espumoso","RS",-28.9331,-52.8,"Hidroweb diário",57,TRUE,0.09221160116538071,"baixa (<0.20)",FALSE,3.6568050968680197,1,"jan",5,"mai",2,0.15,5,5,"ultimo_mes_seco","mai"
"2852011","Ernestina","RS",-28.5,-52.5667,"Hidroweb diário",32,TRUE,0.16298212471181325,"baixa (<0.20)",FALSE,5.027940157720017,4,"abr",5,"mai",2,0.15,5,5,"ultimo_mes_seco","mai"
"2852014","Ilópolis","RS",-28.9283,-52.1275,"Hidroweb diário",79,TRUE,0.19026181471661183,"baixa (<0.20)",FALSE,3.7802036198725744,2,"fev",5,"mai",1,0.15,5,5,"ultimo_mes_seco","mai"
"2852016","Marau","RS",-28.4531,-52.1975,"Hidroweb diário",69,TRUE,0.12325410951839104,"baixa (<0.20)",FALSE,4.542004929057652,3,"mar",5,"mai",3,0.15,4,5,"ultimo_mes_seco","mai"
"2852024","Passo Fundo","RS",-28.2931,-52.555,"Hidroweb diário",61,TRUE,0.1458269453103448,"baixa (<0.20)",FALSE,3.9822153844232875,2,"fev",4,"abr",4,0.15,3,4,"ultimo_mes_seco","abr"
"2852028","Marau","RS",-28.3825,-52.2583,"Hidroweb diário",40,TRUE,0.04190225080676509,"baixa (<0.20)",FALSE,3.9105596601649175,2,"fev",5,"mai",2,0.15,5,5,"ultimo_mes_seco","mai"
"2852030","Tio Hugo","RS",-28.5628,-52.5536,"Hidroweb diário",41,TRUE,0.11587640085796438,"baixa (<0.20)",FALSE,4.969174421292082,4,"abr",5,"mai",2,0.15,5,5,"ultimo_mes_seco","mai"
"2852031","Marau","RS",-28.4808,-52.3667,"Hidroweb diário",63,TRUE,0.1312664562545742,"baixa (<0.20)",FALSE,3.5967121854950688,1,"jan",4,"abr",1,0.15,4,4,"ultimo_mes_seco","abr"
"2852046","Tapejara","RS",-28.0575,-51.9961,"Hidroweb diário",50,TRUE,0.1821585931308276,"baixa (<0.20)",FALSE,4.484394168836592,3,"mar",3,"mar",4,0.15,3,3,"ultimo_mes_seco","mar"
"2852050","Não-me-toque (campo Real)","RS",-28.4553,-52.8158,"Hidroweb diário",38,TRUE,0.14922260696025402,"baixa (<0.20)",FALSE,3.9828933131123874,2,"fev",8,"ago",2,0.15,8,8,"ultimo_mes_seco","ago"
"2853003","Ijuí","RS",-28.4561,-53.9717,"Hidroweb diário",65,TRUE,0.054146067038861545,"baixa (<0.20)",FALSE,0.054821305342212086,7,"jul",8,"ago",3,0.15,7,8,"ultimo_mes_seco","ago"
"2853006","Ijuí","RS",-28.3667,-53.9167,"Hidroweb diário",34,TRUE,0.0537982305022225,"baixa (<0.20)",FALSE,4.681123456736631,3,"mar",4,"abr",3,0.15,11,4,"ultimo_mes_seco","abr"
"2853008","Quinze de Novembro","RS",-28.7333,-53.15,"Hidroweb diário",38,TRUE,0.12533015160251906,"baixa (<0.20)",FALSE,4.376253036784229,3,"mar",4,"abr",2,0.15,11,4,"ultimo_mes_seco","abr"
"2853010","Ajuricaba","RS",-28.2894,-53.7794,"Hidroweb diário",64,TRUE,0.1279834957715048,"baixa (<0.20)",FALSE,2.2413925505889662,11,"nov",8,"ago",5,0.15,8,8,"ultimo_mes_seco","ago"
"2853014","Quinze de Novembro","RS",-28.7289,-53.1853,"Hidroweb diário",81,TRUE,0.07501288651202039,"baixa (<0.20)",FALSE,5.1120110090016055,4,"abr",3,"mar",2,0.15,12,3,"ultimo_mes_seco","mar"
"2853015","Boa Vista do Incra","RS",-28.8264,-53.5019,"Hidroweb diário",60,TRUE,0.07834774181466025,"baixa (<0.20)",FALSE,4.444195378425038,3,"mar",3,"mar",3,0.15,12,3,"ultimo_mes_seco","mar"
"2853023","Condor","RS",-28.2256,-53.4703,"Hidroweb diário",47,TRUE,0.1362929107852838,"baixa (<0.20)",FALSE,3.8702016406563295,2,"fev",3,"mar",2,0.15,8,3,"ultimo_mes_seco","mar"
"2853026","Chapada","RS",-28.0586,-53.0661,"Hidroweb diário",48,TRUE,0.19229833245677794,"baixa (<0.20)",FALSE,3.33940832753673,1,"jan",8,"ago",1,0.15,8,8,"ultimo_mes_seco","ago"
"2853028","Cruz Alta","RS",-28.6667,-53.6147,"Hidroweb diário",47,TRUE,0.08261657744645291,"baixa (<0.20)",FALSE,3.566278054778985,1,"jan",2,"fev",3,0.15,8,2,"ultimo_mes_seco","fev"
"2854001","Catuipe","RS",-28.1111,-53.9931,"Hidroweb diário",55,TRUE,0.19366364453924143,"baixa (<0.20)",FALSE,2.876064220943991,12,"dez",8,"ago",3,0.15,2,8,"ultimo_mes_seco","ago"
"2854003","Giruá","RS",-28.0542,-54.3614,"Hidroweb diário",81,TRUE,0.23781692275126115,"media (0.20-0.3)",FALSE,2.6431942945466917,12,"dez",3,"mar",5,0.15,2,3,"ultimo_mes_seco","mar"
"2854005","São Miguel das Missões","RS",-28.7336,-54.6478,"Hidroweb diário",67,TRUE,0.07405884319654858,"baixa (<0.20)",FALSE,4.804029026346946,4,"abr",2,"fev",3,0.15,8,2,"ultimo_mes_seco","fev"
"2854006","Guarani das Missões","RS",-28.2111,-54.6031,"Hidroweb diário",63,TRUE,0.08456635288223105,"baixa (<0.20)",FALSE,2.6186857054952686,12,"dez",8,"ago",4,0.15,7,8,"ultimo_mes_seco","ago"
"2854012","São Miguel das Missões","RS",-28.7878,-54.4525,"Hidroweb diário",49,TRUE,0.09593478557975364,"baixa (<0.20)",FALSE,4.287486833766172,3,"mar",8,"ago",3,0.15,7,8,"ultimo_mes_seco","ago"
"2854013","Tupanciretã","RS",-28.9053,-54.065,"Hidroweb diário",41,TRUE,0.06012770762000617,"baixa (<0.20)",FALSE,3.6540383423900398,1,"jan",8,"ago",2,0.15,12,8,"ultimo_mes_seco","ago"
"2855001","Garruchos","RS",-28.1878,-55.6369,"Hidroweb diário",73,TRUE,0.11564395274966228,"baixa (<0.20)",FALSE,0.4901617211588076,7,"jul",8,"ago",2,0.15,7,8,"ultimo_mes_seco","ago"
"2855002","Santo Antônio das Missões","RS",-28.2089,-55.3233,"Hidroweb diário",66,TRUE,0.0870406383524339,"baixa (<0.20)",FALSE,0.700557034856972,8,"ago",8,"ago",1,0.15,8,8,"ultimo_mes_seco","ago"
"2855004","São Borja","RS",-28.6781,-55.5811,"Hidroweb diário",45,TRUE,0.11823538406738657,"baixa (<0.20)",FALSE,0.05111253183370117,7,"jul",8,"ago",2,0.15,8,8,"ultimo_mes_seco","ago"
"2855005","São Borja","RS",-28.9897,-55.6742,"Hidroweb diário",59,TRUE,0.04876589245109068,"baixa (<0.20)",FALSE,1.5235386669467197,9,"set",8,"ago",2,0.15,8,8,"ultimo_mes_seco","ago"
"2855007","Santo Antônio das Missões","RS",-28.4925,-55.2308,"Hidroweb diário",40,TRUE,0.12225747156060573,"baixa (<0.20)",FALSE,1.0763614694305048,9,"set",8,"ago",2,0.15,8,8,"ultimo_mes_seco","ago"
"2856006","São Borja","RS",-28.6664,-55.9797,"Hidroweb diário",39,TRUE,0.22125058051740434,"media (0.20-0.3)",FALSE,0.49581642498140727,7,"jul",8,"ago",2,0.15,8,8,"ultimo_mes_seco","ago"
"2856007","Maçambará","RS",-28.8975,-56.085,"Hidroweb diário",35,TRUE,0.21730660880500607,"media (0.20-0.3)",FALSE,0.6567682698122148,8,"ago",8,"ago",2,0.15,8,8,"ultimo_mes_seco","ago"
"2950003","Cambará do Sul","RS",-29.15,-50.1667,"Hidroweb diário",32,TRUE,0.13532826528399733,"baixa (<0.20)",FALSE,4.153197500587509,2,"fev",5,"mai",3,0.15,5,5,"ultimo_mes_seco","mai"
"2950007","Cambará do Sul","RS",-29.05,-50.15,"Hidroweb diário",35,TRUE,0.14978164706998517,"baixa (<0.20)",FALSE,4.3455796726801506,3,"mar",5,"mai",2,0.15,4,5,"ultimo_mes_seco","mai"
"2950008","Cambará do Sul","RS",-29.1083,-50.1875,"Hidroweb diário",77,TRUE,0.18159055436136512,"baixa (<0.20)",FALSE,4.102238673767069,2,"fev",5,"mai",2,0.15,5,5,"ultimo_mes_seco","mai"
"2950009","Canela","RS",-29.3667,-50.8,"Hidroweb diário",36,TRUE,0.23520756952238808,"media (0.20-0.3)",FALSE,4.6718320981930725,3,"mar",5,"mai",2,0.15,5,5,"ultimo_mes_seco","mai"
"2950011","São Francisco de Paula","RS",-29.2667,-50.4833,"Hidroweb diário",35,TRUE,0.22299004201622954,"media (0.20-0.3)",FALSE,3.866168655066031,2,"fev",5,"mai",2,0.15,5,5,"ultimo_mes_seco","mai"
"2950016","Glorinha","RS",-29.8828,-50.7889,"Hidroweb diário",45,TRUE,0.19391453897717215,"baixa (<0.20)",FALSE,4.158658538264838,2,"fev",4,"abr",3,0.15,3,4,"ultimo_mes_seco","abr"
"2950017","Santo Antônio da Patrulha","RS",-29.9,-50.4333,"Hidroweb diário",34,TRUE,0.08941299669132151,"baixa (<0.20)",FALSE,3.8872260286558493,2,"fev",5,"mai",3,0.15,5,5,"ultimo_mes_seco","mai"
"2950018","Maquiné","RS",-29.65,-50.1167,"Hidroweb diário",32,TRUE,0.19431758241598868,"baixa (<0.20)",FALSE,1.2877575628620426,9,"set",6,"jun",2,0.15,5,6,"ultimo_mes_seco","jun"
"2950019","São Francisco de Paula","RS",-29.0994,-50.6308,"Hidroweb diário",82,TRUE,0.30736657527349454,"alta (>=0.3)",TRUE,3.8511391687900725,2,"fev",5,"mai",2,0.15,5,2,"theta_pi","fev"
"2950020","São Francisco de Paula","RS",-29.3833,-50.3667,"Hidroweb diário",38,TRUE,0.19530811771423254,"baixa (<0.20)",FALSE,4.767341236050889,4,"abr",4,"abr",1,0.15,4,4,"ultimo_mes_seco","abr"
"2950026","Gramado","RS",-29.4167,-50.9,"Hidroweb diário",34,TRUE,0.11096332697427909,"baixa (<0.20)",FALSE,5.287791208646334,5,"mai",5,"mai",1,0.15,5,5,"ultimo_mes_seco","mai"
"2950028","Rolante","RS",-29.6508,-50.5728,"Hidroweb diário",58,TRUE,0.017179890290493514,"baixa (<0.20)",FALSE,5.014991948774595,4,"abr",4,"abr",1,0.15,4,4,"ultimo_mes_seco","abr"
"2950029","Três Coroas","RS",-29.4833,-50.7833,"Hidroweb diário",34,TRUE,0.10050254435078386,"baixa (<0.20)",FALSE,0.15450267128636383,7,"jul",5,"mai",1,0.15,5,5,"ultimo_mes_seco","mai"
"2950030","São Francisco de Paula","RS",-29.4667,-50.3667,"Hidroweb diário",33,TRUE,0.25182498593027364,"media (0.20-0.3)",FALSE,6.20984675052683,6,"jun",5,"mai",2,0.15,5,5,"ultimo_mes_seco","mai"
"2950031","Santo Antônio da Patrulha","RS",-29.8178,-50.5214,"Hidroweb diário",53,TRUE,0.1495448348779476,"baixa (<0.20)",FALSE,2.918543285820042,12,"dez",5,"mai",2,0.15,4,5,"ultimo_mes_seco","mai"
"2950033","Caxias do Sul","RS",-29.0719,-50.9739,"Hidroweb diário",79,TRUE,0.2014609783405785,"media (0.20-0.3)",FALSE,3.558426086777635,1,"jan",5,"mai",4,0.15,5,5,"ultimo_mes_seco","mai"
"2950034","Itati","RS",-29.3758,-50.1803,"Hidroweb diário",62,TRUE,0.06390820451913216,"baixa (<0.20)",FALSE,1.7011335425400225,10,"out",5,"mai",2,0.15,5,5,"ultimo_mes_seco","mai"
"2950035","Cambará do Sul","RS",-29.2667,-50.3,"Hidroweb diário",35,TRUE,0.10858246480979511,"baixa (<0.20)",FALSE,3.8187413041838605,2,"fev",5,"mai",2,0.15,4,5,"ultimo_mes_seco","mai"
"2950038","Terra de Areia","RS",-29.5911,-50.0336,"Hidroweb diário",47,TRUE,0.07948933681377868,"baixa (<0.20)",FALSE,1.1012816300301462,9,"set",6,"jun",2,0.15,5,6,"ultimo_mes_seco","jun"
"2950041","São Francisco de Paula","RS",-29.3167,-50.4167,"Hidroweb diário",32,TRUE,0.07248488297200566,"baixa (<0.20)",FALSE,3.5306787300296816,1,"jan",5,"mai",2,0.15,5,5,"ultimo_mes_seco","mai"
"2950059","Glorinha","RS",-29.8167,-50.7425,"Hidroweb diário",31,TRUE,0.1630510749808123,"baixa (<0.20)",FALSE,3.748164727119038,2,"fev",4,"abr",2,0.15,4,4,"ultimo_mes_seco","abr"
"2950060","Santo Antônio da Patrulha","RS",-29.8317,-50.5486,"Hidroweb diário",31,TRUE,0.16274274378045991,"baixa (<0.20)",FALSE,3.6752533681033497,1,"jan",4,"abr",1,0.15,4,4,"ultimo_mes_seco","abr"
"2950062","Santo Antônio da Patrulha","RS",-29.9608,-50.5994,"Hidroweb diário",31,TRUE,0.1676776570163214,"baixa (<0.20)",FALSE,3.350833275375815,1,"jan",2,"fev",3,0.15,4,2,"ultimo_mes_seco","fev"
"2951010","Encantado","RS",-29.2378,-51.8594,"Hidroweb diário",76,TRUE,0.19675811162997173,"baixa (<0.20)",FALSE,4.042447253609772,2,"fev",5,"mai",1,0.15,5,5,"ultimo_mes_seco","mai"
"2951017","Farroupilha","RS",-29.1356,-51.3725,"Hidroweb diário",61,TRUE,0.14521981138658013,"baixa (<0.20)",FALSE,3.3448038011651864,1,"jan",5,"mai",1,0.15,5,5,"ultimo_mes_seco","mai"
"2951018","Lajeado","RS",-29.4667,-51.9667,"Hidroweb diário",42,TRUE,0.09514326590920097,"baixa (<0.20)",FALSE,3.9118474511720027,2,"fev",5,"mai",2,0.15,5,5,"ultimo_mes_seco","mai"
"2951021","Montenegro","RS",-29.6686,-51.4281,"Hidroweb diário",44,TRUE,0.15224632890352316,"baixa (<0.20)",FALSE,2.9573127644167982,12,"dez",5,"mai",1,0.15,5,5,"ultimo_mes_seco","mai"
"2951022","Caxias do Sul","RS",-29.335,-51.1903,"Hidroweb diário",80,TRUE,0.23978238759087353,"media (0.20-0.3)",FALSE,3.366381922274626,1,"jan",11,"nov",1,0.15,11,11,"ultimo_mes_seco","nov"
"2951024","Montenegro","RS",-29.8117,-51.3869,"Hidroweb diário",54,TRUE,0.06487049031133786,"baixa (<0.20)",FALSE,3.5807985190731295,1,"jan",3,"mar",1,0.15,3,3,"ultimo_mes_seco","mar"
"2951025","São Jerônimo","RS",-29.9544,-51.6908,"Hidroweb diário",41,TRUE,0.19619946184635045,"baixa (<0.20)",FALSE,3.560722847856168,1,"jan",4,"abr",2,0.15,4,4,"ultimo_mes_seco","abr"
"2951027","São Vendelino","RS",-29.3664,-51.3711,"Hidroweb diário",51,TRUE,0.12430709163104439,"baixa (<0.20)",FALSE,2.637983147154753,12,"dez",4,"abr",4,0.15,3,4,"ultimo_mes_seco","abr"
"2951028","Sapucaia do Sul","RS",-29.82,-51.1611,"Hidroweb diário",59,TRUE,0.130675508120375,"baixa (<0.20)",FALSE,4.027307249584154,2,"fev",5,"mai",4,0.15,3,5,"ultimo_mes_seco","mai"
"2951042","Relvado","RS",-29.1167,-52,"Hidroweb diário",31,TRUE,0.1284481281607167,"baixa (<0.20)",FALSE,4.638502324360678,3,"mar",5,"mai",1,0.15,5,5,"ultimo_mes_seco","mai"
"2951067","Charqueadas","RS",-29.9758,-51.6119,"Hidroweb diário",37,TRUE,0.24217077550599803,"media (0.20-0.3)",FALSE,3.6978019379854716,2,"fev",4,"abr",3,0.15,2,4,"ultimo_mes_seco","abr"
"2951070","Muçum","RS",-29.1672,-51.8686,"Hidroweb diário",36,TRUE,0.1403243038002262,"baixa (<0.20)",FALSE,3.860385177381207,2,"fev",8,"ago",1,0.15,8,8,"ultimo_mes_seco","ago"
"2952001","Barros Cassal","RS",-29.085,-52.5844,"Hidroweb diário",36,TRUE,0.15476024457964618,"baixa (<0.20)",FALSE,3.848890764172139,2,"fev",3,"mar",1,0.15,3,3,"ultimo_mes_seco","mar"
"2952003","Candelária","RS",-29.7128,-52.89,"Hidroweb diário",58,TRUE,0.029225061343098848,"baixa (<0.20)",FALSE,4.527099193988846,3,"mar",12,"dez",4,0.15,12,12,"ultimo_mes_seco","dez"
"2952010","Rio Pardo","RS",-29.9833,-52.35,"Hidroweb diário",32,TRUE,0.2785257952230417,"media (0.20-0.3)",FALSE,3.962302783089009,2,"fev",12,"dez",3,0.15,4,12,"ultimo_mes_seco","dez"
"2952034","Candelária","RS",-29.6694,-52.7903,"Hidroweb diário",39,TRUE,0.13141268229460532,"baixa (<0.20)",FALSE,2.5419661344777933,11,"nov",8,"ago",2,0.15,12,8,"ultimo_mes_seco","ago"
"2953006","Salto do Jacuí","RS",-29.0733,-53.21,"Hidroweb diário",32,TRUE,0.04858637555390557,"baixa (<0.20)",FALSE,4.944664291006497,4,"abr",5,"mai",2,0.15,4,5,"ultimo_mes_seco","mai"
"2953007","Arroio do Tigre","RS",-29.1942,-52.9522,"Hidroweb diário",44,TRUE,0.13405869742669968,"baixa (<0.20)",FALSE,3.2324429042825646,1,"jan",12,"dez",1,0.15,12,12,"ultimo_mes_seco","dez"
"2953008","Dona Francisca","RS",-29.6244,-53.3519,"Hidroweb diário",78,TRUE,0.12916952066738827,"baixa (<0.20)",FALSE,3.3497639099777756,1,"jan",12,"dez",2,0.15,12,12,"ultimo_mes_seco","dez"
"2953022","Júlio de Castilhos","RS",-29.1256,-53.3536,"Hidroweb diário",34,TRUE,0.04208029302369549,"baixa (<0.20)",FALSE,0.40267614862817713,7,"jul",4,"abr",1,0.15,4,4,"ultimo_mes_seco","abr"
"2953030","Tupanciretã","RS",-29.0856,-53.8192,"Hidroweb diário",46,TRUE,0.2841866296005574,"media (0.20-0.3)",FALSE,3.7396152087750716,2,"fev",12,"dez",1,0.15,12,12,"ultimo_mes_seco","dez"
"2953037","Cachoeira do Sul","RS",-30.0089,-53.015,"Hidroweb diário",38,TRUE,0.08392877322118648,"baixa (<0.20)",FALSE,4.311402829186281,3,"mar",12,"dez",1,0.15,12,12,"ultimo_mes_seco","dez"
"2954001","Cacequi","RS",-29.8786,-54.8253,"Hidroweb diário",81,TRUE,0.11747966501171245,"baixa (<0.20)",FALSE,1.6175642202824791,10,"out",8,"ago",1,0.15,8,8,"ultimo_mes_seco","ago"
"2954004","Santiago","RS",-29.3661,-54.7356,"Hidroweb diário",64,TRUE,0.09694262491167849,"baixa (<0.20)",FALSE,1.3514200884190544,9,"set",8,"ago",4,0.15,8,8,"ultimo_mes_seco","ago"
"2954005","Jaguari","RS",-29.3589,-54.5019,"Hidroweb diário",57,TRUE,0.054143051969269794,"baixa (<0.20)",FALSE,3.0758033641778124,12,"dez",8,"ago",2,0.15,8,8,"ultimo_mes_seco","ago"
"2954007","Jaguari","RS",-29.5069,-54.6775,"Hidroweb diário",65,TRUE,0.0784738536238588,"baixa (<0.20)",FALSE,1.7536672914934979,10,"out",8,"ago",4,0.15,7,8,"ultimo_mes_seco","ago"
"2954019","Quevedos","RS",-29.3514,-54.0669,"Hidroweb diário",47,TRUE,0.11559155263275643,"baixa (<0.20)",FALSE,3.427096037036349,1,"jan",8,"ago",2,0.15,12,8,"ultimo_mes_seco","ago"
"2954020","Santiago","RS",-29.1867,-54.8558,"Hidroweb diário",47,TRUE,0.018098628480758657,"baixa (<0.20)",FALSE,0.12357092262424828,7,"jul",8,"ago",1,0.15,8,8,"ultimo_mes_seco","ago"
"2954030","Santiago","RS",-29.2517,-54.5983,"Hidroweb diário",40,TRUE,0.15333845369083368,"baixa (<0.20)",FALSE,1.3883316830878198,9,"set",8,"ago",2,0.15,8,8,"ultimo_mes_seco","ago"
"2954031","Capão do Cipó","RS",-29.0481,-54.5708,"Hidroweb diário",39,TRUE,0.08051428531360258,"baixa (<0.20)",FALSE,1.3380884095045882,9,"set",8,"ago",1,0.15,8,8,"ultimo_mes_seco","ago"
"2954032","São Pedro do Sul","RS",-29.6533,-54.4314,"Hidroweb diário",40,TRUE,0.12938096152865064,"baixa (<0.20)",FALSE,2.314851271226956,11,"nov",12,"dez",1,0.15,12,12,"ultimo_mes_seco","dez"
"2955002","Itaqui","RS",-29.1961,-55.4753,"Hidroweb diário",61,TRUE,0.18486705758611552,"baixa (<0.20)",FALSE,0.9703925554051672,8,"ago",8,"ago",2,0.15,7,8,"ultimo_mes_seco","ago"
"2955006","São Francisco de Assis","RS",-29.4592,-55.2911,"Hidroweb diário",55,TRUE,0.14730060678693208,"baixa (<0.20)",FALSE,0.8580371629706515,8,"ago",8,"ago",3,0.15,12,8,"ultimo_mes_seco","ago"
"2955007","Unistalda","RS",-29.0475,-55.1511,"Hidroweb diário",54,TRUE,0.17051457533408795,"baixa (<0.20)",FALSE,1.648848476369308,10,"out",8,"ago",1,0.15,8,8,"ultimo_mes_seco","ago"
"2955008","Manoel Viana","RS",-29.5939,-55.4858,"Hidroweb diário",49,TRUE,0.07838411196915597,"baixa (<0.20)",FALSE,0.45738654274949064,7,"jul",8,"ago",2,0.15,8,8,"ultimo_mes_seco","ago"
"2955013","Alegrete","RS",-29.7844,-55.7739,"Hidroweb diário",34,TRUE,0.2532888955716075,"media (0.20-0.3)",FALSE,0.7460991838279194,8,"ago",8,"ago",2,0.15,7,8,"ultimo_mes_seco","ago"
"2956005","Itaqui","RS",-29.1275,-56.5625,"Hidroweb diário",54,TRUE,0.18335787158202757,"baixa (<0.20)",FALSE,0.7707354307860322,8,"ago",8,"ago",2,0.15,8,8,"ultimo_mes_seco","ago"
"2956006","Itaqui","RS",-29.3089,-56.0553,"Hidroweb diário",55,TRUE,0.23719077141408731,"media (0.20-0.3)",FALSE,1.1226087364070592,9,"set",8,"ago",2,0.15,8,8,"ultimo_mes_seco","ago"
"2956007","Uruguaiana","RS",-29.7653,-56.5214,"Hidroweb diário",76,TRUE,0.25274458302093433,"media (0.20-0.3)",FALSE,1.7380538678938322,10,"out",8,"ago",3,0.15,6,8,"ultimo_mes_seco","ago"
"2956008","Uruguaiana","RS",-29.4711,-56.6678,"Hidroweb diário",47,TRUE,0.2616941661531956,"media (0.20-0.3)",FALSE,0.8859551002714705,8,"ago",8,"ago",2,0.15,8,8,"ultimo_mes_seco","ago"
"2956009","Alegrete","RS",-29.6358,-56.0947,"Hidroweb diário",37,TRUE,0.15026043835231015,"baixa (<0.20)",FALSE,0.41200305223389255,7,"jul",8,"ago",2,0.15,8,8,"ultimo_mes_seco","ago"
"3050002","Palmares do Sul","RS",-30.2514,-50.5058,"Hidroweb diário",50,TRUE,0.21235174227745335,"media (0.20-0.3)",FALSE,3.2763534149477596,1,"jan",12,"dez",1,0.15,12,12,"ultimo_mes_seco","dez"
"3050007","Mostardas","RS",-30.6683,-50.5408,"Hidroweb diário",40,TRUE,0.16129464031989113,"baixa (<0.20)",FALSE,3.244011393344006,1,"jan",3,"mar",2,0.15,12,3,"ultimo_mes_seco","mar"
"3050008","Viamão","RS",-30.0467,-50.7019,"Hidroweb diário",33,TRUE,0.23209807947066677,"media (0.20-0.3)",FALSE,3.3128724455121072,1,"jan",4,"abr",1,0.15,4,4,"ultimo_mes_seco","abr"
"3051003","Camaquã","RS",-30.85,-51.8,"Hidroweb diário",36,TRUE,0.06863069914755128,"baixa (<0.20)",FALSE,3.421863115871352,1,"jan",5,"mai",3,0.15,11,5,"ultimo_mes_seco","mai"
"3051004","Cerro Grande do Sul","RS",-30.5939,-51.7567,"Hidroweb diário",47,TRUE,0.10732580215005273,"baixa (<0.20)",FALSE,2.819230890677511,12,"dez",3,"mar",3,0.15,8,3,"ultimo_mes_seco","mar"
"3051005","Guaíba","RS",-30.1067,-51.6489,"Hidroweb diário",55,TRUE,0.2415487595567613,"media (0.20-0.3)",FALSE,3.545409376534069,1,"jan",2,"fev",3,0.15,4,2,"ultimo_mes_seco","fev"
"3051011","Porto Alegre","RS",-30.0536,-51.1733,"Hidroweb diário",57,TRUE,0.16009042662133074,"baixa (<0.20)",FALSE,3.3390135272464225,1,"jan",5,"mai",2,0.15,5,5,"ultimo_mes_seco","mai"
"3051016","Camaquã","RS",-30.8658,-51.7958,"Hidroweb diário",44,TRUE,0.03421952461882555,"baixa (<0.20)",FALSE,5.6519862274567885,5,"mai",3,"mar",2,0.15,3,3,"ultimo_mes_seco","mar"
"3051017","Camaquã","RS",-30.7719,-51.6603,"Hidroweb diário",49,TRUE,0.0594040618882728,"baixa (<0.20)",FALSE,0.24702101347114722,7,"jul",3,"mar",2,0.15,3,3,"ultimo_mes_seco","mar"
"3051023","Barra do Ribeiro","RS",-30.295,-51.3144,"Hidroweb diário",47,TRUE,0.31892799108071657,"alta (>=0.3)",TRUE,3.138841238230175,12,"dez",2,"fev",4,0.15,2,12,"theta_pi","dez"
"3051031","Butiá","RS",-30.1589,-51.9311,"Hidroweb diário",42,TRUE,0.25881488075347797,"media (0.20-0.3)",FALSE,3.4089556408987014,1,"jan",3,"mar",3,0.15,12,3,"ultimo_mes_seco","mar"
"3052007","Encruzilhada do Sul","RS",-30.9064,-52.4619,"Hidroweb diário",78,TRUE,0.24219587569205425,"media (0.20-0.3)",FALSE,3.5360037028367124,1,"jan",5,"mai",4,0.15,11,5,"ultimo_mes_seco","mai"
"3052008","Encruzilhada do Sul","RS",-30.9,-52.8167,"Hidroweb diário",33,TRUE,0.12943173798713736,"baixa (<0.20)",FALSE,3.936592478962515,2,"fev",11,"nov",1,0.15,11,11,"ultimo_mes_seco","nov"
"3052009","Amaral Ferrador","RS",-30.8864,-52.2486,"Hidroweb diário",80,TRUE,0.21880334134991034,"media (0.20-0.3)",FALSE,3.41425104444028,1,"jan",4,"abr",2,0.15,11,4,"ultimo_mes_seco","abr"
"3052010","Piratini","RS",-30.9342,-52.9428,"Hidroweb diário",68,TRUE,0.11772188593485004,"baixa (<0.20)",FALSE,2.820274673313029,12,"dez",11,"nov",1,0.15,11,11,"ultimo_mes_seco","nov"
"3052011","São Jerônimo","RS",-30.4189,-52.0736,"Hidroweb diário",55,TRUE,0.16090132094883877,"baixa (<0.20)",FALSE,2.6957046536919984,12,"dez",4,"abr",3,0.15,11,4,"ultimo_mes_seco","abr"
"3052012","Encruzilhada do Sul","RS",-30.6253,-52.84,"Hidroweb diário",44,TRUE,0.09883335896226744,"baixa (<0.20)",FALSE,3.0070406912413716,12,"dez",12,"dez",3,0.15,12,12,"ultimo_mes_seco","dez"
"3052016","Pantano Grande","RS",-30.1983,-52.3725,"Hidroweb diário",37,TRUE,0.1859489368530804,"baixa (<0.20)",FALSE,3.9255313542752623,2,"fev",12,"dez",1,0.15,12,12,"ultimo_mes_seco","dez"
"3053007","Lavras do Sul","RS",-30.8175,-53.9014,"Hidroweb diário",79,TRUE,0.04784976101684293,"baixa (<0.20)",FALSE,2.090633850074524,10,"out",12,"dez",2,0.15,11,12,"ultimo_mes_seco","dez"
"3053012","São Sepé","RS",-30.1833,-53.55,"Hidroweb diário",42,TRUE,0.20418786454792195,"media (0.20-0.3)",FALSE,3.136706411436244,12,"dez",4,"abr",3,0.15,3,4,"ultimo_mes_seco","abr"
"3053015","Santana da Boa Vista","RS",-30.8667,-53.1167,"Hidroweb diário",34,TRUE,0.10027209136023685,"baixa (<0.20)",FALSE,3.7284980053286554,2,"fev",1,"jan",1,0.15,1,1,"ultimo_mes_seco","jan"
"3053017","São Sepé","RS",-30.4353,-53.7125,"Hidroweb diário",42,TRUE,0.07896090008712457,"baixa (<0.20)",FALSE,1.0859157369578392,9,"set",12,"dez",2,0.15,12,12,"ultimo_mes_seco","dez"
"3053018","Cachoeira do Sul","RS",-30.4872,-53.1183,"Hidroweb diário",38,TRUE,0.10055536359941387,"baixa (<0.20)",FALSE,4.573701141141205,3,"mar",12,"dez",1,0.15,12,12,"ultimo_mes_seco","dez"
"3053020","São Sepé","RS",-30.1936,-53.5644,"Hidroweb diário",40,TRUE,0.10221131544703486,"baixa (<0.20)",FALSE,3.5397629692407895,1,"jan",12,"dez",1,0.15,12,12,"ultimo_mes_seco","dez"
"3053021","Cachoeira do Sul","RS",-30.1406,-53.1589,"Hidroweb diário",38,TRUE,0.11780380939516202,"baixa (<0.20)",FALSE,4.78676905425649,4,"abr",12,"dez",2,0.15,12,12,"ultimo_mes_seco","dez"
"3053022","Caçapava do Sul","RS",-30.5194,-53.4917,"Hidroweb diário",37,TRUE,0.0757102312124789,"baixa (<0.20)",FALSE,4.709164231538539,4,"abr",3,"mar",2,0.15,11,3,"ultimo_mes_seco","mar"
"3054002","Dom Pedrito","RS",-30.9781,-54.6758,"Hidroweb diário",84,TRUE,0.021051962973425133,"baixa (<0.20)",FALSE,2.694122065886689,12,"dez",12,"dez",1,0.15,12,12,"ultimo_mes_seco","dez"
"3054007","Rosário do Sul","RS",-30.2469,-54.9175,"Hidroweb diário",76,TRUE,0.12610646933217715,"baixa (<0.20)",FALSE,1.2707426254919694,9,"set",8,"ago",1,0.15,8,8,"ultimo_mes_seco","ago"
"3054016","Rosário do Sul","RS",-30.5144,-54.7703,"Hidroweb diário",47,TRUE,0.1060568110938968,"baixa (<0.20)",FALSE,1.3357834578348142,9,"set",12,"dez",1,0.15,12,12,"ultimo_mes_seco","dez"
"3054018","São Gabriel","RS",-30.3575,-54.3181,"Hidroweb diário",38,TRUE,0.0741653382858129,"baixa (<0.20)",FALSE,5.4623562031692,5,"mai",8,"ago",2,0.15,12,8,"ultimo_mes_seco","ago"
"3055003","Santana do Livramento","RS",-30.6956,-55.8414,"Hidroweb diário",47,TRUE,0.18094657632156466,"baixa (<0.20)",FALSE,0.763558384006748,8,"ago",8,"ago",1,0.15,8,8,"ultimo_mes_seco","ago"
"3055004","Cacequi","RS",-30.0294,-55.0936,"Hidroweb diário",49,TRUE,0.13913327849023777,"baixa (<0.20)",FALSE,1.2720887420841205,9,"set",8,"ago",2,0.15,8,8,"ultimo_mes_seco","ago"
"3055005","Santana do Livramento","RS",-30.5164,-55.1267,"Hidroweb diário",47,TRUE,0.03730522719384645,"baixa (<0.20)",FALSE,1.1469296493648715,9,"set",12,"dez",3,0.15,12,12,"ultimo_mes_seco","dez"
"3055007","Rosário do Sul","RS",-30.2042,-55.4919,"Hidroweb diário",36,TRUE,0.27224872618827517,"media (0.20-0.3)",FALSE,0.6968948649498988,8,"ago",8,"ago",1,0.15,8,8,"ultimo_mes_seco","ago"
"3055008","Quaraí","RS",-30.2939,-55.9756,"Hidroweb diário",32,TRUE,0.07497509973717942,"baixa (<0.20)",FALSE,1.1853135332951077,9,"set",8,"ago",2,0.15,8,8,"ultimo_mes_seco","ago"
"3056004","Uruguaiana","RS",-30.0189,-56.8214,"Hidroweb diário",46,TRUE,0.36664813184589046,"alta (>=0.3)",TRUE,1.233653768697979,9,"set",8,"ago",2,0.15,8,9,"theta_pi","set"
"3056006","Uruguaiana","RS",-30.0686,-56.1703,"Hidroweb diário",40,TRUE,0.32727383651539205,"alta (>=0.3)",TRUE,0.6823564028222461,8,"ago",8,"ago",4,0.15,8,8,"theta_pi","ago"
"3056007","Santana do Livramento","RS",-30.5256,-56.1722,"Hidroweb diário",39,TRUE,0.3044475426422168,"alta (>=0.3)",TRUE,1.2245420121984671,9,"set",8,"ago",3,0.15,8,9,"theta_pi","set"
"3057002","Barra do Quaraí","RS",-30.2133,-57.5533,"Hidroweb diário",46,TRUE,0.20732575594071098,"media (0.20-0.3)",FALSE,0.6394260460827403,8,"ago",8,"ago",3,0.15,7,8,"ultimo_mes_seco","ago"
"3151002","Camaquã","RS",-31.1303,-51.7886,"Hidroweb diário",46,TRUE,0.09072065700974334,"baixa (<0.20)",FALSE,3.672345602241002,1,"jan",3,"mar",2,0.15,11,3,"ultimo_mes_seco","mar"
"3151003","São Lourenço do Sul","RS",-31.3675,-51.9867,"Hidroweb diário",67,TRUE,0.08541410969003861,"baixa (<0.20)",FALSE,2.2985958564574176,11,"nov",4,"abr",2,0.15,4,4,"ultimo_mes_seco","abr"
"3151004","Tavares","RS",-31.29,-51.0956,"Hidroweb diário",32,TRUE,0.10625542574218015,"baixa (<0.20)",FALSE,2.797646046201301,12,"dez",12,"dez",3,0.15,11,12,"ultimo_mes_seco","dez"
"3152002","São Lourenço do Sul","RS",-31.2839,-52.0831,"Hidroweb diário",55,TRUE,0.07227117251430423,"baixa (<0.20)",FALSE,1.9824147061093411,10,"out",1,"jan",4,0.15,3,1,"ultimo_mes_seco","jan"
"3152003","Canguçu","RS",-31.4044,-52.6733,"Hidroweb diário",75,TRUE,0.15153511331403,"baixa (<0.20)",FALSE,2.9311370812705633,12,"dez",4,"abr",2,0.15,4,4,"ultimo_mes_seco","abr"
"3152005","Cerrito","RS",-31.6694,-52.7728,"Hidroweb diário",47,TRUE,0.10123041008671624,"baixa (<0.20)",FALSE,2.1293857481742755,11,"nov",12,"dez",1,0.15,12,12,"ultimo_mes_seco","dez"
"3152008","Pelotas","RS",-31.6728,-52.1778,"Hidroweb diário",53,TRUE,0.10637383108251525,"baixa (<0.20)",FALSE,3.62748277985489,1,"jan",5,"mai",2,0.15,5,5,"ultimo_mes_seco","mai"
"3152011","Cristal","RS",-31.0006,-52.0492,"Hidroweb diário",62,TRUE,0.07917400723446308,"baixa (<0.20)",FALSE,3.716717356453739,2,"fev",12,"dez",3,0.15,11,12,"ultimo_mes_seco","dez"
"3152013","Pedro Osório","RS",-31.8797,-52.8103,"Hidroweb diário",42,TRUE,0.09317237680948907,"baixa (<0.20)",FALSE,6.234788662312035,6,"jun",12,"dez",1,0.15,12,12,"ultimo_mes_seco","dez"
"3152016","Pelotas","RS",-31.5739,-52.4631,"Hidroweb diário",60,TRUE,0.09451359737936098,"baixa (<0.20)",FALSE,3.0673384809780564,12,"dez",12,"dez",3,0.15,12,12,"ultimo_mes_seco","dez"
"3153003","Bagé","RS",-31.2267,-53.9014,"Hidroweb diário",70,TRUE,0.11176752626886939,"baixa (<0.20)",FALSE,4.556209443312937,3,"mar",3,"mar",2,0.15,3,3,"ultimo_mes_seco","mar"
"3153004","Piratini","RS",-31.7375,-53.0539,"Hidroweb diário",48,TRUE,0.052217086221838,"baixa (<0.20)",FALSE,4.217416230616519,3,"mar",3,"mar",2,0.15,12,3,"ultimo_mes_seco","mar"
"3153006","Piratini","RS",-31.1342,-53.0539,"Hidroweb diário",46,TRUE,0.03990727903444206,"baixa (<0.20)",FALSE,2.581967067106565,11,"nov",3,"mar",1,0.15,3,3,"ultimo_mes_seco","mar"
"3153007","Pedras Altas","RS",-31.7333,-53.5881,"Hidroweb diário",54,TRUE,0.05903892100063729,"baixa (<0.20)",FALSE,3.947593143197061,2,"fev",12,"dez",1,0.15,12,12,"ultimo_mes_seco","dez"
"3153008","Pinheiro Machado","RS",-31.5775,-53.3769,"Hidroweb diário",58,TRUE,0.15256710827622139,"baixa (<0.20)",FALSE,2.16932269842324,11,"nov",4,"abr",3,0.15,3,4,"ultimo_mes_seco","abr"
"3153017","Pinheiro Machado","RS",-31.3142,-53.4994,"Hidroweb diário",47,TRUE,0.048982778434755334,"baixa (<0.20)",FALSE,5.450768762919983,5,"mai",12,"dez",1,0.15,12,12,"ultimo_mes_seco","dez"
"3153021","Piratini","RS",-31.4308,-53.1078,"Hidroweb diário",39,TRUE,0.07232808028879688,"baixa (<0.20)",FALSE,3.607243340476111,1,"jan",3,"mar",2,0.15,3,3,"ultimo_mes_seco","mar"
"3154003","Dom Pedrito","RS",-31.0283,-54.1789,"Hidroweb diário",47,TRUE,0.10185205160443211,"baixa (<0.20)",FALSE,2.1127741749364835,11,"nov",12,"dez",1,0.15,12,12,"ultimo_mes_seco","dez"
"3155001","Dom Pedrito","RS",-31.2753,-55.0372,"Hidroweb diário",46,TRUE,0.1322496099824909,"baixa (<0.20)",FALSE,2.427431491415925,11,"nov",7,"jul",2,0.15,7,7,"ultimo_mes_seco","jul"
"3252005","Arroio Grande","RS",-32.006100000000004,-52.6528,"Hidroweb diário",57,TRUE,0.033674921763075336,"baixa (<0.20)",FALSE,2.5673529020645827,11,"nov",4,"abr",2,0.15,12,4,"ultimo_mes_seco","abr"
"3252006","Rio Grande","RS",-32.3506,-52.54,"Hidroweb diário",60,TRUE,0.1436695346584667,"baixa (<0.20)",FALSE,2.224215069676744,11,"nov",12,"dez",2,0.15,11,12,"ultimo_mes_seco","dez"
"3252008","Rio Grande","RS",-32.5381,-52.5386,"Hidroweb diário",57,TRUE,0.178176266016109,"baixa (<0.20)",FALSE,1.6568997722219565,10,"out",12,"dez",1,0.15,12,12,"ultimo_mes_seco","dez"
"3252024","Rio Grande","RS",-32.03,-52.0792,"Hidroweb diário",39,TRUE,0.06573972799490493,"baixa (<0.20)",FALSE,4.8321889500994,4,"abr",1,"jan",3,0.15,11,1,"ultimo_mes_seco","jan"
"3253001","Arroio Grande","RS",-32.2372,-53.0897,"Hidroweb diário",57,TRUE,0.1354585353614744,"baixa (<0.20)",FALSE,2.2014949639137487,11,"nov",12,"dez",2,0.15,11,12,"ultimo_mes_seco","dez"
"3253003","Santa Vitória do Palmar","RS",-32.9539,-53.1189,"Hidroweb diário",57,TRUE,0.052466989377068333,"baixa (<0.20)",FALSE,1.6853324610647162,10,"out",3,"mar",2,0.15,11,3,"ultimo_mes_seco","mar"
"3253004","Herval","RS",-32.0286,-53.3978,"Hidroweb diário",54,TRUE,0.16391065047067974,"baixa (<0.20)",FALSE,1.7584616869150829,10,"out",3,"mar",2,0.15,12,3,"ultimo_mes_seco","mar"
"83880","São Bento","RS",-27.88,-53.43,"INMET diário",41,TRUE,0.11303225318833372,"baixa (<0.20)",FALSE,5.026244447267296,4,"abr",4,"abr",2,0.15,11,4,"ultimo_mes_seco","abr"
"83881","Irai","RS",-27.19,-53.25,"INMET diário",69,TRUE,0.10989083657138184,"baixa (<0.20)",FALSE,2.667149283667202,12,"dez",8,"ago",2,0.15,8,8,"ultimo_mes_seco","ago"
"83907","Sao Luiz Gonzaga","RS",-28.41722221,-54.9625,"INMET diário",106,TRUE,0.0933141836971887,"baixa (<0.20)",FALSE,1.408911240526138,9,"set",8,"ago",2,0.15,8,8,"ultimo_mes_seco","ago"
"83909","Santo Ângelo","RS",-28.3,-54.25,"INMET diário",57,TRUE,0.1018103717378241,"baixa (<0.20)",FALSE,3.5273722397463896,1,"jan",4,"abr",4,0.15,3,4,"ultimo_mes_seco","abr"
"83912","Cruz Alta","RS",-28.63,-53.61,"INMET diário",70,TRUE,0.04150864557395825,"baixa (<0.20)",FALSE,3.1594837257658916,1,"jan",2,"fev",4,0.15,4,2,"ultimo_mes_seco","fev"
"83914","Passo Fundo","RS",-28.2286111,-52.41194444,"INMET diário",109,TRUE,0.0868106472783665,"baixa (<0.20)",FALSE,4.99719463515553,4,"abr",4,"abr",2,0.15,4,4,"ultimo_mes_seco","abr"
"83915","Colombo","RS",-28.92,-51.9,"INMET diário",64,TRUE,0.13332528498028517,"baixa (<0.20)",FALSE,3.729085527523315,2,"fev",4,"abr",1,0.15,4,4,"ultimo_mes_seco","abr"
"83916","Lagoa Vermelha","RS",-28.22,-51.51,"INMET diário",90,TRUE,0.15733100329656088,"baixa (<0.20)",FALSE,3.743482840419742,2,"fev",4,"abr",2,0.15,4,4,"ultimo_mes_seco","abr"
"83918","Itaimbezinho","RS",-28.55,-50.7,"INMET diário",59,TRUE,0.21890988734241584,"media (0.20-0.3)",FALSE,4.0756042047340335,2,"fev",5,"mai",3,0.15,5,5,"ultimo_mes_seco","mai"
"83919","Bom Jesus","RS",-28.67,-50.44,"INMET diário",63,TRUE,0.09715546420597426,"baixa (<0.20)",FALSE,3.481439039813944,1,"jan",5,"mai",2,0.15,5,5,"ultimo_mes_seco","mai"
"83927","Uruguaiana","RS",-29.84,-57.08,"INMET diário",96,TRUE,0.2827060117788376,"media (0.20-0.3)",FALSE,0.6573959633004034,8,"ago",8,"ago",2,0.15,7,8,"ultimo_mes_seco","ago"
"83929","Pintado","RS",-29.12,-56.53,"INMET diário",33,TRUE,0.22626812475900357,"media (0.20-0.3)",FALSE,0.5677736350752237,8,"ago",1,"jan",1,0.15,1,1,"ultimo_mes_seco","jan"
"83931","Passo Novo","RS",-29.68,-55.52,"INMET diário",46,TRUE,0.13023926638070998,"baixa (<0.20)",FALSE,1.4719479497486325,9,"set",8,"ago",3,0.15,8,8,"ultimo_mes_seco","ago"
"83936","Santa Maria","RS",-29.72472221,-53.72055554,"INMET diário",82,TRUE,0.026716647101560832,"baixa (<0.20)",FALSE,1.256241003483403,9,"set",8,"ago",2,0.15,11,8,"ultimo_mes_seco","ago"
"83939","Santa Cruz do Sul","RS",-29.72,-52.42,"INMET diário",49,TRUE,0.1575739179910622,"baixa (<0.20)",FALSE,4.018219259017917,2,"fev",12,"dez",3,0.15,11,12,"ultimo_mes_seco","dez"
"83940","Taquari","RS",-29.8,-51.82,"INMET diário",36,TRUE,0.15868655041933943,"baixa (<0.20)",FALSE,2.900740621342412,12,"dez",11,"nov",1,0.15,11,11,"ultimo_mes_seco","nov"
"83941","Bento Gonçalves","RS",-29.164588,-51.534104,"INMET diário",74,TRUE,0.15878469524917518,"baixa (<0.20)",FALSE,4.275618482571692,3,"mar",5,"mai",1,0.15,5,5,"ultimo_mes_seco","mai"
"83942","Caxias do Sul","RS",-29.1961111,-51.18638888,"INMET diário",94,TRUE,0.16557351947031218,"baixa (<0.20)",FALSE,3.942199831570506,2,"fev",5,"mai",1,0.15,5,5,"ultimo_mes_seco","mai"
"83945","São Francisco de Paula","RS",-29.33,-50.52,"INMET diário",51,TRUE,0.17436688371508416,"baixa (<0.20)",FALSE,3.3767107606454503,1,"jan",7,"jul",2,0.15,7,7,"ultimo_mes_seco","jul"
"83948","Torres","RS",-29.350384,-49.733314,"INMET diário",75,TRUE,0.10253071627784453,"baixa (<0.20)",FALSE,1.3010706632262532,9,"set",5,"mai",1,0.15,5,5,"ultimo_mes_seco","mai"
"83953","Espinilho","RS",-30.842617,-55.613073,"INMET diário",77,TRUE,0.03338865805933707,"baixa (<0.20)",FALSE,5.731086297159542,5,"mai",3,"mar",7,0.15,11,3,"ultimo_mes_seco","mar"
"83954","Passo Raso","RS",-29.869757,-51.379201,"INMET diário",33,TRUE,0.07362758873361061,"baixa (<0.20)",FALSE,3.5299081370464327,1,"jan",5,"mai",1,0.15,5,5,"ultimo_mes_seco","mai"
"83957","São Gabriel","RS",-30.33,-54.32,"INMET diário",54,TRUE,0.07516172966823272,"baixa (<0.20)",FALSE,3.3131721909160703,1,"jan",5,"mai",4,0.15,11,5,"ultimo_mes_seco","mai"
"83959","Caçapava do Sul","RS",-30.52,-53.48,"INMET diário",59,TRUE,0.04425631283173078,"baixa (<0.20)",FALSE,2.335952511234306,11,"nov",2,"fev",2,0.15,11,2,"ultimo_mes_seco","fev"
"83963","Cachoeira do Sul","RS",-30.02999999,-52.87999999,"INMET diário",38,TRUE,0.1691179376877141,"baixa (<0.20)",FALSE,2.934199038048844,12,"dez",2,"fev",3,0.15,4,2,"ultimo_mes_seco","fev"
"83964","Encruzilhada do Sul","RS",-30.54,-52.52,"INMET diário",98,TRUE,0.08290320109172403,"baixa (<0.20)",FALSE,2.4946712891724068,11,"nov",12,"dez",2,0.15,11,12,"ultimo_mes_seco","dez"
"83966","Arambaré","RS",-30.83,-51.58,"INMET diário",34,TRUE,0.18763199143648493,"baixa (<0.20)",FALSE,2.6019131230381,11,"nov",11,"nov",1,0.15,11,11,"ultimo_mes_seco","nov"
"83967","Porto Alegre","RS",-30.05361111,-51.17472221,"INMET diário",65,TRUE,0.20154440333592286,"media (0.20-0.3)",FALSE,3.2073999819323356,1,"jan",4,"abr",3,0.15,4,4,"ultimo_mes_seco","abr"
"83980","Bage","RS",-31.30555555,-54.11944443,"INMET diário",107,TRUE,0.011938142046505517,"baixa (<0.20)",FALSE,2.960596502253515,12,"dez",3,"mar",2,0.15,12,3,"ultimo_mes_seco","mar"
"83983","Piratini","RS",-31.43,-53.1,"INMET diário",34,TRUE,0.16230250012064368,"baixa (<0.20)",FALSE,3.068825268864395,12,"dez",4,"abr",2,0.15,11,4,"ultimo_mes_seco","abr"
"83985","Pelotas","RS",-31.78333333,-52.41666666,"INMET diário",61,TRUE,0.10208833735446891,"baixa (<0.20)",FALSE,1.2412914218567295,9,"set",11,"nov",1,0.15,11,11,"ultimo_mes_seco","nov"
"83995","Rio Grande","RS",-32.08,-52.17,"INMET diário",48,TRUE,0.19156605392782167,"baixa (<0.20)",FALSE,2.164184188919858,11,"nov",12,"dez",2,0.15,12,12,"ultimo_mes_seco","dez"
"83997","Santa Vitoria do Palmar","RS",-33.53,-53.35,"INMET diário",86,TRUE,0.2108777103854745,"media (0.20-0.3)",FALSE,1.3292392288561237,9,"set",12,"dez",2,0.15,11,12,"ultimo_mes_seco","dez"
"2648000","Gaspar","SC",-26.9167,-48.95,"Hidroweb diário",32,TRUE,0.2618646367069502,"media (0.20-0.3)",FALSE,0.5242887547365171,8,"ago",8,"ago",5,0.15,7,8,"ultimo_mes_seco","ago"
"2648001","Ilhota","SC",-26.9217,-48.8392,"Hidroweb diário",74,TRUE,0.24660915578253476,"media (0.20-0.3)",FALSE,0.15292208743665364,7,"jul",7,"jul",4,0.15,5,7,"ultimo_mes_seco","jul"
"2648002","Luiz Alves","SC",-26.7242,-48.9317,"Hidroweb diário",76,TRUE,0.4592641134380309,"alta (>=0.3)",TRUE,0.6510318771850859,8,"ago",8,"ago",2,0.15,8,8,"theta_pi","ago"
"2648005","Joinville","SC",-26.3,-48.85,"Hidroweb diário",36,TRUE,0.42345565176828703,"alta (>=0.3)",TRUE,0.6341416559381486,8,"ago",8,"ago",4,0.15,7,8,"theta_pi","ago"
"2648014","Joinville","SC",-26.3217,-48.8464,"Hidroweb diário",76,TRUE,0.37364494339235477,"alta (>=0.3)",TRUE,0.4142817605950382,7,"jul",8,"ago",4,0.15,7,7,"theta_pi","jul"
"2648019","Balneário Piçarras","SC",-26.755,-48.6994,"Hidroweb diário",34,TRUE,0.2902588391650056,"media (0.20-0.3)",FALSE,0.39240317440255684,7,"jul",8,"ago",4,0.15,7,8,"ultimo_mes_seco","ago"
"2648020","Araquari","SC",-26.5617,-48.7192,"Hidroweb diário",48,TRUE,0.3304487616859681,"alta (>=0.3)",TRUE,0.6313365925710636,8,"ago",8,"ago",5,0.15,8,8,"theta_pi","ago"
"2648027","Garuva","SC",-26.0356,-48.85,"Hidroweb diário",48,TRUE,0.5655797196754456,"alta (>=0.3)",TRUE,0.43763609962685995,7,"jul",8,"ago",4,0.15,8,7,"theta_pi","jul"
"2648028","Joinville","SC",-26.4483,-48.8303,"Hidroweb diário",46,TRUE,0.4469879572184342,"alta (>=0.3)",TRUE,0.5431371786692206,8,"ago",8,"ago",4,0.15,7,8,"theta_pi","ago"
"2648033","Joinville","SC",-26.18,-48.9394,"Hidroweb diário",36,TRUE,0.38943412872324695,"alta (>=0.3)",TRUE,0.7377992977045177,8,"ago",6,"jun",3,0.15,8,8,"theta_pi","ago"
"2648034","Joinville","SC",-26.2489,-48.9775,"Hidroweb diário",38,TRUE,0.6022468362681332,"alta (>=0.3)",TRUE,0.19189053550279583,7,"jul",8,"ago",3,0.15,8,7,"theta_pi","jul"
"2649001","Indaial","SC",-26.9436,-49.2894,"Hidroweb diário",62,TRUE,0.20706139516566724,"media (0.20-0.3)",FALSE,0.3806500111922664,7,"jul",5,"mai",4,0.15,5,5,"ultimo_mes_seco","mai"
"2649002","Pomerode","SC",-26.7367,-49.1703,"Hidroweb diário",97,TRUE,0.3174825396216274,"alta (>=0.3)",TRUE,0.38852211938346004,7,"jul",8,"ago",5,0.15,7,7,"theta_pi","jul"
"2649003","Benedito Novo","SC",-26.7811,-49.365,"Hidroweb diário",81,TRUE,0.20231316129043225,"media (0.20-0.3)",FALSE,0.9585483830810291,8,"ago",5,"mai",4,0.15,8,5,"ultimo_mes_seco","mai"
"2649004","Timbó","SC",-26.8297,-49.2719,"Hidroweb diário",96,TRUE,0.18650516844519732,"baixa (<0.20)",FALSE,0.31039447092222255,7,"jul",8,"ago",5,0.15,8,8,"ultimo_mes_seco","ago"
"2649005","Indaial","SC",-26.9136,-49.2675,"Hidroweb diário",67,TRUE,0.1295861815374945,"baixa (<0.20)",FALSE,0.5515994769966227,8,"ago",5,"mai",4,0.15,5,5,"ultimo_mes_seco","mai"
"2649007","Blumenau","SC",-26.9181,-49.0653,"Hidroweb diário",73,TRUE,0.24703529629176177,"media (0.20-0.3)",FALSE,0.6786933396876725,8,"ago",5,"mai",4,0.15,8,5,"ultimo_mes_seco","mai"
"2649008","Rio dos Cedros","SC",-26.7408,-49.2706,"Hidroweb diário",83,TRUE,0.2114440440609957,"media (0.20-0.3)",FALSE,0.463771606822796,7,"jul",8,"ago",5,0.15,8,8,"ultimo_mes_seco","ago"
"2649009","Blumenau","SC",-26.9683,-49.0742,"Hidroweb diário",76,TRUE,0.22470088528495863,"media (0.20-0.3)",FALSE,0.2229845984243231,7,"jul",8,"ago",5,0.15,8,8,"ultimo_mes_seco","ago"
"2649010","Blumenau","SC",-26.7967,-49.0836,"Hidroweb diário",75,TRUE,0.399672642780985,"alta (>=0.3)",TRUE,0.3943809689679695,7,"jul",5,"mai",4,0.15,8,7,"theta_pi","jul"
"2649012","Jaraguá do Sul","SC",-26.4944,-49.0875,"Hidroweb diário",47,TRUE,0.27818660757849806,"media (0.20-0.3)",FALSE,0.3999699175948369,7,"jul",5,"mai",4,0.15,5,5,"ultimo_mes_seco","mai"
"2649013","Corupá","SC",-26.4239,-49.2925,"Hidroweb diário",80,TRUE,0.1845092833869002,"baixa (<0.20)",FALSE,0.10926146866663591,7,"jul",8,"ago",4,0.15,8,8,"ultimo_mes_seco","ago"
"2649016","Mafra","SC",-26.2156,-49.6036,"Hidroweb diário",56,TRUE,0.08612170221046325,"baixa (<0.20)",FALSE,1.1875562906434929,9,"set",5,"mai",4,0.15,4,5,"ultimo_mes_seco","mai"
"2649017","Doutor Pedrinho","SC",-26.7172,-49.4831,"Hidroweb diário",71,TRUE,0.13266094305726797,"baixa (<0.20)",FALSE,0.066783515180644,7,"jul",5,"mai",2,0.15,5,5,"ultimo_mes_seco","mai"
"2649025","Blumenau","SC",-26.8833,-49.1333,"Hidroweb diário",41,TRUE,0.30770136977265006,"alta (>=0.3)",TRUE,0.5054538785202451,7,"jul",6,"jun",4,0.15,8,7,"theta_pi","jul"
"2649026","Timbó","SC",-26.8333,-49.2667,"Hidroweb diário",43,TRUE,0.26292555692737873,"media (0.20-0.3)",FALSE,0.7103831813419914,8,"ago",8,"ago",5,0.15,7,8,"ultimo_mes_seco","ago"
"2649027","Pomerode","SC",-26.8333,-49.1667,"Hidroweb diário",43,TRUE,0.3870503075794393,"alta (>=0.3)",TRUE,0.8139110239258985,8,"ago",8,"ago",5,0.15,7,8,"theta_pi","ago"
"2649030","Rio dos Cedros","SC",-26.65,-49.3167,"Hidroweb diário",44,TRUE,0.28620220991271156,"media (0.20-0.3)",FALSE,0.4138816339039786,7,"jul",8,"ago",3,0.15,8,8,"ultimo_mes_seco","ago"
"2649031","Rio dos Cedros","SC",-26.6,-49.4667,"Hidroweb diário",37,TRUE,0.3012259109872222,"alta (>=0.3)",TRUE,0.5613381509962306,8,"ago",8,"ago",5,0.15,8,8,"theta_pi","ago"
"2649032","Rio dos Cedros","SC",-26.5833,-49.4,"Hidroweb diário",42,TRUE,0.20862945614092857,"media (0.20-0.3)",FALSE,0.5167976141580781,8,"ago",8,"ago",5,0.15,8,8,"ultimo_mes_seco","ago"
"2649033","São Bento do Sul","SC",-26.3333,-49.3,"Hidroweb diário",44,TRUE,0.10030710115175344,"baixa (<0.20)",FALSE,6.114330916624771,6,"jun",7,"jul",4,0.15,6,7,"ultimo_mes_seco","jul"
"2649037","Jaraguá do Sul","SC",-26.4642,-49.0867,"Hidroweb diário",48,TRUE,0.22903803364464834,"media (0.20-0.3)",FALSE,0.544161938972876,8,"ago",8,"ago",3,0.15,8,8,"ultimo_mes_seco","ago"
"2649053","Witmarsum","SC",-26.9261,-49.8025,"Hidroweb diário",43,TRUE,0.05925143354703716,"baixa (<0.20)",FALSE,5.342452800974906,5,"mai",4,"abr",1,0.15,4,4,"ultimo_mes_seco","abr"
"2649054","Itaiópolis","SC",-26.5306,-49.8436,"Hidroweb diário",45,TRUE,0.07723223244867736,"baixa (<0.20)",FALSE,4.349618118926761,3,"mar",6,"jun",4,0.15,4,6,"ultimo_mes_seco","jun"
"2649055","Rio Negrinho","SC",-26.4194,-49.5731,"Hidroweb diário",48,TRUE,0.0859278427309223,"baixa (<0.20)",FALSE,5.353102913547156,5,"mai",5,"mai",3,0.15,4,5,"ultimo_mes_seco","mai"
"2649056","Itaiópolis","SC",-26.3328,-49.9272,"Hidroweb diário",46,TRUE,0.05524994479391233,"baixa (<0.20)",FALSE,5.388252749464761,5,"mai",4,"abr",1,0.15,4,4,"ultimo_mes_seco","abr"
"2649057","Campo Alegre","SC",-26.1864,-49.2733,"Hidroweb diário",48,TRUE,0.10493237012186402,"baixa (<0.20)",FALSE,5.956555933448336,6,"jun",5,"mai",4,0.15,5,5,"ultimo_mes_seco","mai"
"2649058","Itaiópolis","SC",-26.6975,-49.8281,"Hidroweb diário",46,TRUE,0.043322101711780844,"baixa (<0.20)",FALSE,2.240150439650468,11,"nov",8,"ago",1,0.15,8,8,"ultimo_mes_seco","ago"
"2649060","Joinville","SC",-26.2158,-49.0806,"Hidroweb diário",44,TRUE,0.19909496594455664,"baixa (<0.20)",FALSE,0.24526118251666482,7,"jul",8,"ago",4,0.15,8,8,"ultimo_mes_seco","ago"
"2649061","José Boiteux","SC",-26.895,-49.6722,"Hidroweb diário",43,TRUE,0.13816882979030823,"baixa (<0.20)",FALSE,5.442636196760901,5,"mai",5,"mai",2,0.15,5,5,"ultimo_mes_seco","mai"
"2649064","Corupá","SC",-26.4097,-49.3311,"Hidroweb diário",42,TRUE,0.20113015057537267,"media (0.20-0.3)",FALSE,6.238781506796701,6,"jun",4,"abr",2,0.15,8,4,"ultimo_mes_seco","abr"
"2650000","Major Vieira","SC",-26.3706,-50.2908,"Hidroweb diário",62,TRUE,0.09018552502442445,"baixa (<0.20)",FALSE,3.0983412515609547,12,"dez",4,"abr",2,0.15,4,4,"ultimo_mes_seco","abr"
"2650003","Canoinhas","SC",-26.1,-50.3833,"Hidroweb diário",57,TRUE,0.42763678449596315,"alta (>=0.3)",TRUE,0.4703708883229317,7,"jul",5,"mai",1,0.15,5,7,"theta_pi","jul"
"2650008","Irineópolis","SC",-26.3839,-50.8783,"Hidroweb diário",44,TRUE,0.16682618776668526,"baixa (<0.20)",FALSE,2.796836897348488,12,"dez",4,"abr",2,0.15,4,4,"ultimo_mes_seco","abr"
"2650015","Monte Castelo","SC",-26.7103,-50.2908,"Hidroweb diário",44,TRUE,0.10117269918981792,"baixa (<0.20)",FALSE,3.1211499150769315,12,"dez",6,"jun",4,0.15,8,6,"ultimo_mes_seco","jun"
"2650016","Timbó Grande","SC",-26.5558,-50.6011,"Hidroweb diário",47,TRUE,0.1317408488079807,"baixa (<0.20)",FALSE,3.8728169190940847,2,"fev",5,"mai",4,0.15,4,5,"ultimo_mes_seco","mai"
"2650018","Canoinhas","SC",-26.3514,-50.6456,"Hidroweb diário",48,TRUE,0.09772374310056535,"baixa (<0.20)",FALSE,3.7949058770836492,2,"fev",4,"abr",2,0.15,4,4,"ultimo_mes_seco","abr"
"2650019","Lebon Regis","SC",-26.9017,-50.6592,"Hidroweb diário",47,TRUE,0.20894480620709602,"media (0.20-0.3)",FALSE,3.8480653560773685,2,"fev",5,"mai",3,0.15,8,5,"ultimo_mes_seco","mai"
"2650022","Itaiópolis","SC",-26.4586,-50.0031,"Hidroweb diário",41,TRUE,0.06851552087559676,"baixa (<0.20)",FALSE,1.2516194848710063,9,"set",4,"abr",2,0.15,8,4,"ultimo_mes_seco","abr"
"2650023","Papanduva","SC",-26.6931,-50.1478,"Hidroweb diário",40,TRUE,0.055062683933740635,"baixa (<0.20)",FALSE,3.4655335299598273,1,"jan",5,"mai",4,0.15,4,5,"ultimo_mes_seco","mai"
"2651001","Vargem Bonita","SC",-26.8733,-51.7964,"Hidroweb diário",80,TRUE,0.13947054553305213,"baixa (<0.20)",FALSE,4.162774726788282,2,"fev",8,"ago",3,0.15,4,8,"ultimo_mes_seco","ago"
"2651002","Caçador","SC",-26.7667,-51,"Hidroweb diário",33,TRUE,0.08420765273057673,"baixa (<0.20)",FALSE,4.867869311825391,4,"abr",5,"mai",3,0.15,4,5,"ultimo_mes_seco","mai"
"2651011","Matos Costa","SC",-26.4833,-51.1667,"Hidroweb diário",56,TRUE,0.03325231988565252,"baixa (<0.20)",FALSE,4.2026979525374095,3,"mar",5,"mai",3,0.15,7,5,"ultimo_mes_seco","mai"
"2651022","Passos Maia","SC",-26.6086,-51.8817,"Hidroweb diário",44,TRUE,0.2402739505049337,"media (0.20-0.3)",FALSE,4.100205628536716,2,"fev",7,"jul",1,0.15,7,7,"ultimo_mes_seco","jul"
"2651036","Macieira","SC",-26.7758,-51.2628,"Hidroweb diário",47,TRUE,0.08967556407993715,"baixa (<0.20)",FALSE,3.3935274800167856,1,"jan",8,"ago",2,0.15,8,8,"ultimo_mes_seco","ago"
"2651040","Ponte Serrada","SC",-26.9056,-51.9717,"Hidroweb diário",48,TRUE,0.19473198048646673,"baixa (<0.20)",FALSE,2.8685056057325884,12,"dez",8,"ago",1,0.15,8,8,"ultimo_mes_seco","ago"
"2651044","Matos Costa","SC",-26.5989,-51.1167,"Hidroweb diário",44,TRUE,0.1161821559349284,"baixa (<0.20)",FALSE,2.8842204130410396,12,"dez",8,"ago",2,0.15,8,8,"ultimo_mes_seco","ago"
"2651052","Salto Veloso","SC",-26.9067,-51.4097,"Hidroweb diário",34,TRUE,0.042085054659129394,"baixa (<0.20)",FALSE,4.233434438305026,3,"mar",8,"ago",4,0.15,7,8,"ultimo_mes_seco","ago"
"2652000","Abelardo Luz","SC",-26.5561,-52.3308,"Hidroweb diário",67,TRUE,0.1284082170751007,"baixa (<0.20)",FALSE,3.973357343255991,2,"fev",8,"ago",2,0.15,7,8,"ultimo_mes_seco","ago"
"2652001","Ipumirim","SC",-26.9508,-52.1817,"Hidroweb diário",54,TRUE,0.04657804051436623,"baixa (<0.20)",FALSE,3.031953861693436,12,"dez",8,"ago",3,0.15,7,8,"ultimo_mes_seco","ago"
"2652002","São Domingos","SC",-26.5836,-52.6403,"Hidroweb diário",51,TRUE,0.12070384719171398,"baixa (<0.20)",FALSE,2.4993491322220276,11,"nov",8,"ago",2,0.15,8,8,"ultimo_mes_seco","ago"
"2652021","Sul Brasil","SC",-26.7369,-52.9017,"Hidroweb diário",48,TRUE,0.09931926626631714,"baixa (<0.20)",FALSE,1.2109356967221616,9,"set",4,"abr",4,0.15,8,4,"ultimo_mes_seco","abr"
"2652031","São Lourenço do Oeste","SC",-26.4003,-52.8956,"Hidroweb diário",48,TRUE,0.06600426149566727,"baixa (<0.20)",FALSE,2.6412302210826484,12,"dez",8,"ago",2,0.15,8,8,"ultimo_mes_seco","ago"
"2652034","Coronel Freitas","SC",-26.8192,-52.7353,"Hidroweb diário",41,TRUE,0.132884311294722,"baixa (<0.20)",FALSE,3.1330914909307177,12,"dez",8,"ago",3,0.15,8,8,"ultimo_mes_seco","ago"
"2653001","Campo Erê","SC",-26.4578,-53.0794,"Hidroweb diário",51,TRUE,0.08051686219925935,"baixa (<0.20)",FALSE,1.5295076707683704,9,"set",7,"jul",1,0.15,7,7,"ultimo_mes_seco","jul"
"2653002","Dionísio Cerqueira","SC",-26.2692,-53.6275,"Hidroweb diário",50,TRUE,0.0975514948777119,"baixa (<0.20)",FALSE,0.5991515043191497,8,"ago",8,"ago",1,0.15,8,8,"ultimo_mes_seco","ago"
"2653003","Modelo","SC",-26.7753,-53.0464,"Hidroweb diário",52,TRUE,0.06275905060538602,"baixa (<0.20)",FALSE,4.47317677838518,3,"mar",3,"mar",2,0.15,7,3,"ultimo_mes_seco","mar"
"2653004","Romelândia","SC",-26.6828,-53.2867,"Hidroweb diário",56,TRUE,0.048144663923065836,"baixa (<0.20)",FALSE,1.1538153163160252,9,"set",7,"jul",1,0.15,7,7,"ultimo_mes_seco","jul"
"2653005","São José do Cedro","SC",-26.465,-53.4536,"Hidroweb diário",50,TRUE,0.014344500800602924,"baixa (<0.20)",FALSE,1.3732981445270396,9,"set",8,"ago",1,0.15,8,8,"ultimo_mes_seco","ago"
"2653007","Saudades","SC",-26.9283,-53.0075,"Hidroweb diário",70,TRUE,0.08012917347254535,"baixa (<0.20)",FALSE,1.6698738143916094,10,"out",8,"ago",2,0.15,7,8,"ultimo_mes_seco","ago"
"2653013","Palma Sola","SC",-26.3456,-53.2717,"Hidroweb diário",46,TRUE,0.11466053432843426,"baixa (<0.20)",FALSE,2.370085233041279,11,"nov",3,"mar",2,0.15,8,3,"ultimo_mes_seco","mar"
"2748000","Brusque","SC",-27.1008,-48.9181,"Hidroweb diário",73,TRUE,0.24547342076704864,"media (0.20-0.3)",FALSE,0.4383781116556195,7,"jul",8,"ago",4,0.15,8,8,"ultimo_mes_seco","ago"
"2748001","Major Gercino","SC",-27.4158,-48.9511,"Hidroweb diário",80,TRUE,0.23602690523501782,"media (0.20-0.3)",FALSE,0.3860743064434227,7,"jul",8,"ago",5,0.15,5,8,"ultimo_mes_seco","ago"
"2748002","Nova Trento","SC",-27.2864,-48.9331,"Hidroweb diário",68,TRUE,0.250052532268965,"media (0.20-0.3)",FALSE,0.4000454429175733,7,"jul",8,"ago",5,0.15,8,8,"ultimo_mes_seco","ago"
"2748003","Angelina","SC",-27.4858,-48.9869,"Hidroweb diário",81,TRUE,0.29846432653098687,"media (0.20-0.3)",FALSE,0.18201605883313002,7,"jul",8,"ago",5,0.15,8,8,"ultimo_mes_seco","ago"
"2748004","Palhoça","SC",-27.6925,-48.7108,"Hidroweb diário",41,TRUE,0.3981864763182168,"alta (>=0.3)",TRUE,0.401916494394509,7,"jul",8,"ago",3,0.15,7,7,"theta_pi","jul"
"2748005","Santo Amaro da Imperatriz","SC",-27.7047,-48.8036,"Hidroweb diário",64,TRUE,0.3079485348452333,"alta (>=0.3)",TRUE,0.22828502047991991,7,"jul",8,"ago",4,0.15,6,7,"theta_pi","jul"
"2748016","Antônio Carlos","SC",-27.5169,-48.7694,"Hidroweb diário",49,TRUE,0.3387474410910242,"alta (>=0.3)",TRUE,0.24640564448363794,7,"jul",8,"ago",4,0.15,8,7,"theta_pi","jul"
"2748017","Paulo Lopes","SC",-27.9622,-48.6692,"Hidroweb diário",48,TRUE,0.24240660921396187,"media (0.20-0.3)",FALSE,0.5130176210762281,7,"jul",8,"ago",4,0.15,6,8,"ultimo_mes_seco","ago"
"2748018","São Bonifácio","SC",-27.9008,-48.9278,"Hidroweb diário",49,TRUE,0.4141287245772821,"alta (>=0.3)",TRUE,0.22333655950426268,7,"jul",8,"ago",5,0.15,6,7,"theta_pi","jul"
"2748019","Governador Celso Ramos","SC",-27.3194,-48.5636,"Hidroweb diário",42,TRUE,0.19407867142288848,"baixa (<0.20)",FALSE,0.492683121548458,7,"jul",6,"jun",3,0.15,6,6,"ultimo_mes_seco","jun"
"2749000","Apiúna","SC",-27.0381,-49.395,"Hidroweb diário",84,TRUE,0.15700652099505233,"baixa (<0.20)",FALSE,0.14774231618740394,7,"jul",5,"mai",3,0.15,4,5,"ultimo_mes_seco","mai"
"2749001","Ibirama","SC",-27.0539,-49.5167,"Hidroweb diário",87,TRUE,0.1636847923507653,"baixa (<0.20)",FALSE,5.8343330966621565,6,"jun",5,"mai",2,0.15,4,5,"ultimo_mes_seco","mai"
"2749002","Ituporanga","SC",-27.3986,-49.6058,"Hidroweb diário",83,TRUE,0.12108829206942985,"baixa (<0.20)",FALSE,5.340182364846812,5,"mai",4,"abr",1,0.15,4,4,"ultimo_mes_seco","abr"
"2749003","Taió","SC",-27.1131,-49.9944,"Hidroweb diário",94,TRUE,0.13979363872305772,"baixa (<0.20)",FALSE,0.22424074146377718,7,"jul",5,"mai",3,0.15,5,5,"ultimo_mes_seco","mai"
"2749005","Ibirama","SC",-27.0342,-49.5897,"Hidroweb diário",84,TRUE,0.10879948736838642,"baixa (<0.20)",FALSE,0.22423983090030133,7,"jul",4,"abr",1,0.15,4,4,"ultimo_mes_seco","abr"
"2749006","Pouso Redondo","SC",-27.2572,-49.9408,"Hidroweb diário",84,TRUE,0.1150681393917002,"baixa (<0.20)",FALSE,0.3847840404654511,7,"jul",7,"jul",4,0.15,4,7,"ultimo_mes_seco","jul"
"2749007","Alfredo Wagner","SC",-27.7306,-49.3828,"Hidroweb diário",83,TRUE,0.28008183025446676,"media (0.20-0.3)",FALSE,5.292060327029868,5,"mai",7,"jul",4,0.15,4,7,"ultimo_mes_seco","jul"
"2749008","Rio do Sul","SC",-27.2167,-49.6167,"Hidroweb diário",40,TRUE,0.0999718231059388,"baixa (<0.20)",FALSE,0.03902544701099967,7,"jul",5,"mai",2,0.15,4,5,"ultimo_mes_seco","mai"
"2749009","Bocaina do Sul","SC",-27.7039,-49.8472,"Hidroweb diário",59,TRUE,0.15004870021105787,"baixa (<0.20)",FALSE,4.998003845338383,4,"abr",5,"mai",2,0.15,5,5,"ultimo_mes_seco","mai"
"2749010","Anitápolis","SC",-27.9333,-49.1167,"Hidroweb diário",31,TRUE,0.1828645215363307,"baixa (<0.20)",FALSE,0.5159953162554924,7,"jul",8,"ago",4,0.15,5,8,"ultimo_mes_seco","ago"
"2749012","Anitápolis","SC",-27.9956,-49.1156,"Hidroweb diário",79,TRUE,0.25606395104333934,"media (0.20-0.3)",FALSE,0.4544085257273441,7,"jul",8,"ago",4,0.15,6,8,"ultimo_mes_seco","ago"
"2749013","Trombudo Central","SC",-27.2903,-49.7689,"Hidroweb diário",80,TRUE,0.16186428319136445,"baixa (<0.20)",FALSE,5.640958504508637,5,"mai",4,"abr",1,0.15,4,4,"ultimo_mes_seco","abr"
"2749014","Alfredo Wagner","SC",-27.7,-49.2833,"Hidroweb diário",35,TRUE,0.10481649245606087,"baixa (<0.20)",FALSE,4.633749998773027,3,"mar",5,"mai",2,0.15,5,5,"ultimo_mes_seco","mai"
"2749015","Major Gercino","SC",-27.3978,-48.9803,"Hidroweb diário",65,TRUE,0.338379678110795,"alta (>=0.3)",TRUE,0.031217782712760215,7,"jul",8,"ago",4,0.15,5,7,"theta_pi","jul"
"2749016","Apiúna","SC",-27.0403,-49.3814,"Hidroweb diário",68,TRUE,0.1670893829946476,"baixa (<0.20)",FALSE,6.204978848037204,6,"jun",5,"mai",3,0.15,4,5,"ultimo_mes_seco","mai"
"2749017","Ituporanga","SC",-27.5019,-49.5531,"Hidroweb diário",54,TRUE,0.04561069867896053,"baixa (<0.20)",FALSE,6.16226863964886,6,"jun",4,"abr",1,0.15,4,4,"ultimo_mes_seco","abr"
"2749019","Angelina","SC",-27.5,-49,"Hidroweb diário",35,TRUE,0.25833038270017744,"media (0.20-0.3)",FALSE,0.5554301674661472,8,"ago",8,"ago",4,0.15,6,8,"ultimo_mes_seco","ago"
"2749020","Rancho Queimado","SC",-27.6719,-49.0117,"Hidroweb diário",49,TRUE,0.2230633388160698,"media (0.20-0.3)",FALSE,0.3100207470208654,7,"jul",8,"ago",5,0.15,8,8,"ultimo_mes_seco","ago"
"2749022","Ibirama","SC",-27.0533,-49.5164,"Hidroweb diário",43,TRUE,0.27328371982096467,"media (0.20-0.3)",FALSE,6.261609578778664,6,"jun",7,"jul",4,0.15,4,7,"ultimo_mes_seco","jul"
"2749023","Presidente Getúlio","SC",-27.05,-49.6167,"Hidroweb diário",42,TRUE,0.21025163333459793,"media (0.20-0.3)",FALSE,0.03191417378055643,7,"jul",5,"mai",2,0.15,5,5,"ultimo_mes_seco","mai"
"2749024","Rio do Sul","SC",-27.2,-49.6167,"Hidroweb diário",43,TRUE,0.245683231737307,"media (0.20-0.3)",FALSE,5.994840019835508,6,"jun",6,"jun",3,0.15,4,6,"ultimo_mes_seco","jun"
"2749025","Apiúna","SC",-27.0333,-49.3833,"Hidroweb diário",37,TRUE,0.12457640267203768,"baixa (<0.20)",FALSE,0.57190133975699,8,"ago",7,"jul",4,0.15,4,7,"ultimo_mes_seco","jul"
"2749027","Anitápolis","SC",-27.9097,-49.1297,"Hidroweb diário",52,TRUE,0.24826503808831404,"media (0.20-0.3)",FALSE,6.1563158483744855,6,"jun",8,"ago",5,0.15,6,8,"ultimo_mes_seco","ago"
"2749031","Bocaina do Sul","SC",-27.8042,-49.78,"Hidroweb diário",64,TRUE,0.23600599528473518,"media (0.20-0.3)",FALSE,4.895784667314237,4,"abr",5,"mai",1,0.15,5,5,"ultimo_mes_seco","mai"
"2749033","Vidal Ramos","SC",-27.3925,-49.3656,"Hidroweb diário",48,TRUE,0.11847997492055717,"baixa (<0.20)",FALSE,5.233392884367057,5,"mai",6,"jun",3,0.15,4,6,"ultimo_mes_seco","jun"
"2749034","Leoberto Leal","SC",-27.5075,-49.2875,"Hidroweb diário",48,TRUE,0.11290819261757659,"baixa (<0.20)",FALSE,5.412331993727643,5,"mai",6,"jun",3,0.15,4,6,"ultimo_mes_seco","jun"
"2749035","Bocaina do Sul","SC",-27.7536,-49.9639,"Hidroweb diário",47,TRUE,0.09726959253762749,"baixa (<0.20)",FALSE,4.82942337842054,4,"abr",4,"abr",2,0.15,4,4,"ultimo_mes_seco","abr"
"2749037","Alfredo Wagner","SC",-27.6833,-49.3653,"Hidroweb diário",47,TRUE,0.07185789589348435,"baixa (<0.20)",FALSE,4.51417604118946,3,"mar",5,"mai",2,0.15,4,5,"ultimo_mes_seco","mai"
"2749039","Rio do Sul","SC",-27.2056,-49.6317,"Hidroweb diário",47,TRUE,0.1649434251782979,"baixa (<0.20)",FALSE,0.22679777733922665,7,"jul",4,"abr",3,0.15,4,4,"ultimo_mes_seco","abr"
"2749041","Agrolândia","SC",-27.4114,-49.8314,"Hidroweb diário",42,TRUE,0.13106792704514622,"baixa (<0.20)",FALSE,5.624610825422615,5,"mai",4,"abr",3,0.15,8,4,"ultimo_mes_seco","abr"
"2749045","Botuverá","SC",-27.1967,-49.0872,"Hidroweb diário",40,TRUE,0.25353826982434124,"media (0.20-0.3)",FALSE,0.44264278263468954,7,"jul",8,"ago",3,0.15,8,8,"ultimo_mes_seco","ago"
"2749046","Vidal Ramos","SC",-27.3319,-49.3283,"Hidroweb diário",37,TRUE,0.11873947413167728,"baixa (<0.20)",FALSE,0.007779583865624688,7,"jul",4,"abr",3,0.15,4,4,"ultimo_mes_seco","abr"
"2750001","Campo Belo do Sul","SC",-27.8989,-50.7536,"Hidroweb diário",39,TRUE,0.1229544803447303,"baixa (<0.20)",FALSE,3.682445927905653,1,"jan",4,"abr",2,0.15,4,4,"ultimo_mes_seco","abr"
"2750002","Curitibanos","SC",-27.2833,-50.6333,"Hidroweb diário",45,TRUE,0.11459750963127444,"baixa (<0.20)",FALSE,3.435217895520446,1,"jan",4,"abr",2,0.15,7,4,"ultimo_mes_seco","abr"
"2750007","Painel","SC",-27.9131,-50.0317,"Hidroweb diário",65,TRUE,0.13947260246009419,"baixa (<0.20)",FALSE,4.070398066066324,2,"fev",5,"mai",1,0.15,5,5,"ultimo_mes_seco","mai"
"2750008","São José do Cerrito","SC",-27.5417,-50.8569,"Hidroweb diário",63,TRUE,0.1902769312659109,"baixa (<0.20)",FALSE,3.7528540613432213,2,"fev",8,"ago",3,0.15,4,8,"ultimo_mes_seco","ago"
"2750009","Curitibanos","SC",-27.3339,-50.7533,"Hidroweb diário",67,TRUE,0.09588073165775554,"baixa (<0.20)",FALSE,4.748830691077162,4,"abr",5,"mai",3,0.15,5,5,"ultimo_mes_seco","mai"
"2750010","Ponte Alta do Norte","SC",-27.1611,-50.4689,"Hidroweb diário",66,TRUE,0.08503521084464659,"baixa (<0.20)",FALSE,3.7526396575944125,2,"fev",7,"jul",4,0.15,7,7,"ultimo_mes_seco","jul"
"2750011","Ponte Alta","SC",-27.4819,-50.385,"Hidroweb diário",61,TRUE,0.24090446705754973,"media (0.20-0.3)",FALSE,4.60183958507292,3,"mar",4,"abr",2,0.15,4,4,"ultimo_mes_seco","abr"
"2750012","São Cristovão do Sul","SC",-27.3453,-50.4358,"Hidroweb diário",63,TRUE,0.10915359825395125,"baixa (<0.20)",FALSE,3.3314123933029225,1,"jan",5,"mai",2,0.15,5,5,"ultimo_mes_seco","mai"
"2750014","Taió","SC",-27.0972,-50.0339,"Hidroweb diário",53,TRUE,0.1384335577461046,"baixa (<0.20)",FALSE,0.2719592871710153,7,"jul",8,"ago",4,0.15,4,8,"ultimo_mes_seco","ago"
"2750020","São José do Cerrito","SC",-27.6617,-50.5783,"Hidroweb diário",48,TRUE,0.09331853959302186,"baixa (<0.20)",FALSE,4.2599111331521495,3,"mar",4,"abr",2,0.15,8,4,"ultimo_mes_seco","abr"
"2750021","Mirim Doce","SC",-27.1411,-50.2644,"Hidroweb diário",41,TRUE,0.03521386731784269,"baixa (<0.20)",FALSE,5.863376497486784,6,"jun",8,"ago",5,0.15,5,8,"ultimo_mes_seco","ago"
"2751001","Anita Garibaldi","SC",-27.6922,-51.1294,"Hidroweb diário",55,TRUE,0.10519428450837658,"baixa (<0.20)",FALSE,3.651702944550935,1,"jan",8,"ago",3,0.15,8,8,"ultimo_mes_seco","ago"
"2751002","Campos Novos","SC",-27.6064,-51.3256,"Hidroweb diário",50,TRUE,0.14062875087958415,"baixa (<0.20)",FALSE,3.449513471321477,1,"jan",4,"abr",3,0.15,4,4,"ultimo_mes_seco","abr"
"2751003","Capinzal","SC",-27.35,-51.6167,"Hidroweb diário",39,TRUE,0.061227021193195466,"baixa (<0.20)",FALSE,3.847398988602767,2,"fev",7,"jul",1,0.15,7,7,"ultimo_mes_seco","jul"
"2751004","Joaçaba","SC",-27.1717,-51.5003,"Hidroweb diário",73,TRUE,0.11571328806654715,"baixa (<0.20)",FALSE,3.3712205769052277,1,"jan",8,"ago",3,0.15,7,8,"ultimo_mes_seco","ago"
"2751009","Videira","SC",-27,-51.15,"Hidroweb diário",39,TRUE,0.0755386157795988,"baixa (<0.20)",FALSE,4.931452634215095,4,"abr",6,"jun",3,0.15,4,6,"ultimo_mes_seco","jun"
"2751010","Piratuba","SC",-27.45,-51.8667,"Hidroweb diário",38,TRUE,0.023706634665586254,"baixa (<0.20)",FALSE,5.249139856276557,5,"mai",7,"jul",2,0.15,7,7,"ultimo_mes_seco","jul"
"2751011","Irani","SC",-27.0511,-51.9122,"Hidroweb diário",45,TRUE,0.13510563714287258,"baixa (<0.20)",FALSE,3.077383735385289,12,"dez",8,"ago",2,0.15,8,8,"ultimo_mes_seco","ago"
"2751012","Capinzal","SC",-27.3422,-51.6083,"Hidroweb diário",48,TRUE,0.11691094255204754,"baixa (<0.20)",FALSE,3.598471927332812,1,"jan",8,"ago",1,0.15,8,8,"ultimo_mes_seco","ago"
"2752005","Concórdia","SC",-27.3144,-51.9933,"Hidroweb diário",60,TRUE,0.09115272190621096,"baixa (<0.20)",FALSE,2.806471849977008,12,"dez",8,"ago",3,0.15,7,8,"ultimo_mes_seco","ago"
"2752016","Chapecó","SC",-27.0903,-52.6353,"Hidroweb diário",31,TRUE,0.04718600877719984,"baixa (<0.20)",FALSE,2.2355659822985197,11,"nov",3,"mar",3,0.15,8,3,"ultimo_mes_seco","mar"
"2753006","Palmitos","SC",-27.0644,-53.1569,"Hidroweb diário",66,TRUE,0.03637576216669,"baixa (<0.20)",FALSE,2.587660711324083,11,"nov",8,"ago",2,0.15,7,8,"ultimo_mes_seco","ago"
"2753013","Iporã do Oeste","SC",-27.0014,-53.5256,"Hidroweb diário",48,TRUE,0.06113637785584758,"baixa (<0.20)",FALSE,1.5478799691261735,9,"set",8,"ago",2,0.15,8,8,"ultimo_mes_seco","ago"
"2848000","Armazém","SC",-28.2617,-49.0122,"Hidroweb diário",74,TRUE,0.21013291552273303,"media (0.20-0.3)",FALSE,0.35854799872395343,7,"jul",6,"jun",4,0.15,6,6,"ultimo_mes_seco","jun"
"2848006","São Martinho","SC",-28.1036,-48.9194,"Hidroweb diário",47,TRUE,0.2641241867723633,"media (0.20-0.3)",FALSE,0.5951418390883816,8,"ago",6,"jun",2,0.15,8,6,"ultimo_mes_seco","jun"
"2848007","Imbituba","SC",-28.2767,-48.7003,"Hidroweb diário",45,TRUE,0.08557866561045605,"baixa (<0.20)",FALSE,1.726697662843768,10,"out",6,"jun",3,0.15,6,6,"ultimo_mes_seco","jun"
"2848009","São Martinho","SC",-28.1656,-48.9711,"Hidroweb diário",39,TRUE,0.22663119130630424,"media (0.20-0.3)",FALSE,0.7477995349379484,8,"ago",8,"ago",6,0.15,8,8,"ultimo_mes_seco","ago"
"2849000","Tubarão","SC",-28.4197,-49.1069,"Hidroweb diário",82,TRUE,0.2331486780540756,"media (0.20-0.3)",FALSE,0.5541352038170659,8,"ago",8,"ago",5,0.15,5,8,"ultimo_mes_seco","ago"
"2849001","Orleans","SC",-28.3589,-49.295,"Hidroweb diário",82,TRUE,0.35958073677340535,"alta (>=0.3)",TRUE,0.5114576710125684,7,"jul",8,"ago",5,0.15,8,7,"theta_pi","jul"
"2849002","São Ludgero","SC",-28.3258,-49.1792,"Hidroweb diário",83,TRUE,0.3713741853860379,"alta (>=0.3)",TRUE,0.4793127480866145,7,"jul",8,"ago",5,0.15,6,7,"theta_pi","jul"
"2849003","São Joaquim","SC",-28.2833,-49.9333,"Hidroweb diário",32,TRUE,0.15284139025710636,"baixa (<0.20)",FALSE,4.444273882001616,3,"mar",5,"mai",2,0.15,5,5,"ultimo_mes_seco","mai"
"2849004","Araranguá","SC",-28.9583,-49.6014,"Hidroweb diário",65,TRUE,0.16035069808308003,"baixa (<0.20)",FALSE,0.7220764304531329,8,"ago",6,"jun",2,0.15,5,6,"ultimo_mes_seco","jun"
"2849005","Meleiro","SC",-28.8322,-49.6367,"Hidroweb diário",81,TRUE,0.1442410553354604,"baixa (<0.20)",FALSE,0.4516256549025986,7,"jul",8,"ago",4,0.15,5,8,"ultimo_mes_seco","ago"
"2849006","Forquilhinha","SC",-28.7506,-49.4731,"Hidroweb diário",63,TRUE,0.21897456373659657,"media (0.20-0.3)",FALSE,0.48193558042266454,7,"jul",8,"ago",4,0.15,5,8,"ultimo_mes_seco","ago"
"2849008","Grão Pará","SC",-28.2094,-49.195,"Hidroweb diário",80,TRUE,0.33589616242032877,"alta (>=0.3)",TRUE,0.601688124312731,8,"ago",8,"ago",5,0.15,8,8,"theta_pi","ago"
"2849009","Bom Jardim da Serra","SC",-28.3397,-49.6214,"Hidroweb diário",53,TRUE,0.10089011447430248,"baixa (<0.20)",FALSE,3.9039913529593915,2,"fev",5,"mai",3,0.15,4,5,"ultimo_mes_seco","mai"
"2849019","Timbé do Sul","SC",-28.835,-49.8378,"Hidroweb diário",48,TRUE,0.1063116160505636,"baixa (<0.20)",FALSE,0.6188261587775714,8,"ago",8,"ago",4,0.15,8,8,"ultimo_mes_seco","ago"
"2849020","Jaguaruna","SC",-28.6067,-49.0331,"Hidroweb diário",49,TRUE,0.031736053067866914,"baixa (<0.20)",FALSE,0.37010193782125583,7,"jul",5,"mai",2,0.15,8,5,"ultimo_mes_seco","mai"
"2849021","Urubici","SC",-28.0072,-49.5922,"Hidroweb diário",48,TRUE,0.1592230297246551,"baixa (<0.20)",FALSE,4.407544541332236,3,"mar",5,"mai",3,0.15,5,5,"ultimo_mes_seco","mai"
"2849022","Içara","SC",-28.7356,-49.3139,"Hidroweb diário",45,TRUE,0.09938707141243659,"baixa (<0.20)",FALSE,0.7819046093968622,8,"ago",5,"mai",3,0.15,5,5,"ultimo_mes_seco","mai"
"2849023","Bom Jardim da Serra","SC",-28.3692,-49.8078,"Hidroweb diário",48,TRUE,0.2587578745463713,"media (0.20-0.3)",FALSE,4.0501036953482865,2,"fev",5,"mai",3,0.15,5,5,"ultimo_mes_seco","mai"
"2849024","Meleiro","SC",-28.8536,-49.5897,"Hidroweb diário",43,TRUE,0.10976802709977115,"baixa (<0.20)",FALSE,1.1480098481491365,9,"set",6,"jun",3,0.15,6,6,"ultimo_mes_seco","jun"
"2849027","Tubarão","SC",-28.4722,-48.9911,"Hidroweb diário",38,TRUE,0.17722478538453568,"baixa (<0.20)",FALSE,0.5063173386555422,7,"jul",6,"jun",4,0.15,8,6,"ultimo_mes_seco","jun"
"2849028","Pedras Grandes","SC",-28.4344,-49.1825,"Hidroweb diário",37,TRUE,0.2981614246079109,"media (0.20-0.3)",FALSE,0.4798100987373726,7,"jul",4,"abr",3,0.15,8,4,"ultimo_mes_seco","abr"
"2849029","Siderópolis","SC",-28.6122,-49.5511,"Hidroweb diário",34,TRUE,0.3165884448202969,"alta (>=0.3)",TRUE,0.27543871409263115,7,"jul",8,"ago",4,0.15,8,7,"theta_pi","jul"
"2849030","Braço do Norte","SC",-28.2389,-49.1628,"Hidroweb diário",36,TRUE,0.29066233232208377,"media (0.20-0.3)",FALSE,0.5544759208600193,8,"ago",6,"jun",4,0.15,6,6,"ultimo_mes_seco","jun"
"2849031","Santa Rosa de Lima","SC",-28.0322,-49.1186,"Hidroweb diário",37,TRUE,0.33463463782649006,"alta (>=0.3)",TRUE,0.5730540083276047,8,"ago",8,"ago",4,0.15,8,8,"theta_pi","ago"
"2850004","Lages","SC",-28.1522,-50.4408,"Hidroweb diário",62,TRUE,0.24217504998655415,"media (0.20-0.3)",FALSE,4.437711212326578,3,"mar",5,"mai",3,0.15,5,5,"ultimo_mes_seco","mai"
"2949001","Praia Grande","SC",-29.1958,-49.9633,"Hidroweb diário",48,TRUE,0.14189978230843153,"baixa (<0.20)",FALSE,0.06687051228606657,7,"jul",6,"jun",4,0.15,8,6,"ultimo_mes_seco","jun"
"2949003","Sombrio","SC",-29.0458,-49.6067,"Hidroweb diário",48,TRUE,0.0425994848591647,"baixa (<0.20)",FALSE,0.21506624945674765,7,"jul",6,"jun",4,0.15,6,6,"ultimo_mes_seco","jun"
"2950056","Praia Grande","SC",-29.2431,-50.0692,"Hidroweb diário",38,TRUE,0.07059241381753108,"baixa (<0.20)",FALSE,0.34140664244325913,7,"jul",8,"ago",3,0.15,5,8,"ultimo_mes_seco","ago"
"83858","Xanxerê","SC",-26.85,-52.4,"INMET diário",44,TRUE,0.17092875802403065,"baixa (<0.20)",FALSE,2.961098894336802,12,"dez",4,"abr",3,0.15,7,4,"ultimo_mes_seco","abr"
"83865","Irineópolis","SC",-26.25,-50.8,"INMET diário",32,TRUE,0.04966121039823674,"baixa (<0.20)",FALSE,2.5700674702018245,11,"nov",5,"mai",1,0.15,5,5,"ultimo_mes_seco","mai"
"83872","Indaial","SC",-26.91,-49.27,"INMET diário",42,TRUE,0.14152781358893418,"baixa (<0.20)",FALSE,0.21630723528836035,7,"jul",5,"mai",3,0.15,4,5,"ultimo_mes_seco","mai"
"83883","Chapeco","SC",-27.14,-52.66,"INMET diário",43,TRUE,0.050039558244516516,"baixa (<0.20)",FALSE,1.8513895577938246,10,"out",4,"abr",2,0.15,3,4,"ultimo_mes_seco","abr"
"83887","Campos Novos","SC",-27.38,-51.22,"INMET diário",47,TRUE,0.10801892276663691,"baixa (<0.20)",FALSE,3.5636704377568122,1,"jan",4,"abr",2,0.15,8,4,"ultimo_mes_seco","abr"
"83891","Lages","SC",-27.8,-50.34,"INMET diário",68,TRUE,0.17909718422239962,"baixa (<0.20)",FALSE,4.43491684028717,3,"mar",6,"jun",4,0.15,5,6,"ultimo_mes_seco","jun"
"83897","Florianopolis","SC",-27.6,-48.62,"INMET diário",62,TRUE,0.4076393618360398,"alta (>=0.3)",TRUE,0.511477239942581,7,"jul",8,"ago",3,0.15,8,7,"theta_pi","jul"
"83920","Sao Joaquim","SC",-28.28,-49.93,"INMET diário",52,TRUE,0.21252925396935154,"media (0.20-0.3)",FALSE,3.924817458561471,2,"fev",5,"mai",2,0.15,4,5,"ultimo_mes_seco","mai"
"83923","Urussanga","SC",-28.53,-49.32,"INMET diário",59,TRUE,0.2459673301627838,"media (0.20-0.3)",FALSE,0.7313096109205188,8,"ago",8,"ago",4,0.15,6,8,"ultimo_mes_seco","ago"
"83924","Laguna","SC",-28.48,-48.8,"INMET diário",36,TRUE,0.06955032323013184,"baixa (<0.20)",FALSE,1.8771196498247384,10,"out",8,"ago",4,0.15,6,8,"ultimo_mes_seco","ago"
"1036014","Japaratuba","SE",-10.6,-36.95,"Hidroweb diário",65,FALSE,0.5787145041370664,"alta (>=0.3)",TRUE,2.4254920057609426,11,"nov",2,"fev",5,0.15,11,11,"theta_pi","nov"
"1036016","Japaratuba","SE",-10.6,-36.95,"Hidroweb diário",39,FALSE,0.533910189307506,"alta (>=0.3)",TRUE,2.611842405353222,11,"nov",2,"fev",5,0.15,11,11,"theta_pi","nov"
"1036021","Pacatuba","SE",-10.45,-36.65,"Hidroweb diário",64,FALSE,0.5779439466261022,"alta (>=0.3)",TRUE,2.231627141432294,11,"nov",2,"fev",5,0.15,11,11,"theta_pi","nov"
"1036024","Propriá","SE",-10.2167,-36.8333,"Hidroweb diário",63,FALSE,0.37636529092099286,"alta (>=0.3)",TRUE,2.1878559896107133,11,"nov",2,"fev",5,0.15,11,11,"theta_pi","nov"
"1036026","Propriá","SE",-10.2167,-36.8333,"Hidroweb diário",73,FALSE,0.38421096092444246,"alta (>=0.3)",TRUE,2.3207259698320417,11,"nov",2,"fev",5,0.15,12,11,"theta_pi","nov"
"1036048","Propriá","SE",-10.2153,-36.8239,"Hidroweb diário",48,FALSE,0.4946702758597708,"alta (>=0.3)",TRUE,2.4120866454608203,11,"nov",2,"fev",5,0.15,11,11,"theta_pi","nov"
"1036063","Japaratuba","SE",-10.5781,-36.9156,"Hidroweb diário",34,FALSE,0.531623851913539,"alta (>=0.3)",TRUE,2.29061389207414,11,"nov",1,"jan",4,0.15,12,11,"theta_pi","nov"
"1037002","Aracajú","SE",-10.9,-37.05,"Hidroweb diário",61,FALSE,0.5527701613439971,"alta (>=0.3)",TRUE,2.178840469935844,11,"nov",2,"fev",6,0.15,11,11,"theta_pi","nov"
"1037003","Aquidabã","SE",-10.2667,-37.0333,"Hidroweb diário",69,FALSE,0.3676593072817695,"alta (>=0.3)",TRUE,2.2727756159423045,11,"nov",2,"fev",5,0.15,12,11,"theta_pi","nov"
"1037006","Itaporanga D'ajuda","SE",-10.9167,-37.3667,"Hidroweb diário",40,FALSE,0.49432486632593325,"alta (>=0.3)",TRUE,2.2362636132816007,11,"nov",2,"fev",6,0.15,12,11,"theta_pi","nov"
"1037007","Itaporanga D'ajuda","SE",-10.9417,-37.345,"Hidroweb diário",75,FALSE,0.7258203422859324,"alta (>=0.3)",TRUE,2.3543313035909392,11,"nov",2,"fev",5,0.15,12,11,"theta_pi","nov"
"1037008","Campo do Brito","SE",-10.75,-37.5,"Hidroweb diário",39,FALSE,0.39885021078713034,"alta (>=0.3)",TRUE,2.149751955666532,11,"nov",2,"fev",5,0.15,11,11,"theta_pi","nov"
"1037009","Capela","SE",-10.5,-37.0667,"Hidroweb diário",39,FALSE,0.49842354682599677,"alta (>=0.3)",TRUE,2.3330219362647995,11,"nov",2,"fev",5,0.15,12,11,"theta_pi","nov"
"1037014","Frei Paulo","SE",-10.55,-37.5333,"Hidroweb diário",67,FALSE,0.32691955731993694,"alta (>=0.3)",TRUE,1.8239461808670534,10,"out",2,"fev",6,0.15,12,10,"theta_pi","out"
"1037019","Itabaiana","SE",-10.6833,-37.4167,"Hidroweb diário",69,FALSE,0.3487180426047446,"alta (>=0.3)",TRUE,2.5470843025022196,11,"nov",2,"fev",5,0.15,1,11,"theta_pi","nov"
"1037022","Itaporanga D'ajuda","SE",-10.9667,-37.3,"Hidroweb diário",62,FALSE,0.5666419218175849,"alta (>=0.3)",TRUE,2.366499851126934,11,"nov",2,"fev",6,0.15,12,11,"theta_pi","nov"
"1037025","Lagarto","SE",-10.9167,-37.6667,"Hidroweb diário",69,FALSE,0.31311277921009256,"alta (>=0.3)",TRUE,1.328812484476626,9,"set",2,"fev",6,0.15,10,9,"theta_pi","set"
"1037028","Laranjeiras","SE",-10.8,-37.1667,"Hidroweb diário",67,FALSE,0.455250791262808,"alta (>=0.3)",TRUE,2.421630928438795,11,"nov",2,"fev",5,0.15,12,11,"theta_pi","nov"
"1037032","Frei Paulo","SE",-10.55,-37.6333,"Hidroweb diário",68,FALSE,0.23639316770190466,"media (0.20-0.3)",FALSE,0.8221126550436231,8,"ago",2,"fev",5,0.15,12,2,"ultimo_mes_seco","fev"
"1037034","Nossa Senhora da Glória","SE",-10.2167,-37.4167,"Hidroweb diário",80,FALSE,0.37218882450034396,"alta (>=0.3)",TRUE,1.4920374263670186,9,"set",2,"fev",5,0.15,11,9,"theta_pi","set"
"1037036","Nossa Senhora das Dores","SE",-10.5,-37.2167,"Hidroweb diário",78,FALSE,0.5409455035443418,"alta (>=0.3)",TRUE,2.1114274117787852,11,"nov",2,"fev",5,0.15,12,11,"theta_pi","nov"
"1037045","Simão Dias","SE",-10.7333,-37.8,"Hidroweb diário",74,FALSE,0.39432613895629526,"alta (>=0.3)",TRUE,1.04354049448834,8,"ago",2,"fev",6,0.15,1,8,"theta_pi","ago"
"1037049","Santa Rosa de Lima","SE",-10.6528,-37.1928,"Hidroweb diário",69,FALSE,0.5044632183876685,"alta (>=0.3)",TRUE,2.4064959478303347,11,"nov",2,"fev",5,0.15,11,11,"theta_pi","nov"
"1037078","Capela","SE",-10.4833,-37.0667,"Hidroweb diário",41,FALSE,0.6812365466880868,"alta (>=0.3)",TRUE,2.6491387493184275,12,"dez",2,"fev",5,0.15,12,12,"theta_pi","dez"
"1038000","Poço Verde","SE",-10.7086,-38.1775,"Hidroweb diário",41,FALSE,0.4207338731513033,"alta (>=0.3)",TRUE,2.02596096535914,10,"out",2,"fev",6,0.15,10,10,"theta_pi","out"
"1137001","Salgado","SE",-11.0303,-37.4783,"Hidroweb diário",82,FALSE,0.6488470500315124,"alta (>=0.3)",TRUE,2.069893176451578,10,"out",1,"jan",4,0.15,11,10,"theta_pi","out"
"1137011","Riachão do Dantas","SE",-11.05,-37.85,"Hidroweb diário",72,FALSE,0.23268691694235008,"media (0.20-0.3)",FALSE,0.831119051771437,8,"ago",2,"fev",5,0.15,1,2,"ultimo_mes_seco","fev"
"1137015","Estância","SE",-11.2667,-37.45,"Hidroweb diário",69,FALSE,0.4901420046172767,"alta (>=0.3)",TRUE,2.400350648980371,11,"nov",2,"fev",5,0.15,12,11,"theta_pi","nov"
"1137017","Estância","SE",-11.2667,-37.4431,"Hidroweb diário",81,FALSE,0.46388636420559665,"alta (>=0.3)",TRUE,2.374617179570378,11,"nov",1,"jan",4,0.15,12,11,"theta_pi","nov"
"1137020","Itabaianinha","SE",-11.2667,-37.7833,"Hidroweb diário",62,FALSE,0.18496744908856555,"baixa (<0.20)",FALSE,2.007141730988746,10,"out",2,"fev",5,0.15,11,2,"ultimo_mes_seco","fev"
"1137023","Pedrinhas","SE",-11.2,-37.6667,"Hidroweb diário",36,FALSE,0.3383858617760561,"alta (>=0.3)",TRUE,2.19739266897229,11,"nov",2,"fev",5,0.15,11,11,"theta_pi","nov"
"1138000","Tobias Barreto","SE",-11.1833,-38,"Hidroweb diário",65,FALSE,0.3054821836403651,"alta (>=0.3)",TRUE,1.219465858930483,9,"set",11,"nov",5,0.15,11,9,"theta_pi","set"
"83096","Aracaju","SE",-10.95,-37.05,"INMET diário",59,FALSE,0.5094208467383247,"alta (>=0.3)",TRUE,2.198587341261203,11,"nov",1,"jan",4,0.15,12,11,"theta_pi","nov"
"83097","Propria","SE",-10.21388888,-36.84222221,"INMET diário",59,FALSE,0.3898386535572748,"alta (>=0.3)",TRUE,2.0272286107866604,10,"out",2,"fev",5,0.15,10,10,"theta_pi","out"
"83195","Itabaianinha","SE",-11.27,-37.79,"INMET diário",57,FALSE,0.39797494656324245,"alta (>=0.3)",TRUE,1.807887110492974,10,"out",1,"jan",4,0.15,12,10,"theta_pi","out"
"937026","Porto da Folha","SE",-9.9167,-37.2667,"Hidroweb diário",70,FALSE,0.5236473662337691,"alta (>=0.3)",TRUE,0.8672409668539506,8,"ago",12,"dez",4,0.15,11,8,"theta_pi","ago"
"937028","Canindé de São Francisco","SE",-9.65,-37.8,"Hidroweb diário",74,FALSE,0.6402137129508729,"alta (>=0.3)",TRUE,0.6260852673014503,8,"ago",1,"jan",5,0.15,10,8,"theta_pi","ago"
"937029","Poço Redondo","SE",-9.7,-37.6667,"Hidroweb diário",45,FALSE,0.34600383720778977,"alta (>=0.3)",TRUE,1.7099542395844836,10,"out",2,"fev",6,0.15,1,10,"theta_pi","out"
"937030","Porto da Folha","SE",-9.9,-37.25,"Hidroweb diário",40,FALSE,0.4174620623807223,"alta (>=0.3)",TRUE,3.1934268425981878,1,"jan",3,"mar",6,0.15,10,1,"theta_pi","jan"
"1949001","Riolândia","SP",-19.9667,-49.6833,"Hidroweb diário",43,FALSE,0.7181955850116156,"alta (>=0.3)",TRUE,0.25275634500283845,7,"jul",8,"ago",4,0.15,7,7,"theta_pi","jul"
"1950001","Mira Estrela","SP",-19.9,-50.1833,"Hidroweb diário",32,FALSE,0.6303955806795098,"alta (>=0.3)",TRUE,0.36038376331460087,7,"jul",8,"ago",3,0.15,8,7,"theta_pi","jul"
"1950002","Indiaporã","SP",-19.9833,-50.2833,"Hidroweb diário",43,FALSE,0.6105092162519631,"alta (>=0.3)",TRUE,0.26709920737044207,7,"jul",8,"ago",4,0.15,7,7,"theta_pi","jul"
"1950003","Populina","SP",-19.9333,-50.5333,"Hidroweb diário",39,FALSE,0.521583837542044,"alta (>=0.3)",TRUE,0.13875336811668804,7,"jul",8,"ago",4,0.15,7,7,"theta_pi","jul"
"1950005","Guarani D'oeste","SP",-19.8833,-50.4167,"Hidroweb diário",31,FALSE,0.6262288527099468,"alta (>=0.3)",TRUE,0.15468300352074504,7,"jul",8,"ago",4,0.15,8,7,"theta_pi","jul"
"2047001","Igarapava","SP",-20,-47.8333,"Hidroweb diário",58,FALSE,0.588026110420503,"alta (>=0.3)",TRUE,0.11137441448722976,7,"jul",9,"set",5,0.15,7,7,"theta_pi","jul"
"2047002","Igarapava","SP",-20.0333,-47.75,"Hidroweb diário",59,FALSE,0.6604137450565601,"alta (>=0.3)",TRUE,0.13805079777707616,7,"jul",9,"set",5,0.15,7,7,"theta_pi","jul"
"2047004","Igarapava","SP",-20.05,-47.75,"Hidroweb diário",32,FALSE,0.6321962609457196,"alta (>=0.3)",TRUE,0.2616349942259799,7,"jul",9,"set",5,0.15,7,7,"theta_pi","jul"
"2047005","Rifaina","SP",-20.0833,-47.4333,"Hidroweb diário",62,FALSE,0.6328200474837529,"alta (>=0.3)",TRUE,0.20641473561040197,7,"jul",8,"ago",4,0.15,7,7,"theta_pi","jul"
"2047007","Ituverava","SP",-20.1786,-47.8867,"Hidroweb diário",47,FALSE,0.6107362442278463,"alta (>=0.3)",TRUE,0.028681933086734362,7,"jul",9,"set",5,0.15,8,7,"theta_pi","jul"
"2047008","Buritizal","SP",-20.1833,-47.7167,"Hidroweb diário",64,FALSE,0.6117700427859759,"alta (>=0.3)",TRUE,0.04888014427926906,7,"jul",9,"set",5,0.15,7,7,"theta_pi","jul"
"2047009","Ituverava","SP",-20.2167,-47.9,"Hidroweb diário",46,FALSE,0.6212162696655302,"alta (>=0.3)",TRUE,6.182813514073478,6,"jun",9,"set",5,0.15,7,6,"theta_pi","jun"
"2047010","Pedregulho","SP",-20.25,-47.4833,"Hidroweb diário",57,FALSE,0.6151370253105453,"alta (>=0.3)",TRUE,0.10918764681169492,7,"jul",9,"set",5,0.15,7,7,"theta_pi","jul"
"2047011","Jeriquara","SP",-20.3167,-47.5833,"Hidroweb diário",52,FALSE,0.6022380123881218,"alta (>=0.3)",TRUE,0.1853015042063521,7,"jul",9,"set",5,0.15,7,7,"theta_pi","jul"
"2047012","Ituverava","SP",-20.35,-47.8167,"Hidroweb diário",33,FALSE,0.6972500456121768,"alta (>=0.3)",TRUE,0.2078041112228661,7,"jul",9,"set",5,0.15,7,7,"theta_pi","jul"
"2047013","Cristais Paulista","SP",-20.35,-47.35,"Hidroweb diário",44,FALSE,0.5171883274951112,"alta (>=0.3)",TRUE,0.12487718775846549,7,"jul",8,"ago",4,0.15,7,7,"theta_pi","jul"
"2047016","Franca","SP",-20.5442,-47.4233,"Hidroweb diário",58,FALSE,0.6533422102673818,"alta (>=0.3)",TRUE,6.213284494273873,6,"jun",8,"ago",4,0.15,7,6,"theta_pi","jun"
"2047017","Franca","SP",-20.5167,-47.4,"Hidroweb diário",84,FALSE,0.5767845607744185,"alta (>=0.3)",TRUE,0.1290413692276007,7,"jul",9,"set",5,0.15,7,7,"theta_pi","jul"
"2047018","São Joaquim da Barra","SP",-20.5167,-47.9667,"Hidroweb diário",87,FALSE,0.6497215047255028,"alta (>=0.3)",TRUE,0.18853767768893048,7,"jul",8,"ago",4,0.15,8,7,"theta_pi","jul"
"2047019","São Joaquim da Barra","SP",-20.585,-47.8908,"Hidroweb diário",61,FALSE,0.6511583945572378,"alta (>=0.3)",TRUE,0.08334027320342408,7,"jul",9,"set",5,0.15,7,7,"theta_pi","jul"
"2047020","Itirapuã","SP",-20.6333,-47.2167,"Hidroweb diário",60,FALSE,0.5658883489009271,"alta (>=0.3)",TRUE,0.18906532094094963,7,"jul",8,"ago",4,0.15,8,7,"theta_pi","jul"
"2047021","Nuporanga","SP",-20.65,-47.6833,"Hidroweb diário",68,FALSE,0.6920680407120191,"alta (>=0.3)",TRUE,0.17575956410167495,7,"jul",8,"ago",4,0.15,8,7,"theta_pi","jul"
"2047023","Orlândia","SP",-20.7167,-47.9667,"Hidroweb diário",33,FALSE,0.585161888528287,"alta (>=0.3)",TRUE,0.230825242619879,7,"jul",9,"set",5,0.15,7,7,"theta_pi","jul"
"2047025","Orlândia","SP",-20.7333,-47.8833,"Hidroweb diário",86,FALSE,0.6651546134425217,"alta (>=0.3)",TRUE,0.19466847075215118,7,"jul",9,"set",5,0.15,8,7,"theta_pi","jul"
"2047026","Restinga","SP",-20.75,-47.45,"Hidroweb diário",31,FALSE,0.6700737341183739,"alta (>=0.3)",TRUE,0.04848811614492708,7,"jul",8,"ago",3,0.15,7,7,"theta_pi","jul"
"2047027","Sales Oliveira","SP",-20.8,-47.7667,"Hidroweb diário",83,FALSE,0.6066815871063947,"alta (>=0.3)",TRUE,0.14253441013832371,7,"jul",9,"set",4,0.15,8,7,"theta_pi","jul"
"2047028","Altinópolis","SP",-20.8333,-47.3,"Hidroweb diário",67,FALSE,0.6017018220630854,"alta (>=0.3)",TRUE,0.15774225313978751,7,"jul",8,"ago",4,0.15,8,7,"theta_pi","jul"
"2047029","Batatais","SP",-20.8833,-47.6167,"Hidroweb diário",77,FALSE,0.6092190008171825,"alta (>=0.3)",TRUE,0.1544624329341131,7,"jul",8,"ago",4,0.15,8,7,"theta_pi","jul"
"2047031","Altinópolis","SP",-20.9958,-47.2633,"Hidroweb diário",45,FALSE,0.5173440176514554,"alta (>=0.3)",TRUE,6.236763308518093,6,"jun",9,"set",5,0.15,8,6,"theta_pi","jun"
"2047032","Brodosqui","SP",-20.9967,-47.6606,"Hidroweb diário",57,FALSE,0.599778811864121,"alta (>=0.3)",TRUE,0.11175256650821953,7,"jul",8,"ago",3,0.15,8,7,"theta_pi","jul"
"2047034","Franca","SP",-20.55,-47.4333,"Hidroweb diário",35,FALSE,0.5518705062797201,"alta (>=0.3)",TRUE,0.18407090410431046,7,"jul",8,"ago",4,0.15,7,7,"theta_pi","jul"
"2047042","São Joaquim da Barra","SP",-20.5814993,-47.8608238,"Hidroweb diário",39,FALSE,0.6417419625544373,"alta (>=0.3)",TRUE,0.020947009437292993,7,"jul",9,"set",5,0.15,8,7,"theta_pi","jul"
"2047057","Restinga","SP",-20.6,-47.4833,"Hidroweb diário",59,FALSE,0.6013329280519604,"alta (>=0.3)",TRUE,6.250575951337057,6,"jun",9,"set",5,0.15,7,6,"theta_pi","jun"
"2047058","São José da Bela Vista","SP",-20.6,-47.6333,"Hidroweb diário",79,FALSE,0.6483986592456585,"alta (>=0.3)",TRUE,0.16648656952684154,7,"jul",8,"ago",4,0.15,8,7,"theta_pi","jul"
"2047059","Ribeirão Corrente","SP",-20.4667,-47.6,"Hidroweb diário",76,FALSE,0.6784313250257391,"alta (>=0.3)",TRUE,6.136946663469356,6,"jun",9,"set",5,0.15,7,6,"theta_pi","jun"
"2047060","Cristais Paulista","SP",-20.4,-47.4,"Hidroweb diário",56,FALSE,0.6521673021959128,"alta (>=0.3)",TRUE,0.17349735307202382,7,"jul",9,"set",5,0.15,7,7,"theta_pi","jul"
"2047062","Igarapava","SP",-20.05,-47.7333,"Hidroweb diário",32,FALSE,0.6726965372311665,"alta (>=0.3)",TRUE,0.10188647604663446,7,"jul",9,"set",5,0.15,7,7,"theta_pi","jul"
"2047065","Aramina","SP",-20.1667,-47.8333,"Hidroweb diário",56,FALSE,0.6367776023056024,"alta (>=0.3)",TRUE,0.32123218171512685,7,"jul",9,"set",5,0.15,7,7,"theta_pi","jul"
"2047067","Ituverava","SP",-20.3333,-47.7667,"Hidroweb diário",78,FALSE,0.6014791042232055,"alta (>=0.3)",TRUE,0.18929904583570517,7,"jul",8,"ago",4,0.15,7,7,"theta_pi","jul"
"2047068","Guará","SP",-20.4167,-47.8167,"Hidroweb diário",62,FALSE,0.6080707428118531,"alta (>=0.3)",TRUE,0.07776453086456095,7,"jul",9,"set",5,0.15,8,7,"theta_pi","jul"
"2047079","Pontal","SP",-20.9,-47.9833,"Hidroweb diário",31,FALSE,0.5273542699017306,"alta (>=0.3)",TRUE,0.13599606867764877,7,"jul",9,"set",4,0.15,8,7,"theta_pi","jul"
"2047080","Patrocinio Paulista","SP",-20.6333,-47.2833,"Hidroweb diário",54,FALSE,0.5102868623774447,"alta (>=0.3)",TRUE,0.0959979395528293,7,"jul",9,"set",5,0.15,8,7,"theta_pi","jul"
"2047082","Pedregulho","SP",-20.2833,-47.4167,"Hidroweb diário",50,FALSE,0.6784923463685771,"alta (>=0.3)",TRUE,0.010531694127933347,7,"jul",8,"ago",4,0.15,7,7,"theta_pi","jul"
"2047100","Buritizal","SP",-20.2833,-47.6833,"Hidroweb diário",46,FALSE,0.5495530022620541,"alta (>=0.3)",TRUE,0.1345002430580488,7,"jul",8,"ago",4,0.15,7,7,"theta_pi","jul"
"2047101","Franca","SP",-20.5144,-47.2456,"Hidroweb diário",38,FALSE,0.5764973620123438,"alta (>=0.3)",TRUE,0.20009972788514696,7,"jul",8,"ago",3,0.15,7,7,"theta_pi","jul"
"2047102","Patrocinio Paulista","SP",-20.7706,-47.2406,"Hidroweb diário",41,FALSE,0.5384594357079999,"alta (>=0.3)",TRUE,0.3087421774838856,7,"jul",9,"set",5,0.15,7,7,"theta_pi","jul"
"2047104","Restinga","SP",-20.6919,-47.5528,"Hidroweb diário",33,FALSE,0.5785530674875733,"alta (>=0.3)",TRUE,6.230461755281317,6,"jun",8,"ago",3,0.15,7,6,"theta_pi","jun"
"2047105","Sales Oliveira","SP",-20.8167,-47.8667,"Hidroweb diário",33,FALSE,0.6026755506769763,"alta (>=0.3)",TRUE,0.15927879473398884,7,"jul",8,"ago",4,0.15,8,7,"theta_pi","jul"
"2048001","Colômbia","SP",-20.1833,-48.6833,"Hidroweb diário",31,FALSE,0.6576916585183601,"alta (>=0.3)",TRUE,0.13080825566515103,7,"jul",9,"set",5,0.15,7,7,"theta_pi","jul"
"2048002","Colômbia","SP",-20.1814,-48.6842,"Hidroweb diário",59,FALSE,0.6196273269893523,"alta (>=0.3)",TRUE,0.18122737819604465,7,"jul",9,"set",5,0.15,7,7,"theta_pi","jul"
"2048004","Guaíra","SP",-20.2089,-48.2917,"Hidroweb diário",58,FALSE,0.5969665367282553,"alta (>=0.3)",TRUE,0.22367830337728503,7,"jul",8,"ago",4,0.15,8,7,"theta_pi","jul"
"2048005","Guaíra","SP",-20.2,-48.5,"Hidroweb diário",40,FALSE,0.6429829360252086,"alta (>=0.3)",TRUE,0.03193723029437826,7,"jul",9,"set",5,0.15,8,7,"theta_pi","jul"
"2048006","Guaíra","SP",-20.35,-48.3,"Hidroweb diário",50,FALSE,0.6323784475602288,"alta (>=0.3)",TRUE,0.12164049238183502,7,"jul",8,"ago",3,0.15,8,7,"theta_pi","jul"
"2048007","Barretos","SP",-20.3333,-48.5667,"Hidroweb diário",32,FALSE,0.53991839060546,"alta (>=0.3)",TRUE,0.34982857730951095,7,"jul",9,"set",5,0.15,7,7,"theta_pi","jul"
"2048009","Ipuã","SP",-20.45,-48.0167,"Hidroweb diário",54,FALSE,0.6648428987152613,"alta (>=0.3)",TRUE,0.12611421109986837,7,"jul",8,"ago",4,0.15,8,7,"theta_pi","jul"
"2048011","Guaíra","SP",-20.4536,-48.4508,"Hidroweb diário",49,FALSE,0.646077971636612,"alta (>=0.3)",TRUE,0.18935369991391907,7,"jul",9,"set",4,0.15,8,7,"theta_pi","jul"
"2048013","Guaraci","SP",-20.4967,-48.9403,"Hidroweb diário",49,FALSE,0.5945277831911343,"alta (>=0.3)",TRUE,0.3249840108646445,7,"jul",8,"ago",4,0.15,8,7,"theta_pi","jul"
"2048014","Olímpia","SP",-20.6,-48.9833,"Hidroweb diário",79,FALSE,0.6768358323947409,"alta (>=0.3)",TRUE,0.35092484042590133,7,"jul",8,"ago",4,0.15,8,7,"theta_pi","jul"
"2048015","Barretos","SP",-20.5667,-48.5667,"Hidroweb diário",80,FALSE,0.610760548124375,"alta (>=0.3)",TRUE,0.1794594953456496,7,"jul",9,"set",5,0.15,8,7,"theta_pi","jul"
"2048016","Barretos","SP",-20.6167,-48.7667,"Hidroweb diário",78,FALSE,0.7226570096441971,"alta (>=0.3)",TRUE,0.062110881454490924,7,"jul",9,"set",5,0.15,8,7,"theta_pi","jul"
"2048019","Jaborandi","SP",-20.6833,-48.4167,"Hidroweb diário",81,FALSE,0.642094378056923,"alta (>=0.3)",TRUE,0.19870263905577895,7,"jul",9,"set",5,0.15,7,7,"theta_pi","jul"
"2048020","Terra Roxa","SP",-20.7906,-48.3292,"Hidroweb diário",83,FALSE,0.6923691769585253,"alta (>=0.3)",TRUE,0.3341503241636991,7,"jul",9,"set",5,0.15,8,7,"theta_pi","jul"
"2048021","Colina","SP",-20.7333,-48.55,"Hidroweb diário",86,FALSE,0.6083274088493955,"alta (>=0.3)",TRUE,0.2978394810636234,7,"jul",8,"ago",4,0.15,7,7,"theta_pi","jul"
"2048022","Olímpia","SP",-20.7167,-48.9333,"Hidroweb diário",59,FALSE,0.6475695219819491,"alta (>=0.3)",TRUE,0.2580056733117249,7,"jul",8,"ago",4,0.15,8,7,"theta_pi","jul"
"2048023","Morro Agudo","SP",-20.7333,-48.05,"Hidroweb diário",84,FALSE,0.5623308261629172,"alta (>=0.3)",TRUE,0.019585485553919982,7,"jul",9,"set",4,0.15,8,7,"theta_pi","jul"
"2048025","Terra Roxa","SP",-20.7833,-48.3333,"Hidroweb diário",37,FALSE,0.6793058001520056,"alta (>=0.3)",TRUE,0.24721140335968037,7,"jul",9,"set",5,0.15,8,7,"theta_pi","jul"
"2048026","Severinia","SP",-20.8167,-48.7833,"Hidroweb diário",44,FALSE,0.6517497288396985,"alta (>=0.3)",TRUE,0.26030434113457074,7,"jul",8,"ago",4,0.15,8,7,"theta_pi","jul"
"2048027","Bebedouro","SP",-20.8167,-48.4833,"Hidroweb diário",84,FALSE,0.6762560461575773,"alta (>=0.3)",TRUE,0.2513483099030599,7,"jul",8,"ago",4,0.15,8,7,"theta_pi","jul"
"2048028","Cajobi","SP",-20.85,-48.85,"Hidroweb diário",40,FALSE,0.7199435315450542,"alta (>=0.3)",TRUE,0.39018380444795187,7,"jul",8,"ago",4,0.15,8,7,"theta_pi","jul"
"2048029","Cajobi","SP",-20.85,-48.8,"Hidroweb diário",81,FALSE,0.6780002808266269,"alta (>=0.3)",TRUE,0.31739241282017894,7,"jul",9,"set",5,0.15,8,7,"theta_pi","jul"
"2048031","Pitangueiras","SP",-20.9,-48.2,"Hidroweb diário",31,FALSE,0.5726272769475779,"alta (>=0.3)",TRUE,0.05836646609212217,7,"jul",8,"ago",3,0.15,8,7,"theta_pi","jul"
"2048032","Monte Azul Paulista","SP",-20.9,-48.6333,"Hidroweb diário",71,FALSE,0.6754299941417874,"alta (>=0.3)",TRUE,0.37961927715950966,7,"jul",9,"set",5,0.15,7,7,"theta_pi","jul"
"2048033","Pontal","SP",-20.9992,-48.0244,"Hidroweb diário",57,FALSE,0.6670651171827927,"alta (>=0.3)",TRUE,0.34169888355836425,7,"jul",8,"ago",4,0.15,7,7,"theta_pi","jul"
"2048034","Bebedouro","SP",-20.9997,-48.55,"Hidroweb diário",80,FALSE,0.629982965792597,"alta (>=0.3)",TRUE,0.3156117073499536,7,"jul",9,"set",5,0.15,8,7,"theta_pi","jul"
"2048035","Tabapuã","SP",-20.9833,-48.9167,"Hidroweb diário",64,FALSE,0.7278707474112006,"alta (>=0.3)",TRUE,0.4132734083413171,7,"jul",8,"ago",4,0.15,8,7,"theta_pi","jul"
"2048047","Olímpia","SP",-20.7333,-48.9,"Hidroweb diário",85,FALSE,0.6932626258925706,"alta (>=0.3)",TRUE,0.35380691989392565,7,"jul",8,"ago",4,0.15,8,7,"theta_pi","jul"
"2048054","Bebedouro","SP",-20.95,-48.4667,"Hidroweb diário",31,FALSE,0.6383542691645813,"alta (>=0.3)",TRUE,0.21861237698436978,7,"jul",9,"set",5,0.15,8,7,"theta_pi","jul"
"2048064","Terra Roxa","SP",-20.7833,-48.3333,"Hidroweb diário",35,FALSE,0.7443765930855158,"alta (>=0.3)",TRUE,0.23438179427481454,7,"jul",9,"set",5,0.15,7,7,"theta_pi","jul"
"2048065","Pitangueiras","SP",-20.9833,-48.3333,"Hidroweb diário",81,FALSE,0.6256631122948788,"alta (>=0.3)",TRUE,0.2683038361825264,7,"jul",9,"set",5,0.15,7,7,"theta_pi","jul"
"2048072","Ipuã","SP",-20.3167,-48.1,"Hidroweb diário",32,FALSE,0.5543999500780808,"alta (>=0.3)",TRUE,0.18256434166629346,7,"jul",8,"ago",4,0.15,8,7,"theta_pi","jul"
"2048076","Miguelópolis","SP",-20.1833,-48.0167,"Hidroweb diário",31,FALSE,0.6194182068715217,"alta (>=0.3)",TRUE,0.058925331394988276,7,"jul",8,"ago",4,0.15,7,7,"theta_pi","jul"
"2048077","Colômbia","SP",-20.25,-48.65,"Hidroweb diário",45,FALSE,0.682042590367269,"alta (>=0.3)",TRUE,0.39099122425101107,7,"jul",9,"set",5,0.15,8,7,"theta_pi","jul"
"2048080","Colômbia","SP",-20.25,-48.8167,"Hidroweb diário",51,FALSE,0.6155869180233765,"alta (>=0.3)",TRUE,0.3052036848502071,7,"jul",9,"set",5,0.15,7,7,"theta_pi","jul"
"2048087","Jaborandi","SP",-20.5833,-48.3667,"Hidroweb diário",76,FALSE,0.6941675494887831,"alta (>=0.3)",TRUE,0.19839398632962696,7,"jul",9,"set",5,0.15,8,7,"theta_pi","jul"
"2048089","Morro Agudo","SP",-20.6167,-48,"Hidroweb diário",54,FALSE,0.5563819515874486,"alta (>=0.3)",TRUE,0.15046925310764947,7,"jul",8,"ago",3,0.15,8,7,"theta_pi","jul"
"2048090","Jaborandi","SP",-20.615,-48.4664,"Hidroweb diário",42,FALSE,0.6787250538455216,"alta (>=0.3)",TRUE,0.22375683834053536,7,"jul",9,"set",4,0.15,7,7,"theta_pi","jul"
"2048091","Colômbia","SP",-20.3269,-48.5908,"Hidroweb diário",35,FALSE,0.6292354297120661,"alta (>=0.3)",TRUE,0.10756147374836576,7,"jul",9,"set",4,0.15,8,7,"theta_pi","jul"
"2048092","Barretos","SP",-20.4431,-48.7403,"Hidroweb diário",35,FALSE,0.6676035603083369,"alta (>=0.3)",TRUE,0.6191180977346251,8,"ago",9,"set",5,0.15,8,8,"theta_pi","ago"
"2048093","Colina","SP",-20.7611,-48.6636,"Hidroweb diário",36,FALSE,0.6559527358666227,"alta (>=0.3)",TRUE,0.22169026672104308,7,"jul",8,"ago",3,0.15,8,7,"theta_pi","jul"
"2048094","Barretos","SP",-20.4547,-48.1419,"Hidroweb diário",33,FALSE,0.7443526822687324,"alta (>=0.3)",TRUE,0.21203853932544395,7,"jul",8,"ago",3,0.15,8,7,"theta_pi","jul"
"2048101","Pontal","SP",-20.94,-48.0775,"Hidroweb diário",34,FALSE,0.7353582564485847,"alta (>=0.3)",TRUE,0.3666782111408958,7,"jul",8,"ago",3,0.15,8,7,"theta_pi","jul"
"2049001","Paulo de Faria","SP",-20.0333,-49.4,"Hidroweb diário",35,FALSE,0.6023865050621728,"alta (>=0.3)",TRUE,0.1613283295368684,7,"jul",9,"set",6,0.15,8,7,"theta_pi","jul"
"2049002","Cardoso","SP",-20.1333,-49.9667,"Hidroweb diário",48,FALSE,0.636689712384212,"alta (>=0.3)",TRUE,0.29258317088567465,7,"jul",8,"ago",4,0.15,7,7,"theta_pi","jul"
"2049003","Orindiuva","SP",-20.1833,-49.3667,"Hidroweb diário",56,FALSE,0.6149646985616003,"alta (>=0.3)",TRUE,0.200518469617305,7,"jul",9,"set",5,0.15,8,7,"theta_pi","jul"
"2049004","Américo de Campos","SP",-20.3,-49.7667,"Hidroweb diário",65,FALSE,0.7329163224422833,"alta (>=0.3)",TRUE,0.28611295043279905,7,"jul",8,"ago",3,0.15,7,7,"theta_pi","jul"
"2049006","Palestina","SP",-20.3833,-49.4333,"Hidroweb diário",60,FALSE,0.6268700912179301,"alta (>=0.3)",TRUE,0.2890616207856554,7,"jul",8,"ago",3,0.15,8,7,"theta_pi","jul"
"2049009","Tanabi","SP",-20.4833,-49.5667,"Hidroweb diário",66,FALSE,0.6520904891976756,"alta (>=0.3)",TRUE,0.3395018750594746,7,"jul",9,"set",5,0.15,8,7,"theta_pi","jul"
"2049010","Cosmorama","SP",-20.4833,-49.7833,"Hidroweb diário",77,FALSE,0.701644959573807,"alta (>=0.3)",TRUE,0.23292227101910318,7,"jul",9,"set",5,0.15,7,7,"theta_pi","jul"
"2049011","Votuporanga","SP",-20.5,-49.95,"Hidroweb diário",52,FALSE,0.618326422905539,"alta (>=0.3)",TRUE,0.2857367917604394,7,"jul",8,"ago",4,0.15,8,7,"theta_pi","jul"
"2049012","Altair","SP",-20.5167,-49.05,"Hidroweb diário",77,FALSE,0.6439178404281346,"alta (>=0.3)",TRUE,0.10367088372261302,7,"jul",9,"set",5,0.15,8,7,"theta_pi","jul"
"2049013","Onda Verde","SP",-20.6167,-49.3,"Hidroweb diário",80,FALSE,0.613076134461553,"alta (>=0.3)",TRUE,0.2068843787523175,7,"jul",9,"set",5,0.15,8,7,"theta_pi","jul"
"2049014","Onda Verde","SP",-20.6333,-49.3333,"Hidroweb diário",87,FALSE,0.6138914707320628,"alta (>=0.3)",TRUE,0.28871548275328673,7,"jul",9,"set",5,0.15,8,7,"theta_pi","jul"
"2049015","Mirassolândia","SP",-20.6167,-49.4667,"Hidroweb diário",56,FALSE,0.6499881154630682,"alta (>=0.3)",TRUE,0.38523965733825216,7,"jul",9,"set",5,0.15,8,7,"theta_pi","jul"
"2049016","Tanabi","SP",-20.6167,-49.65,"Hidroweb diário",45,FALSE,0.6223435219594601,"alta (>=0.3)",TRUE,0.3067340128951075,7,"jul",8,"ago",4,0.15,8,7,"theta_pi","jul"
"2049017","Balsamo","SP",-20.7333,-49.5833,"Hidroweb diário",82,FALSE,0.676770848847122,"alta (>=0.3)",TRUE,0.41146037099482496,7,"jul",8,"ago",4,0.15,7,7,"theta_pi","jul"
"2049018","Sebastianópolis do Sul","SP",-20.6333,-49.95,"Hidroweb diário",55,FALSE,0.6143794415039684,"alta (>=0.3)",TRUE,0.19195013977506098,7,"jul",8,"ago",3,0.15,7,7,"theta_pi","jul"
"2049019","Monte Aprazível","SP",-20.7667,-49.7,"Hidroweb diário",57,FALSE,0.6051455464360433,"alta (>=0.3)",TRUE,0.26097452939028376,7,"jul",8,"ago",3,0.15,8,7,"theta_pi","jul"
"2049021","Mirassol","SP",-20.8167,-49.5167,"Hidroweb diário",80,FALSE,0.5915279768238985,"alta (>=0.3)",TRUE,0.29522647150062137,7,"jul",9,"set",5,0.15,8,7,"theta_pi","jul"
"2049022","Macaubal","SP",-20.8,-49.9667,"Hidroweb diário",31,FALSE,0.5585929513207375,"alta (>=0.3)",TRUE,0.3379690282026427,7,"jul",8,"ago",3,0.15,8,7,"theta_pi","jul"
"2049024","São José do Rio Preto","SP",-20.8,-49.3833,"Hidroweb diário",74,FALSE,0.6479534526263492,"alta (>=0.3)",TRUE,0.3819590308259609,7,"jul",8,"ago",4,0.15,8,7,"theta_pi","jul"
"2049025","Mirassol","SP",-20.8167,-49.5167,"Hidroweb diário",31,FALSE,0.5883566839686294,"alta (>=0.3)",TRUE,0.1469770646099679,7,"jul",9,"set",5,0.15,8,7,"theta_pi","jul"
"2049027","Bady Bassitt","SP",-20.9167,-49.45,"Hidroweb diário",79,FALSE,0.639935282936947,"alta (>=0.3)",TRUE,0.27738710637843883,7,"jul",8,"ago",3,0.15,8,7,"theta_pi","jul"
"2049028","Nipoã","SP",-20.9167,-49.7833,"Hidroweb diário",59,FALSE,0.5886102686867742,"alta (>=0.3)",TRUE,0.31298100051098154,7,"jul",8,"ago",4,0.15,7,7,"theta_pi","jul"
"2049029","Tabapuã","SP",-20.9833,-49.0167,"Hidroweb diário",67,FALSE,0.6383736016955587,"alta (>=0.3)",TRUE,0.12993238385701164,7,"jul",9,"set",5,0.15,8,7,"theta_pi","jul"
"2049030","Uchoa","SP",-20.9667,-49.1833,"Hidroweb diário",34,FALSE,0.5777271963982235,"alta (>=0.3)",TRUE,0.30587927159490846,7,"jul",8,"ago",4,0.15,8,7,"theta_pi","jul"
"2049032","Votuporanga","SP",-20.4333,-49.9833,"Hidroweb diário",50,FALSE,0.7068813155658481,"alta (>=0.3)",TRUE,0.39204938611291035,7,"jul",8,"ago",4,0.15,8,7,"theta_pi","jul"
"2049033","Icem","SP",-20.3333,-49.2,"Hidroweb diário",87,FALSE,0.6551383751870993,"alta (>=0.3)",TRUE,0.21511716831434669,7,"jul",8,"ago",4,0.15,8,7,"theta_pi","jul"
"2049037","São José do Rio Preto","SP",-20.8167,-49.3833,"Hidroweb diário",33,FALSE,0.5702714403744378,"alta (>=0.3)",TRUE,0.24331141335357104,7,"jul",8,"ago",4,0.15,8,7,"theta_pi","jul"
"2049051","Cedral","SP",-20.9167,-49.3,"Hidroweb diário",59,FALSE,0.6516158667610951,"alta (>=0.3)",TRUE,0.15222844326936807,7,"jul",8,"ago",4,0.15,8,7,"theta_pi","jul"
"2049055","Olímpia","SP",-20.7667,-49.0667,"Hidroweb diário",31,FALSE,0.5393848784850395,"alta (>=0.3)",TRUE,0.30977530731816966,7,"jul",8,"ago",3,0.15,8,7,"theta_pi","jul"
"2049067","Guapiaçu","SP",-20.8,-49.2167,"Hidroweb diário",48,FALSE,0.6475801109593351,"alta (>=0.3)",TRUE,0.28335505470477484,7,"jul",8,"ago",4,0.15,7,7,"theta_pi","jul"
"2049068","Votuporanga","SP",-20.4167,-49.9833,"Hidroweb diário",38,FALSE,0.6998651923077261,"alta (>=0.3)",TRUE,0.2818692577508155,7,"jul",8,"ago",3,0.15,7,7,"theta_pi","jul"
"2050001","Santa Albertina","SP",-20.0333,-50.7333,"Hidroweb diário",63,FALSE,0.6547452478025264,"alta (>=0.3)",TRUE,0.243746615634958,7,"jul",8,"ago",4,0.15,7,7,"theta_pi","jul"
"2050002","Guarani D'oeste","SP",-20.0667,-50.35,"Hidroweb diário",65,FALSE,0.5796445073284439,"alta (>=0.3)",TRUE,0.18900934804827652,7,"jul",8,"ago",3,0.15,7,7,"theta_pi","jul"
"2050003","Dolcinópolis","SP",-20.1167,-50.5,"Hidroweb diário",54,FALSE,0.5545848647103279,"alta (>=0.3)",TRUE,0.3480220728704032,7,"jul",8,"ago",3,0.15,8,7,"theta_pi","jul"
"2050004","Macedônia","SP",-20.15,-50.2,"Hidroweb diário",65,FALSE,0.6532623889643312,"alta (>=0.3)",TRUE,0.20033656066789993,7,"jul",8,"ago",4,0.15,7,7,"theta_pi","jul"
"2050005","Fernandópolis","SP",-20.2333,-50.3167,"Hidroweb diário",59,FALSE,0.6363558398334741,"alta (>=0.3)",TRUE,0.2584615295188735,7,"jul",9,"set",4,0.15,8,7,"theta_pi","jul"
"2050006","Urânia","SP",-20.2333,-50.65,"Hidroweb diário",58,FALSE,0.5789924638722985,"alta (>=0.3)",TRUE,0.3858083842703576,7,"jul",8,"ago",3,0.15,7,7,"theta_pi","jul"
"2050007","Santana da Ponte Pensa","SP",-20.25,-50.8,"Hidroweb diário",34,FALSE,0.5091299092005285,"alta (>=0.3)",TRUE,0.2531133658598155,7,"jul",8,"ago",3,0.15,8,7,"theta_pi","jul"
"2050009","Votuporanga","SP",-20.3,-50.0167,"Hidroweb diário",50,FALSE,0.625551708669453,"alta (>=0.3)",TRUE,0.29859134850483915,7,"jul",8,"ago",3,0.15,8,7,"theta_pi","jul"
"2050011","Valentim Gentil","SP",-20.4333,-50.0667,"Hidroweb diário",64,FALSE,0.5888475761227504,"alta (>=0.3)",TRUE,0.2060147004941957,7,"jul",8,"ago",3,0.15,7,7,"theta_pi","jul"
"2050012","Palmeira D'oeste","SP",-20.4167,-50.7667,"Hidroweb diário",51,FALSE,0.6306484684221667,"alta (>=0.3)",TRUE,0.3849994985696398,7,"jul",8,"ago",3,0.15,7,7,"theta_pi","jul"
"2050013","Jales","SP",-20.4333,-50.5333,"Hidroweb diário",56,FALSE,0.4895421687667488,"alta (>=0.3)",TRUE,0.24213434780218557,7,"jul",8,"ago",3,0.15,7,7,"theta_pi","jul"
"2050014","General Salgado","SP",-20.5,-50.3167,"Hidroweb diário",31,FALSE,0.5403273770006632,"alta (>=0.3)",TRUE,0.19241442186572646,7,"jul",8,"ago",3,0.15,8,7,"theta_pi","jul"
"2050015","Auriflama","SP",-20.7,-50.55,"Hidroweb diário",48,FALSE,0.549040745006265,"alta (>=0.3)",TRUE,0.25667827064626214,7,"jul",8,"ago",3,0.15,8,7,"theta_pi","jul"
"2050016","Sud Mennucci","SP",-20.6833,-50.9167,"Hidroweb diário",32,FALSE,0.5362953130372169,"alta (>=0.3)",TRUE,0.11128993368117585,7,"jul",8,"ago",3,0.15,8,7,"theta_pi","jul"
"2050017","General Salgado","SP",-20.7667,-50.3167,"Hidroweb diário",31,FALSE,0.5523502023744306,"alta (>=0.3)",TRUE,0.1762047847450911,7,"jul",8,"ago",3,0.15,8,7,"theta_pi","jul"
"2050018","Gastão Vidigal","SP",-20.8,-50.1833,"Hidroweb diário",32,FALSE,0.5590518181673402,"alta (>=0.3)",TRUE,0.2650803510494794,7,"jul",8,"ago",3,0.15,7,7,"theta_pi","jul"
"2050019","Araçatuba","SP",-20.8667,-50.4833,"Hidroweb diário",52,FALSE,0.541232018933263,"alta (>=0.3)",TRUE,0.25105779224869895,7,"jul",8,"ago",3,0.15,8,7,"theta_pi","jul"
"2050020","Araçatuba","SP",-20.9167,-50.8333,"Hidroweb diário",31,FALSE,0.5441422604985483,"alta (>=0.3)",TRUE,0.10819967485426216,7,"jul",8,"ago",3,0.15,8,7,"theta_pi","jul"
"2050021","Araçatuba","SP",-20.9667,-50.6833,"Hidroweb diário",52,FALSE,0.601275096379408,"alta (>=0.3)",TRUE,0.4060164346224172,7,"jul",8,"ago",3,0.15,8,7,"theta_pi","jul"
"2050022","General Salgado","SP",-20.4839,-50.4219,"Hidroweb diário",37,FALSE,0.5774626099486377,"alta (>=0.3)",TRUE,0.10371382871923433,7,"jul",8,"ago",3,0.15,7,7,"theta_pi","jul"
"2050023","Santa Fé do Sul","SP",-20.2167,-50.9167,"Hidroweb diário",48,FALSE,0.5709996234798268,"alta (>=0.3)",TRUE,0.2993404682168012,7,"jul",8,"ago",4,0.15,7,7,"theta_pi","jul"
"2050024","Fernandópolis","SP",-20.3,-50.25,"Hidroweb diário",64,FALSE,0.5612684156170231,"alta (>=0.3)",TRUE,0.22681906309847613,7,"jul",8,"ago",3,0.15,7,7,"theta_pi","jul"
"2050025","Jales","SP",-20.3,-50.55,"Hidroweb diário",63,FALSE,0.5865175103834437,"alta (>=0.3)",TRUE,0.28107783235421796,7,"jul",8,"ago",3,0.15,7,7,"theta_pi","jul"
"2050036","Floreal","SP",-20.6833,-50.15,"Hidroweb diário",32,FALSE,0.49005385691593534,"alta (>=0.3)",TRUE,0.15094439042010827,7,"jul",8,"ago",3,0.15,8,7,"theta_pi","jul"
"2050037","Turiuba","SP",-20.95,-50.1,"Hidroweb diário",54,FALSE,0.5344088127104898,"alta (>=0.3)",TRUE,0.3240789892965487,7,"jul",8,"ago",3,0.15,8,7,"theta_pi","jul"
"2050039","Santa Clara D'oeste","SP",-20.1,-50.9333,"Hidroweb diário",31,FALSE,0.6438176769239335,"alta (>=0.3)",TRUE,0.0500267048851585,7,"jul",8,"ago",3,0.15,8,7,"theta_pi","jul"
"2050045","Guzolândia","SP",-20.65,-50.6667,"Hidroweb diário",40,FALSE,0.5005056364366034,"alta (>=0.3)",TRUE,0.40384954276234813,7,"jul",8,"ago",3,0.15,7,7,"theta_pi","jul"
"2050047","Magda","SP",-20.5667,-50.2167,"Hidroweb diário",37,FALSE,0.6396652769646339,"alta (>=0.3)",TRUE,0.2641486189595396,7,"jul",8,"ago",3,0.15,7,7,"theta_pi","jul"
"2051002","Pereira Barreto","SP",-20.4,-51.35,"Hidroweb diário",31,FALSE,0.4755501001517905,"alta (>=0.3)",TRUE,0.22075661060853416,7,"jul",8,"ago",3,0.15,8,7,"theta_pi","jul"
"2051003","Pereira Barreto","SP",-20.4167,-51.1,"Hidroweb diário",37,FALSE,0.5887880277053202,"alta (>=0.3)",TRUE,0.19689396739963985,7,"jul",8,"ago",3,0.15,8,7,"theta_pi","jul"
"2051004","Pereira Barreto","SP",-20.6167,-51.2333,"Hidroweb diário",31,FALSE,0.47128482483780265,"alta (>=0.3)",TRUE,0.16088201902746252,7,"jul",8,"ago",3,0.15,8,7,"theta_pi","jul"
"2051005","Itapura","SP",-20.65,-51.5167,"Hidroweb diário",31,FALSE,0.5339091850602411,"alta (>=0.3)",TRUE,0.3068294181932697,7,"jul",8,"ago",3,0.15,8,7,"theta_pi","jul"
"2051006","Pereira Barreto","SP",-20.6833,-51.1,"Hidroweb diário",35,FALSE,0.5566394290105452,"alta (>=0.3)",TRUE,0.03741257154152332,7,"jul",8,"ago",3,0.15,8,7,"theta_pi","jul"
"2051007","Pereira Barreto","SP",-20.7333,-51.1333,"Hidroweb diário",82,FALSE,0.5536785920340925,"alta (>=0.3)",TRUE,0.1781933723592617,7,"jul",8,"ago",3,0.15,8,7,"theta_pi","jul"
"2051012","Andradina","SP",-20.9167,-51.3667,"Hidroweb diário",73,FALSE,0.4783004737692203,"alta (>=0.3)",TRUE,0.29924500536783366,7,"jul",8,"ago",3,0.15,8,7,"theta_pi","jul"
"2051018","Castilho","SP",-20.8667,-51.4833,"Hidroweb diário",65,FALSE,0.46815712628186684,"alta (>=0.3)",TRUE,0.3159665677594585,7,"jul",8,"ago",3,0.15,8,7,"theta_pi","jul"
"2051032","Mirandópolis","SP",-20.9333,-51.1167,"Hidroweb diário",66,FALSE,0.5168376664167136,"alta (>=0.3)",TRUE,0.24597487250255531,7,"jul",8,"ago",3,0.15,8,7,"theta_pi","jul"
"2051033","Mirandópolis","SP",-20.9167,-51.0167,"Hidroweb diário",42,FALSE,0.5614261503777451,"alta (>=0.3)",TRUE,0.20555452579829103,7,"jul",8,"ago",3,0.15,8,7,"theta_pi","jul"
"2051038","Pereira Barreto","SP",-20.5167,-51.1833,"Hidroweb diário",31,FALSE,0.5451223682424496,"alta (>=0.3)",TRUE,0.2690057628500007,7,"jul",8,"ago",3,0.15,8,7,"theta_pi","jul"
"2146001","Mococa","SP",-21.4203,-46.9628,"Hidroweb diário",55,FALSE,0.6148833360719633,"alta (>=0.3)",TRUE,0.24862194248968175,7,"jul",8,"ago",3,0.15,7,7,"theta_pi","jul"
"2146002","Tapiratiba","SP",-21.4667,-46.75,"Hidroweb diário",78,FALSE,0.6726332169418726,"alta (>=0.3)",TRUE,6.281632724778737,7,"jul",8,"ago",4,0.15,7,7,"theta_pi","jul"
"2146003","Mococa","SP",-21.4333,-46.85,"Hidroweb diário",61,FALSE,0.6316819834498419,"alta (>=0.3)",TRUE,0.1360522746672623,7,"jul",8,"ago",4,0.15,7,7,"theta_pi","jul"
"2146004","Tapiratiba","SP",-21.4667,-46.8167,"Hidroweb diário",58,FALSE,0.5495869940220881,"alta (>=0.3)",TRUE,0.009719395096859209,7,"jul",9,"set",5,0.15,8,7,"theta_pi","jul"
"2146005","Tapiratiba","SP",-21.4833,-46.8167,"Hidroweb diário",32,FALSE,0.584865668254453,"alta (>=0.3)",TRUE,0.2272536105003051,7,"jul",9,"set",5,0.15,8,7,"theta_pi","jul"
"2146007","Caconde","SP",-21.5333,-46.6333,"Hidroweb diário",85,FALSE,0.634822840470324,"alta (>=0.3)",TRUE,0.19883135473561764,7,"jul",8,"ago",4,0.15,7,7,"theta_pi","jul"
"2146008","São José do Rio Pardo","SP",-21.6,-46.9,"Hidroweb diário",47,FALSE,0.5988887724884281,"alta (>=0.3)",TRUE,0.05221353197439215,7,"jul",9,"set",5,0.15,7,7,"theta_pi","jul"
"2146009","São José do Rio Pardo","SP",-21.6,-46.9,"Hidroweb diário",73,FALSE,0.5995999571137215,"alta (>=0.3)",TRUE,0.18338911449183054,7,"jul",8,"ago",4,0.15,8,7,"theta_pi","jul"
"2146010","São Sebastião da Grama","SP",-21.7,-46.8167,"Hidroweb diário",80,FALSE,0.5518395766889755,"alta (>=0.3)",TRUE,0.13627294976836585,7,"jul",8,"ago",3,0.15,7,7,"theta_pi","jul"
"2146011","Vargem Grande do Sul","SP",-21.8333,-46.9,"Hidroweb diário",82,FALSE,0.6285394864316496,"alta (>=0.3)",TRUE,0.13839586433147424,7,"jul",8,"ago",4,0.15,7,7,"theta_pi","jul"
"2146012","Águas da Prata","SP",-21.9333,-46.85,"Hidroweb diário",58,FALSE,0.564424742339884,"alta (>=0.3)",TRUE,0.25947830915628384,7,"jul",8,"ago",3,0.15,7,7,"theta_pi","jul"
"2146013","São João da Boa Vista","SP",-21.985,-46.7953,"Hidroweb diário",57,FALSE,0.5893627641399811,"alta (>=0.3)",TRUE,0.13896537932405026,7,"jul",9,"set",5,0.15,8,7,"theta_pi","jul"
"2146014","São João da Boa Vista","SP",-21.95,-46.8,"Hidroweb diário",83,FALSE,0.5753587804281253,"alta (>=0.3)",TRUE,0.21394044625003616,7,"jul",9,"set",5,0.15,7,7,"theta_pi","jul"
"2146015","São José do Rio Pardo","SP",-21.5333,-46.8,"Hidroweb diário",56,FALSE,0.5635038002957781,"alta (>=0.3)",TRUE,0.07287092873644793,7,"jul",9,"set",5,0.15,7,7,"theta_pi","jul"
"2146057","Águas da Prata","SP",-21.8667,-46.7,"Hidroweb diário",34,FALSE,0.6195474598502291,"alta (>=0.3)",TRUE,0.09939733371464414,7,"jul",9,"set",5,0.15,7,7,"theta_pi","jul"
"2147001","Altinópolis","SP",-21.0167,-47.4,"Hidroweb diário",75,FALSE,0.5627723436844779,"alta (>=0.3)",TRUE,0.0012913299469839976,7,"jul",9,"set",5,0.15,8,7,"theta_pi","jul"
"2147003","Santo Antônio da Alegria","SP",-21.1,-47.15,"Hidroweb diário",77,FALSE,0.5615852984793345,"alta (>=0.3)",TRUE,0.14604196059953803,7,"jul",9,"set",5,0.15,8,7,"theta_pi","jul"
"2147004","Ribeirão Preto","SP",-21.1,-47.75,"Hidroweb diário",79,FALSE,0.6607543256197037,"alta (>=0.3)",TRUE,0.15210545500053996,7,"jul",8,"ago",3,0.15,8,7,"theta_pi","jul"
"2147006","Ribeirão Preto","SP",-21.2167,-47.8667,"Hidroweb diário",83,FALSE,0.6792094509629125,"alta (>=0.3)",TRUE,0.13239176437239508,7,"jul",8,"ago",4,0.15,8,7,"theta_pi","jul"
"2147007","Serrana","SP",-21.2167,-47.6,"Hidroweb diário",69,FALSE,0.5694673106859593,"alta (>=0.3)",TRUE,0.030550802899039164,7,"jul",8,"ago",4,0.15,8,7,"theta_pi","jul"
"2147009","Cajuru","SP",-21.3167,-47.35,"Hidroweb diário",31,FALSE,0.527459537853584,"alta (>=0.3)",TRUE,6.214576340888673,6,"jun",9,"set",5,0.15,8,6,"theta_pi","jun"
"2147011","Serra Azul","SP",-21.3183,-47.4767,"Hidroweb diário",46,FALSE,0.5653117869590919,"alta (>=0.3)",TRUE,0.03137114636896989,7,"jul",8,"ago",3,0.15,8,7,"theta_pi","jul"
"2147012","Cravinhos","SP",-21.3333,-47.7833,"Hidroweb diário",70,FALSE,0.6216506339213012,"alta (>=0.3)",TRUE,0.07242744694993006,7,"jul",9,"set",5,0.15,7,7,"theta_pi","jul"
"2147013","Ribeirão Preto","SP",-21.3,-47.9333,"Hidroweb diário",76,FALSE,0.6058402063196324,"alta (>=0.3)",TRUE,0.11308871824455467,7,"jul",9,"set",5,0.15,8,7,"theta_pi","jul"
"2147014","Cravinhos","SP",-21.3667,-47.7167,"Hidroweb diário",85,FALSE,0.6523754678145031,"alta (>=0.3)",TRUE,0.10563777749378558,7,"jul",9,"set",5,0.15,8,7,"theta_pi","jul"
"2147016","Luís Antônio","SP",-21.45,-47.9,"Hidroweb diário",71,FALSE,0.6671181496873022,"alta (>=0.3)",TRUE,0.08155512568630251,7,"jul",9,"set",5,0.15,7,7,"theta_pi","jul"
"2147017","Santa Rosa de Viterbo","SP",-21.4333,-47.3833,"Hidroweb diário",31,FALSE,0.7054044821021224,"alta (>=0.3)",TRUE,0.23816561935138658,7,"jul",9,"set",6,0.15,7,7,"theta_pi","jul"
"2147018","São Simão","SP",-21.4167,-47.4167,"Hidroweb diário",31,FALSE,0.6113824184317861,"alta (>=0.3)",TRUE,0.17148574673639633,7,"jul",9,"set",5,0.15,7,7,"theta_pi","jul"
"2147019","São Simão","SP",-21.4333,-47.5833,"Hidroweb diário",74,FALSE,0.674232728120162,"alta (>=0.3)",TRUE,0.29507705159774056,7,"jul",8,"ago",4,0.15,8,7,"theta_pi","jul"
"2147020","Santa Rosa de Viterbo","SP",-21.45,-47.3333,"Hidroweb diário",34,FALSE,0.6677838533145806,"alta (>=0.3)",TRUE,0.15987531052448922,7,"jul",9,"set",6,0.15,8,7,"theta_pi","jul"
"2147022","Santa Rosa de Viterbo","SP",-21.5217,-47.3644,"Hidroweb diário",58,FALSE,0.6425980973665046,"alta (>=0.3)",TRUE,0.2064567648163802,7,"jul",8,"ago",3,0.15,7,7,"theta_pi","jul"
"2147023","Mococa","SP",-21.45,-47,"Hidroweb diário",61,FALSE,0.5489590444776385,"alta (>=0.3)",TRUE,0.16651600021252608,7,"jul",9,"set",5,0.15,7,7,"theta_pi","jul"
"2147025","Tambau","SP",-21.5333,-47.2167,"Hidroweb diário",32,FALSE,0.5598646348954065,"alta (>=0.3)",TRUE,0.12785775383488324,7,"jul",8,"ago",3,0.15,7,7,"theta_pi","jul"
"2147026","São Simão","SP",-21.5,-47.6,"Hidroweb diário",36,FALSE,0.6078774953327246,"alta (>=0.3)",TRUE,0.13756461340690268,7,"jul",8,"ago",4,0.15,8,7,"theta_pi","jul"
"2147027","Luís Antônio","SP",-21.5833,-47.7,"Hidroweb diário",54,FALSE,0.5805397753244272,"alta (>=0.3)",TRUE,0.11550010282173503,7,"jul",8,"ago",3,0.15,7,7,"theta_pi","jul"
"2147029","Santa Rita do Passa Quatro","SP",-21.7333,-47.6333,"Hidroweb diário",31,FALSE,0.5552443772523546,"alta (>=0.3)",TRUE,0.3505116535118199,7,"jul",8,"ago",3,0.15,8,7,"theta_pi","jul"
"2147030","Santa Rita do Passa Quatro","SP",-21.7167,-47.5,"Hidroweb diário",57,FALSE,0.6421215703077104,"alta (>=0.3)",TRUE,0.06377484875087315,7,"jul",9,"set",5,0.15,7,7,"theta_pi","jul"
"2147031","São Carlos","SP",-21.7833,-47.7833,"Hidroweb diário",65,FALSE,0.5618274288087511,"alta (>=0.3)",TRUE,0.156282076608527,7,"jul",9,"set",5,0.15,8,7,"theta_pi","jul"
"2147033","Santa Cruz das Palmeiras","SP",-21.8333,-47.25,"Hidroweb diário",65,FALSE,0.6047172551476926,"alta (>=0.3)",TRUE,0.2640557644142181,7,"jul",8,"ago",3,0.15,7,7,"theta_pi","jul"
"2147034","Porto Ferreira","SP",-21.8461,-47.4742,"Hidroweb diário",48,FALSE,0.5792432786624481,"alta (>=0.3)",TRUE,0.27522395750070994,7,"jul",8,"ago",3,0.15,7,7,"theta_pi","jul"
"2147035","Santa Cruz das Palmeiras","SP",-21.8342,-47.2939,"Hidroweb diário",48,FALSE,0.5153617983468967,"alta (>=0.3)",TRUE,0.4389973713173181,7,"jul",9,"set",4,0.15,7,7,"theta_pi","jul"
"2147037","Descalvado","SP",-21.95,-47.7,"Hidroweb diário",62,FALSE,0.5760665470358655,"alta (>=0.3)",TRUE,0.21270402980662714,7,"jul",8,"ago",4,0.15,8,7,"theta_pi","jul"
"2147038","Porto Ferreira","SP",-21.85,-47.5,"Hidroweb diário",31,FALSE,0.6481468297946401,"alta (>=0.3)",TRUE,0.1755051303763443,7,"jul",8,"ago",3,0.15,8,7,"theta_pi","jul"
"2147039","Descalvado","SP",-21.9333,-47.6167,"Hidroweb diário",51,FALSE,0.6594116479677291,"alta (>=0.3)",TRUE,0.24700581347615197,7,"jul",9,"set",5,0.15,7,7,"theta_pi","jul"
"2147042","Pirassununga","SP",-21.9667,-47.4667,"Hidroweb diário",54,FALSE,0.5230039334580294,"alta (>=0.3)",TRUE,0.2377142077143187,7,"jul",8,"ago",3,0.15,7,7,"theta_pi","jul"
"2147043","Descalvado","SP",-21.9667,-47.7,"Hidroweb diário",69,FALSE,0.5889646483682389,"alta (>=0.3)",TRUE,0.30527028859602584,7,"jul",8,"ago",3,0.15,7,7,"theta_pi","jul"
"2147049","São Simão","SP",-21.4833,-47.55,"Hidroweb diário",34,FALSE,0.6123592353392974,"alta (>=0.3)",TRUE,0.13484686666334939,7,"jul",8,"ago",3,0.15,7,7,"theta_pi","jul"
"2147057","Mococa","SP",-21.6333,-47.0167,"Hidroweb diário",37,FALSE,0.5490379283035615,"alta (>=0.3)",TRUE,0.2832229755156412,7,"jul",8,"ago",4,0.15,8,7,"theta_pi","jul"
"2147058","Casa Branca","SP",-21.75,-47.05,"Hidroweb diário",55,FALSE,0.596242277236193,"alta (>=0.3)",TRUE,0.25733151710580643,7,"jul",8,"ago",4,0.15,8,7,"theta_pi","jul"
"2147059","São Carlos","SP",-21.8667,-47.8,"Hidroweb diário",56,FALSE,0.593867336923784,"alta (>=0.3)",TRUE,0.26245519232857195,7,"jul",8,"ago",3,0.15,8,7,"theta_pi","jul"
"2147068","Santa Rosa de Viterbo","SP",-21.55,-47.3833,"Hidroweb diário",52,FALSE,0.6267269389069585,"alta (>=0.3)",TRUE,0.2000214960534095,7,"jul",8,"ago",3,0.15,8,7,"theta_pi","jul"
"2147069","Cássia dos Coqueiros","SP",-21.2833,-47.1667,"Hidroweb diário",51,FALSE,0.4891614604047107,"alta (>=0.3)",TRUE,0.05332875989381285,7,"jul",8,"ago",3,0.15,8,7,"theta_pi","jul"
"2147071","Cajuru","SP",-21.2167,-47.3,"Hidroweb diário",48,FALSE,0.6118293905025624,"alta (>=0.3)",TRUE,0.2269410244428057,7,"jul",8,"ago",3,0.15,8,7,"theta_pi","jul"
"2147073","Casa Branca","SP",-21.9333,-47.1333,"Hidroweb diário",54,FALSE,0.5655824563830171,"alta (>=0.3)",TRUE,0.1110619076888519,7,"jul",8,"ago",3,0.15,8,7,"theta_pi","jul"
"2147074","Tambau","SP",-21.7,-47.2833,"Hidroweb diário",31,FALSE,0.5754077418175717,"alta (>=0.3)",TRUE,0.1747247664501373,7,"jul",8,"ago",3,0.15,8,7,"theta_pi","jul"
"2147076","Cajuru","SP",-21.3167,-47.3667,"Hidroweb diário",49,FALSE,0.5562150958423943,"alta (>=0.3)",TRUE,0.07837175202896358,7,"jul",8,"ago",3,0.15,8,7,"theta_pi","jul"
"2147077","Brodosqui","SP",-21.0833,-47.65,"Hidroweb diário",55,FALSE,0.6667458421916921,"alta (>=0.3)",TRUE,0.2010086938167509,7,"jul",8,"ago",3,0.15,8,7,"theta_pi","jul"
"2147085","Pirassununga","SP",-21.8833,-47.3167,"Hidroweb diário",47,FALSE,0.4537199240252167,"alta (>=0.3)",TRUE,0.25097551582094213,7,"jul",9,"set",5,0.15,8,7,"theta_pi","jul"
"2147086","Mococa","SP",-21.3833,-47.0833,"Hidroweb diário",42,FALSE,0.45977109407901956,"alta (>=0.3)",TRUE,0.0900129883617147,7,"jul",8,"ago",3,0.15,7,7,"theta_pi","jul"
"2147092","Jardinópolis","SP",-21.0167,-47.7667,"Hidroweb diário",81,FALSE,0.6108508526439328,"alta (>=0.3)",TRUE,0.18311989567926543,7,"jul",9,"set",4,0.15,8,7,"theta_pi","jul"
"2147094","São Simão","SP",-21.3667,-47.4333,"Hidroweb diário",59,FALSE,0.6188567628060048,"alta (>=0.3)",TRUE,0.13962774322347202,7,"jul",9,"set",5,0.15,8,7,"theta_pi","jul"
"2147096","Pirassununga","SP",-21.9833,-47.4333,"Hidroweb diário",33,FALSE,0.5294515378367212,"alta (>=0.3)",TRUE,0.2197208304443891,7,"jul",9,"set",5,0.15,8,7,"theta_pi","jul"
"2147097","Santa Rosa de Viterbo","SP",-21.4833,-47.3667,"Hidroweb diário",33,FALSE,0.739185876542714,"alta (>=0.3)",TRUE,0.08181925271616812,7,"jul",9,"set",6,0.15,7,7,"theta_pi","jul"
"2147099","Santa Cruz das Palmeiras","SP",-21.7667,-47.2333,"Hidroweb diário",33,FALSE,0.6094407675809144,"alta (>=0.3)",TRUE,6.243262448582909,6,"jun",9,"set",5,0.15,7,6,"theta_pi","jun"
"2147105","São Simão","SP",-21.4,-47.6333,"Hidroweb diário",32,FALSE,0.7237151108534142,"alta (>=0.3)",TRUE,0.0896724011851753,7,"jul",9,"set",6,0.15,7,7,"theta_pi","jul"
"2147108","Mococa","SP",-21.4667,-47.0167,"Hidroweb diário",41,FALSE,0.5778717385091836,"alta (>=0.3)",TRUE,0.13274412686523454,7,"jul",9,"set",5,0.15,8,7,"theta_pi","jul"
"2147112","Ribeirão Preto","SP",-21.2,-47.8667,"Hidroweb diário",36,FALSE,0.6922706882598982,"alta (>=0.3)",TRUE,0.2841563545476584,7,"jul",9,"set",6,0.15,4,7,"theta_pi","jul"
"2147113","Casa Branca","SP",-21.9,-47.0333,"Hidroweb diário",79,FALSE,0.6638573946664685,"alta (>=0.3)",TRUE,6.278627152092777,7,"jul",8,"ago",4,0.15,7,7,"theta_pi","jul"
"2147114","Santa Cruz das Palmeiras","SP",-21.8833,-47.2333,"Hidroweb diário",34,FALSE,0.7517815870405914,"alta (>=0.3)",TRUE,0.007661811657377381,7,"jul",9,"set",5,0.15,7,7,"theta_pi","jul"
"2147117","Pirassununga","SP",-21.9997,-47.4167,"Hidroweb diário",85,FALSE,0.5647079663053354,"alta (>=0.3)",TRUE,0.3089211028593687,7,"jul",8,"ago",3,0.15,7,7,"theta_pi","jul"
"2147120","Pirassununga","SP",-21.9,-47.3167,"Hidroweb diário",31,FALSE,0.6801459832086011,"alta (>=0.3)",TRUE,0.2972281829150549,7,"jul",9,"set",5,0.15,7,7,"theta_pi","jul"
"2147123","Santa Rosa de Viterbo","SP",-21.4333,-47.3333,"Hidroweb diário",82,FALSE,0.6708302705760693,"alta (>=0.3)",TRUE,0.11008224875515625,7,"jul",9,"set",5,0.15,8,7,"theta_pi","jul"
"2147126","São Simão","SP",-21.3833,-47.4167,"Hidroweb diário",32,FALSE,0.6282869499800142,"alta (>=0.3)",TRUE,0.20734399990221525,7,"jul",9,"set",5,0.15,8,7,"theta_pi","jul"
"2147154","Santa Rita do Passa Quatro","SP",-21.7,-47.4667,"Hidroweb diário",33,FALSE,0.5009222344670372,"alta (>=0.3)",TRUE,0.3514915019459156,7,"jul",9,"set",5,0.15,8,7,"theta_pi","jul"
"2147165","Casa Branca","SP",-21.6444,-47.0928,"Hidroweb diário",41,FALSE,0.6108307418051815,"alta (>=0.3)",TRUE,0.23499702222633423,7,"jul",9,"set",4,0.15,7,7,"theta_pi","jul"
"2147166","Cajuru","SP",-21.1447,-47.2797,"Hidroweb diário",36,FALSE,0.5978849263577303,"alta (>=0.3)",TRUE,0.09383753319303402,7,"jul",8,"ago",3,0.15,7,7,"theta_pi","jul"
"2148001","Pitangueiras","SP",-21.05,-48.2667,"Hidroweb diário",83,FALSE,0.6373100765148303,"alta (>=0.3)",TRUE,0.17322704240595957,7,"jul",9,"set",5,0.15,7,7,"theta_pi","jul"
"2148002","Paraíso","SP",-21.0167,-48.7667,"Hidroweb diário",37,FALSE,0.6537573462948448,"alta (>=0.3)",TRUE,0.44944688577060915,7,"jul",8,"ago",3,0.15,8,7,"theta_pi","jul"
"2148003","Pontal","SP",-21.0167,-48.0333,"Hidroweb diário",63,FALSE,0.629354995655601,"alta (>=0.3)",TRUE,0.19347939056389782,7,"jul",8,"ago",4,0.15,8,7,"theta_pi","jul"
"2148005","Palmares Paulista","SP",-21.0833,-48.8,"Hidroweb diário",35,FALSE,0.6491419987158112,"alta (>=0.3)",TRUE,0.2523800315830741,7,"jul",8,"ago",3,0.15,8,7,"theta_pi","jul"
"2148006","Catanduva","SP",-21.1333,-48.9667,"Hidroweb diário",34,FALSE,0.5696250005645073,"alta (>=0.3)",TRUE,0.3098145981968863,7,"jul",9,"set",5,0.15,7,7,"theta_pi","jul"
"2148007","Sertãozinho","SP",-21.1833,-48.1167,"Hidroweb diário",58,FALSE,0.6768739483304376,"alta (>=0.3)",TRUE,0.27954205768096907,7,"jul",9,"set",5,0.15,8,7,"theta_pi","jul"
"2148010","Vista Alegre do Alto","SP",-21.15,-48.6333,"Hidroweb diário",55,FALSE,0.598930765550746,"alta (>=0.3)",TRUE,0.2551794133607886,7,"jul",8,"ago",3,0.15,8,7,"theta_pi","jul"
"2148012","Pindorama","SP",-21.2167,-48.9,"Hidroweb diário",89,FALSE,0.6532174127946139,"alta (>=0.3)",TRUE,0.36667152867556224,7,"jul",8,"ago",3,0.15,7,7,"theta_pi","jul"
"2148015","Santa Adélia","SP",-21.2667,-48.7667,"Hidroweb diário",86,FALSE,0.6020128314549839,"alta (>=0.3)",TRUE,0.2853198885700259,7,"jul",9,"set",4,0.15,7,7,"theta_pi","jul"
"2148016","Monte Alto","SP",-21.2667,-48.5,"Hidroweb diário",79,FALSE,0.616800590270727,"alta (>=0.3)",TRUE,0.13892539101822796,7,"jul",8,"ago",3,0.15,8,7,"theta_pi","jul"
"2148017","Fernando Prestes","SP",-21.2667,-48.6833,"Hidroweb diário",42,FALSE,0.6421554946586674,"alta (>=0.3)",TRUE,0.2100138736908432,7,"jul",9,"set",5,0.15,7,7,"theta_pi","jul"
"2148020","Pradópolis","SP",-21.3667,-48.0667,"Hidroweb diário",49,FALSE,0.6851131328058586,"alta (>=0.3)",TRUE,0.11972582642622893,7,"jul",8,"ago",4,0.15,8,7,"theta_pi","jul"
"2148021","Guariba","SP",-21.35,-48.2,"Hidroweb diário",54,FALSE,0.69861582237219,"alta (>=0.3)",TRUE,0.17735833649746707,7,"jul",8,"ago",4,0.15,8,7,"theta_pi","jul"
"2148022","Guariba","SP",-21.4,-48.2167,"Hidroweb diário",44,FALSE,0.6270854100382024,"alta (>=0.3)",TRUE,0.1430051767274018,7,"jul",9,"set",5,0.15,7,7,"theta_pi","jul"
"2148027","Taquaritinga","SP",-21.4667,-48.6167,"Hidroweb diário",53,FALSE,0.6153519335064773,"alta (>=0.3)",TRUE,0.28803381758923124,7,"jul",9,"set",4,0.15,7,7,"theta_pi","jul"
"2148028","Guatapará","SP",-21.5,-48.0333,"Hidroweb diário",95,FALSE,0.5975098918652816,"alta (>=0.3)",TRUE,0.09318811487373574,7,"jul",9,"set",5,0.15,7,7,"theta_pi","jul"
"2148029","Araraquara","SP",-21.5167,-48.15,"Hidroweb diário",64,FALSE,0.6825476890066181,"alta (>=0.3)",TRUE,0.3301648617152261,7,"jul",9,"set",5,0.15,8,7,"theta_pi","jul"
"2148031","Itápolis","SP",-21.5833,-48.8167,"Hidroweb diário",54,FALSE,0.5842733207166947,"alta (>=0.3)",TRUE,0.2817465947618828,7,"jul",8,"ago",4,0.15,8,7,"theta_pi","jul"
"2148032","Rincão","SP",-21.5833,-48.0667,"Hidroweb diário",34,FALSE,0.6713343131240025,"alta (>=0.3)",TRUE,0.19214572151013332,7,"jul",9,"set",5,0.15,7,7,"theta_pi","jul"
"2148033","Matão","SP",-21.6,-48.35,"Hidroweb diário",80,FALSE,0.6970087467689937,"alta (>=0.3)",TRUE,0.18911982770281124,7,"jul",8,"ago",4,0.15,7,7,"theta_pi","jul"
"2148034","Santa Lúcia","SP",-21.6667,-48.05,"Hidroweb diário",64,FALSE,0.6313203824540807,"alta (>=0.3)",TRUE,0.1917248790046389,7,"jul",8,"ago",3,0.15,7,7,"theta_pi","jul"
"2148035","Américo Brasiliense","SP",-21.7333,-48.1,"Hidroweb diário",34,FALSE,0.6668341311399281,"alta (>=0.3)",TRUE,0.0642563841314461,7,"jul",9,"set",5,0.15,8,7,"theta_pi","jul"
"2148036","Borborema","SP",-21.7,-48.9997,"Hidroweb diário",78,FALSE,0.5792659598353542,"alta (>=0.3)",TRUE,0.14407457756046224,7,"jul",8,"ago",4,0.15,7,7,"theta_pi","jul"
"2148038","Ibitinga","SP",-21.7833,-48.85,"Hidroweb diário",61,FALSE,0.5121251895634834,"alta (>=0.3)",TRUE,0.13311856311229103,7,"jul",8,"ago",4,0.15,8,7,"theta_pi","jul"
"2148040","Araraquara","SP",-21.7833,-48.1667,"Hidroweb diário",37,FALSE,0.6319327065046129,"alta (>=0.3)",TRUE,0.3306677028906273,7,"jul",9,"set",4,0.15,7,7,"theta_pi","jul"
"2148041","Araraquara","SP",-21.7833,-48.1667,"Hidroweb diário",86,FALSE,0.6182647962609855,"alta (>=0.3)",TRUE,0.20957824501469402,7,"jul",8,"ago",3,0.15,7,7,"theta_pi","jul"
"2148042","Nova Europa","SP",-21.8167,-48.6167,"Hidroweb diário",32,FALSE,0.6982778614714955,"alta (>=0.3)",TRUE,0.1638285080082078,7,"jul",8,"ago",4,0.15,7,7,"theta_pi","jul"
"2148043","Nova Europa","SP",-21.8,-48.6,"Hidroweb diário",84,FALSE,0.6152944559220431,"alta (>=0.3)",TRUE,0.2798190450136149,7,"jul",8,"ago",4,0.15,8,7,"theta_pi","jul"
"2148044","Ibitinga","SP",-21.8167,-48.8,"Hidroweb diário",76,FALSE,0.5354460769501784,"alta (>=0.3)",TRUE,0.25988652450691996,7,"jul",8,"ago",3,0.15,7,7,"theta_pi","jul"
"2148047","Ibitinga","SP",-21.85,-48.8,"Hidroweb diário",44,FALSE,0.5359650709384153,"alta (>=0.3)",TRUE,0.367243442757844,7,"jul",8,"ago",3,0.15,8,7,"theta_pi","jul"
"2148048","Araraquara","SP",-21.9167,-48.1833,"Hidroweb diário",60,FALSE,0.535495208581494,"alta (>=0.3)",TRUE,0.40781147649470373,7,"jul",8,"ago",4,0.15,8,7,"theta_pi","jul"
"2148050","Pitangueiras","SP",-21.0511,-48.1592,"Hidroweb diário",57,FALSE,0.6658484456885678,"alta (>=0.3)",TRUE,0.1197714030263394,7,"jul",9,"set",4,0.15,8,7,"theta_pi","jul"
"2148051","Pitangueiras","SP",-21.0111,-48.2183,"Hidroweb diário",48,FALSE,0.6601928662000814,"alta (>=0.3)",TRUE,0.24011231429250499,7,"jul",8,"ago",3,0.15,8,7,"theta_pi","jul"
"2148053","Luís Antônio","SP",-21.5,-48.0333,"Hidroweb diário",57,FALSE,0.633268289567858,"alta (>=0.3)",TRUE,0.19036137115586724,7,"jul",9,"set",5,0.15,7,7,"theta_pi","jul"
"2148054","Catanduva","SP",-21.1333,-48.9667,"Hidroweb diário",37,FALSE,0.5899452073283223,"alta (>=0.3)",TRUE,0.23283695546519576,7,"jul",8,"ago",3,0.15,8,7,"theta_pi","jul"
"2148060","Boa Esperança do Sul","SP",-21.8558,-48.3869,"Hidroweb diário",84,FALSE,0.6973590343665031,"alta (>=0.3)",TRUE,0.2983642988805401,7,"jul",9,"set",5,0.15,7,7,"theta_pi","jul"
"2148061","Araraquara","SP",-21.8833,-48.15,"Hidroweb diário",84,FALSE,0.5963756255776173,"alta (>=0.3)",TRUE,0.3042708636075371,7,"jul",8,"ago",4,0.15,7,7,"theta_pi","jul"
"2148071","Itaju","SP",-21.9833,-48.8,"Hidroweb diário",58,FALSE,0.5787911260808217,"alta (>=0.3)",TRUE,0.3013240262957278,7,"jul",9,"set",4,0.15,8,7,"theta_pi","jul"
"2148075","Araraquara","SP",-21.7833,-48.1667,"Hidroweb diário",33,FALSE,0.6020021774053946,"alta (>=0.3)",TRUE,0.35699028978414016,7,"jul",9,"set",5,0.15,7,7,"theta_pi","jul"
"2148078","Santa Lúcia","SP",-21.6833,-48.0833,"Hidroweb diário",88,FALSE,0.6542262416329828,"alta (>=0.3)",TRUE,0.1925966517084781,7,"jul",8,"ago",4,0.15,8,7,"theta_pi","jul"
"2148079","Araraquara","SP",-21.6667,-48.2333,"Hidroweb diário",67,FALSE,0.6078733018187019,"alta (>=0.3)",TRUE,0.38067500795364756,7,"jul",9,"set",5,0.15,7,7,"theta_pi","jul"
"2148082","Jaboticabal","SP",-21.25,-48.3167,"Hidroweb diário",33,FALSE,0.5911851029589212,"alta (>=0.3)",TRUE,0.20724054175792483,7,"jul",9,"set",5,0.15,7,7,"theta_pi","jul"
"2148086","Ibaté","SP",-21.95,-48,"Hidroweb diário",61,FALSE,0.6237164483629278,"alta (>=0.3)",TRUE,0.10367291598553197,7,"jul",8,"ago",4,0.15,8,7,"theta_pi","jul"
"2148087","Araraquara","SP",-21.8833,-48.05,"Hidroweb diário",32,FALSE,0.5998785335040715,"alta (>=0.3)",TRUE,0.09686786870788149,7,"jul",9,"set",5,0.15,7,7,"theta_pi","jul"
"2148094","Araraquara","SP",-21.9167,-48.05,"Hidroweb diário",31,FALSE,0.6559649012644938,"alta (>=0.3)",TRUE,0.08594396062257602,7,"jul",9,"set",5,0.15,7,7,"theta_pi","jul"
"2148097","Araraquara","SP",-21.9333,-48.1333,"Hidroweb diário",31,FALSE,0.641639049612666,"alta (>=0.3)",TRUE,0.15848437035232954,7,"jul",9,"set",5,0.15,8,7,"theta_pi","jul"
"2148098","Araraquara","SP",-21.9,-48.15,"Hidroweb diário",31,FALSE,0.6122340743651102,"alta (>=0.3)",TRUE,0.1412970514051798,7,"jul",8,"ago",4,0.15,7,7,"theta_pi","jul"
"2148106","Cândido Rodrigues","SP",-21.3333,-48.6333,"Hidroweb diário",84,FALSE,0.6446436021792379,"alta (>=0.3)",TRUE,0.3350461388001088,7,"jul",9,"set",4,0.15,7,7,"theta_pi","jul"
"2148113","Santa Adélia","SP",-21.3333,-48.85,"Hidroweb diário",31,FALSE,0.5742191790418385,"alta (>=0.3)",TRUE,0.2301788741857958,7,"jul",8,"ago",3,0.15,8,7,"theta_pi","jul"
"2148116","Jaboticabal","SP",-21.1833,-48.1833,"Hidroweb diário",47,FALSE,0.6810090575798824,"alta (>=0.3)",TRUE,0.100993247464634,7,"jul",9,"set",5,0.15,7,7,"theta_pi","jul"
"2148121","Tabatinga","SP",-21.7,-48.5333,"Hidroweb diário",50,FALSE,0.5339970226153355,"alta (>=0.3)",TRUE,0.21056690339985945,7,"jul",8,"ago",3,0.15,8,7,"theta_pi","jul"
"2148122","Taiuva","SP",-21.1167,-48.4167,"Hidroweb diário",53,FALSE,0.6545646919730358,"alta (>=0.3)",TRUE,0.42060027303663267,7,"jul",8,"ago",3,0.15,8,7,"theta_pi","jul"
"2148123","Sertãozinho","SP",-21.1,-48.0667,"Hidroweb diário",58,FALSE,0.6623393845239165,"alta (>=0.3)",TRUE,0.24765384372773822,7,"jul",8,"ago",4,0.15,8,7,"theta_pi","jul"
"2148124","Boa Esperança do Sul","SP",-21.9833,-48.4,"Hidroweb diário",47,FALSE,0.6194749176020244,"alta (>=0.3)",TRUE,0.17093302547070147,7,"jul",8,"ago",4,0.15,7,7,"theta_pi","jul"
"2148126","Itápolis","SP",-21.6,-48.9667,"Hidroweb diário",51,FALSE,0.5866687923251008,"alta (>=0.3)",TRUE,0.2943801887790049,7,"jul",8,"ago",3,0.15,7,7,"theta_pi","jul"
"2148127","Araraquara","SP",-21.9,-48.1,"Hidroweb diário",33,FALSE,0.6655118255487296,"alta (>=0.3)",TRUE,0.035565085284132325,7,"jul",9,"set",5,0.15,7,7,"theta_pi","jul"
"2148128","Iacanga","SP",-21.9,-49,"Hidroweb diário",62,FALSE,0.588323475359184,"alta (>=0.3)",TRUE,0.16905591359633676,7,"jul",8,"ago",3,0.15,8,7,"theta_pi","jul"
"2148160","Jaboticabal","SP",-21.3333,-48.3167,"Hidroweb diário",67,FALSE,0.7676376582821216,"alta (>=0.3)",TRUE,0.33507841394359944,7,"jul",8,"ago",4,0.15,8,7,"theta_pi","jul"
"2148164","Ibaté","SP",-21.9542,-48.006100000000004,"Hidroweb diário",37,FALSE,0.5734992654625396,"alta (>=0.3)",TRUE,0.11346808379656839,7,"jul",8,"ago",3,0.15,7,7,"theta_pi","jul"
"2148166","Matão","SP",-21.6575,-48.3542,"Hidroweb diário",37,FALSE,0.5856744087275133,"alta (>=0.3)",TRUE,0.3205581360383842,7,"jul",9,"set",5,0.15,7,7,"theta_pi","jul"
"2148167","Gavião Peixoto","SP",-21.8367,-48.4953,"Hidroweb diário",41,FALSE,0.5813600599588249,"alta (>=0.3)",TRUE,0.3319276687226644,7,"jul",9,"set",4,0.15,7,7,"theta_pi","jul"
"2148168","Ribeirão Bonito","SP",-21.9614,-48.2489,"Hidroweb diário",41,FALSE,0.5783144627908416,"alta (>=0.3)",TRUE,0.2244684751524855,7,"jul",8,"ago",3,0.15,7,7,"theta_pi","jul"
"2148169","Nova Europa","SP",-21.7794,-48.5672,"Hidroweb diário",34,FALSE,0.5813783885184933,"alta (>=0.3)",TRUE,0.21103102266761664,7,"jul",9,"set",5,0.15,8,7,"theta_pi","jul"
"2148173","Taquaritinga","SP",-21.3897,-48.3997,"Hidroweb diário",34,FALSE,0.5146196573169197,"alta (>=0.3)",TRUE,0.18064585798895746,7,"jul",9,"set",4,0.15,8,7,"theta_pi","jul"
"2149001","Potirendaba","SP",-21.0333,-49.3833,"Hidroweb diário",73,FALSE,0.5876789179886591,"alta (>=0.3)",TRUE,0.23553573732620164,7,"jul",8,"ago",4,0.15,8,7,"theta_pi","jul"
"2149002","José Bonifácio","SP",-21.05,-49.6833,"Hidroweb diário",53,FALSE,0.5853337941470873,"alta (>=0.3)",TRUE,0.3170197659563679,7,"jul",8,"ago",3,0.15,7,7,"theta_pi","jul"
"2149003","Catiguá","SP",-21.05,-49.0667,"Hidroweb diário",78,FALSE,0.6041116793724136,"alta (>=0.3)",TRUE,0.3747939302244606,7,"jul",8,"ago",4,0.15,8,7,"theta_pi","jul"
"2149005","Mendonça","SP",-21.1833,-49.5833,"Hidroweb diário",79,FALSE,0.6039148309290905,"alta (>=0.3)",TRUE,0.34999757404072257,7,"jul",8,"ago",3,0.15,8,7,"theta_pi","jul"
"2149006","Urupês","SP",-21.1833,-49.3,"Hidroweb diário",85,FALSE,0.6375206235634948,"alta (>=0.3)",TRUE,0.31567813383249255,7,"jul",8,"ago",4,0.15,8,7,"theta_pi","jul"
"2149007","Barbosa","SP",-21.2667,-49.9333,"Hidroweb diário",82,FALSE,0.5903824468374449,"alta (>=0.3)",TRUE,0.26824544500218417,7,"jul",8,"ago",3,0.15,8,7,"theta_pi","jul"
"2149008","Itajobi","SP",-21.3167,-49.05,"Hidroweb diário",78,FALSE,0.600851694029053,"alta (>=0.3)",TRUE,0.2994443764684441,7,"jul",8,"ago",4,0.15,8,7,"theta_pi","jul"
"2149009","Promissão","SP",-21.25,-49.8,"Hidroweb diário",31,FALSE,0.61987282561845225,"alta (>=0.3)",TRUE,0.1708853338469369,7,"jul",8,"ago",3,0.15,8,7,"theta_pi","jul"
"2149010","Sales","SP",-21.35,-49.5,"Hidroweb diário",35,FALSE,0.5715390325763574,"alta (>=0.3)",TRUE,0.3521479726718904,7,"jul",8,"ago",3,0.15,8,7,"theta_pi","jul"
"2149011","Novo Horizonte","SP",-21.4667,-49.2167,"Hidroweb diário",31,FALSE,0.6487296673841905,"alta (>=0.3)",TRUE,0.15951016503338547,7,"jul",9,"set",5,0.15,8,7,"theta_pi","jul"
"2149013","Promissão","SP",-21.4167,-49.8,"Hidroweb diário",32,FALSE,0.5285397961785554,"alta (>=0.3)",TRUE,0.3600269608061369,7,"jul",8,"ago",3,0.15,8,7,"theta_pi","jul"
"2149014","Avanhandava","SP",-21.45,-49.95,"Hidroweb diário",35,FALSE,0.5253278035672847,"alta (>=0.3)",TRUE,0.37188561417251553,7,"jul",8,"ago",3,0.15,8,7,"theta_pi","jul"
"2149017","Guaiçara","SP",-21.6167,-49.8,"Hidroweb diário",87,FALSE,0.6396826309774354,"alta (>=0.3)",TRUE,0.1993214171509903,7,"jul",8,"ago",3,0.15,7,7,"theta_pi","jul"
"2149018","Lins","SP",-21.7,-49.6833,"Hidroweb diário",56,FALSE,0.6017361290502151,"alta (>=0.3)",TRUE,0.2088740493053958,7,"jul",8,"ago",3,0.15,8,7,"theta_pi","jul"
"2149019","Borborema","SP",-21.7,-49.1333,"Hidroweb diário",56,FALSE,0.572673634007717,"alta (>=0.3)",TRUE,0.3024591983290095,7,"jul",8,"ago",3,0.15,7,7,"theta_pi","jul"
"2149020","Pongai","SP",-21.7333,-49.35,"Hidroweb diário",31,FALSE,0.5234295051309096,"alta (>=0.3)",TRUE,0.47381946922750584,7,"jul",8,"ago",3,0.15,8,7,"theta_pi","jul"
"2149021","Cafelândia","SP",-21.8167,-49.6333,"Hidroweb diário",85,FALSE,0.5864946812951614,"alta (>=0.3)",TRUE,0.3062240050680746,7,"jul",8,"ago",3,0.15,8,7,"theta_pi","jul"
"2149022","Guaimbê","SP",-21.7833,-49.8,"Hidroweb diário",78,FALSE,0.6255686287259973,"alta (>=0.3)",TRUE,0.42810914795216715,7,"jul",8,"ago",3,0.15,7,7,"theta_pi","jul"
"2149023","Reginópolis","SP",-21.8833,-49.2333,"Hidroweb diário",58,FALSE,0.543112188830015,"alta (>=0.3)",TRUE,0.4442284553231084,7,"jul",8,"ago",3,0.15,7,7,"theta_pi","jul"
"2149024","Guaimbê","SP",-21.9167,-49.8667,"Hidroweb diário",34,FALSE,0.5258017377228373,"alta (>=0.3)",TRUE,0.20334828887697556,7,"jul",9,"set",4,0.15,8,7,"theta_pi","jul"
"2149026","Balbinos","SP",-21.9,-49.3667,"Hidroweb diário",31,FALSE,0.4514902741935973,"alta (>=0.3)",TRUE,0.2644973234231832,7,"jul",8,"ago",3,0.15,8,7,"theta_pi","jul"
"2149028","Guaimbê","SP",-21.9167,-49.9,"Hidroweb diário",70,FALSE,0.5599541933931867,"alta (>=0.3)",TRUE,0.1475837993522942,7,"jul",8,"ago",3,0.15,7,7,"theta_pi","jul"
"2149030","Júlio Mesquita","SP",-21.9167,-49.7833,"Hidroweb diário",61,FALSE,0.5477363756096677,"alta (>=0.3)",TRUE,0.11489799228555476,7,"jul",8,"ago",3,0.15,8,7,"theta_pi","jul"
"2149040","Novo Horizonte","SP",-21.4167,-49.3167,"Hidroweb diário",41,FALSE,0.5377810792691856,"alta (>=0.3)",TRUE,0.36643111967792436,7,"jul",8,"ago",3,0.15,8,7,"theta_pi","jul"
"2149041","Irapuã","SP",-21.2833,-49.4167,"Hidroweb diário",31,FALSE,0.6385778366328775,"alta (>=0.3)",TRUE,0.32202089011572904,7,"jul",8,"ago",3,0.15,8,7,"theta_pi","jul"
"2149043","Guaranta","SP",-21.9167,-49.65,"Hidroweb diário",42,FALSE,0.5684933786267232,"alta (>=0.3)",TRUE,0.14040461040030305,7,"jul",8,"ago",3,0.15,8,7,"theta_pi","jul"
"2149047","Sabino","SP",-21.45,-49.5667,"Hidroweb diário",31,FALSE,0.6296205536398067,"alta (>=0.3)",TRUE,0.44333708765884833,7,"jul",8,"ago",3,0.15,8,7,"theta_pi","jul"
"2149060","Nova Aliança","SP",-21.0833,-49.55,"Hidroweb diário",56,FALSE,0.572990165608977,"alta (>=0.3)",TRUE,0.33060248001270903,7,"jul",9,"set",5,0.15,8,7,"theta_pi","jul"
"2149064","Guaranta","SP",-21.8833,-49.5333,"Hidroweb diário",71,FALSE,0.6682748063667777,"alta (>=0.3)",TRUE,0.3768941637443849,7,"jul",8,"ago",3,0.15,7,7,"theta_pi","jul"
"2149069","Promissão","SP",-21.5333,-49.8667,"Hidroweb diário",68,FALSE,0.5550154387826761,"alta (>=0.3)",TRUE,0.15147457946989099,7,"jul",8,"ago",3,0.15,7,7,"theta_pi","jul"
"2149078","Ibira","SP",-21.1,-49.1833,"Hidroweb diário",52,FALSE,0.5817840421548124,"alta (>=0.3)",TRUE,0.3709607956132047,7,"jul",8,"ago",3,0.15,7,7,"theta_pi","jul"
"2150001","Araçatuba","SP",-21.05,-50.4667,"Hidroweb diário",68,FALSE,0.6301890109492415,"alta (>=0.3)",TRUE,0.3069531338701482,7,"jul",9,"set",5,0.15,8,7,"theta_pi","jul"
"2150002","Birigui","SP",-21.2833,-50.3333,"Hidroweb diário",31,FALSE,0.5639222677998297,"alta (>=0.3)",TRUE,0.09302731287389213,7,"jul",9,"set",4,0.15,7,7,"theta_pi","jul"
"2150003","Lavínia","SP",-21,-50.9167,"Hidroweb diário",47,FALSE,0.6420279563978712,"alta (>=0.3)",TRUE,0.22102288465046158,7,"jul",8,"ago",3,0.15,8,7,"theta_pi","jul"
"2150004","Araçatuba","SP",-21.0833,-50.3833,"Hidroweb diário",32,FALSE,0.6023512443995178,"alta (>=0.3)",TRUE,0.4428328555398717,7,"jul",8,"ago",3,0.15,8,7,"theta_pi","jul"
"2150006","Valparaíso","SP",-21.1167,-50.8333,"Hidroweb diário",31,FALSE,0.6117995668540017,"alta (>=0.3)",TRUE,0.2768594369454586,7,"jul",8,"ago",3,0.15,8,7,"theta_pi","jul"
"2150007","Coroados","SP",-21.15,-50.1833,"Hidroweb diário",40,FALSE,0.4570641182576316,"alta (>=0.3)",TRUE,0.02128745910669709,7,"jul",8,"ago",4,0.15,7,7,"theta_pi","jul"
"2150008","Coroados","SP",-21.1667,-50.2333,"Hidroweb diário",45,FALSE,0.5714289070357709,"alta (>=0.3)",TRUE,0.35426122604463767,7,"jul",8,"ago",3,0.15,8,7,"theta_pi","jul"
"2150009","Araçatuba","SP",-21.2,-50.4167,"Hidroweb diário",40,FALSE,0.5998017794460649,"alta (>=0.3)",TRUE,0.31451283608982733,7,"jul",9,"set",5,0.15,7,7,"theta_pi","jul"
"2150010","Araçatuba","SP",-21.2,-50.45,"Hidroweb diário",82,FALSE,0.5893803800257348,"alta (>=0.3)",TRUE,0.30273490136240416,7,"jul",8,"ago",3,0.15,7,7,"theta_pi","jul"
"2150013","Guararapes","SP",-21.2667,-50.6333,"Hidroweb diário",68,FALSE,0.547179228098296,"alta (>=0.3)",TRUE,0.15108850032035662,7,"jul",8,"ago",3,0.15,8,7,"theta_pi","jul"
"2150015","Birigui","SP",-21.2833,-50.3333,"Hidroweb diário",64,FALSE,0.6356752630230573,"alta (>=0.3)",TRUE,0.23109171670625106,7,"jul",8,"ago",4,0.15,7,7,"theta_pi","jul"
"2150016","Birigui","SP",-21.3333,-50.3667,"Hidroweb diário",62,FALSE,0.6220068054050719,"alta (>=0.3)",TRUE,0.1871039632590951,7,"jul",9,"set",5,0.15,7,7,"theta_pi","jul"
"2150017","Araçatuba","SP",-21.3333,-50.5167,"Hidroweb diário",54,FALSE,0.5406822281231107,"alta (>=0.3)",TRUE,0.06798949868667709,7,"jul",8,"ago",3,0.15,7,7,"theta_pi","jul"
"2150018","Guararapes","SP",-21.25,-50.7167,"Hidroweb diário",39,FALSE,0.5918751843142344,"alta (>=0.3)",TRUE,0.23204456761668782,7,"jul",8,"ago",3,0.15,7,7,"theta_pi","jul"
"2150019","Coroados","SP",-21.35,-50.2833,"Hidroweb diário",77,FALSE,0.5998486644357967,"alta (>=0.3)",TRUE,0.2662493113423123,7,"jul",9,"set",4,0.15,7,7,"theta_pi","jul"
"2150021","Guararapes","SP",-21.35,-50.6833,"Hidroweb diário",69,FALSE,0.5781886722832292,"alta (>=0.3)",TRUE,0.21626519748401138,7,"jul",8,"ago",3,0.15,7,7,"theta_pi","jul"
"2150022","Penápolis","SP",-21.4333,-50.0667,"Hidroweb diário",85,FALSE,0.666209900247501,"alta (>=0.3)",TRUE,0.3249208088043132,7,"jul",8,"ago",3,0.15,8,7,"theta_pi","jul"
"2150024","Brauna","SP",-21.5667,-50.3333,"Hidroweb diário",77,FALSE,0.5479144714637143,"alta (>=0.3)",TRUE,0.2705904020853347,7,"jul",8,"ago",3,0.15,7,7,"theta_pi","jul"
"2150025","Piacatu","SP",-21.6,-50.6,"Hidroweb diário",50,FALSE,0.4165019963888407,"alta (>=0.3)",TRUE,0.22920018880235463,7,"jul",8,"ago",3,0.15,8,7,"theta_pi","jul"
"2150026","Alto Alegre","SP",-21.5833,-50.1667,"Hidroweb diário",85,FALSE,0.6672310401118783,"alta (>=0.3)",TRUE,0.30224780719372274,7,"jul",8,"ago",3,0.15,7,7,"theta_pi","jul"
"2150027","Santópolis do Aguapeí","SP",-21.6333,-50.5,"Hidroweb diário",32,FALSE,0.5339724740601023,"alta (>=0.3)",TRUE,0.14674086876135903,7,"jul",8,"ago",3,0.15,8,7,"theta_pi","jul"
"2150028","Santópolis do Aguapeí","SP",-21.6167,-50.9167,"Hidroweb diário",68,FALSE,0.5859465353922947,"alta (>=0.3)",TRUE,0.22223631075764286,7,"jul",8,"ago",3,0.15,7,7,"theta_pi","jul"
"2150029","Getulina","SP",-21.7,-50.3,"Hidroweb diário",77,FALSE,0.6098896807762475,"alta (>=0.3)",TRUE,0.17139738563080342,7,"jul",8,"ago",3,0.15,7,7,"theta_pi","jul"
"2150030","Getulina","SP",-21.75,-50.1167,"Hidroweb diário",84,FALSE,0.5793288610632307,"alta (>=0.3)",TRUE,0.2235288498387897,7,"jul",8,"ago",3,0.15,7,7,"theta_pi","jul"
"2150031","Parapuã","SP",-21.7833,-50.7833,"Hidroweb diário",55,FALSE,0.5150683761676853,"alta (>=0.3)",TRUE,0.11240296161795083,7,"jul",9,"set",3,0.15,8,7,"theta_pi","jul"
"2150032","Osvaldo Cruz","SP",-21.8,-50.8667,"Hidroweb diário",65,FALSE,0.4864491862801514,"alta (>=0.3)",TRUE,0.23353499695984387,7,"jul",8,"ago",3,0.15,7,7,"theta_pi","jul"
"2150034","Queiroz","SP",-21.8,-50.2333,"Hidroweb diário",71,FALSE,0.6039860087046023,"alta (>=0.3)",TRUE,0.14828791152413942,7,"jul",9,"set",4,0.15,7,7,"theta_pi","jul"
"2150035","Iacri","SP",-21.8,-50.6167,"Hidroweb diário",55,FALSE,0.5292426058292089,"alta (>=0.3)",TRUE,0.18612087463401145,7,"jul",8,"ago",3,0.15,8,7,"theta_pi","jul"
"2150037","Iacri","SP",-21.8667,-50.7,"Hidroweb diário",67,FALSE,0.4495062017506659,"alta (>=0.3)",TRUE,0.5142057162584591,7,"jul",8,"ago",3,0.15,8,7,"theta_pi","jul"
"2150038","Bastos","SP",-21.9167,-50.7333,"Hidroweb diário",77,FALSE,0.38612912511888753,"alta (>=0.3)",TRUE,0.19853176454270743,7,"jul",8,"ago",3,0.15,8,7,"theta_pi","jul"
"2150039","Tupã","SP",-21.9333,-50.5333,"Hidroweb diário",57,FALSE,0.48529299557550903,"alta (>=0.3)",TRUE,0.2139020557769835,7,"jul",8,"ago",3,0.15,7,7,"theta_pi","jul"
"2150040","Rancharia","SP",-21.95,-50.9333,"Hidroweb diário",76,FALSE,0.4446294417480848,"alta (>=0.3)",TRUE,0.1505015599426518,7,"jul",8,"ago",3,0.15,8,7,"theta_pi","jul"
"2150041","Tupã","SP",-21.9667,-50.45,"Hidroweb diário",61,FALSE,0.5142980005678487,"alta (>=0.3)",TRUE,0.32007129966325304,7,"jul",8,"ago",3,0.15,8,7,"theta_pi","jul"
"2150043","Lucélia","SP",-21.4525,-50.9194,"Hidroweb diário",38,FALSE,0.6121051957678226,"alta (>=0.3)",TRUE,0.21635063725275253,7,"jul",8,"ago",3,0.15,8,7,"theta_pi","jul"
"2150049","Araçatuba","SP",-21.2,-50.4333,"Hidroweb diário",34,FALSE,0.58694853023159,"alta (>=0.3)",TRUE,0.2177285857740877,7,"jul",9,"set",5,0.15,8,7,"theta_pi","jul"
"2150061","Valparaíso","SP",-21.25,-50.8667,"Hidroweb diário",81,FALSE,0.6169581482452274,"alta (>=0.3)",TRUE,0.2397822784472871,7,"jul",8,"ago",3,0.15,7,7,"theta_pi","jul"
"2150062","Valparaíso","SP",-21.1833,-50.8,"Hidroweb diário",31,FALSE,0.5086204358559115,"alta (>=0.3)",TRUE,0.05415654800017904,7,"jul",9,"set",4,0.15,7,7,"theta_pi","jul"
"2150064","Rinópolis","SP",-21.7333,-50.7167,"Hidroweb diário",52,FALSE,0.47397601045054377,"alta (>=0.3)",TRUE,0.5518822593338069,8,"ago",9,"set",4,0.15,8,8,"theta_pi","ago"
"2150067","Tupã","SP",-21.9,-50.6,"Hidroweb diário",63,FALSE,0.4676808875470961,"alta (>=0.3)",TRUE,0.2883055950929045,7,"jul",8,"ago",3,0.15,7,7,"theta_pi","jul"
"2150069","Buritama","SP",-21.0667,-50.15,"Hidroweb diário",31,FALSE,0.586393007290163,"alta (>=0.3)",TRUE,0.2520845828824036,7,"jul",8,"ago",3,0.15,8,7,"theta_pi","jul"
"2150079","Bilac","SP",-21.4,-50.4833,"Hidroweb diário",43,FALSE,0.5795717668609965,"alta (>=0.3)",TRUE,0.249589379795731,7,"jul",10,"out",8,0.15,4,7,"theta_pi","jul"
"2150090","Coroados","SP",-21.1333,-50.2,"Hidroweb diário",46,FALSE,0.5215823893562771,"alta (>=0.3)",TRUE,0.2969756884113801,7,"jul",8,"ago",3,0.15,8,7,"theta_pi","jul"
"2151002","Guaraçaí","SP",-21.0333,-51.2,"Hidroweb diário",80,FALSE,0.5609468500441356,"alta (>=0.3)",TRUE,0.32371777723464285,7,"jul",9,"set",4,0.15,8,7,"theta_pi","jul"
"2151003","Murutinga do Sul","SP",-21.0833,-51.3333,"Hidroweb diário",54,FALSE,0.5329705956946582,"alta (>=0.3)",TRUE,0.22755815149752653,7,"jul",8,"ago",3,0.15,8,7,"theta_pi","jul"
"2151004","Nova Independência","SP",-21.1,-51.4833,"Hidroweb diário",31,FALSE,0.49594237227623356,"alta (>=0.3)",TRUE,0.07259746264133747,7,"jul",8,"ago",3,0.15,8,7,"theta_pi","jul"
"2151005","Adamantina","SP",-21.6833,-51.0833,"Hidroweb diário",73,FALSE,0.49932852956623275,"alta (>=0.3)",TRUE,0.25269299854651295,7,"jul",8,"ago",3,0.15,7,7,"theta_pi","jul"
"2151006","Monte Castelo","SP",-21.3,-51.5667,"Hidroweb diário",68,FALSE,0.5116997807885851,"alta (>=0.3)",TRUE,0.2586270307658853,7,"jul",8,"ago",3,0.15,7,7,"theta_pi","jul"
"2151007","Lavínia","SP",-21.2833,-51.1333,"Hidroweb diário",31,FALSE,0.5453941885299645,"alta (>=0.3)",TRUE,0.24699492698310396,7,"jul",8,"ago",3,0.15,7,7,"theta_pi","jul"
"2151008","Panorama","SP",-21.35,-51.85,"Hidroweb diário",70,FALSE,0.5093228312679341,"alta (>=0.3)",TRUE,0.4010887465189248,7,"jul",8,"ago",3,0.15,7,7,"theta_pi","jul"
"2151009","Junqueirópolis","SP",-21.4333,-51.3667,"Hidroweb diário",31,FALSE,0.4721756016507091,"alta (>=0.3)",TRUE,0.3288746143907627,7,"jul",8,"ago",3,0.15,8,7,"theta_pi","jul"
"2151010","Dracena","SP",-21.4667,-51.5333,"Hidroweb diário",74,FALSE,0.47714177331386026,"alta (>=0.3)",TRUE,0.12023089347944538,7,"jul",8,"ago",3,0.15,7,7,"theta_pi","jul"
"2151011","Irapuru","SP",-21.5667,-51.35,"Hidroweb diário",74,FALSE,0.514576373194241,"alta (>=0.3)",TRUE,0.14025779600803034,7,"jul",8,"ago",3,0.15,7,7,"theta_pi","jul"
"2151012","Flórida Paulista","SP",-21.7244,-51.2767,"Hidroweb diário",58,FALSE,0.5962298634665608,"alta (>=0.3)",TRUE,0.18755649046409853,7,"jul",8,"ago",3,0.15,8,7,"theta_pi","jul"
"2151013","Flórida Paulista","SP",-21.5,-51.15,"Hidroweb diário",76,FALSE,0.6028206153158847,"alta (>=0.3)",TRUE,0.1975312167787672,7,"jul",8,"ago",3,0.15,7,7,"theta_pi","jul"
"2151016","Mariápolis","SP",-21.7833,-51.1833,"Hidroweb diário",31,FALSE,0.46445341998186185,"alta (>=0.3)",TRUE,0.1331696866894673,7,"jul",8,"ago",3,0.15,8,7,"theta_pi","jul"
"2151017","Presidente Bernardes","SP",-21.8333,-51.4833,"Hidroweb diário",65,FALSE,0.4649296954981875,"alta (>=0.3)",TRUE,0.1349368257718424,7,"jul",8,"ago",2,0.15,7,7,"theta_pi","jul"
"2151019","Piquerobi","SP",-21.8833,-51.7333,"Hidroweb diário",76,FALSE,0.3882166772301209,"alta (>=0.3)",TRUE,6.218279426979081,6,"jun",8,"ago",3,0.15,8,6,"theta_pi","jun"
"2151020","Presidente Venceslau","SP",-21.8833,-51.8333,"Hidroweb diário",66,FALSE,0.38095371497640196,"alta (>=0.3)",TRUE,0.039205495645969646,7,"jul",8,"ago",3,0.15,8,7,"theta_pi","jul"
"2151021","Alfredo Marcondes","SP",-21.95,-51.4167,"Hidroweb diário",65,FALSE,0.440106619950271,"alta (>=0.3)",TRUE,0.07696695718619238,7,"jul",8,"ago",3,0.15,7,7,"theta_pi","jul"
"2151035","Caiuá","SP",-21.8333,-51.9833,"Hidroweb diário",68,FALSE,0.3973070333413871,"alta (>=0.3)",TRUE,0.3946458975185959,7,"jul",8,"ago",3,0.15,8,7,"theta_pi","jul"
"2151039","Lucélia","SP",-21.7333,-51.0167,"Hidroweb diário",69,FALSE,0.462102676777167,"alta (>=0.3)",TRUE,0.2757904613486351,7,"jul",8,"ago",3,0.15,8,7,"theta_pi","jul"
"2151049","Valparaíso","SP",-21.4333,-51.0167,"Hidroweb diário",50,FALSE,0.514019956867962,"alta (>=0.3)",TRUE,0.27258579306092606,7,"jul",8,"ago",3,0.15,8,7,"theta_pi","jul"
"2151051","Martinópolis","SP",-21.9997,-51.1333,"Hidroweb diário",50,FALSE,0.4118688761490849,"alta (>=0.3)",TRUE,0.12379470440497072,7,"jul",8,"ago",3,0.15,8,7,"theta_pi","jul"
"2151052","Ouro Verde","SP",-21.5833,-51.7167,"Hidroweb diário",53,FALSE,0.45144663427594295,"alta (>=0.3)",TRUE,0.15881312945621628,7,"jul",8,"ago",3,0.15,7,7,"theta_pi","jul"
"2151053","Mirandópolis","SP",-21.0167,-51.1,"Hidroweb diário",63,FALSE,0.5485588898622744,"alta (>=0.3)",TRUE,0.13139875125682227,7,"jul",8,"ago",3,0.15,7,7,"theta_pi","jul"
"2151055","Mirandópolis","SP",-21.1333,-51.1,"Hidroweb diário",49,FALSE,0.511592682745959,"alta (>=0.3)",TRUE,0.19349746851006752,7,"jul",8,"ago",3,0.15,8,7,"theta_pi","jul"
"2151056","Flora Rica","SP",-21.7333,-51.45,"Hidroweb diário",40,FALSE,0.453408925106547,"alta (>=0.3)",TRUE,0.12385419939818856,7,"jul",8,"ago",3,0.15,8,7,"theta_pi","jul"
"2151059","Santo Anastácio","SP",-21.9667,-51.65,"Hidroweb diário",82,FALSE,0.37779567513370726,"alta (>=0.3)",TRUE,0.07066314007343356,7,"jul",8,"ago",3,0.15,8,7,"theta_pi","jul"
"2152002","Presidente Epitácio","SP",-21.7833,-52.1333,"Hidroweb diário",33,FALSE,0.3782866998083538,"alta (>=0.3)",TRUE,0.17444089394623324,7,"jul",8,"ago",4,0.15,8,7,"theta_pi","jul"
"2244001","Queluz","SP",-22.5406,-44.7736,"Hidroweb diário",77,FALSE,0.7028386376745878,"alta (>=0.3)",TRUE,0.21394419926979644,7,"jul",9,"set",5,0.15,7,7,"theta_pi","jul"
"2244002","Queluz","SP",-22.5333,-44.7667,"Hidroweb diário",37,FALSE,0.6024532642528401,"alta (>=0.3)",TRUE,0.21773573920522302,7,"jul",8,"ago",4,0.15,8,7,"theta_pi","jul"
"2244003","Cruzeiro","SP",-22.5892,-44.9558,"Hidroweb diário",61,FALSE,0.6634053986989069,"alta (>=0.3)",TRUE,0.35277657213166647,7,"jul",9,"set",5,0.15,8,7,"theta_pi","jul"
"2244004","Cruzeiro","SP",-22.5814,-44.965,"Hidroweb diário",76,FALSE,0.6097768239846604,"alta (>=0.3)",TRUE,0.1291812804830215,7,"jul",8,"ago",4,0.15,7,7,"theta_pi","jul"
"2244005","Cruzeiro","SP",-22.5833,-44.9833,"Hidroweb diário",60,FALSE,0.6600140140710385,"alta (>=0.3)",TRUE,0.32887326034950465,7,"jul",9,"set",5,0.15,7,7,"theta_pi","jul"
"2244006","São José do Barreiro","SP",-22.65,-44.5833,"Hidroweb diário",49,FALSE,0.7508865712767391,"alta (>=0.3)",TRUE,0.4465127254574084,7,"jul",9,"set",5,0.15,6,7,"theta_pi","jul"
"2244007","Silveiras","SP",-22.6667,-44.85,"Hidroweb diário",44,FALSE,0.6230664417657212,"alta (>=0.3)",TRUE,0.3123043936469022,7,"jul",8,"ago",4,0.15,7,7,"theta_pi","jul"
"2244010","Cachoeira Paulista","SP",-22.6919,-44.975,"Hidroweb diário",88,FALSE,0.6507801533636696,"alta (>=0.3)",TRUE,0.34985349561791107,7,"jul",9,"set",5,0.15,7,7,"theta_pi","jul"
"2244012","Cachoeira Paulista","SP",-22.7333,-44.9167,"Hidroweb diário",32,FALSE,0.7136736291349683,"alta (>=0.3)",TRUE,0.594239265878122,8,"ago",8,"ago",3,0.15,8,8,"theta_pi","ago"
"2244016","Areias","SP",-22.75,-44.6833,"Hidroweb diário",35,FALSE,0.6593617048254186,"alta (>=0.3)",TRUE,0.2592897669809766,7,"jul",9,"set",5,0.15,8,7,"theta_pi","jul"
"2244048","Cunha","SP",-22.9211,-44.8222,"Hidroweb diário",59,FALSE,0.617109357620391,"alta (>=0.3)",TRUE,0.3132888143012577,7,"jul",8,"ago",4,0.15,7,7,"theta_pi","jul"
"2244100","São José do Barreiro","SP",-22.6442,-44.5811,"Hidroweb diário",36,FALSE,0.6059795444861404,"alta (>=0.3)",TRUE,6.276843569512059,7,"jul",9,"set",5,0.15,6,7,"theta_pi","jul"
"2244124","Cachoeira Paulista","SP",-22.7297,-44.915,"Hidroweb diário",72,FALSE,0.7785285510668603,"alta (>=0.3)",TRUE,0.4355445956490928,7,"jul",9,"set",5,0.15,8,7,"theta_pi","jul"
"2244127","Cruzeiro","SP",-22.4833,-44.9833,"Hidroweb diário",41,FALSE,0.6485112944368623,"alta (>=0.3)",TRUE,0.3122694819652511,7,"jul",8,"ago",3,0.15,7,7,"theta_pi","jul"
"2244133","Bananal","SP",-22.6833,-44.3167,"Hidroweb diário",77,FALSE,0.6580742823348522,"alta (>=0.3)",TRUE,0.22138922287041543,7,"jul",9,"set",5,0.15,8,7,"theta_pi","jul"
"2244135","São José do Barreiro","SP",-22.7361,-44.6269,"Hidroweb diário",45,FALSE,0.714070416596392,"alta (>=0.3)",TRUE,0.2812553924329518,7,"jul",8,"ago",4,0.15,7,7,"theta_pi","jul"
"2245002","Cruzeiro","SP",-22.5,-45.0167,"Hidroweb diário",41,FALSE,0.5704895698196559,"alta (>=0.3)",TRUE,0.23453021509485403,7,"jul",8,"ago",4,0.15,7,7,"theta_pi","jul"
"2245003","Piquete","SP",-22.6,-45.2167,"Hidroweb diário",39,FALSE,0.5010223652637463,"alta (>=0.3)",TRUE,0.3566623210815101,7,"jul",8,"ago",4,0.15,7,7,"theta_pi","jul"
"2245007","Cachoeira Paulista","SP",-22.6617,-45.0122,"Hidroweb diário",74,FALSE,0.6501177716949477,"alta (>=0.3)",TRUE,0.500623885374813,7,"jul",8,"ago",4,0.15,6,7,"theta_pi","jul"
"2245008","Cachoeira Paulista","SP",-22.6667,-45.0167,"Hidroweb diário",47,FALSE,0.634870423716965,"alta (>=0.3)",TRUE,0.35967787295320597,7,"jul",9,"set",4,0.15,7,7,"theta_pi","jul"
"2245010","Campos do Jordão","SP",-22.6889,-45.4814,"Hidroweb diário",74,FALSE,0.5516884639771161,"alta (>=0.3)",TRUE,0.3179186813719398,7,"jul",9,"set",5,0.15,8,7,"theta_pi","jul"
"2245011","São Bento do Sapucaí","SP",-22.6897,-45.73,"Hidroweb diário",72,FALSE,0.5642317894606769,"alta (>=0.3)",TRUE,0.4759836819745139,7,"jul",8,"ago",4,0.15,8,7,"theta_pi","jul"
"2245012","São Bento do Sapucaí","SP",-22.6833,-45.75,"Hidroweb diário",41,FALSE,0.53646492134948,"alta (>=0.3)",TRUE,0.1766495602756591,7,"jul",9,"set",5,0.15,7,7,"theta_pi","jul"
"2245014","Guaratinguetá","SP",-22.7167,-45.25,"Hidroweb diário",40,FALSE,0.6650834079640113,"alta (>=0.3)",TRUE,0.48370403549566365,7,"jul",8,"ago",4,0.15,7,7,"theta_pi","jul"
"2245015","Guaratinguetá","SP",-22.7,-45.2833,"Hidroweb diário",40,FALSE,0.6872611655661717,"alta (>=0.3)",TRUE,0.4240143962091751,7,"jul",9,"set",5,0.15,7,7,"theta_pi","jul"
"2245018","Campos do Jordão","SP",-22.7167,-45.5667,"Hidroweb diário",78,FALSE,0.5378609015324011,"alta (>=0.3)",TRUE,0.25678008883294456,7,"jul",8,"ago",4,0.15,7,7,"theta_pi","jul"
"2245019","Campos do Jordão","SP",-22.75,-45.6667,"Hidroweb diário",36,FALSE,0.5904054073056361,"alta (>=0.3)",TRUE,0.24818349926128178,7,"jul",9,"set",6,0.15,8,7,"theta_pi","jul"
"2245020","Lorena","SP",-22.7333,-45.0833,"Hidroweb diário",67,FALSE,0.6289505405379464,"alta (>=0.3)",TRUE,0.3993673356471967,7,"jul",9,"set",5,0.15,8,7,"theta_pi","jul"
"2245021","Guaratinguetá","SP",-22.7333,-45.2,"Hidroweb diário",46,FALSE,0.6753917286716246,"alta (>=0.3)",TRUE,0.20283497127037767,7,"jul",8,"ago",4,0.15,7,7,"theta_pi","jul"
"2245022","Campos do Jordão","SP",-22.7167,-45.5333,"Hidroweb diário",58,FALSE,0.8052384482235287,"alta (>=0.3)",TRUE,0.2652005805260262,7,"jul",8,"ago",4,0.15,7,7,"theta_pi","jul"
"2245024","Guaratinguetá","SP",-22.75,-45.2333,"Hidroweb diário",58,FALSE,0.5968721896687382,"alta (>=0.3)",TRUE,0.2546690545187291,7,"jul",8,"ago",4,0.15,6,7,"theta_pi","jul"
"2245025","Guaratinguetá","SP",-22.7167,-45.35,"Hidroweb diário",45,FALSE,0.6022489516593367,"alta (>=0.3)",TRUE,0.22219911943690573,7,"jul",9,"set",5,0.15,7,7,"theta_pi","jul"
"2245027","Lorena","SP",-22.7667,-45.1167,"Hidroweb diário",39,FALSE,0.5299862376131225,"alta (>=0.3)",TRUE,0.5268241890672303,8,"ago",8,"ago",4,0.15,7,8,"theta_pi","ago"
"2245028","Pindamonhangaba","SP",-22.7667,-45.5167,"Hidroweb diário",49,FALSE,0.5516834690917258,"alta (>=0.3)",TRUE,0.27109186548813896,7,"jul",8,"ago",4,0.15,6,7,"theta_pi","jul"
"2245029","Santo Antônio do Pinhal","SP",-22.7667,-45.7,"Hidroweb diário",81,FALSE,0.5208300777600982,"alta (>=0.3)",TRUE,0.050410894717494416,7,"jul",8,"ago",4,0.15,7,7,"theta_pi","jul"
"2245030","Guaratinguetá","SP",-22.7833,-45.35,"Hidroweb diário",42,FALSE,0.6255008896727658,"alta (>=0.3)",TRUE,0.22578680963948167,7,"jul",8,"ago",4,0.15,7,7,"theta_pi","jul"
"2245031","Pindamonhangaba","SP",-22.7667,-45.45,"Hidroweb diário",43,FALSE,0.6639939734261814,"alta (>=0.3)",TRUE,0.22953906670021776,7,"jul",9,"set",5,0.15,7,7,"theta_pi","jul"
"2245032","Guaratinguetá","SP",-22.8089,-45.2008,"Hidroweb diário",84,FALSE,0.6042473260810635,"alta (>=0.3)",TRUE,0.2809261989183506,7,"jul",8,"ago",4,0.15,7,7,"theta_pi","jul"
"2245033","Guaratinguetá","SP",-22.8,-45.1833,"Hidroweb diário",32,FALSE,0.6497733581601505,"alta (>=0.3)",TRUE,0.3502198733087388,7,"jul",9,"set",5,0.15,7,7,"theta_pi","jul"
"2245035","Pindamonhangaba","SP",-22.8167,-45.3667,"Hidroweb diário",51,FALSE,0.5961444370206208,"alta (>=0.3)",TRUE,0.44866967213412795,7,"jul",8,"ago",4,0.15,7,7,"theta_pi","jul"
"2245036","Pindamonhangaba","SP",-22.8333,-45.6333,"Hidroweb diário",57,FALSE,0.6433005127696911,"alta (>=0.3)",TRUE,0.40760977019053973,7,"jul",8,"ago",4,0.15,7,7,"theta_pi","jul"
"2245038","Lorena","SP",-22.85,-45.0667,"Hidroweb diário",38,FALSE,0.6230163809347877,"alta (>=0.3)",TRUE,0.4558993981946604,7,"jul",8,"ago",4,0.15,6,7,"theta_pi","jul"
"2245039","Guaratinguetá","SP",-22.8333,-45.1667,"Hidroweb diário",43,FALSE,0.6866561714949513,"alta (>=0.3)",TRUE,0.4362647119738944,7,"jul",8,"ago",4,0.15,7,7,"theta_pi","jul"
"2245041","Aparecida","SP",-22.8167,-45.2333,"Hidroweb diário",54,FALSE,0.6525665359561653,"alta (>=0.3)",TRUE,0.4315712612762941,7,"jul",9,"set",5,0.15,7,7,"theta_pi","jul"
"2245042","Pindamonhangaba","SP",-22.9,-45.4833,"Hidroweb diário",54,FALSE,0.5814220668214114,"alta (>=0.3)",TRUE,0.2668269546174258,7,"jul",8,"ago",4,0.15,7,7,"theta_pi","jul"
"2245043","Pindamonhangaba","SP",-22.85,-45.5833,"Hidroweb diário",39,FALSE,0.5571069681573584,"alta (>=0.3)",TRUE,0.396483420222501,7,"jul",8,"ago",4,0.15,7,7,"theta_pi","jul"
"2245045","Monteiro Lobato","SP",-22.8667,-45.7833,"Hidroweb diário",54,FALSE,0.6261587845823398,"alta (>=0.3)",TRUE,0.2596478901130987,7,"jul",8,"ago",4,0.15,7,7,"theta_pi","jul"
"2245046","Guaratinguetá","SP",-22.9,-45.15,"Hidroweb diário",49,FALSE,0.5908042365743797,"alta (>=0.3)",TRUE,0.43350594579981727,7,"jul",8,"ago",4,0.15,7,7,"theta_pi","jul"
"2245047","Pindamonhangaba","SP",-22.9,-45.4333,"Hidroweb diário",41,FALSE,0.5779771725874088,"alta (>=0.3)",TRUE,0.43157850443791357,7,"jul",8,"ago",4,0.15,7,7,"theta_pi","jul"
"2245048","Pindamonhangaba","SP",-22.9111,-45.4694,"Hidroweb diário",90,FALSE,0.7188913706890546,"alta (>=0.3)",TRUE,0.5013223985262472,7,"jul",8,"ago",4,0.15,7,7,"theta_pi","jul"
"2245049","Pindamonhangaba","SP",-22.9167,-45.4667,"Hidroweb diário",43,FALSE,0.5656756452978988,"alta (>=0.3)",TRUE,0.3091337349587311,7,"jul",8,"ago",3,0.15,7,7,"theta_pi","jul"
"2245050","São José dos Campos","SP",-22.9167,-45.9667,"Hidroweb diário",59,FALSE,0.6501214123332426,"alta (>=0.3)",TRUE,0.2715282108848809,7,"jul",9,"set",5,0.15,7,7,"theta_pi","jul"
"2245051","Pindamonhangaba","SP",-22.9333,-45.4667,"Hidroweb diário",32,FALSE,0.6611980592702332,"alta (>=0.3)",TRUE,0.45862835930181395,7,"jul",9,"set",5,0.15,7,7,"theta_pi","jul"
"2245052","Pindamonhangaba","SP",-22.9833,-45.3833,"Hidroweb diário",40,FALSE,0.5459363252257007,"alta (>=0.3)",TRUE,0.27798821547996394,7,"jul",9,"set",5,0.15,6,7,"theta_pi","jul"
"2245053","Aparecida","SP",-22.95,-45.25,"Hidroweb diário",53,FALSE,0.6725002726143603,"alta (>=0.3)",TRUE,0.4618352931937213,7,"jul",8,"ago",4,0.15,7,7,"theta_pi","jul"
"2245054","Monteiro Lobato","SP",-22.9333,-45.8333,"Hidroweb diário",83,FALSE,0.5744435620454194,"alta (>=0.3)",TRUE,0.004044984346500195,7,"jul",9,"set",5,0.15,8,7,"theta_pi","jul"
"2245055","Cunha","SP",-22.9958,-45.0442,"Hidroweb diário",90,FALSE,0.6075289542524572,"alta (>=0.3)",TRUE,0.22147842896588932,7,"jul",9,"set",5,0.15,6,7,"theta_pi","jul"
"2245057","Pindamonhangaba","SP",-22.9667,-45.4167,"Hidroweb diário",41,FALSE,0.5644115118315984,"alta (>=0.3)",TRUE,0.16846506118644336,7,"jul",8,"ago",4,0.15,7,7,"theta_pi","jul"
"2245058","Tremembé","SP",-22.95,-45.5333,"Hidroweb diário",35,FALSE,0.7031984158709252,"alta (>=0.3)",TRUE,0.34502861261514006,7,"jul",9,"set",5,0.15,7,7,"theta_pi","jul"
"2245059","Guaratinguetá","SP",-22.9,-45.0833,"Hidroweb diário",38,FALSE,0.6197025163289104,"alta (>=0.3)",TRUE,0.5455397787216626,8,"ago",9,"set",5,0.15,8,8,"theta_pi","ago"
"2245060","Lorena","SP",-22.75,-45.05,"Hidroweb diário",44,FALSE,0.587876635146956,"alta (>=0.3)",TRUE,0.15749781516410466,7,"jul",8,"ago",4,0.15,8,7,"theta_pi","jul"
"2245061","Roseira","SP",-22.9333,-45.3167,"Hidroweb diário",43,FALSE,0.5466449135064058,"alta (>=0.3)",TRUE,0.31282588921029675,7,"jul",8,"ago",4,0.15,7,7,"theta_pi","jul"
"2245062","Piquete","SP",-22.6,-45.1833,"Hidroweb diário",36,FALSE,0.6091391139161992,"alta (>=0.3)",TRUE,0.3133228759329041,7,"jul",9,"set",5,0.15,7,7,"theta_pi","jul"
"2245103","Santo Antônio do Pinhal","SP",-22.8167,-45.7333,"Hidroweb diário",55,FALSE,0.5890160699814129,"alta (>=0.3)",TRUE,0.5057784909090113,7,"jul",8,"ago",4,0.15,7,7,"theta_pi","jul"
"2245112","Campos do Jordão","SP",-22.738299,-45.5903769,"Hidroweb diário",34,FALSE,0.604037201918685,"alta (>=0.3)",TRUE,0.2803943378165973,7,"jul",8,"ago",3,0.15,7,7,"theta_pi","jul"
"2245113","Guaratinguetá","SP",-22.7833,-45.2,"Hidroweb diário",40,FALSE,0.647440208235622,"alta (>=0.3)",TRUE,0.3777308498588222,7,"jul",9,"set",5,0.15,7,7,"theta_pi","jul"
"2245122","Guaratinguetá","SP",-22.6639,-45.3092,"Hidroweb diário",68,FALSE,0.7032718927367275,"alta (>=0.3)",TRUE,0.30834798642962213,7,"jul",9,"set",5,0.15,7,7,"theta_pi","jul"
"2245123","Aparecida","SP",-22.8681,-45.2533,"Hidroweb diário",50,FALSE,0.7046825065050154,"alta (>=0.3)",TRUE,0.4127796808466745,7,"jul",8,"ago",4,0.15,7,7,"theta_pi","jul"
"2245126","Guaratinguetá","SP",-22.6575,-45.3247,"Hidroweb diário",35,FALSE,0.6429955722552607,"alta (>=0.3)",TRUE,0.12708320342036655,7,"jul",8,"ago",4,0.15,7,7,"theta_pi","jul"
"2245128","Lorena","SP",-22.7481,-45.1022,"Hidroweb diário",68,FALSE,0.7079842935766733,"alta (>=0.3)",TRUE,0.3485844732172072,7,"jul",8,"ago",4,0.15,6,7,"theta_pi","jul"
"2245129","Pindamonhangaba","SP",-22.7533,-45.4467,"Hidroweb diário",65,FALSE,0.6248678307629442,"alta (>=0.3)",TRUE,0.3752561660242567,7,"jul",9,"set",5,0.15,7,7,"theta_pi","jul"
"2245131","Pindamonhangaba","SP",-22.73,-45.4553,"Hidroweb diário",33,FALSE,0.6991643556781302,"alta (>=0.3)",TRUE,0.1926826214126053,7,"jul",9,"set",5,0.15,6,7,"theta_pi","jul"
"2245134","Guaratinguetá","SP",-22.8119,-45.1789,"Hidroweb diário",34,FALSE,0.6680522293966622,"alta (>=0.3)",TRUE,0.39675583714611523,7,"jul",9,"set",5,0.15,7,7,"theta_pi","jul"
"2245135","Pindamonhangaba","SP",-22.9225,-45.4558,"Hidroweb diário",35,FALSE,0.7461569176925987,"alta (>=0.3)",TRUE,0.39035763616450914,7,"jul",8,"ago",4,0.15,7,7,"theta_pi","jul"
"2245136","Pindamonhangaba","SP",-22.8272,-45.4256,"Hidroweb diário",38,FALSE,0.699631670284612,"alta (>=0.3)",TRUE,0.21357068252518208,7,"jul",9,"set",5,0.15,7,7,"theta_pi","jul"
"2245139","Cachoeira Paulista","SP",-22.6683,-45,"Hidroweb diário",36,FALSE,0.6933601588670053,"alta (>=0.3)",TRUE,0.4996782026369179,7,"jul",9,"set",5,0.15,6,7,"theta_pi","jul"
"2245143","Cachoeira Paulista","SP",-22.6667,-45.0167,"Hidroweb diário",31,FALSE,0.6706960205031209,"alta (>=0.3)",TRUE,0.2875648494977427,7,"jul",9,"set",5,0.15,7,7,"theta_pi","jul"
"2245158","Cachoeira Paulista","SP",-22.6,-45.0333,"Hidroweb diário",32,FALSE,0.5411127490181977,"alta (>=0.3)",TRUE,0.19766851929714305,7,"jul",8,"ago",4,0.15,7,7,"theta_pi","jul"
"2245167","Campos do Jordão","SP",-22.7,-45.4833,"Hidroweb diário",31,FALSE,0.5346462352094962,"alta (>=0.3)",TRUE,0.2553181802242342,7,"jul",8,"ago",3,0.15,8,7,"theta_pi","jul"
"2246002","Aguaí","SP",-22.05,-46.9667,"Hidroweb diário",62,FALSE,0.602261802220437,"alta (>=0.3)",TRUE,0.2652404725343358,7,"jul",8,"ago",4,0.15,8,7,"theta_pi","jul"
"2246003","Aguaí","SP",-22.0378,-46.965,"Hidroweb diário",58,FALSE,0.6421236881490922,"alta (>=0.3)",TRUE,0.12508236983736584,7,"jul",9,"set",5,0.15,8,7,"theta_pi","jul"
"2246006","Espirito Santo do Pinhal","SP",-22.2667,-46.75,"Hidroweb diário",36,FALSE,0.5287474056752053,"alta (>=0.3)",TRUE,0.1682015958520678,7,"jul",9,"set",5,0.15,8,7,"theta_pi","jul"
"2246007","Espirito Santo do Pinhal","SP",-22.2833,-46.7667,"Hidroweb diário",65,FALSE,0.5923397493319027,"alta (>=0.3)",TRUE,0.2933200532973312,7,"jul",8,"ago",4,0.15,7,7,"theta_pi","jul"
"2246008","Itapira","SP",-22.3333,-46.7167,"Hidroweb diário",54,FALSE,0.5361237266483914,"alta (>=0.3)",TRUE,0.16352771042010814,7,"jul",9,"set",5,0.15,8,7,"theta_pi","jul"
"2246009","Mogi-guaçu","SP",-22.3678,-46.9306,"Hidroweb diário",56,FALSE,0.584962804433982,"alta (>=0.3)",TRUE,0.4134971057805153,7,"jul",8,"ago",3,0.15,7,7,"theta_pi","jul"
"2246011","Itapira","SP",-22.3667,-46.7333,"Hidroweb diário",37,FALSE,0.6473538551882841,"alta (>=0.3)",TRUE,0.21496997346025093,7,"jul",9,"set",5,0.15,8,7,"theta_pi","jul"
"2246012","Mogi-mirim","SP",-22.45,-46.95,"Hidroweb diário",41,FALSE,0.5597415174148023,"alta (>=0.3)",TRUE,0.3312532654130573,7,"jul",8,"ago",4,0.15,8,7,"theta_pi","jul"
"2246013","Itapira","SP",-22.45,-46.8167,"Hidroweb diário",87,FALSE,0.5772893095351288,"alta (>=0.3)",TRUE,0.1388190041076283,7,"jul",9,"set",5,0.15,7,7,"theta_pi","jul"
"2246015","Mogi-mirim","SP",-22.5167,-46.95,"Hidroweb diário",74,FALSE,0.6014294023658457,"alta (>=0.3)",TRUE,0.5450739455316651,8,"ago",8,"ago",3,0.15,7,8,"theta_pi","ago"
"2246016","Lindóia","SP",-22.5167,-46.65,"Hidroweb diário",66,FALSE,0.6025938893427465,"alta (>=0.3)",TRUE,0.2787107721892846,7,"jul",9,"set",5,0.15,7,7,"theta_pi","jul"
"2246017","Socorro","SP",-22.6,-46.5333,"Hidroweb diário",75,FALSE,0.5738419987938574,"alta (>=0.3)",TRUE,0.3135693974111869,7,"jul",8,"ago",4,0.15,8,7,"theta_pi","jul"
"2246019","Serra Negra","SP",-22.6,-46.7,"Hidroweb diário",88,FALSE,0.6695996802850266,"alta (>=0.3)",TRUE,0.2296146696983504,7,"jul",9,"set",4,0.15,8,7,"theta_pi","jul"
"2246020","Amparo","SP",-22.6167,-46.85,"Hidroweb diário",79,FALSE,0.5664440587904929,"alta (>=0.3)",TRUE,0.3197326361676686,7,"jul",8,"ago",3,0.15,8,7,"theta_pi","jul"
"2246021","Jaguariuna","SP",-22.6667,-46.9667,"Hidroweb diário",82,FALSE,0.5906563239253234,"alta (>=0.3)",TRUE,0.22701215566150496,7,"jul",8,"ago",4,0.15,7,7,"theta_pi","jul"
"2246022","Monte Alegre do Sul","SP",-22.7,-46.6667,"Hidroweb diário",83,FALSE,0.6398801210174762,"alta (>=0.3)",TRUE,0.022040293831242147,7,"jul",8,"ago",4,0.15,7,7,"theta_pi","jul"
"2246023","Amparo","SP",-22.71,-46.7747,"Hidroweb diário",84,FALSE,0.6106282484042235,"alta (>=0.3)",TRUE,0.09461163245570009,7,"jul",9,"set",5,0.15,7,7,"theta_pi","jul"
"2246024","Amparo","SP",-22.7167,-46.8333,"Hidroweb diário",42,FALSE,0.539972239078752,"alta (>=0.3)",TRUE,0.19077557679080392,7,"jul",9,"set",6,0.15,6,7,"theta_pi","jul"
"2246025","Pinhalzinho","SP",-22.7833,-46.6,"Hidroweb diário",82,FALSE,0.4576412654351959,"alta (>=0.3)",TRUE,6.124158280640246,6,"jun",8,"ago",4,0.15,7,6,"theta_pi","jun"
"2246028","Pedreira","SP",-22.75,-46.9333,"Hidroweb diário",77,FALSE,0.5840137579335872,"alta (>=0.3)",TRUE,0.2593608415148703,7,"jul",8,"ago",4,0.15,7,7,"theta_pi","jul"
"2246030","Pedreira","SP",-22.8167,-46.9,"Hidroweb diário",41,FALSE,0.6266225607079009,"alta (>=0.3)",TRUE,0.47406179829521367,7,"jul",9,"set",5,0.15,8,7,"theta_pi","jul"
"2246033","Bragança Paulista","SP",-22.8842,-46.6286,"Hidroweb diário",78,FALSE,0.5552242093243248,"alta (>=0.3)",TRUE,0.2793802162190689,7,"jul",9,"set",5,0.15,8,7,"theta_pi","jul"
"2246034","Morungaba","SP",-22.8833,-46.7833,"Hidroweb diário",73,FALSE,0.587352071540193,"alta (>=0.3)",TRUE,0.2735998731276814,7,"jul",8,"ago",4,0.15,7,7,"theta_pi","jul"
"2246035","Vargem","SP",-22.9,-46.4167,"Hidroweb diário",86,FALSE,0.5296172841120028,"alta (>=0.3)",TRUE,0.2908925037382544,7,"jul",8,"ago",4,0.15,7,7,"theta_pi","jul"
"2246036","Bragança Paulista","SP",-22.9333,-46.5333,"Hidroweb diário",45,FALSE,0.5354751080636287,"alta (>=0.3)",TRUE,0.21618630246344434,7,"jul",8,"ago",3,0.15,8,7,"theta_pi","jul"
"2246037","Campinas","SP",-22.93,-46.8989,"Hidroweb diário",67,FALSE,0.5229161277557133,"alta (>=0.3)",TRUE,0.1883084064971954,7,"jul",8,"ago",4,0.15,8,7,"theta_pi","jul"
"2246038","Itatiba","SP",-22.9847,-46.83,"Hidroweb diário",74,FALSE,0.508687493501702,"alta (>=0.3)",TRUE,0.11798769366536935,7,"jul",8,"ago",4,0.15,7,7,"theta_pi","jul"
"2246085","Santo Antônio do Jardim","SP",-22.15,-46.7167,"Hidroweb diário",52,FALSE,0.6501146556647028,"alta (>=0.3)",TRUE,0.13013621508193285,7,"jul",9,"set",4,0.15,8,7,"theta_pi","jul"
"2246087","Bragança Paulista","SP",-22.95,-46.7,"Hidroweb diário",52,FALSE,0.5297881893081356,"alta (>=0.3)",TRUE,0.17256096775472857,7,"jul",8,"ago",4,0.15,8,7,"theta_pi","jul"
"2246090","Joanópolis","SP",-22.9333,-46.2667,"Hidroweb diário",72,FALSE,0.64000294341965,"alta (>=0.3)",TRUE,0.20495307326706663,7,"jul",8,"ago",4,0.15,8,7,"theta_pi","jul"
"2246095","Pedra Bela","SP",-22.8,-46.45,"Hidroweb diário",72,FALSE,0.5147477958830085,"alta (>=0.3)",TRUE,0.18627514531205258,7,"jul",8,"ago",4,0.15,8,7,"theta_pi","jul"
"2246098","Águas de Lindóia","SP",-22.4667,-46.6333,"Hidroweb diário",36,FALSE,0.5561919596716909,"alta (>=0.3)",TRUE,0.2995765592143353,7,"jul",8,"ago",4,0.15,8,7,"theta_pi","jul"
"2246099","Joanópolis","SP",-22.9667,-46.1,"Hidroweb diário",41,FALSE,0.5105241958156949,"alta (>=0.3)",TRUE,0.4438777325202965,7,"jul",9,"set",5,0.15,7,7,"theta_pi","jul"
"2246104","Mogi-mirim","SP",-22.4333,-46.9667,"Hidroweb diário",78,FALSE,0.5482451869493958,"alta (>=0.3)",TRUE,0.31388709659378705,7,"jul",8,"ago",4,0.15,7,7,"theta_pi","jul"
"2246115","Mogi-guaçu","SP",-22.3333,-46.9833,"Hidroweb diário",64,FALSE,0.5682453437323364,"alta (>=0.3)",TRUE,0.24104938630157144,7,"jul",8,"ago",4,0.15,7,7,"theta_pi","jul"
"2246131","Espirito Santo do Pinhal","SP",-22.1153,-46.8903,"Hidroweb diário",37,FALSE,0.5781068158380498,"alta (>=0.3)",TRUE,0.30146232173789145,7,"jul",9,"set",4,0.15,8,7,"theta_pi","jul"
"2247002","São Carlos","SP",-22.0167,-47.9,"Hidroweb diário",61,FALSE,0.4479794103193371,"alta (>=0.3)",TRUE,0.20050249608050857,7,"jul",8,"ago",3,0.15,7,7,"theta_pi","jul"
"2247003","Santa Cruz da Conceição","SP",-22.1167,-47.4167,"Hidroweb diário",65,FALSE,0.5400641051546677,"alta (>=0.3)",TRUE,0.15682597553071026,7,"jul",8,"ago",3,0.15,8,7,"theta_pi","jul"
"2247004","Analândia","SP",-22.1333,-47.6667,"Hidroweb diário",88,FALSE,0.575458189858987,"alta (>=0.3)",TRUE,0.2334339701855612,7,"jul",8,"ago",3,0.15,7,7,"theta_pi","jul"
"2247005","Leme","SP",-22.1667,-47.2833,"Hidroweb diário",81,FALSE,0.6095564179935178,"alta (>=0.3)",TRUE,0.231910783126983,7,"jul",8,"ago",3,0.15,7,7,"theta_pi","jul"
"2247006","Itirapina","SP",-22.15,-47.8,"Hidroweb diário",76,FALSE,0.6018864220392556,"alta (>=0.3)",TRUE,0.40331080818684273,7,"jul",8,"ago",3,0.15,8,7,"theta_pi","jul"
"2247007","Leme","SP",-22.1833,-47.3833,"Hidroweb diário",33,FALSE,0.7102881493066266,"alta (>=0.3)",TRUE,0.20328275745888366,7,"jul",9,"set",5,0.15,7,7,"theta_pi","jul"
"2247008","Itirapina","SP",-22.1667,-47.9,"Hidroweb diário",59,FALSE,0.5697913241343077,"alta (>=0.3)",TRUE,0.2655049964255059,7,"jul",9,"set",4,0.15,8,7,"theta_pi","jul"
"2247010","Corumbataí","SP",-22.2167,-47.6167,"Hidroweb diário",86,FALSE,0.5677013078136882,"alta (>=0.3)",TRUE,0.2620483689881172,7,"jul",8,"ago",3,0.15,8,7,"theta_pi","jul"
"2247011","Araras","SP",-22.25,-47.3833,"Hidroweb diário",87,FALSE,0.5517194132707202,"alta (>=0.3)",TRUE,0.32864226764004356,7,"jul",8,"ago",3,0.15,7,7,"theta_pi","jul"
"2247012","Itirapina","SP",-22.2333,-47.8,"Hidroweb diário",63,FALSE,0.5725871610464978,"alta (>=0.3)",TRUE,0.3809036220764274,7,"jul",8,"ago",3,0.15,8,7,"theta_pi","jul"
"2247013","Araras","SP",-22.2667,-47.3167,"Hidroweb diário",43,FALSE,0.5765711138667439,"alta (>=0.3)",TRUE,0.4028707711960786,7,"jul",8,"ago",3,0.15,8,7,"theta_pi","jul"
"2247015","Itirapina","SP",-22.3,-47.75,"Hidroweb diário",80,FALSE,0.5662516929996718,"alta (>=0.3)",TRUE,0.29909802187134854,7,"jul",8,"ago",3,0.15,7,7,"theta_pi","jul"
"2247016","Conchal","SP",-22.3333,-47.1833,"Hidroweb diário",34,FALSE,0.6010202824844103,"alta (>=0.3)",TRUE,0.3953792674831443,7,"jul",8,"ago",3,0.15,8,7,"theta_pi","jul"
"2247017","Araras","SP",-22.3,-47.45,"Hidroweb diário",64,FALSE,0.6089714509746862,"alta (>=0.3)",TRUE,0.34775396742367454,7,"jul",8,"ago",4,0.15,7,7,"theta_pi","jul"
"2247018","Rio Claro","SP",-22.3333,-47.4833,"Hidroweb diário",70,FALSE,0.5603604738208587,"alta (>=0.3)",TRUE,0.35039763357098963,7,"jul",8,"ago",3,0.15,8,7,"theta_pi","jul"
"2247020","Rio Claro","SP",-22.4167,-47.55,"Hidroweb diário",89,FALSE,0.5941752813279928,"alta (>=0.3)",TRUE,0.46479971090661926,7,"jul",8,"ago",3,0.15,7,7,"theta_pi","jul"
"2247021","Ipeuna","SP",-22.4333,-47.7167,"Hidroweb diário",51,FALSE,0.5557789422199292,"alta (>=0.3)",TRUE,0.41768490846888984,7,"jul",9,"set",5,0.15,7,7,"theta_pi","jul"
"2247022","Santa Gertrudes","SP",-22.4833,-47.5167,"Hidroweb diário",78,FALSE,0.6021463927706255,"alta (>=0.3)",TRUE,0.282397596575998,7,"jul",8,"ago",4,0.15,7,7,"theta_pi","jul"
"2247023","Cordeirópolis","SP",-22.4667,-47.4,"Hidroweb diário",37,FALSE,0.5828836647826711,"alta (>=0.3)",TRUE,0.3948229830406052,7,"jul",9,"set",6,0.15,7,7,"theta_pi","jul"
"2247024","Charqueada","SP",-22.5167,-47.7833,"Hidroweb diário",57,FALSE,0.6190674046248985,"alta (>=0.3)",TRUE,0.3948919750863931,7,"jul",8,"ago",3,0.15,8,7,"theta_pi","jul"
"2247025","São Pedro","SP",-22.5333,-47.9167,"Hidroweb diário",59,FALSE,0.6367595170335661,"alta (>=0.3)",TRUE,0.3697869174740382,7,"jul",8,"ago",3,0.15,8,7,"theta_pi","jul"
"2247027","Limeira","SP",-22.5667,-47.3667,"Hidroweb diário",58,FALSE,0.5647163265296652,"alta (>=0.3)",TRUE,0.2840790281486765,7,"jul",8,"ago",4,0.15,8,7,"theta_pi","jul"
"2247028","Jaguariuna","SP",-22.6333,-47.05,"Hidroweb diário",69,FALSE,0.5909970381078401,"alta (>=0.3)",TRUE,0.39916772541738377,7,"jul",8,"ago",4,0.15,7,7,"theta_pi","jul"
"2247031","Cosmópolis","SP",-22.6667,-47.2167,"Hidroweb diário",74,FALSE,0.583991817652789,"alta (>=0.3)",TRUE,0.3837167952405165,7,"jul",8,"ago",4,0.15,7,7,"theta_pi","jul"
"2247032","Piracicaba","SP",-22.6833,-47.7667,"Hidroweb diário",60,FALSE,0.5206085958396202,"alta (>=0.3)",TRUE,0.37240590979402666,7,"jul",9,"set",4,0.15,8,7,"theta_pi","jul"
"2247034","Limeira","SP",-22.7333,-47.4833,"Hidroweb diário",32,FALSE,0.5414795081261644,"alta (>=0.3)",TRUE,0.2850689391079616,7,"jul",8,"ago",3,0.15,7,7,"theta_pi","jul"
"2247036","Piracicaba","SP",-22.7333,-47.65,"Hidroweb diário",37,FALSE,0.7477736900717451,"alta (>=0.3)",TRUE,0.35091097756574924,7,"jul",9,"set",5,0.15,7,7,"theta_pi","jul"
"2247037","Americana","SP",-22.7333,-47.3333,"Hidroweb diário",34,FALSE,0.6524512694571077,"alta (>=0.3)",TRUE,0.3287972816907987,7,"jul",9,"set",5,0.15,7,7,"theta_pi","jul"
"2247039","Piracicaba","SP",-22.75,-47.45,"Hidroweb diário",65,FALSE,0.628140963465357,"alta (>=0.3)",TRUE,0.3921161257997669,7,"jul",9,"set",5,0.15,7,7,"theta_pi","jul"
"2247040","Piracicaba","SP",-22.7833,-47.9667,"Hidroweb diário",31,FALSE,0.5052232352394711,"alta (>=0.3)",TRUE,0.4736973535718883,7,"jul",8,"ago",3,0.15,8,7,"theta_pi","jul"
"2247041","Campinas","SP",-22.7833,-47.0333,"Hidroweb diário",66,FALSE,0.6142982421005168,"alta (>=0.3)",TRUE,0.14222208962582641,7,"jul",8,"ago",4,0.15,8,7,"theta_pi","jul"
"2247042","Campinas","SP",-22.8333,-47.0667,"Hidroweb diário",65,FALSE,0.553759207203644,"alta (>=0.3)",TRUE,0.18987644333605783,7,"jul",8,"ago",3,0.15,7,7,"theta_pi","jul"
"2247043","Campinas","SP",-22.8167,-47.4667,"Hidroweb diário",38,FALSE,0.4954729668260617,"alta (>=0.3)",TRUE,0.49672061117151384,7,"jul",8,"ago",3,0.15,8,7,"theta_pi","jul"
"2247044","Rio das Pedras","SP",-22.8667,-47.6167,"Hidroweb diário",77,FALSE,0.5730606807756817,"alta (>=0.3)",TRUE,0.3406261968820779,7,"jul",8,"ago",4,0.15,7,7,"theta_pi","jul"
"2247045","Campinas","SP",-22.9,-47.05,"Hidroweb diário",52,FALSE,0.6590887099832423,"alta (>=0.3)",TRUE,0.2928813930094749,7,"jul",9,"set",6,0.15,7,7,"theta_pi","jul"
"2247046","Campinas","SP",-22.8833,-47.0833,"Hidroweb diário",83,FALSE,0.6280314852419498,"alta (>=0.3)",TRUE,0.3115263467889928,7,"jul",8,"ago",4,0.15,7,7,"theta_pi","jul"
"2247048","Campinas","SP",-22.9,-47.0667,"Hidroweb diário",37,FALSE,0.6499390721821132,"alta (>=0.3)",TRUE,0.06343918935420167,7,"jul",8,"ago",4,0.15,8,7,"theta_pi","jul"
"2247049","Laranjal Paulista","SP",-22.9167,-47.9,"Hidroweb diário",40,FALSE,0.555278245471565,"alta (>=0.3)",TRUE,0.5945364461701418,8,"ago",8,"ago",3,0.15,8,8,"theta_pi","ago"
"2247050","Monte Mor","SP",-22.9333,-47.25,"Hidroweb diário",60,FALSE,0.5887052007878898,"alta (>=0.3)",TRUE,0.4732978151019762,7,"jul",8,"ago",3,0.15,7,7,"theta_pi","jul"
"2247051","Monte Mor","SP",-22.95,-47.3167,"Hidroweb diário",39,FALSE,0.6416227086318008,"alta (>=0.3)",TRUE,0.30831789153792943,7,"jul",8,"ago",4,0.15,7,7,"theta_pi","jul"
"2247052","Capivari","SP",-22.8833,-47.45,"Hidroweb diário",52,FALSE,0.5600957563233768,"alta (>=0.3)",TRUE,0.3563611250365346,7,"jul",8,"ago",3,0.15,7,7,"theta_pi","jul"
"2247054","Conchal","SP",-22.3008,-47.1336,"Hidroweb diário",58,FALSE,0.5943165273606031,"alta (>=0.3)",TRUE,0.3644776467646311,7,"jul",8,"ago",3,0.15,7,7,"theta_pi","jul"
"2247055","Jaguariuna","SP",-22.7086,-46.9869,"Hidroweb diário",81,FALSE,0.6422882791247232,"alta (>=0.3)",TRUE,0.3734806929494509,7,"jul",8,"ago",4,0.15,7,7,"theta_pi","jul"
"2247056","Piracicaba","SP",-22.7,-47.65,"Hidroweb diário",45,FALSE,0.6088501909140213,"alta (>=0.3)",TRUE,0.1298371302665108,7,"jul",8,"ago",5,0.15,7,7,"theta_pi","jul"
"2247058","Monte Mor","SP",-22.9597,-47.2964,"Hidroweb diário",68,FALSE,0.6570223656790803,"alta (>=0.3)",TRUE,0.4076452800160534,7,"jul",9,"set",6,0.15,7,7,"theta_pi","jul"
"2247059","Capivari","SP",-23.0161,-47.5092,"Hidroweb diário",78,FALSE,0.5974287422348364,"alta (>=0.3)",TRUE,0.30325051086253446,7,"jul",8,"ago",5,0.15,8,7,"theta_pi","jul"
"2247060","São Carlos","SP",-22.0167,-47.9,"Hidroweb diário",36,FALSE,0.5688418506612934,"alta (>=0.3)",TRUE,0.3084086442758441,7,"jul",8,"ago",3,0.15,8,7,"theta_pi","jul"
"2247075","Americana","SP",-22.6967,-47.2878,"Hidroweb diário",76,FALSE,0.6272049524419021,"alta (>=0.3)",TRUE,0.3568221469948681,7,"jul",9,"set",5,0.15,7,7,"theta_pi","jul"
"2247094","Piracicaba","SP",-22.7175,-47.6519,"Hidroweb diário",45,FALSE,0.4874206292290135,"alta (>=0.3)",TRUE,0.42051607352232057,7,"jul",8,"ago",3,0.15,8,7,"theta_pi","jul"
"2247100","Artur Nogueira","SP",-22.5667,-47.1667,"Hidroweb diário",54,FALSE,0.5062359787781496,"alta (>=0.3)",TRUE,0.23697024835525876,7,"jul",8,"ago",3,0.15,8,7,"theta_pi","jul"
"2247103","Santa Bárbara D'oeste","SP",-22.8333,-47.4333,"Hidroweb diário",48,FALSE,0.5642875413151122,"alta (>=0.3)",TRUE,0.4234310150105457,7,"jul",8,"ago",3,0.15,7,7,"theta_pi","jul"
"2247109","São Carlos","SP",-22.0167,-47.8833,"Hidroweb diário",32,FALSE,0.46508929702906543,"alta (>=0.3)",TRUE,0.20686761140975451,7,"jul",9,"set",5,0.15,6,7,"theta_pi","jul"
"2247110","Capivari","SP",-22.9997,-47.5,"Hidroweb diário",75,FALSE,0.5465722706670266,"alta (>=0.3)",TRUE,0.3499129422597496,7,"jul",8,"ago",4,0.15,8,7,"theta_pi","jul"
"2247113","Piracicaba","SP",-22.6833,-47.7,"Hidroweb diário",51,FALSE,0.62608787105120145,"alta (>=0.3)",TRUE,0.2378002706911946,7,"jul",8,"ago",3,0.15,7,7,"theta_pi","jul"
"2247121","Brotas","SP",-22.2,-47.2667,"Hidroweb diário",56,FALSE,0.5450014467323138,"alta (>=0.3)",TRUE,0.16579603674041546,7,"jul",8,"ago",4,0.15,8,7,"theta_pi","jul"
"2247130","Campinas","SP",-22.9667,-47.0833,"Hidroweb diário",36,FALSE,0.4635928897093406,"alta (>=0.3)",TRUE,0.3201902193367336,7,"jul",9,"set",5,0.15,6,7,"theta_pi","jul"
"2247180","Itirapina","SP",-22.2492,-47.8267,"Hidroweb diário",35,FALSE,0.5621599441054361,"alta (>=0.3)",TRUE,0.10512933109006946,7,"jul",8,"ago",3,0.15,7,7,"theta_pi","jul"
"2247182","São Carlos","SP",-22.1522,-47.8864,"Hidroweb diário",44,FALSE,0.5299185266284863,"alta (>=0.3)",TRUE,0.30901157568721094,7,"jul",8,"ago",3,0.15,7,7,"theta_pi","jul"
"2247184","Itirapina","SP",-22.3422,-47.9178,"Hidroweb diário",47,FALSE,0.6027809010263943,"alta (>=0.3)",TRUE,0.26886536649043546,7,"jul",9,"set",4,0.15,7,7,"theta_pi","jul"
"2247185","Brotas","SP",-22.1483,-48.0006,"Hidroweb diário",37,FALSE,0.6434129542751024,"alta (>=0.3)",TRUE,0.0922457902921646,7,"jul",8,"ago",3,0.15,8,7,"theta_pi","jul"
"2247196","Itirapina","SP",-22.17,-47.8989,"Hidroweb diário",40,FALSE,0.5036279721953785,"alta (>=0.3)",TRUE,0.2798949230619943,7,"jul",8,"ago",3,0.15,7,7,"theta_pi","jul"
"2247197","Brotas","SP",-22.2364,-47.9586,"Hidroweb diário",45,FALSE,0.6546039137704117,"alta (>=0.3)",TRUE,0.27365650987328255,7,"jul",8,"ago",3,0.15,7,7,"theta_pi","jul"
"2247198","Itirapina","SP",-22.18,-47.7847,"Hidroweb diário",40,FALSE,0.5495133076111723,"alta (>=0.3)",TRUE,0.3599578058685001,7,"jul",9,"set",4,0.15,7,7,"theta_pi","jul"
"2247206","São Carlos","SP",-22.1,-47.9833,"Hidroweb diário",46,FALSE,0.5690418415453515,"alta (>=0.3)",TRUE,0.14009444519168254,7,"jul",8,"ago",4,0.15,7,7,"theta_pi","jul"
"2247208","Charqueada","SP",-22.5833,-47.6833,"Hidroweb diário",44,FALSE,0.6306451972222945,"alta (>=0.3)",TRUE,0.37556831480169095,7,"jul",9,"set",4,0.15,8,7,"theta_pi","jul"
"2247212","Piracicaba","SP",-22.7,-47.65,"Hidroweb diário",34,FALSE,0.6455548574500451,"alta (>=0.3)",TRUE,0.8646457427620176,8,"ago",9,"set",5,0.15,8,8,"theta_pi","ago"
"2247214","Sumaré","SP",-22.85,-47.25,"Hidroweb diário",36,FALSE,0.624988328366309,"alta (>=0.3)",TRUE,0.1074694487712716,7,"jul",9,"set",5,0.15,8,7,"theta_pi","jul"
"2248005","Ribeirão Bonito","SP",-22.0833,-48.1833,"Hidroweb diário",82,FALSE,0.603009543757887,"alta (>=0.3)",TRUE,0.2440166204415028,7,"jul",8,"ago",3,0.15,7,7,"theta_pi","jul"
"2248008","Dourado","SP",-22.1,-48.3,"Hidroweb diário",58,FALSE,0.5806426638511908,"alta (>=0.3)",TRUE,0.08529220061933826,7,"jul",8,"ago",3,0.15,8,7,"theta_pi","jul"
"2248009","Dourado","SP",-22.1333,-48.3167,"Hidroweb diário",64,FALSE,0.5681230168480116,"alta (>=0.3)",TRUE,0.14666675481600538,7,"jul",8,"ago",4,0.15,8,7,"theta_pi","jul"
"2248010","Jaú","SP",-22.25,-48.5667,"Hidroweb diário",37,FALSE,0.5048936860764852,"alta (>=0.3)",TRUE,0.12531395493195205,7,"jul",8,"ago",3,0.15,8,7,"theta_pi","jul"
"2248012","Jaú","SP",-22.3,-48.5333,"Hidroweb diário",48,FALSE,0.5840727805852065,"alta (>=0.3)",TRUE,0.31780693688371603,7,"jul",9,"set",4,0.15,7,7,"theta_pi","jul"
"2248014","Itapuí","SP",-22.3167,-48.7167,"Hidroweb diário",62,FALSE,0.5231229301178564,"alta (>=0.3)",TRUE,0.30614837742390205,7,"jul",8,"ago",3,0.15,8,7,"theta_pi","jul"
"2248015","Pederneiras","SP",-22.3167,-48.8833,"Hidroweb diário",76,FALSE,0.623578264643699,"alta (>=0.3)",TRUE,0.4674207078182488,7,"jul",9,"set",5,0.15,8,7,"theta_pi","jul"
"2248016","Dois Córregos","SP",-22.3667,-48.3833,"Hidroweb diário",64,FALSE,0.5706490337431831,"alta (>=0.3)",TRUE,0.25279391131186746,7,"jul",8,"ago",3,0.15,8,7,"theta_pi","jul"
"2248019","Agudos","SP",-22.4833,-48.9833,"Hidroweb diário",49,FALSE,0.6152187568648455,"alta (>=0.3)",TRUE,0.3049590115330918,7,"jul",8,"ago",3,0.15,8,7,"theta_pi","jul"
"2248020","Barra Bonita","SP",-22.5167,-48.5333,"Hidroweb diário",37,FALSE,0.4710012321581431,"alta (>=0.3)",TRUE,0.27999255811840906,7,"jul",8,"ago",3,0.15,8,7,"theta_pi","jul"
"2248023","Santa Maria da Serra","SP",-22.5667,-48.15,"Hidroweb diário",52,FALSE,0.5173035115811712,"alta (>=0.3)",TRUE,0.3687400942815155,7,"jul",8,"ago",3,0.15,8,7,"theta_pi","jul"
"2248024","Lençóis Paulista","SP",-22.6,-48.7833,"Hidroweb diário",41,FALSE,0.46126598942456293,"alta (>=0.3)",TRUE,0.37075841095968803,7,"jul",8,"ago",2,0.15,7,7,"theta_pi","jul"
"2248025","Anhembi","SP",-22.6833,-48.1167,"Hidroweb diário",85,FALSE,0.6135837514261275,"alta (>=0.3)",TRUE,0.2912737637733816,7,"jul",9,"set",5,0.15,8,7,"theta_pi","jul"
"2248026","São Manuel","SP",-22.7333,-48.5667,"Hidroweb diário",84,FALSE,0.48474324049073264,"alta (>=0.3)",TRUE,0.29907591768247066,7,"jul",8,"ago",4,0.15,8,7,"theta_pi","jul"
"2248028","Anhembi","SP",-22.7833,-48.1333,"Hidroweb diário",76,FALSE,0.55384183412999,"alta (>=0.3)",TRUE,0.14336315792426818,7,"jul",8,"ago",4,0.15,8,7,"theta_pi","jul"
"2248029","Botucatu","SP",-22.8167,-48.4333,"Hidroweb diário",71,FALSE,0.5307969551502736,"alta (>=0.3)",TRUE,0.339623101113367,7,"jul",8,"ago",3,0.15,7,7,"theta_pi","jul"
"2248030","Botucatu","SP",-22.8667,-48.65,"Hidroweb diário",80,FALSE,0.5466290311574522,"alta (>=0.3)",TRUE,0.2511598528898823,7,"jul",8,"ago",4,0.15,7,7,"theta_pi","jul"
"2248032","Itatinga","SP",-22.9997,-48.7,"Hidroweb diário",53,FALSE,0.41308194310481783,"alta (>=0.3)",TRUE,0.5229037313955297,8,"ago",8,"ago",3,0.15,8,8,"theta_pi","ago"
"2248042","Botucatu","SP",-22.95,-48.4333,"Hidroweb diário",32,FALSE,0.45759531367842504,"alta (>=0.3)",TRUE,0.49865339138955445,7,"jul",8,"ago",3,0.15,8,7,"theta_pi","jul"
"2248043","Boracéia","SP",-22.15,-48.75,"Hidroweb diário",37,FALSE,0.5163781228001603,"alta (>=0.3)",TRUE,0.1715272410009289,7,"jul",8,"ago",3,0.15,8,7,"theta_pi","jul"
"2248045","Torrinha","SP",-22.3833,-48.1667,"Hidroweb diário",77,FALSE,0.6024588874475303,"alta (>=0.3)",TRUE,0.2949775690198762,7,"jul",8,"ago",3,0.15,8,7,"theta_pi","jul"
"2248046","Brotas","SP",-22.3,-48.1167,"Hidroweb diário",32,FALSE,0.5827246214426294,"alta (>=0.3)",TRUE,0.2968364471149487,7,"jul",9,"set",5,0.15,8,7,"theta_pi","jul"
"2248047","Macatuba","SP",-22.5167,-48.65,"Hidroweb diário",37,FALSE,0.5856234111302594,"alta (>=0.3)",TRUE,0.3344330259313981,7,"jul",9,"set",5,0.15,8,7,"theta_pi","jul"
"2248048","Botucatu","SP",-22.9333,-48.3,"Hidroweb diário",50,FALSE,0.5447561991696214,"alta (>=0.3)",TRUE,0.31799321121774876,7,"jul",8,"ago",3,0.15,8,7,"theta_pi","jul"
"2248051","Lençóis Paulista","SP",-22.7667,-48.8333,"Hidroweb diário",50,FALSE,0.4482265866268199,"alta (>=0.3)",TRUE,0.40542641675146546,7,"jul",8,"ago",3,0.15,7,7,"theta_pi","jul"
"2248062","Boa Esperança do Sul","SP",-22.0333,-48.3333,"Hidroweb diário",35,FALSE,0.5261449170057273,"alta (>=0.3)",TRUE,0.15108165559905573,7,"jul",9,"set",6,0.15,7,7,"theta_pi","jul"
"2248075","Torrinha","SP",-22.4333,-48.1667,"Hidroweb diário",38,FALSE,0.054417947448230065,"baixa (<0.20)",FALSE,3.19769574571992,1,"jan",9,"set",6,0.15,7,9,"ultimo_mes_seco","set"
"2248079","Mineiros do Tietê","SP",-22.4167,-48.45,"Hidroweb diário",43,FALSE,0.651880529369832,"alta (>=0.3)",TRUE,0.38817768160652194,7,"jul",9,"set",5,0.15,8,7,"theta_pi","jul"
"2248086","Botucatu","SP",-22.6833,-48.3333,"Hidroweb diário",32,FALSE,0.48105365644490783,"alta (>=0.3)",TRUE,0.35523480720970163,7,"jul",8,"ago",3,0.15,8,7,"theta_pi","jul"
"2248089","Pederneiras","SP",-22.3667,-48.85,"Hidroweb diário",33,FALSE,0.5867376752225135,"alta (>=0.3)",TRUE,0.21035852932089158,7,"jul",9,"set",5,0.15,7,7,"theta_pi","jul"
"2248107","Jaú","SP",-22.2167,-48.6,"Hidroweb diário",48,FALSE,0.605533033330206,"alta (>=0.3)",TRUE,0.2748297173023267,7,"jul",8,"ago",3,0.15,7,7,"theta_pi","jul"
"2248110","Ribeirão Bonito","SP",-22.0778,-48.1803,"Hidroweb diário",37,FALSE,0.5272653921422704,"alta (>=0.3)",TRUE,0.2991145256304181,7,"jul",8,"ago",3,0.15,8,7,"theta_pi","jul"
"2248115","Anhembi","SP",-22.6333,-48.2,"Hidroweb diário",41,FALSE,0.575361314118972,"alta (>=0.3)",TRUE,0.38824427787766025,7,"jul",8,"ago",3,0.15,8,7,"theta_pi","jul"
"2248116","Dois Córregos","SP",-22.25,-48.3833,"Hidroweb diário",39,FALSE,0.6132982937165423,"alta (>=0.3)",TRUE,0.32389867721540977,7,"jul",9,"set",4,0.15,8,7,"theta_pi","jul"
"2249002","Arealva","SP",-22.05,-49.0333,"Hidroweb diário",51,FALSE,0.6010635798829079,"alta (>=0.3)",TRUE,0.2720259053696938,7,"jul",8,"ago",3,0.15,8,7,"theta_pi","jul"
"2249005","Pirajuí","SP",-22.05,-49.6167,"Hidroweb diário",78,FALSE,0.5206324556494889,"alta (>=0.3)",TRUE,0.3205360069647574,7,"jul",8,"ago",3,0.15,8,7,"theta_pi","jul"
"2249006","Garça","SP",-22.2,-49.65,"Hidroweb diário",82,FALSE,0.4821810829841899,"alta (>=0.3)",TRUE,0.46265941599773497,7,"jul",8,"ago",3,0.15,8,7,"theta_pi","jul"
"2249008","Marília","SP",-22.2167,-49.9333,"Hidroweb diário",82,FALSE,0.4873618451243157,"alta (>=0.3)",TRUE,0.27480650866638306,7,"jul",8,"ago",3,0.15,8,7,"theta_pi","jul"
"2249009","Marília","SP",-22.2333,-49.9333,"Hidroweb diário",32,FALSE,0.38420269820657565,"alta (>=0.3)",TRUE,0.01570622814844025,7,"jul",9,"set",4,0.15,7,7,"theta_pi","jul"
"2249010","Bauru","SP",-22.3,-49.15,"Hidroweb diário",48,FALSE,0.5659552151618118,"alta (>=0.3)",TRUE,0.28370561341336575,7,"jul",8,"ago",3,0.15,8,7,"theta_pi","jul"
"2249011","Gália","SP",-22.3167,-49.5333,"Hidroweb diário",87,FALSE,0.5359938387364881,"alta (>=0.3)",TRUE,0.41088001285377673,7,"jul",8,"ago",3,0.15,8,7,"theta_pi","jul"
"2249012","Bauru","SP",-22.3167,-49.0333,"Hidroweb diário",60,FALSE,0.5959383056917867,"alta (>=0.3)",TRUE,0.3565325819031281,7,"jul",8,"ago",2,0.15,8,7,"theta_pi","jul"
"2249013","Bauru","SP",-22.3333,-49.0833,"Hidroweb diário",34,FALSE,0.5356201418421431,"alta (>=0.3)",TRUE,0.13161512284529872,7,"jul",9,"set",4,0.15,8,7,"theta_pi","jul"
"2249014","Garça","SP",-22.3167,-49.7667,"Hidroweb diário",51,FALSE,0.4993848748231514,"alta (>=0.3)",TRUE,0.38125510268632307,7,"jul",8,"ago",3,0.15,8,7,"theta_pi","jul"
"2249018","Gália","SP",-22.3667,-49.5167,"Hidroweb diário",63,FALSE,0.5006482569332684,"alta (>=0.3)",TRUE,0.3985391489537691,7,"jul",8,"ago",2,0.15,8,7,"theta_pi","jul"
"2249019","Piratininga","SP",-22.4167,-49.1333,"Hidroweb diário",57,FALSE,0.5055797218735023,"alta (>=0.3)",TRUE,0.41904154385298886,7,"jul",8,"ago",3,0.15,8,7,"theta_pi","jul"
"2249020","Duartina","SP",-22.4167,-49.4167,"Hidroweb diário",62,FALSE,0.48851806715357393,"alta (>=0.3)",TRUE,0.28995002446024815,7,"jul",8,"ago",3,0.15,8,7,"theta_pi","jul"
"2249021","Gália","SP",-22.4167,-49.6667,"Hidroweb diário",49,FALSE,0.4781374493915976,"alta (>=0.3)",TRUE,0.757573188478295,8,"ago",8,"ago",2,0.15,7,8,"theta_pi","ago"
"2249022","Ocauçu","SP",-22.4333,-49.9167,"Hidroweb diário",54,FALSE,0.4213674911815971,"alta (>=0.3)",TRUE,0.3550791455470026,7,"jul",8,"ago",2,0.15,8,7,"theta_pi","jul"
"2249023","Cabralia Paulista","SP",-22.45,-49.3167,"Hidroweb diário",83,FALSE,0.4675756322129896,"alta (>=0.3)",TRUE,0.27924683430184155,7,"jul",8,"ago",3,0.15,8,7,"theta_pi","jul"
"2249024","Ubirajara","SP",-22.5333,-49.65,"Hidroweb diário",53,FALSE,0.4446171555934503,"alta (>=0.3)",TRUE,0.14913216095937537,7,"jul",8,"ago",2,0.15,8,7,"theta_pi","jul"
"2249025","Agudos","SP",-22.5833,-49.4,"Hidroweb diário",55,FALSE,0.49676232281189414,"alta (>=0.3)",TRUE,0.373939376925823,7,"jul",8,"ago",3,0.15,8,7,"theta_pi","jul"
"2249026","Santa Cruz do Rio Pardo","SP",-22.7,-49.4333,"Hidroweb diário",36,FALSE,0.4891887710754345,"alta (>=0.3)",TRUE,0.03558724193409882,7,"jul",8,"ago",2,0.15,7,7,"theta_pi","jul"
"2249027","Santa Cruz do Rio Pardo","SP",-22.7167,-49.5667,"Hidroweb diário",31,FALSE,0.48545744853713396,"alta (>=0.3)",TRUE,0.37123820233673654,7,"jul",8,"ago",3,0.15,7,7,"theta_pi","jul"
"2249028","Ribeirão do Sul","SP",-22.7833,-49.9333,"Hidroweb diário",83,FALSE,0.44683547731479195,"alta (>=0.3)",TRUE,0.30503341281732693,7,"jul",8,"ago",2,0.15,8,7,"theta_pi","jul"
"2249029","Águas de Santa Bárbara","SP",-22.8833,-49.2333,"Hidroweb diário",63,FALSE,0.4203498486730668,"alta (>=0.3)",TRUE,0.28740318756997885,7,"jul",8,"ago",3,0.15,8,7,"theta_pi","jul"
"2249030","Salto Grande","SP",-22.9,-49.9997,"Hidroweb diário",48,FALSE,0.39158635795015434,"alta (>=0.3)",TRUE,0.3359972434878587,7,"jul",8,"ago",3,0.15,8,7,"theta_pi","jul"
"2249031","Santa Cruz do Rio Pardo","SP",-22.9,-49.6167,"Hidroweb diário",44,FALSE,0.42004127170313527,"alta (>=0.3)",TRUE,0.13076430340118256,7,"jul",8,"ago",2,0.15,8,7,"theta_pi","jul"
"2249032","Santa Cruz do Rio Pardo","SP",-22.9,-49.6167,"Hidroweb diário",68,FALSE,0.4408037123261562,"alta (>=0.3)",TRUE,0.20993132710525703,7,"jul",8,"ago",3,0.15,7,7,"theta_pi","jul"
"2249033","Santa Cruz do Rio Pardo","SP",-22.95,-49.5333,"Hidroweb diário",57,FALSE,0.4189251821159678,"alta (>=0.3)",TRUE,0.47201672317207566,7,"jul",8,"ago",2,0.15,8,7,"theta_pi","jul"
"2249034","Ourinhos","SP",-22.9833,-49.8333,"Hidroweb diário",85,FALSE,0.4498637994481515,"alta (>=0.3)",TRUE,0.47557862478706736,7,"jul",8,"ago",2,0.15,8,7,"theta_pi","jul"
"2249058","Ourinhos","SP",-22.9997,-49.8333,"Hidroweb diário",74,FALSE,0.37588818988047173,"alta (>=0.3)",TRUE,0.43083081068288853,7,"jul",8,"ago",3,0.15,7,7,"theta_pi","jul"
"2249060","São Pedro do Turvo","SP",-22.5833,-49.8167,"Hidroweb diário",52,FALSE,0.4035673540586727,"alta (>=0.3)",TRUE,0.16581858953626763,7,"jul",8,"ago",3,0.15,8,7,"theta_pi","jul"
"2249062","Marília","SP",-22.1333,-49.9167,"Hidroweb diário",51,FALSE,0.45938954245360547,"alta (>=0.3)",TRUE,0.22141894102567486,7,"jul",8,"ago",3,0.15,8,7,"theta_pi","jul"
"2249065","São Pedro do Turvo","SP",-22.75,-49.7333,"Hidroweb diário",50,FALSE,0.4852406069819602,"alta (>=0.3)",TRUE,0.3049348441636769,7,"jul",8,"ago",3,0.15,8,7,"theta_pi","jul"
"2249066","Alvaro de Carvalho","SP",-22.0833,-49.7167,"Hidroweb diário",50,FALSE,0.46685710143291415,"alta (>=0.3)",TRUE,0.1758539374429776,7,"jul",8,"ago",3,0.15,8,7,"theta_pi","jul"
"2249069","Presidente Alves","SP",-22.1,-49.4333,"Hidroweb diário",55,FALSE,0.6103624552207709,"alta (>=0.3)",TRUE,0.36796582007453016,7,"jul",8,"ago",3,0.15,8,7,"theta_pi","jul"
"2249070","Avaí","SP",-22.1667,-49.3333,"Hidroweb diário",71,FALSE,0.35522886580218,"alta (>=0.3)",TRUE,0.15509350636977198,7,"jul",8,"ago",3,0.15,8,7,"theta_pi","jul"
"2249071","Santa Cruz do Rio Pardo","SP",-22.5833,-49.55,"Hidroweb diário",50,FALSE,0.40994915681135763,"alta (>=0.3)",TRUE,0.18824632046397805,7,"jul",8,"ago",3,0.15,8,7,"theta_pi","jul"
"2249074","Piratininga","SP",-22.3833,-49.3,"Hidroweb diário",37,FALSE,0.5253186699806415,"alta (>=0.3)",TRUE,0.2545392140915986,7,"jul",9,"set",4,0.15,8,7,"theta_pi","jul"
"2249079","Marília","SP",-22.2167,-49.95,"Hidroweb diário",33,FALSE,0.5128501205831356,"alta (>=0.3)",TRUE,0.3997624214617931,7,"jul",8,"ago",3,0.15,8,7,"theta_pi","jul"
"2249086","Óleo","SP",-22.95,-49.3833,"Hidroweb diário",74,FALSE,0.42811641911848586,"alta (>=0.3)",TRUE,0.34414397031039456,7,"jul",8,"ago",2,0.15,8,7,"theta_pi","jul"
"2249103","Lençóis Paulista","SP",-22.7956,-49.1267,"Hidroweb diário",42,FALSE,0.4938549827513107,"alta (>=0.3)",TRUE,0.40955321192544847,7,"jul",8,"ago",3,0.15,8,7,"theta_pi","jul"
"2249105","Agudos","SP",-22.7167,-49.3167,"Hidroweb diário",39,FALSE,0.4726183226776337,"alta (>=0.3)",TRUE,0.41675012080228996,7,"jul",8,"ago",3,0.15,7,7,"theta_pi","jul"
"2249107","Alvinlândia","SP",-22.45,-49.7667,"Hidroweb diário",39,FALSE,0.4089256281272295,"alta (>=0.3)",TRUE,0.4471931751001547,7,"jul",8,"ago",3,0.15,7,7,"theta_pi","jul"
"2250001","Quata","SP",-22.0633,-50.6094,"Hidroweb diário",46,FALSE,0.5413212696460994,"alta (>=0.3)",TRUE,0.13183724275752104,7,"jul",8,"ago",3,0.15,8,7,"theta_pi","jul"
"2250003","Quintana","SP",-22.0667,-50.3,"Hidroweb diário",61,FALSE,0.621062276002157,"alta (>=0.3)",TRUE,0.1654938682700143,7,"jul",8,"ago",3,0.15,8,7,"theta_pi","jul"
"2250005","Tupã","SP",-22.0833,-50.55,"Hidroweb diário",34,FALSE,0.5544093387145705,"alta (>=0.3)",TRUE,0.291019145550627,7,"jul",9,"set",3,0.15,7,7,"theta_pi","jul"
"2250006","Pompéia","SP",-22.1167,-50.2,"Hidroweb diário",59,FALSE,0.5038102443440082,"alta (>=0.3)",TRUE,0.3162996139714135,7,"jul",8,"ago",3,0.15,8,7,"theta_pi","jul"
"2250007","Oriente","SP",-22.15,-50.0833,"Hidroweb diário",63,FALSE,0.5450846038172975,"alta (>=0.3)",TRUE,0.08858573886570685,7,"jul",8,"ago",3,0.15,8,7,"theta_pi","jul"
"2250009","Rancharia","SP",-22.2167,-50.8833,"Hidroweb diário",80,FALSE,0.4223049946525734,"alta (>=0.3)",TRUE,0.11858435709200522,7,"jul",8,"ago",2,0.15,7,7,"theta_pi","jul"
"2250011","Lutécia","SP",-22.3667,-50.3833,"Hidroweb diário",57,FALSE,0.4855017585092774,"alta (>=0.3)",TRUE,0.17827317222398717,7,"jul",8,"ago",3,0.15,8,7,"theta_pi","jul"
"2250013","Echapora","SP",-22.4333,-50.2167,"Hidroweb diário",76,FALSE,0.38885724147333006,"alta (>=0.3)",TRUE,0.26162394201642303,7,"jul",8,"ago",2,0.15,8,7,"theta_pi","jul"
"2250014","Rancharia","SP",-22.4333,-50.9997,"Hidroweb diário",50,FALSE,0.4118699932394607,"alta (>=0.3)",TRUE,0.3557968051136091,7,"jul",8,"ago",2,0.15,8,7,"theta_pi","jul"
"2250015","Campos Novos Paulista","SP",-22.6,-50,"Hidroweb diário",31,FALSE,0.4458635855331842,"alta (>=0.3)",TRUE,0.4809532458491312,7,"jul",8,"ago",2,0.15,8,7,"theta_pi","jul"
"2250016","Assis","SP",-22.6333,-50.4,"Hidroweb diário",49,FALSE,0.356715528981526,"alta (>=0.3)",TRUE,0.26394403670459726,7,"jul",8,"ago",2,0.15,8,7,"theta_pi","jul"
"2250017","Platina","SP",-22.6333,-50.2,"Hidroweb diário",53,FALSE,0.3870609374828651,"alta (>=0.3)",TRUE,0.13271225142935955,7,"jul",8,"ago",2,0.15,8,7,"theta_pi","jul"
"2250018","Cruzália","SP",-22.7333,-50.8,"Hidroweb diário",31,FALSE,0.4064036940714031,"alta (>=0.3)",TRUE,0.3628952581959853,7,"jul",8,"ago",2,0.15,7,7,"theta_pi","jul"
"2250019","Palmital","SP",-22.7833,-50.2167,"Hidroweb diário",35,FALSE,0.3072518786845371,"alta (>=0.3)",TRUE,0.19941850459390015,7,"jul",8,"ago",2,0.15,8,7,"theta_pi","jul"
"2250020","Ibirarema","SP",-22.8167,-50.0667,"Hidroweb diário",57,FALSE,0.36328125477096695,"alta (>=0.3)",TRUE,0.3842169880746033,7,"jul",8,"ago",2,0.15,8,7,"theta_pi","jul"
"2250021","Cândido Mota","SP",-22.85,-50.55,"Hidroweb diário",31,FALSE,0.36121627264695905,"alta (>=0.3)",TRUE,0.6694660453427907,8,"ago",8,"ago",3,0.15,8,8,"theta_pi","ago"
"2250023","Cândido Mota","SP",-22.8833,-50.3333,"Hidroweb diário",84,FALSE,0.42419398305932915,"alta (>=0.3)",TRUE,0.4287702622824763,7,"jul",8,"ago",2,0.15,8,7,"theta_pi","jul"
"2250024","Salto Grande","SP",-22.8983,-50.0108,"Hidroweb diário",74,FALSE,0.30507269437157886,"alta (>=0.3)",TRUE,0.6869141640162754,8,"ago",8,"ago",2,0.15,8,8,"theta_pi","ago"
"2250025","Florínia","SP",-22.9,-50.7333,"Hidroweb diário",31,FALSE,0.40045416271848255,"alta (>=0.3)",TRUE,0.40451065279209303,7,"jul",8,"ago",2,0.15,8,7,"theta_pi","jul"
"2250037","Palmital","SP",-22.8167,-50.3,"Hidroweb diário",46,FALSE,0.3857179249842989,"alta (>=0.3)",TRUE,0.5586936188744299,8,"ago",8,"ago",3,0.15,8,8,"theta_pi","ago"
"2250045","Rancharia","SP",-22.6333,-50.9,"Hidroweb diário",52,FALSE,0.33304261442001193,"alta (>=0.3)",TRUE,0.2703155156361762,7,"jul",8,"ago",3,0.15,8,7,"theta_pi","jul"
"2250047","Lutécia","SP",-22.4667,-50.3667,"Hidroweb diário",52,FALSE,0.42118526874490553,"alta (>=0.3)",TRUE,0.1792895581584343,7,"jul",8,"ago",3,0.15,7,7,"theta_pi","jul"
"2250048","Assis","SP",-22.6833,-50.4833,"Hidroweb diário",55,FALSE,0.42732297785781703,"alta (>=0.3)",TRUE,0.34129252926354836,7,"jul",8,"ago",3,0.15,8,7,"theta_pi","jul"
"2250051","Maracaí","SP",-22.6667,-50.6167,"Hidroweb diário",40,FALSE,0.49708087017517627,"alta (>=0.3)",TRUE,0.318778215747907,7,"jul",8,"ago",3,0.15,8,7,"theta_pi","jul"
"2250062","Quata","SP",-22.2333,-50.7,"Hidroweb diário",75,FALSE,0.5050039702174185,"alta (>=0.3)",TRUE,0.30055761873004627,7,"jul",8,"ago",3,0.15,8,7,"theta_pi","jul"
"2250063","Paraguaçu Paulista","SP",-22.4167,-50.5667,"Hidroweb diário",71,FALSE,0.4737665323812535,"alta (>=0.3)",TRUE,0.12727765331026927,7,"jul",8,"ago",2,0.15,7,7,"theta_pi","jul"
"2250064","Rancharia","SP",-22.1167,-50.8333,"Hidroweb diário",50,FALSE,0.4748712977551062,"alta (>=0.3)",TRUE,0.20191687330427474,7,"jul",8,"ago",2,0.15,7,7,"theta_pi","jul"
"2250065","Marília","SP",-22.2667,-50.1,"Hidroweb diário",47,FALSE,0.500837680637495,"alta (>=0.3)",TRUE,0.06733139321741154,7,"jul",8,"ago",3,0.15,8,7,"theta_pi","jul"
"2250086","Campos Novos Paulista","SP",-22.6,-50,"Hidroweb diário",36,FALSE,0.47784732707388816,"alta (>=0.3)",TRUE,0.5038028219177795,7,"jul",8,"ago",3,0.15,8,7,"theta_pi","jul"
"2251002","Marabá Paulista","SP",-22.1,-51.9667,"Hidroweb diário",48,FALSE,0.4445286474713171,"alta (>=0.3)",TRUE,0.044733207849290524,7,"jul",8,"ago",3,0.15,8,7,"theta_pi","jul"
"2251007","Santo Anastácio","SP",-22.1667,-51.7667,"Hidroweb diário",31,FALSE,0.4682836595635016,"alta (>=0.3)",TRUE,0.23609914225482653,7,"jul",8,"ago",2,0.15,8,7,"theta_pi","jul"
"2251008","Indiana","SP",-22.1833,-51.25,"Hidroweb diário",36,FALSE,0.46610831162991845,"alta (>=0.3)",TRUE,0.026852708477930195,7,"jul",8,"ago",2,0.15,8,7,"theta_pi","jul"
"2251009","Indiana","SP",-22.15,-51.25,"Hidroweb diário",72,FALSE,0.4061671970132076,"alta (>=0.3)",TRUE,0.13263497729628976,7,"jul",8,"ago",3,0.15,7,7,"theta_pi","jul"
"2251010","Martinópolis","SP",-22.25,-51.1667,"Hidroweb diário",73,FALSE,0.44447470765826697,"alta (>=0.3)",TRUE,0.40540432366624635,7,"jul",8,"ago",2,0.15,8,7,"theta_pi","jul"
"2251011","Pirapozinho","SP",-22.2667,-51.5,"Hidroweb diário",72,FALSE,0.33606093812687604,"alta (>=0.3)",TRUE,0.23520938402248878,7,"jul",8,"ago",2,0.15,7,7,"theta_pi","jul"
"2251012","Mirante do Paranapanema","SP",-22.3,-51.9167,"Hidroweb diário",67,FALSE,0.3851851989816957,"alta (>=0.3)",TRUE,0.27143099987274344,7,"jul",8,"ago",2,0.15,7,7,"theta_pi","jul"
"2251013","Taciba","SP",-22.3833,-51.2833,"Hidroweb diário",70,FALSE,0.34046441453705806,"alta (>=0.3)",TRUE,0.15769895684842744,7,"jul",8,"ago",2,0.15,7,7,"theta_pi","jul"
"2251014","Narandiba","SP",-22.4167,-51.5167,"Hidroweb diário",80,FALSE,0.3338922027494952,"alta (>=0.3)",TRUE,0.23091091871536273,7,"jul",8,"ago",3,0.15,8,7,"theta_pi","jul"
"2251015","Sandovalina","SP",-22.5167,-51.8167,"Hidroweb diário",61,FALSE,0.36524823206544954,"alta (>=0.3)",TRUE,0.07541250112289886,7,"jul",8,"ago",2,0.15,8,7,"theta_pi","jul"
"2251016","Estrela do Norte","SP",-22.5167,-51.6333,"Hidroweb diário",33,FALSE,0.4627012192265932,"alta (>=0.3)",TRUE,0.010146638089267291,7,"jul",8,"ago",2,0.15,7,7,"theta_pi","jul"
"2251018","Iepê","SP",-22.6667,-51.0833,"Hidroweb diário",78,FALSE,0.3739396761411771,"alta (>=0.3)",TRUE,0.1764026512274603,7,"jul",8,"ago",2,0.15,7,7,"theta_pi","jul"
"2251019","Iepê","SP",-22.7167,-51.1333,"Hidroweb diário",63,FALSE,0.3910798964684994,"alta (>=0.3)",TRUE,0.2598828368682188,7,"jul",8,"ago",2,0.15,7,7,"theta_pi","jul"
"2251052","Martinópolis","SP",-22.4167,-51.1667,"Hidroweb diário",52,FALSE,0.4375482262036384,"alta (>=0.3)",TRUE,0.41149634198899243,7,"jul",8,"ago",2,0.15,7,7,"theta_pi","jul"
"2251053","Iepê","SP",-22.6167,-51.25,"Hidroweb diário",31,FALSE,0.3523120502227998,"alta (>=0.3)",TRUE,0.014470143501344696,7,"jul",8,"ago",2,0.15,7,7,"theta_pi","jul"
"2251066","Presidente Prudente","SP",-22.1,-51.3833,"Hidroweb diário",81,FALSE,0.4731100513696849,"alta (>=0.3)",TRUE,0.3012724604361961,7,"jul",8,"ago",3,0.15,7,7,"theta_pi","jul"
"2251074","Caiabu","SP",-22.0167,-51.2333,"Hidroweb diário",40,FALSE,0.37081706015535465,"alta (>=0.3)",TRUE,0.2180895949005319,7,"jul",8,"ago",3,0.15,7,7,"theta_pi","jul"
"2252005","Teodoro Sampaio","SP",-22.5167,-52.1833,"Hidroweb diário",55,FALSE,0.3410069834920442,"alta (>=0.3)",TRUE,6.014181739624489,6,"jun",8,"ago",2,0.15,7,6,"theta_pi","jun"
"2252006","Teodoro Sampaio","SP",-22.3667,-52.3167,"Hidroweb diário",34,FALSE,0.42716285231603646,"alta (>=0.3)",TRUE,5.880734872079132,6,"jun",8,"ago",2,0.15,8,6,"theta_pi","jun"
"2252007","Teodoro Sampaio","SP",-22.4667,-52.8833,"Hidroweb diário",44,FALSE,0.3615981849923403,"alta (>=0.3)",TRUE,0.15900753914481303,7,"jul",8,"ago",2,0.15,8,7,"theta_pi","jul"
"2252034","Teodoro Sampaio","SP",-22.5667,-52.4167,"Hidroweb diário",55,FALSE,0.18511158231133473,"baixa (<0.20)",FALSE,5.9125554556196445,6,"jun",8,"ago",2,0.15,8,8,"ultimo_mes_seco","ago"
"2252035","Mirante do Paranapanema","SP",-22.3,-52.0833,"Hidroweb diário",54,FALSE,0.2842919228934769,"media (0.20-0.3)",FALSE,6.254959108802068,6,"jun",8,"ago",2,0.15,8,8,"ultimo_mes_seco","ago"
"2252036","Teodoro Sampaio","SP",-22.3167,-52.65,"Hidroweb diário",31,FALSE,0.3024978960040313,"alta (>=0.3)",TRUE,0.26987356777020505,7,"jul",8,"ago",3,0.15,8,7,"theta_pi","jul"
"2252037","Teodoro Sampaio","SP",-22.55,-52.5833,"Hidroweb diário",55,FALSE,0.3714200803892529,"alta (>=0.3)",TRUE,5.927337275525718,6,"jun",8,"ago",2,0.15,8,6,"theta_pi","jun"
"2252038","Teodoro Sampaio","SP",-22.6167,-52.1667,"Hidroweb diário",42,FALSE,0.433519475943311,"alta (>=0.3)",TRUE,0.041856357523649426,7,"jul",8,"ago",2,0.15,8,7,"theta_pi","jul"
"2252045","Teodoro Sampaio","SP",-22.4667,-52.5333,"Hidroweb diário",43,FALSE,0.33903940484420986,"alta (>=0.3)",TRUE,0.06021809161244224,7,"jul",8,"ago",2,0.15,7,7,"theta_pi","jul"
"2344001","Cunha","SP",-23.0833,-44.9,"Hidroweb diário",47,FALSE,0.5858769056061899,"alta (>=0.3)",TRUE,0.20200466214061735,7,"jul",9,"set",5,0.15,6,7,"theta_pi","jul"
"2344003","Cunha","SP",-23.1167,-44.85,"Hidroweb diário",32,FALSE,0.5580279449067558,"alta (>=0.3)",TRUE,0.23446636258929884,7,"jul",8,"ago",4,0.15,8,7,"theta_pi","jul"
"2344004","Ubatuba","SP",-23.3667,-44.7333,"Hidroweb diário",31,FALSE,0.3625593161858176,"alta (>=0.3)",TRUE,0.7444261033560396,8,"ago",8,"ago",2,0.15,7,8,"theta_pi","ago"
"2344005","Ubatuba","SP",-23.3833,-44.8333,"Hidroweb diário",51,FALSE,0.4978219877353236,"alta (>=0.3)",TRUE,0.648420002420128,8,"ago",8,"ago",3,0.15,8,8,"theta_pi","ago"
"2344009","Cunha","SP",-23.1517,-44.8508,"Hidroweb diário",59,FALSE,0.5404394499545424,"alta (>=0.3)",TRUE,0.33499505965986526,7,"jul",8,"ago",4,0.15,6,7,"theta_pi","jul"
"2344012","Cunha","SP",-23.1833,-44.9833,"Hidroweb diário",44,FALSE,0.6229654837680978,"alta (>=0.3)",TRUE,0.32785948147918564,7,"jul",8,"ago",3,0.15,8,7,"theta_pi","jul"
"2345001","Taubaté","SP",-23.0333,-45.5667,"Hidroweb diário",48,FALSE,0.6604015308721304,"alta (>=0.3)",TRUE,0.34382186017229677,7,"jul",8,"ago",4,0.15,8,7,"theta_pi","jul"
"2345004","Caçapava","SP",-23.0333,-45.7833,"Hidroweb diário",44,FALSE,0.5796373430459684,"alta (>=0.3)",TRUE,0.19931612554117112,7,"jul",8,"ago",3,0.15,6,7,"theta_pi","jul"
"2345005","Cunha","SP",-23.0667,-45.0667,"Hidroweb diário",31,FALSE,0.5360963976046758,"alta (>=0.3)",TRUE,0.42069501557316163,7,"jul",8,"ago",3,0.15,8,7,"theta_pi","jul"
"2345006","Lagoinha","SP",-23.1167,-45.2,"Hidroweb diário",46,FALSE,0.6774231505550251,"alta (>=0.3)",TRUE,0.3187760488679948,7,"jul",8,"ago",4,0.15,7,7,"theta_pi","jul"
"2345007","Lagoinha","SP",-23.0833,-45.2,"Hidroweb diário",52,FALSE,0.7224395335427475,"alta (>=0.3)",TRUE,0.3534878287540042,7,"jul",9,"set",5,0.15,7,7,"theta_pi","jul"
"2345008","Caçapava","SP",-23.0833,-45.6667,"Hidroweb diário",66,FALSE,0.6101009529307079,"alta (>=0.3)",TRUE,0.37018038930478386,7,"jul",9,"set",5,0.15,7,7,"theta_pi","jul"
"2345009","Taubaté","SP",-23.15,-45.3833,"Hidroweb diário",44,FALSE,0.7261576869183378,"alta (>=0.3)",TRUE,0.2746397143403767,7,"jul",9,"set",5,0.15,7,7,"theta_pi","jul"
"2345010","Taubaté","SP",-23.1333,-45.4167,"Hidroweb diário",40,FALSE,0.6156370961004436,"alta (>=0.3)",TRUE,0.42417958493678964,7,"jul",8,"ago",4,0.15,7,7,"theta_pi","jul"
"2345012","Caçapava","SP",-23.1333,-45.7167,"Hidroweb diário",82,FALSE,0.6909735036069687,"alta (>=0.3)",TRUE,0.32196328775205596,7,"jul",8,"ago",4,0.15,7,7,"theta_pi","jul"
"2345013","Caçapava","SP",-23.1333,-45.75,"Hidroweb diário",41,FALSE,0.6361788393715919,"alta (>=0.3)",TRUE,0.2698231041273571,7,"jul",8,"ago",3,0.15,8,7,"theta_pi","jul"
"2345015","Redenção da Serra","SP",-23.2,-45.5333,"Hidroweb diário",39,FALSE,0.7289381912561779,"alta (>=0.3)",TRUE,0.5170696280329798,8,"ago",8,"ago",4,0.15,8,8,"theta_pi","ago"
"2345017","São Luís do Paraitinga","SP",-23.2333,-45.3,"Hidroweb diário",49,FALSE,0.6754373607780284,"alta (>=0.3)",TRUE,0.39006927967447863,7,"jul",8,"ago",3,0.15,8,7,"theta_pi","jul"
"2345018","Caçapava","SP",-23.2167,-45.7333,"Hidroweb diário",41,FALSE,0.69717000680165,"alta (>=0.3)",TRUE,0.16825620905537883,7,"jul",8,"ago",3,0.15,7,7,"theta_pi","jul"
"2345019","São José dos Campos","SP",-23.1833,-45.8833,"Hidroweb diário",59,FALSE,0.654628766975889,"alta (>=0.3)",TRUE,0.4693723374324667,7,"jul",8,"ago",4,0.15,7,7,"theta_pi","jul"
"2345020","São José dos Campos","SP",-23.2167,-45.7833,"Hidroweb diário",46,FALSE,0.6309944581234931,"alta (>=0.3)",TRUE,0.4342607209317825,7,"jul",8,"ago",4,0.15,8,7,"theta_pi","jul"
"2345021","São Luís do Paraitinga","SP",-23.25,-45.2,"Hidroweb diário",53,FALSE,0.6598162897449633,"alta (>=0.3)",TRUE,0.329918890705489,7,"jul",8,"ago",4,0.15,7,7,"theta_pi","jul"
"2345022","Jambeiro","SP",-23.25,-45.6833,"Hidroweb diário",52,FALSE,0.595125289439835,"alta (>=0.3)",TRUE,0.4786452634618859,7,"jul",8,"ago",4,0.15,7,7,"theta_pi","jul"
"2345023","Redenção da Serra","SP",-23.2833,-45.5333,"Hidroweb diário",72,FALSE,0.6798001342638164,"alta (>=0.3)",TRUE,0.3025415306155041,7,"jul",8,"ago",4,0.15,8,7,"theta_pi","jul"
"2345024","Jacareí","SP",-23.2833,-45.95,"Hidroweb diário",73,FALSE,0.6136953265026406,"alta (>=0.3)",TRUE,0.41114778938828633,7,"jul",8,"ago",4,0.15,7,7,"theta_pi","jul"
"2345025","Jambeiro","SP",-23.2833,-45.7833,"Hidroweb diário",51,FALSE,0.613725814986633,"alta (>=0.3)",TRUE,0.39715692884512926,7,"jul",9,"set",5,0.15,7,7,"theta_pi","jul"
"2345026","Jacareí","SP",-23.3,-45.9667,"Hidroweb diário",31,FALSE,0.39563455776752593,"alta (>=0.3)",TRUE,0.3929069605691721,7,"jul",8,"ago",4,0.15,8,7,"theta_pi","jul"
"2345029","Jacareí","SP",-23.3167,-45.8833,"Hidroweb diário",36,FALSE,0.5257985314645158,"alta (>=0.3)",TRUE,0.6035056784401103,8,"ago",8,"ago",4,0.15,8,8,"theta_pi","ago"
"2345031","Natividade da Serra","SP",-23.3667,-45.3667,"Hidroweb diário",32,FALSE,0.633174677186616,"alta (>=0.3)",TRUE,0.5637808521631004,8,"ago",8,"ago",4,0.15,7,8,"theta_pi","ago"
"2345032","Natividade da Serra","SP",-23.3833,-45.45,"Hidroweb diário",84,FALSE,0.6659428724056516,"alta (>=0.3)",TRUE,0.506362420863949,7,"jul",8,"ago",4,0.15,7,7,"theta_pi","jul"
"2345033","Taubaté","SP",-23.0667,-45.6,"Hidroweb diário",38,FALSE,0.46179615143990954,"alta (>=0.3)",TRUE,0.20151456455061156,7,"jul",8,"ago",4,0.15,7,7,"theta_pi","jul"
"2345034","Paraibuna","SP",-23.3667,-45.6833,"Hidroweb diário",71,FALSE,0.6322498348781641,"alta (>=0.3)",TRUE,0.3960032673330569,7,"jul",9,"set",5,0.15,7,7,"theta_pi","jul"
"2345036","Ubatuba","SP",-23.3833,-45.1167,"Hidroweb diário",56,FALSE,0.4900268233418934,"alta (>=0.3)",TRUE,0.6171430099157407,8,"ago",8,"ago",4,0.15,6,8,"theta_pi","ago"
"2345037","Santa Branca","SP",-23.4,-45.8833,"Hidroweb diário",65,FALSE,0.6849640035745851,"alta (>=0.3)",TRUE,0.408609643585905,7,"jul",8,"ago",4,0.15,8,7,"theta_pi","jul"
"2345040","Ubatuba","SP",-23.433162,-45.083415,"Hidroweb diário",58,FALSE,0.5113956557784763,"alta (>=0.3)",TRUE,0.5396599382917503,8,"ago",8,"ago",3,0.15,7,8,"theta_pi","ago"
"2345041","Natividade da Serra","SP",-23.4667,-45.35,"Hidroweb diário",58,FALSE,0.6430464061511985,"alta (>=0.3)",TRUE,0.6359816373399492,8,"ago",8,"ago",3,0.15,8,8,"theta_pi","ago"
"2345042","Paraibuna","SP",-23.5,-45.55,"Hidroweb diário",49,FALSE,0.526350091334934,"alta (>=0.3)",TRUE,0.5904381551893905,8,"ago",8,"ago",4,0.15,7,8,"theta_pi","ago"
"2345044","Ubatuba","SP",-23.5333,-45.2333,"Hidroweb diário",31,FALSE,0.3443898426492167,"alta (>=0.3)",TRUE,0.4410800330436249,7,"jul",8,"ago",3,0.15,8,7,"theta_pi","jul"
"2345045","Paraibuna","SP",-23.55,-45.4667,"Hidroweb diário",31,FALSE,0.7231841521582957,"alta (>=0.3)",TRUE,0.6484165458928376,8,"ago",8,"ago",4,0.15,6,8,"theta_pi","ago"
"2345047","Salesópolis","SP",-23.5333,-45.85,"Hidroweb diário",96,FALSE,0.5737951478236621,"alta (>=0.3)",TRUE,0.3434472223949952,7,"jul",8,"ago",3,0.15,7,7,"theta_pi","jul"
"2345048","Salesópolis","SP",-23.5667,-45.8333,"Hidroweb diário",77,FALSE,0.6275456295584526,"alta (>=0.3)",TRUE,0.4031003564146112,7,"jul",8,"ago",3,0.15,8,7,"theta_pi","jul"
"2345049","Salesópolis","SP",-23.5667,-45.9667,"Hidroweb diário",50,FALSE,0.5820495687368942,"alta (>=0.3)",TRUE,0.4134554729374375,7,"jul",8,"ago",4,0.15,8,7,"theta_pi","jul"
"2345051","Caraguatatuba","SP",-23.6333,-45.4333,"Hidroweb diário",70,FALSE,0.727032775088507,"alta (>=0.3)",TRUE,0.905628417665466,8,"ago",8,"ago",3,0.15,7,8,"theta_pi","ago"
"2345052","Salesópolis","SP",-23.6333,-45.8333,"Hidroweb diário",38,FALSE,0.3607215277638065,"alta (>=0.3)",TRUE,0.5897489275050393,8,"ago",8,"ago",3,0.15,7,8,"theta_pi","ago"
"2345053","Biritiba-mirim","SP",-23.6333,-45.95,"Hidroweb diário",36,FALSE,0.6673999774919058,"alta (>=0.3)",TRUE,0.6814680866119711,8,"ago",8,"ago",3,0.15,7,8,"theta_pi","ago"
"2345054","Biritiba-mirim","SP",-23.65,-45.9333,"Hidroweb diário",32,FALSE,0.4990666227680968,"alta (>=0.3)",TRUE,0.5590281890349901,8,"ago",9,"set",5,0.15,6,8,"theta_pi","ago"
"2345057","São Sebastião","SP",-23.7667,-45.4167,"Hidroweb diário",79,FALSE,0.5501267287886225,"alta (>=0.3)",TRUE,0.7613240152099839,8,"ago",8,"ago",3,0.15,8,8,"theta_pi","ago"
"2345058","Ilhabela","SP",-23.7833,-45.35,"Hidroweb diário",78,FALSE,0.6394747359279402,"alta (>=0.3)",TRUE,0.828152983897003,8,"ago",9,"set",4,0.15,7,8,"theta_pi","ago"
"2345062","Taubaté","SP",-23.0394,-45.5597,"Hidroweb diário",88,FALSE,0.6540660810160775,"alta (>=0.3)",TRUE,0.31681451366835756,7,"jul",9,"set",5,0.15,8,7,"theta_pi","jul"
"2345063","Caçapava","SP",-23.0778,-45.7114,"Hidroweb diário",90,FALSE,0.6562059778433997,"alta (>=0.3)",TRUE,0.46076572380078507,7,"jul",8,"ago",4,0.15,8,7,"theta_pi","jul"
"2345064","São José dos Campos","SP",-23.1167,-45.9167,"Hidroweb diário",31,FALSE,0.6832316416856945,"alta (>=0.3)",TRUE,0.34152252430585617,7,"jul",9,"set",5,0.15,7,7,"theta_pi","jul"
"2345065","São Luís do Paraitinga","SP",-23.2392,-45.3056,"Hidroweb diário",91,FALSE,0.6966716246350221,"alta (>=0.3)",TRUE,0.4438686407825613,7,"jul",9,"set",5,0.15,8,7,"theta_pi","jul"
"2345066","Jacareí","SP",-23.3167,-45.9667,"Hidroweb diário",38,FALSE,0.7916705577789669,"alta (>=0.3)",TRUE,0.1568476606680338,7,"jul",9,"set",5,0.15,7,7,"theta_pi","jul"
"2345067","São Luís do Paraitinga","SP",-23.3292,-45.1403,"Hidroweb diário",90,FALSE,0.5657543766123697,"alta (>=0.3)",TRUE,0.5470022190134742,8,"ago",8,"ago",3,0.15,7,8,"theta_pi","ago"
"2345070","Natividade da Serra","SP",-23.3833,-45.4333,"Hidroweb diário",45,FALSE,0.6789664882118466,"alta (>=0.3)",TRUE,0.5267278220592907,8,"ago",9,"set",5,0.15,7,8,"theta_pi","ago"
"2345071","Santa Branca","SP",-23.3692,-45.9003,"Hidroweb diário",70,FALSE,0.6082576440404972,"alta (>=0.3)",TRUE,0.2777328934158347,7,"jul",8,"ago",4,0.15,7,7,"theta_pi","jul"
"2345073","Natividade da Serra","SP",-23.4667,-45.35,"Hidroweb diário",39,FALSE,0.6858625548685903,"alta (>=0.3)",TRUE,0.50464061508649,7,"jul",8,"ago",4,0.15,7,7,"theta_pi","jul"
"2345076","Biritiba-mirim","SP",-23.6344,-45.9608,"Hidroweb diário",78,FALSE,0.5750688018435931,"alta (>=0.3)",TRUE,0.7046171523436924,8,"ago",8,"ago",3,0.15,7,8,"theta_pi","ago"
"2345102","Paraibuna","SP",-23.3933,-45.6608,"Hidroweb diário",63,FALSE,0.637628478546467,"alta (>=0.3)",TRUE,0.4640877667829526,7,"jul",9,"set",5,0.15,7,7,"theta_pi","jul"
"2345103","Taubaté","SP",-23.0203,-45.56,"Hidroweb diário",68,FALSE,0.6181380396859396,"alta (>=0.3)",TRUE,0.39429053115619905,7,"jul",8,"ago",4,0.15,7,7,"theta_pi","jul"
"2345105","Jambeiro","SP",-23.2542,-45.6911,"Hidroweb diário",41,FALSE,0.6846713637524111,"alta (>=0.3)",TRUE,0.39119087923553364,7,"jul",9,"set",5,0.15,7,7,"theta_pi","jul"
"2345106","Jacareí","SP",-23.3731,-45.8694,"Hidroweb diário",58,FALSE,0.6037898628286378,"alta (>=0.3)",TRUE,0.4314384157329944,7,"jul",8,"ago",4,0.15,7,7,"theta_pi","jul"
"2345107","Mogi das Cruzes","SP",-23.6167,-45.9833,"Hidroweb diário",48,FALSE,0.6429247114482873,"alta (>=0.3)",TRUE,0.7414765467115059,8,"ago",8,"ago",4,0.15,6,8,"theta_pi","ago"
"2345108","Caraguatatuba","SP",-23.6167,-45.4,"Hidroweb diário",51,FALSE,0.500895354635886,"alta (>=0.3)",TRUE,0.7386779142899542,8,"ago",8,"ago",3,0.15,6,8,"theta_pi","ago"
"2345109","São Sebastião","SP",-23.8,-45.4,"Hidroweb diário",54,FALSE,0.5209955414036819,"alta (>=0.3)",TRUE,0.901315958187404,8,"ago",8,"ago",3,0.15,7,8,"theta_pi","ago"
"2345110","Jacareí","SP",-23.2978,-45.9517,"Hidroweb diário",51,FALSE,0.7335756621360856,"alta (>=0.3)",TRUE,0.345281484649823,7,"jul",8,"ago",4,0.15,8,7,"theta_pi","jul"
"2345111","São José dos Campos","SP",-23.1997,-45.8878,"Hidroweb diário",55,FALSE,0.6104312535475682,"alta (>=0.3)",TRUE,0.3513077725307021,7,"jul",8,"ago",4,0.15,7,7,"theta_pi","jul"
"2345112","Salesópolis","SP",-23.5667,-45.8333,"Hidroweb diário",54,FALSE,0.67128813103897,"alta (>=0.3)",TRUE,0.46109441695761333,7,"jul",8,"ago",4,0.15,7,7,"theta_pi","jul"
"2345116","Paraibuna","SP",-23.5461,-45.4503,"Hidroweb diário",42,FALSE,0.48332391861926144,"alta (>=0.3)",TRUE,0.2027938327723305,7,"jul",8,"ago",4,0.15,6,7,"theta_pi","jul"
"2345121","Guararema","SP",-23.4272,-45.9769,"Hidroweb diário",40,FALSE,0.6175884651261577,"alta (>=0.3)",TRUE,0.233603421958588,7,"jul",9,"set",5,0.15,8,7,"theta_pi","jul"
"2345124","Natividade da Serra","SP",-23.4719,-45.2681,"Hidroweb diário",34,FALSE,0.6260178209917947,"alta (>=0.3)",TRUE,0.4697808677118209,7,"jul",8,"ago",4,0.15,7,7,"theta_pi","jul"
"2345133","Caçapava","SP",-23.1044,-45.71,"Hidroweb diário",34,FALSE,0.661151317741095,"alta (>=0.3)",TRUE,0.3643081726159377,7,"jul",8,"ago",4,0.15,8,7,"theta_pi","jul"
"2345138","Salesópolis","SP",-23.5167,-45.9167,"Hidroweb diário",38,FALSE,0.6756414313398658,"alta (>=0.3)",TRUE,0.34528291683458195,7,"jul",9,"set",5,0.15,8,7,"theta_pi","jul"
"2345148","Caçapava","SP",-23.2,-45.6333,"Hidroweb diário",31,FALSE,0.6605156391034899,"alta (>=0.3)",TRUE,0.21535176850427554,7,"jul",9,"set",5,0.15,7,7,"theta_pi","jul"
"2345152","São José dos Campos","SP",-23.05,-45.9,"Hidroweb diário",57,FALSE,0.7464416815234183,"alta (>=0.3)",TRUE,0.4414199342977748,7,"jul",9,"set",5,0.15,7,7,"theta_pi","jul"
"2345154","Paraibuna","SP",-23.45,-45.5833,"Hidroweb diário",57,FALSE,0.6511776551307581,"alta (>=0.3)",TRUE,0.3703611689735666,7,"jul",8,"ago",4,0.15,7,7,"theta_pi","jul"
"2345156","São José dos Campos","SP",-23.2833,-45.8333,"Hidroweb diário",41,FALSE,0.5545202707053654,"alta (>=0.3)",TRUE,0.4577858994156266,7,"jul",8,"ago",4,0.15,8,7,"theta_pi","jul"
"2345159","Taubaté","SP",-23.2,-45.4667,"Hidroweb diário",61,FALSE,0.6695426607913098,"alta (>=0.3)",TRUE,0.33359894105796306,7,"jul",8,"ago",4,0.15,8,7,"theta_pi","jul"
"2345161","Taubaté","SP",-23.0667,-45.5,"Hidroweb diário",61,FALSE,0.5737048958616323,"alta (>=0.3)",TRUE,0.22746683537493048,7,"jul",8,"ago",4,0.15,6,7,"theta_pi","jul"
"2345163","Taubaté","SP",-23.1333,-45.5,"Hidroweb diário",40,FALSE,0.5959144474488414,"alta (>=0.3)",TRUE,0.29274808563059723,7,"jul",8,"ago",4,0.15,7,7,"theta_pi","jul"
"2345164","São José dos Campos","SP",-23.1833,-45.8,"Hidroweb diário",63,FALSE,0.6191658306514454,"alta (>=0.3)",TRUE,0.3462739345621839,7,"jul",8,"ago",4,0.15,7,7,"theta_pi","jul"
"2345166","Taubaté","SP",-23.15,-45.5333,"Hidroweb diário",35,FALSE,0.6207881949685281,"alta (>=0.3)",TRUE,0.36500156160315905,7,"jul",8,"ago",4,0.15,8,7,"theta_pi","jul"
"2345171","São Luís do Paraitinga","SP",-23.2833,-45.2167,"Hidroweb diário",37,FALSE,0.5387025524429337,"alta (>=0.3)",TRUE,0.394707648422187,7,"jul",8,"ago",4,0.15,6,7,"theta_pi","jul"
"2345172","Paraibuna","SP",-23.5333,-45.6833,"Hidroweb diário",41,FALSE,0.5476135789264455,"alta (>=0.3)",TRUE,0.42871919948069315,7,"jul",8,"ago",3,0.15,8,7,"theta_pi","jul"
"2345175","São Luís do Paraitinga","SP",-23.3667,-45.2,"Hidroweb diário",43,FALSE,0.5313366113443919,"alta (>=0.3)",TRUE,0.19699187199937562,7,"jul",8,"ago",3,0.15,8,7,"theta_pi","jul"
"2345176","Natividade da Serra","SP",-23.5667,-45.45,"Hidroweb diário",45,FALSE,0.4911809909144038,"alta (>=0.3)",TRUE,0.29552658469444715,7,"jul",8,"ago",4,0.15,6,7,"theta_pi","jul"
"2346001","Itatiba","SP",-23.0167,-46.8333,"Hidroweb diário",85,FALSE,0.49674144448163704,"alta (>=0.3)",TRUE,0.24998068554007435,7,"jul",9,"set",5,0.15,8,7,"theta_pi","jul"
"2346002","Barueri","SP",-23.55,-46.8667,"Hidroweb diário",74,FALSE,0.48731901440423003,"alta (>=0.3)",TRUE,0.5047264684235531,7,"jul",8,"ago",4,0.15,8,7,"theta_pi","jul"
"2346003","Vinhedo","SP",-23.0333,-46.9667,"Hidroweb diário",60,FALSE,0.5155127859802162,"alta (>=0.3)",TRUE,0.22817996611666952,7,"jul",8,"ago",3,0.15,8,7,"theta_pi","jul"
"2346004","Piracaia","SP",-23.05,-46.35,"Hidroweb diário",47,FALSE,0.5837312574324348,"alta (>=0.3)",TRUE,0.2551717060764607,7,"jul",8,"ago",4,0.15,7,7,"theta_pi","jul"
"2346006","São José dos Campos","SP",-23.1,-46.0333,"Hidroweb diário",32,FALSE,0.5141007124953094,"alta (>=0.3)",TRUE,0.346022365825249,7,"jul",8,"ago",3,0.15,7,7,"theta_pi","jul"
"2346007","Atibaia","SP",-23.15,-46.55,"Hidroweb diário",58,FALSE,0.580841700164249,"alta (>=0.3)",TRUE,0.3429360985857156,7,"jul",8,"ago",4,0.15,8,7,"theta_pi","jul"
"2346009","Atibaia","SP",-23.1167,-46.55,"Hidroweb diário",33,FALSE,0.5388947745537684,"alta (>=0.3)",TRUE,0.22102526091219693,7,"jul",9,"set",5,0.15,8,7,"theta_pi","jul"
"2346010","Nazaré Paulista","SP",-23.1833,-46.4,"Hidroweb diário",78,FALSE,0.4819483143952309,"alta (>=0.3)",TRUE,0.15007237992742015,7,"jul",8,"ago",4,0.15,7,7,"theta_pi","jul"
"2346012","Jundiaí","SP",-23.1167,-46.9333,"Hidroweb diário",31,FALSE,0.5881894009526265,"alta (>=0.3)",TRUE,0.2307640897742785,7,"jul",9,"set",5,0.15,8,7,"theta_pi","jul"
"2346013","Jundiaí","SP",-23.1833,-46.8667,"Hidroweb diário",43,FALSE,0.5146206254182334,"alta (>=0.3)",TRUE,0.23094336919066863,7,"jul",9,"set",5,0.15,7,7,"theta_pi","jul"
"2346014","Jundiaí","SP",-23.2,-46.9833,"Hidroweb diário",66,FALSE,0.5884883332730959,"alta (>=0.3)",TRUE,0.18035742442034416,7,"jul",8,"ago",4,0.15,7,7,"theta_pi","jul"
"2346018","Guararema","SP",-23.3167,-46.1167,"Hidroweb diário",47,FALSE,0.5603659187179924,"alta (>=0.3)",TRUE,0.32207259983835296,7,"jul",8,"ago",4,0.15,7,7,"theta_pi","jul"
"2346019","Santa Isabel","SP",-23.3333,-46.2333,"Hidroweb diário",73,FALSE,0.5965023120816726,"alta (>=0.3)",TRUE,0.3324563834306308,7,"jul",8,"ago",4,0.15,8,7,"theta_pi","jul"
"2346020","Mairiporã","SP",-23.3167,-46.5833,"Hidroweb diário",57,FALSE,0.6352836738598722,"alta (>=0.3)",TRUE,0.4173869701117698,7,"jul",9,"set",5,0.15,8,7,"theta_pi","jul"
"2346021","Franco da Rocha","SP",-23.3333,-46.6833,"Hidroweb diário",72,FALSE,0.521647479451857,"alta (>=0.3)",TRUE,0.2676778306741812,7,"jul",8,"ago",3,0.15,8,7,"theta_pi","jul"
"2346023","Cajamar","SP",-23.35,-46.9333,"Hidroweb diário",32,FALSE,0.44834760750543284,"alta (>=0.3)",TRUE,0.46155449776449653,7,"jul",8,"ago",4,0.15,7,7,"theta_pi","jul"
"2346025","Arujá","SP",-23.3833,-46.35,"Hidroweb diário",60,FALSE,0.5952129380687117,"alta (>=0.3)",TRUE,0.23258477761764615,7,"jul",8,"ago",4,0.15,7,7,"theta_pi","jul"
"2346026","Jundiaí","SP",-23.4,-46.5333,"Hidroweb diário",36,FALSE,0.7321432827361319,"alta (>=0.3)",TRUE,0.5011590672646226,7,"jul",9,"set",5,0.15,8,7,"theta_pi","jul"
"2346027","São Paulo","SP",-23.4,-46.75,"Hidroweb diário",51,FALSE,0.5359736592689688,"alta (>=0.3)",TRUE,0.40776287720936855,7,"jul",8,"ago",4,0.15,7,7,"theta_pi","jul"
"2346028","Guararema","SP",-23.4167,-46.05,"Hidroweb diário",32,FALSE,0.5809300832478583,"alta (>=0.3)",TRUE,0.6456082057432391,8,"ago",9,"set",5,0.15,8,8,"theta_pi","ago"
"2346029","Arujá","SP",-23.4333,-46.2833,"Hidroweb diário",57,FALSE,0.6492360750723181,"alta (>=0.3)",TRUE,0.369233654560894,7,"jul",8,"ago",4,0.15,8,7,"theta_pi","jul"
"2346030","Guarulhos","SP",-23.4167,-46.4,"Hidroweb diário",83,FALSE,0.6779845302093331,"alta (>=0.3)",TRUE,0.5453150543666964,8,"ago",8,"ago",4,0.15,8,8,"theta_pi","ago"
"2346032","São Paulo","SP",-23.4667,-46.6333,"Hidroweb diário",68,FALSE,0.5809920387516582,"alta (>=0.3)",TRUE,0.47333832146244986,7,"jul",8,"ago",4,0.15,7,7,"theta_pi","jul"
"2346033","Santana de Parnaíba","SP",-23.45,-46.9167,"Hidroweb diário",55,FALSE,0.4811502130063725,"alta (>=0.3)",TRUE,0.4416465157993406,7,"jul",9,"set",4,0.15,8,7,"theta_pi","jul"
"2346034","São Paulo","SP",-23.4167,-46.5667,"Hidroweb diário",59,FALSE,0.5726265300446628,"alta (>=0.3)",TRUE,0.4287684853403323,7,"jul",8,"ago",4,0.15,8,7,"theta_pi","jul"
"2346035","São Paulo","SP",-23.4,-46.5833,"Hidroweb diário",58,FALSE,0.560295601732948,"alta (>=0.3)",TRUE,0.3843710425960932,7,"jul",8,"ago",4,0.15,8,7,"theta_pi","jul"
"2346036","São Paulo","SP",-23.4667,-46.7167,"Hidroweb diário",44,FALSE,0.6266356785077023,"alta (>=0.3)",TRUE,0.4193327550598783,7,"jul",8,"ago",3,0.15,8,7,"theta_pi","jul"
"2346037","Itaquaquecetuba","SP",-23.4833,-46.35,"Hidroweb diário",44,FALSE,0.6486209097992339,"alta (>=0.3)",TRUE,0.32159753515871964,7,"jul",9,"set",5,0.15,8,7,"theta_pi","jul"
"2346039","Suzano","SP",-23.55,-46.2833,"Hidroweb diário",32,FALSE,0.6229569595987327,"alta (>=0.3)",TRUE,0.3811580545244377,7,"jul",8,"ago",4,0.15,8,7,"theta_pi","jul"
"2346040","Itaquaquecetuba","SP",-23.4833,-46.3667,"Hidroweb diário",78,FALSE,0.5757673773569694,"alta (>=0.3)",TRUE,0.28545547178083525,7,"jul",9,"set",5,0.15,7,7,"theta_pi","jul"
"2346041","São Paulo","SP",-23.5,-46.6167,"Hidroweb diário",57,FALSE,0.6045965027749054,"alta (>=0.3)",TRUE,0.36729098665974025,7,"jul",9,"set",5,0.15,8,7,"theta_pi","jul"
"2346042","São Paulo","SP",-23.5167,-46.7333,"Hidroweb diário",45,FALSE,0.5887669799950342,"alta (>=0.3)",TRUE,0.6790285487370539,8,"ago",8,"ago",3,0.15,7,8,"theta_pi","ago"
"2346043","Mogi das Cruzes","SP",-23.5167,-46.2,"Hidroweb diário",39,FALSE,0.571721366974289,"alta (>=0.3)",TRUE,0.5692511784991436,8,"ago",8,"ago",4,0.15,8,8,"theta_pi","ago"
"2346044","São Paulo","SP",-23.5167,-46.65,"Hidroweb diário",47,FALSE,0.571086246280838,"alta (>=0.3)",TRUE,0.4117881898033579,7,"jul",8,"ago",4,0.15,8,7,"theta_pi","jul"
"2346045","São Paulo","SP",-23.5333,-46.6333,"Hidroweb diário",111,FALSE,0.704751192342048,"alta (>=0.3)",TRUE,0.4570502752721892,7,"jul",8,"ago",4,0.15,7,7,"theta_pi","jul"
"2346046","São Paulo","SP",-23.5167,-46.6833,"Hidroweb diário",74,FALSE,0.4993869977117325,"alta (>=0.3)",TRUE,0.47257892756481074,7,"jul",8,"ago",4,0.15,8,7,"theta_pi","jul"
"2346047","São Paulo","SP",-23.5667,-46.7333,"Hidroweb diário",40,FALSE,0.5240703201234916,"alta (>=0.3)",TRUE,0.4514933062562922,7,"jul",8,"ago",3,0.15,8,7,"theta_pi","jul"
"2346048","Mogi das Cruzes","SP",-23.5667,-46.1,"Hidroweb diário",46,FALSE,0.6050873297215381,"alta (>=0.3)",TRUE,0.35432170710377725,7,"jul",8,"ago",3,0.15,8,7,"theta_pi","jul"
"2346049","Mogi das Cruzes","SP",-23.5833,-46.2333,"Hidroweb diário",51,FALSE,0.6823096731837159,"alta (>=0.3)",TRUE,0.6247174260314604,8,"ago",8,"ago",3,0.15,8,8,"theta_pi","ago"
"2346050","São Paulo","SP",-23.5833,-46.65,"Hidroweb diário",56,FALSE,0.561443900177314,"alta (>=0.3)",TRUE,0.4719586202430351,7,"jul",8,"ago",3,0.15,8,7,"theta_pi","jul"
"2346051","São Caetano do Sul","SP",-23.6167,-46.55,"Hidroweb diário",70,FALSE,0.6355183568465783,"alta (>=0.3)",TRUE,0.5308158298316371,8,"ago",8,"ago",4,0.15,8,8,"theta_pi","ago"
"2346052","Cotia","SP",-23.65,-46.95,"Hidroweb diário",85,FALSE,0.45877366486719284,"alta (>=0.3)",TRUE,0.32472986246471913,7,"jul",8,"ago",3,0.15,8,7,"theta_pi","jul"
"2346053","São Caetano do Sul","SP",-23.6333,-46.5833,"Hidroweb diário",68,FALSE,0.6527533925541634,"alta (>=0.3)",TRUE,0.3923215639933593,7,"jul",9,"set",5,0.15,8,7,"theta_pi","jul"
"2346054","São Paulo","SP",-23.6333,-46.65,"Hidroweb diário",59,FALSE,0.5504621730597481,"alta (>=0.3)",TRUE,0.43500580164706143,7,"jul",9,"set",4,0.15,7,7,"theta_pi","jul"
"2346055","Mauá","SP",-23.6667,-46.4833,"Hidroweb diário",51,FALSE,0.6471237345346893,"alta (>=0.3)",TRUE,0.5743236268739674,8,"ago",8,"ago",3,0.15,7,8,"theta_pi","ago"
"2346056","São Bernardo do Campo","SP",-23.6667,-46.5667,"Hidroweb diário",40,FALSE,0.5291857412408085,"alta (>=0.3)",TRUE,0.5468152603777474,8,"ago",8,"ago",3,0.15,8,8,"theta_pi","ago"
"2346057","São Paulo","SP",-23.65,-46.7,"Hidroweb diário",80,FALSE,0.5186221813255356,"alta (>=0.3)",TRUE,0.38855260929668534,7,"jul",8,"ago",4,0.15,8,7,"theta_pi","jul"
"2346059","São Paulo","SP",-23.65,-46.6333,"Hidroweb diário",90,FALSE,0.624530918085104,"alta (>=0.3)",TRUE,0.44730237009832674,7,"jul",8,"ago",4,0.15,8,7,"theta_pi","jul"
"2346060","Cotia","SP",-23.7167,-46.9667,"Hidroweb diário",83,FALSE,0.4376431420118207,"alta (>=0.3)",TRUE,0.4884577489553606,7,"jul",8,"ago",3,0.15,8,7,"theta_pi","jul"
"2346064","Itapecerica da Serra","SP",-23.7167,-46.85,"Hidroweb diário",61,FALSE,0.5096156112960967,"alta (>=0.3)",TRUE,0.5105837831267005,7,"jul",8,"ago",3,0.15,8,7,"theta_pi","jul"
"2346065","Bertioga","SP",-23.75,-46.1333,"Hidroweb diário",80,FALSE,0.45970314977903265,"alta (>=0.3)",TRUE,0.2741130462772879,7,"jul",8,"ago",3,0.15,6,7,"theta_pi","jul"
"2346066","Bertioga","SP",-23.7667,-46.1167,"Hidroweb diário",81,FALSE,0.45322991715341904,"alta (>=0.3)",TRUE,0.7003046044940675,8,"ago",8,"ago",3,0.15,7,8,"theta_pi","ago"
"2346067","Santo André","SP",-23.7667,-46.35,"Hidroweb diário",38,FALSE,0.3291069823884045,"alta (>=0.3)",TRUE,0.3657106427360929,7,"jul",8,"ago",3,0.15,6,7,"theta_pi","jul"
"2346068","São Bernardo do Campo","SP",-23.75,-46.5333,"Hidroweb diário",55,FALSE,0.5008312784980596,"alta (>=0.3)",TRUE,0.55425710234212755,8,"ago",8,"ago",4,0.15,8,8,"theta_pi","ago"
"2346069","Santo André","SP",-23.7833,-46.3,"Hidroweb diário",62,FALSE,0.6015495727434057,"alta (>=0.3)",TRUE,0.723734433855201,8,"ago",8,"ago",4,0.15,6,8,"theta_pi","ago"
"2346070","Itapecerica da Serra","SP",-23.7667,-46.8333,"Hidroweb diário",43,FALSE,0.5344978031008335,"alta (>=0.3)",TRUE,0.4207125656331267,7,"jul",8,"ago",3,0.15,7,7,"theta_pi","jul"
"2346071","Itapecerica da Serra","SP",-23.7833,-46.9167,"Hidroweb diário",69,FALSE,0.5752421634007984,"alta (>=0.3)",TRUE,0.39673708697626686,7,"jul",9,"set",5,0.15,8,7,"theta_pi","jul"
"2346073","São Lourenço da Serra","SP",-23.7833,-46.9333,"Hidroweb diário",59,FALSE,0.44416906044970006,"alta (>=0.3)",TRUE,0.3478076954831975,7,"jul",8,"ago",3,0.15,8,7,"theta_pi","jul"
"2346075","Bertioga","SP",-23.85,-46.1333,"Hidroweb diário",52,FALSE,0.517711827829166,"alta (>=0.3)",TRUE,0.7236539284544659,8,"ago",8,"ago",3,0.15,8,8,"theta_pi","ago"
"2346076","Cubatão","SP",-23.8667,-46.3833,"Hidroweb diário",72,FALSE,0.6205634599222926,"alta (>=0.3)",TRUE,0.8399582532070281,8,"ago",8,"ago",3,0.15,8,8,"theta_pi","ago"
"2346078","São Bernardo do Campo","SP",-23.85,-46.5,"Hidroweb diário",49,FALSE,0.409466010913836,"alta (>=0.3)",TRUE,0.5681316745176648,8,"ago",8,"ago",3,0.15,6,8,"theta_pi","ago"
"2346079","Cubatão","SP",-23.8833,-46.4833,"Hidroweb diário",36,FALSE,0.5030550128899793,"alta (>=0.3)",TRUE,0.43464407936744937,7,"jul",8,"ago",4,0.15,6,7,"theta_pi","jul"
"2346081","Santos","SP",-23.8833,-46.2167,"Hidroweb diário",80,FALSE,0.640435655582271,"alta (>=0.3)",TRUE,0.8158633492675021,8,"ago",8,"ago",3,0.15,8,8,"theta_pi","ago"
"2346082","Cubatão","SP",-23.8833,-46.4167,"Hidroweb diário",46,FALSE,0.6984753850282833,"alta (>=0.3)",TRUE,0.5426807497835868,8,"ago",8,"ago",3,0.15,7,8,"theta_pi","ago"
"2346084","Cubatão","SP",-23.8833,-46.4833,"Hidroweb diário",44,FALSE,0.46767569629173683,"alta (>=0.3)",TRUE,0.45676399573887183,7,"jul",8,"ago",3,0.15,7,7,"theta_pi","jul"
"2346086","Guarujá","SP",-23.95,-46.1833,"Hidroweb diário",77,FALSE,0.581138575704481,"alta (>=0.3)",TRUE,0.8839156867463909,8,"ago",8,"ago",3,0.15,7,8,"theta_pi","ago"
"2346089","Guarujá","SP",-23.9333,-46.2833,"Hidroweb diário",54,FALSE,0.6373398270832971,"alta (>=0.3)",TRUE,0.8590662958059339,8,"ago",8,"ago",3,0.15,8,8,"theta_pi","ago"
"2346090","São Vicente","SP",-23.9667,-46.3667,"Hidroweb diário",65,FALSE,0.5709975393525601,"alta (>=0.3)",TRUE,0.6102173430675405,8,"ago",8,"ago",3,0.15,8,8,"theta_pi","ago"
"2346091","São Vicente","SP",-23.9667,-46.5,"Hidroweb diário",32,FALSE,0.3647304176152932,"alta (>=0.3)",TRUE,0.7465481815113182,8,"ago",8,"ago",3,0.15,7,8,"theta_pi","ago"
"2346092","São Paulo","SP",-23.9667,-46.6667,"Hidroweb diário",35,FALSE,0.5776683679567558,"alta (>=0.3)",TRUE,0.6195116992837371,8,"ago",8,"ago",3,0.15,7,8,"theta_pi","ago"
"2346094","Piracaia","SP",-23.0522,-46.3653,"Hidroweb diário",77,FALSE,0.5609487786230483,"alta (>=0.3)",TRUE,0.2528192247053551,7,"jul",8,"ago",4,0.15,8,7,"theta_pi","jul"
"2346095","Atibaia","SP",-23.1033,-46.5581,"Hidroweb diário",85,FALSE,0.5569384154107617,"alta (>=0.3)",TRUE,0.2919254546365909,7,"jul",9,"set",5,0.15,7,7,"theta_pi","jul"
"2346097","Jundiaí","SP",-23.1953,-46.8967,"Hidroweb diário",80,FALSE,0.5283838275714144,"alta (>=0.3)",TRUE,0.26737198026051545,7,"jul",9,"set",5,0.15,8,7,"theta_pi","jul"
"2346098","Franco da Rocha","SP",-23.3331,-46.7328,"Hidroweb diário",56,FALSE,0.5934640380550089,"alta (>=0.3)",TRUE,0.23342014503312383,7,"jul",8,"ago",4,0.15,8,7,"theta_pi","jul"
"2346099","Guararema","SP",-23.4192,-46.0244,"Hidroweb diário",75,FALSE,0.5723238462014422,"alta (>=0.3)",TRUE,0.4087376210395005,7,"jul",8,"ago",4,0.15,7,7,"theta_pi","jul"
"2346100","São Paulo","SP",-23.4808,-46.4711,"Hidroweb diário",51,FALSE,0.5268575868026516,"alta (>=0.3)",TRUE,0.3283875365939244,7,"jul",8,"ago",4,0.15,8,7,"theta_pi","jul"
"2346101","Biritiba-mirim","SP",-23.5769,-46.0378,"Hidroweb diário",83,FALSE,0.6512340804110113,"alta (>=0.3)",TRUE,0.4437075234037862,7,"jul",9,"set",5,0.15,7,7,"theta_pi","jul"
"2346103","Mogi das Cruzes","SP",-23.5864,-46.2558,"Hidroweb diário",60,FALSE,0.5974969342868134,"alta (>=0.3)",TRUE,0.3938276108219008,7,"jul",8,"ago",3,0.15,8,7,"theta_pi","jul"
"2346106","Biritiba-mirim","SP",-23.6575,-46.0025,"Hidroweb diário",54,FALSE,0.5901641515598645,"alta (>=0.3)",TRUE,0.6392594408642847,8,"ago",8,"ago",4,0.15,7,8,"theta_pi","ago"
"2346108","São Paulo","SP",-23.55,-46.65,"Hidroweb diário",36,FALSE,0.5262385860872384,"alta (>=0.3)",TRUE,0.2932779704840372,7,"jul",7,"jul",1,0.15,7,7,"theta_pi","jul"
"2346117","São Paulo","SP",-23.5,-46.6167,"Hidroweb diário",59,FALSE,0.03645270626027356,"baixa (<0.20)",FALSE,6.2723915098985605,7,"jul",8,"ago",4,0.15,8,8,"ultimo_mes_seco","ago"
"2346127","Guarujá","SP",-23.9997,-46.2833,"Hidroweb diário",78,FALSE,0.6252866372518993,"alta (>=0.3)",TRUE,0.7432198867726357,8,"ago",8,"ago",3,0.15,8,8,"theta_pi","ago"
"2346147","Jacareí","SP",-23.1958,-46.0208,"Hidroweb diário",37,FALSE,0.5552051333784481,"alta (>=0.3)",TRUE,0.4525639719968111,7,"jul",8,"ago",3,0.15,7,7,"theta_pi","jul"
"2346152","São Paulo","SP",-23.6667,-46.7167,"Hidroweb diário",63,FALSE,0.6729011533477899,"alta (>=0.3)",TRUE,0.3393924774710464,7,"jul",8,"ago",4,0.15,7,7,"theta_pi","jul"
"2346153","São Paulo","SP",-23.6,-46.4667,"Hidroweb diário",34,FALSE,0.6322239498236019,"alta (>=0.3)",TRUE,0.5723216793004762,8,"ago",9,"set",5,0.15,7,8,"theta_pi","ago"
"2346154","São Paulo","SP",-23.5,-46.7167,"Hidroweb diário",46,FALSE,0.6842484590707015,"alta (>=0.3)",TRUE,0.5396008156407887,8,"ago",8,"ago",4,0.15,8,8,"theta_pi","ago"
"2346155","Mairiporã","SP",-23.5,-46.7167,"Hidroweb diário",42,FALSE,0.595479440203936,"alta (>=0.3)",TRUE,0.36447909165954434,7,"jul",9,"set",6,0.15,8,7,"theta_pi","jul"
"2346156","São José dos Campos","SP",-23.2,-46.8833,"Hidroweb diário",55,FALSE,0.6954119814434166,"alta (>=0.3)",TRUE,0.3322903025424914,7,"jul",8,"ago",4,0.15,7,7,"theta_pi","jul"
"2346157","São Paulo","SP",-23.7667,-46.65,"Hidroweb diário",46,FALSE,0.5690176988471863,"alta (>=0.3)",TRUE,0.41913617937157543,7,"jul",8,"ago",4,0.15,7,7,"theta_pi","jul"
"2346158","São Paulo","SP",-23.8667,-46.65,"Hidroweb diário",58,FALSE,0.6105245153297769,"alta (>=0.3)",TRUE,0.6122700954243274,8,"ago",8,"ago",4,0.15,7,8,"theta_pi","ago"
"2346159","São Bernardo do Campo","SP",-23.8972,-46.5519,"Hidroweb diário",42,FALSE,0.5784440697810067,"alta (>=0.3)",TRUE,0.5932786194215298,8,"ago",8,"ago",3,0.15,6,8,"theta_pi","ago"
"2346160","Cubatão","SP",-23.8667,-46.45,"Hidroweb diário",35,FALSE,0.5296424296093638,"alta (>=0.3)",TRUE,0.41758125913313554,7,"jul",8,"ago",3,0.15,7,7,"theta_pi","jul"
"2346162","Biritiba-mirim","SP",-23.7,-46.0667,"Hidroweb diário",33,FALSE,0.49880047420778195,"alta (>=0.3)",TRUE,0.5013860904149436,7,"jul",7,"jul",2,0.15,7,7,"theta_pi","jul"
"2346164","São Paulo","SP",-23.4833,-46.4667,"Hidroweb diário",35,FALSE,0.6671520262039147,"alta (>=0.3)",TRUE,0.15337321058553793,7,"jul",8,"ago",4,0.15,8,7,"theta_pi","jul"
"2346168","Cubatão","SP",-23.9,-46.5,"Hidroweb diário",46,FALSE,0.5690993580248007,"alta (>=0.3)",TRUE,0.6467038411007465,8,"ago",8,"ago",3,0.15,6,8,"theta_pi","ago"
"2346169","Embu-guaçu","SP",-23.9167,-46.8667,"Hidroweb diário",60,FALSE,0.607332067481503,"alta (>=0.3)",TRUE,0.5731747597338016,8,"ago",8,"ago",4,0.15,6,8,"theta_pi","ago"
"2346170","Mogi das Cruzes","SP",-23.5667,-46.0333,"Hidroweb diário",61,FALSE,0.6534897280644977,"alta (>=0.3)",TRUE,0.5121754749412111,7,"jul",8,"ago",4,0.15,7,7,"theta_pi","jul"
"2346174","Cubatão","SP",-23.8667,-46.4333,"Hidroweb diário",43,FALSE,0.4818303933362962,"alta (>=0.3)",TRUE,0.5258138053686495,8,"ago",8,"ago",3,0.15,7,8,"theta_pi","ago"
"2346175","São Bernardo do Campo","SP",-23.8183,-46.5233,"Hidroweb diário",58,FALSE,0.5789175896591712,"alta (>=0.3)",TRUE,0.6719295911875119,8,"ago",8,"ago",4,0.15,7,8,"theta_pi","ago"
"2346176","São Bernardo do Campo","SP",-23.8,-46.4667,"Hidroweb diário",49,FALSE,0.5436901044734685,"alta (>=0.3)",TRUE,0.5631010234905781,8,"ago",8,"ago",4,0.15,6,8,"theta_pi","ago"
"2346177","Osasco","SP",-23.5167,-46.7833,"Hidroweb diário",45,FALSE,0.5851714753599595,"alta (>=0.3)",TRUE,0.5083372238192961,7,"jul",9,"set",5,0.15,7,7,"theta_pi","jul"
"2346179","São Paulo","SP",-23.9333,-46.65,"Hidroweb diário",35,FALSE,0.6191146633354677,"alta (>=0.3)",TRUE,0.7046153860103581,8,"ago",8,"ago",3,0.15,7,8,"theta_pi","ago"
"2346181","São Paulo","SP",-23.7,-46.6667,"Hidroweb diário",60,FALSE,0.5749945244895741,"alta (>=0.3)",TRUE,0.45323931450008037,7,"jul",8,"ago",4,0.15,7,7,"theta_pi","jul"
"2346187","São Caetano do Sul","SP",-23.6167,-46.5833,"Hidroweb diário",46,FALSE,0.5734372208927734,"alta (>=0.3)",TRUE,0.45351751037709004,7,"jul",9,"set",6,0.15,6,7,"theta_pi","jul"
"2346191","São Paulo","SP",-23.8833,-46.7333,"Hidroweb diário",59,FALSE,0.6288848672139185,"alta (>=0.3)",TRUE,0.6561755546803775,8,"ago",8,"ago",4,0.15,7,8,"theta_pi","ago"
"2346193","Suzano","SP",-23.6333,-46.3167,"Hidroweb diário",48,FALSE,0.6258632214123729,"alta (>=0.3)",TRUE,0.4651357401152817,7,"jul",9,"set",5,0.15,7,7,"theta_pi","jul"
"2346194","Itaquaquecetuba","SP",-23.5,-46.3667,"Hidroweb diário",58,FALSE,0.6660399569316354,"alta (>=0.3)",TRUE,0.46571877868434797,7,"jul",8,"ago",5,0.15,7,7,"theta_pi","jul"
"2346195","Guararema","SP",-23.4192,-46.05,"Hidroweb diário",42,FALSE,0.6793505460950001,"alta (>=0.3)",TRUE,0.2903111946135321,7,"jul",9,"set",5,0.15,8,7,"theta_pi","jul"
"2346196","Itapecerica da Serra","SP",-23.6667,-46.85,"Hidroweb diário",47,FALSE,0.5474272322545385,"alta (>=0.3)",TRUE,0.3131951399624103,7,"jul",8,"ago",4,0.15,8,7,"theta_pi","jul"
"2346197","São Paulo","SP",-23.5833,-46.7167,"Hidroweb diário",44,FALSE,0.5136644247909665,"alta (>=0.3)",TRUE,0.4613909499614711,7,"jul",9,"set",5,0.15,8,7,"theta_pi","jul"
"2346198","Santana de Parnaíba","SP",-23.455,-46.9108,"Hidroweb diário",61,FALSE,0.6568347260619718,"alta (>=0.3)",TRUE,0.3560977272815017,7,"jul",8,"ago",4,0.15,7,7,"theta_pi","jul"
"2346200","São Bernardo do Campo","SP",-23.8644,-46.4681,"Hidroweb diário",60,FALSE,0.4397157684421396,"alta (>=0.3)",TRUE,0.3379013496266375,7,"jul",8,"ago",4,0.15,6,7,"theta_pi","jul"
"2346201","São Paulo","SP",-23.6,-46.7,"Hidroweb diário",46,FALSE,0.555864647503724,"alta (>=0.3)",TRUE,0.4488401236175121,7,"jul",8,"ago",4,0.15,8,7,"theta_pi","jul"
"2346202","Mogi das Cruzes","SP",-23.5333,-46.1833,"Hidroweb diário",35,FALSE,0.6219110430808613,"alta (>=0.3)",TRUE,0.41122557138575316,7,"jul",9,"set",5,0.15,6,7,"theta_pi","jul"
"2346203","São Paulo","SP",-23.55,-46.6333,"Hidroweb diário",41,FALSE,0.6400034815145087,"alta (>=0.3)",TRUE,0.5331507111047981,8,"ago",9,"set",5,0.15,8,8,"theta_pi","ago"
"2346206","Cubatão","SP",-23.8667,-46.45,"Hidroweb diário",57,FALSE,0.552682798134852,"alta (>=0.3)",TRUE,0.598695613741173,8,"ago",8,"ago",3,0.15,7,8,"theta_pi","ago"
"2346210","São Bernardo do Campo","SP",-23.9833,-46.6167,"Hidroweb diário",32,FALSE,0.5169224641672736,"alta (>=0.3)",TRUE,0.5583725980792182,8,"ago",8,"ago",4,0.15,7,8,"theta_pi","ago"
"2346211","São Bernardo do Campo","SP",-23.7667,-46.5667,"Hidroweb diário",34,FALSE,0.5565043065753101,"alta (>=0.3)",TRUE,0.5467800008922025,8,"ago",8,"ago",4,0.15,7,8,"theta_pi","ago"
"2346212","São Bernardo do Campo","SP",-23.8667,-46.5667,"Hidroweb diário",35,FALSE,0.5603789241742609,"alta (>=0.3)",TRUE,0.7891836375797676,8,"ago",8,"ago",3,0.15,6,8,"theta_pi","ago"
"2346223","Biritiba-mirim","SP",-23.7,-46.0167,"Hidroweb diário",38,FALSE,0.486528036805543,"alta (>=0.3)",TRUE,0.42622561762676825,7,"jul",7,"jul",3,0.15,6,7,"theta_pi","jul"
"2346232","São Caetano do Sul","SP",-23.6139,-46.5442,"Hidroweb diário",45,FALSE,0.6059286488159228,"alta (>=0.3)",TRUE,0.4609371603644669,7,"jul",9,"set",5,0.15,8,7,"theta_pi","jul"
"2346234","Santo André","SP",-23.7667,-46.3,"Hidroweb diário",36,FALSE,0.4060690838952342,"alta (>=0.3)",TRUE,0.46258639413578484,7,"jul",8,"ago",4,0.15,6,7,"theta_pi","jul"
"2346235","Mogi das Cruzes","SP",-23,-46,"Hidroweb diário",32,FALSE,0.4881088642768471,"alta (>=0.3)",TRUE,0.2807308926775145,7,"jul",9,"set",5,0.15,7,7,"theta_pi","jul"
"2346236","São Paulo","SP",-23.75,-46.7333,"Hidroweb diário",33,FALSE,0.5611970373423605,"alta (>=0.3)",TRUE,0.4307312247589725,7,"jul",8,"ago",4,0.15,7,7,"theta_pi","jul"
"2346241","São Bernardo do Campo","SP",-23.8,-46.5167,"Hidroweb diário",40,FALSE,0.4566903726992258,"alta (>=0.3)",TRUE,0.6316250830554919,8,"ago",8,"ago",4,0.15,6,8,"theta_pi","ago"
"2346248","Mogi das Cruzes","SP",-23.2667,-46.3,"Hidroweb diário",34,FALSE,0.7061025587684658,"alta (>=0.3)",TRUE,0.43611140928374925,7,"jul",8,"ago",4,0.15,7,7,"theta_pi","jul"
"2346251","São Bernardo do Campo","SP",-23.8667,-46.5,"Hidroweb diário",40,FALSE,0.4324248217183987,"alta (>=0.3)",TRUE,0.5435417083391704,8,"ago",8,"ago",3,0.15,6,8,"theta_pi","ago"
"2346254","Ribeirão Pires","SP",-23.75,-46.4333,"Hidroweb diário",37,FALSE,0.629848730422852,"alta (>=0.3)",TRUE,0.6302110300579915,8,"ago",8,"ago",4,0.15,6,8,"theta_pi","ago"
"2346261","Santos","SP",-23.9303,-46.3578,"Hidroweb diário",38,FALSE,0.5607548762171618,"alta (>=0.3)",TRUE,0.6339884625542214,8,"ago",8,"ago",3,0.15,6,8,"theta_pi","ago"
"2346267","São Bernardo do Campo","SP",-23.7667,-46.55,"Hidroweb diário",37,FALSE,0.6271802401779704,"alta (>=0.3)",TRUE,0.5530388623284246,8,"ago",8,"ago",4,0.15,7,8,"theta_pi","ago"
"2346275","Santo André","SP",-23.6833,-46.5333,"Hidroweb diário",34,FALSE,0.5637030127871792,"alta (>=0.3)",TRUE,0.5237408864333037,8,"ago",9,"set",5,0.15,7,8,"theta_pi","ago"
"2346278","Mogi das Cruzes","SP",-23.6833,-46.25,"Hidroweb diário",32,FALSE,0.5546895720218906,"alta (>=0.3)",TRUE,0.4913698091987056,7,"jul",8,"ago",4,0.15,8,7,"theta_pi","jul"
"2346279","Santos","SP",-23.95,-46.3167,"Hidroweb diário",43,FALSE,0.45002118212895287,"alta (>=0.3)",TRUE,0.653924297992936,8,"ago",8,"ago",3,0.15,6,8,"theta_pi","ago"
"2346287","Cotia","SP",-23.5667,-46.9333,"Hidroweb diário",61,FALSE,0.5421267328633046,"alta (>=0.3)",TRUE,0.2810623076359281,7,"jul",8,"ago",5,0.15,8,7,"theta_pi","jul"
"2346293","Santo André","SP",-23.6333,-46.55,"Hidroweb diário",40,FALSE,0.5571665223229654,"alta (>=0.3)",TRUE,0.4888606276766132,7,"jul",8,"ago",3,0.15,7,7,"theta_pi","jul"
"2346297","São Paulo","SP",-23.9167,-46.65,"Hidroweb diário",53,FALSE,0.5033746611468263,"alta (>=0.3)",TRUE,0.7089894648367506,8,"ago",8,"ago",3,0.15,7,8,"theta_pi","ago"
"2346315","Guararema","SP",-23.3833,-46.0667,"Hidroweb diário",63,FALSE,0.6534881155049108,"alta (>=0.3)",TRUE,0.28421490901750796,7,"jul",8,"ago",5,0.15,8,7,"theta_pi","jul"
"2346321","Biritiba-mirim","SP",-23,-46,"Hidroweb diário",43,FALSE,0.5408566523344639,"alta (>=0.3)",TRUE,0.46734854269507015,7,"jul",9,"set",5,0.15,7,7,"theta_pi","jul"
"2346326","Cotia","SP",-23.6333,-46.85,"Hidroweb diário",36,FALSE,0.6046047690491817,"alta (>=0.3)",TRUE,0.45626503719809114,7,"jul",1,"jan",10,0.15,1,7,"theta_pi","jul"
"2346329","Jarinu","SP",-23,-46.7167,"Hidroweb diário",69,FALSE,0.4752497588240056,"alta (>=0.3)",TRUE,0.2599480131868669,7,"jul",8,"ago",4,0.15,7,7,"theta_pi","jul"
"2346333","São Vicente","SP",-23.95,-46.45,"Hidroweb diário",66,FALSE,0.6215571186164198,"alta (>=0.3)",TRUE,0.6899050940438628,8,"ago",8,"ago",3,0.15,8,8,"theta_pi","ago"
"2346334","Piracaia","SP",-23.0667,-46.3,"Hidroweb diário",44,FALSE,0.5162503662926952,"alta (>=0.3)",TRUE,0.29052104648305077,7,"jul",8,"ago",3,0.15,8,7,"theta_pi","jul"
"2346340","Mauá","SP",-23.7,-46.4833,"Hidroweb diário",37,FALSE,0.5799876816253038,"alta (>=0.3)",TRUE,0.5194349022470159,8,"ago",8,"ago",3,0.15,6,8,"theta_pi","ago"
"2346342","Ribeirão Pires","SP",-23.7,-46.45,"Hidroweb diário",45,FALSE,0.5373143331792386,"alta (>=0.3)",TRUE,0.12062201334460292,7,"jul",9,"set",4,0.15,8,7,"theta_pi","jul"
"2346344","Igarata","SP",-23.2,-46.15,"Hidroweb diário",53,FALSE,0.5814805174971284,"alta (>=0.3)",TRUE,0.20766710182280274,7,"jul",8,"ago",4,0.15,8,7,"theta_pi","jul"
"2346345","São Paulo","SP",-23.8333,-46.7333,"Hidroweb diário",50,FALSE,0.5504475987865316,"alta (>=0.3)",TRUE,0.46748975693153477,7,"jul",8,"ago",3,0.15,8,7,"theta_pi","jul"
"2346346","São Bernardo do Campo","SP",-23.8333,-46.5833,"Hidroweb diário",37,FALSE,0.5328231656783524,"alta (>=0.3)",TRUE,0.5459405957704538,8,"ago",8,"ago",3,0.15,8,8,"theta_pi","ago"
"2346347","Suzano","SP",-23.65,-46.3333,"Hidroweb diário",44,FALSE,0.436752318459314,"alta (>=0.3)",TRUE,0.504400348733355,7,"jul",9,"set",4,0.15,8,7,"theta_pi","jul"
"2346369","São Paulo","SP",-23.5667,-46.6667,"Hidroweb diário",34,FALSE,0.4626753651114313,"alta (>=0.3)",TRUE,0.20124819129839516,7,"jul",8,"ago",4,0.15,7,7,"theta_pi","jul"
"2346395","São Paulo","SP",-23.8833,-46.75,"Hidroweb diário",41,FALSE,0.46759266993142246,"alta (>=0.3)",TRUE,0.5934708302107132,8,"ago",8,"ago",3,0.15,8,8,"theta_pi","ago"
"2346408","Suzano","SP",-23.6,-46.3667,"Hidroweb diário",31,FALSE,0.5679240351266833,"alta (>=0.3)",TRUE,0.386285546765834,7,"jul",8,"ago",3,0.15,8,7,"theta_pi","jul"
"2346418","São Paulo","SP",-23.4333,-46.65,"Hidroweb diário",40,FALSE,0.5279191454550365,"alta (>=0.3)",TRUE,0.44078367937015295,7,"jul",8,"ago",3,0.15,8,7,"theta_pi","jul"
"2346423","Santo André","SP",-23.7833,-46.3,"Hidroweb diário",59,FALSE,0.5851522272771342,"alta (>=0.3)",TRUE,0.7206375095340365,8,"ago",8,"ago",4,0.15,6,8,"theta_pi","ago"
"2347002","Tietê","SP",-23,-47.7167,"Hidroweb diário",62,FALSE,0.5994097194598225,"alta (>=0.3)",TRUE,0.24835632239069752,7,"jul",8,"ago",4,0.15,7,7,"theta_pi","jul"
"2347004","Elias Fausto","SP",-23.0333,-47.3667,"Hidroweb diário",61,FALSE,0.5569075753626328,"alta (>=0.3)",TRUE,0.23899096082141266,7,"jul",8,"ago",4,0.15,7,7,"theta_pi","jul"
"2347005","Laranjal Paulista","SP",-23.0333,-47.85,"Hidroweb diário",81,FALSE,0.7361554354825869,"alta (>=0.3)",TRUE,0.400222197304381,7,"jul",8,"ago",3,0.15,7,7,"theta_pi","jul"
"2347006","Pereiras","SP",-23.0667,-47.9667,"Hidroweb diário",62,FALSE,0.489325524629085,"alta (>=0.3)",TRUE,0.3668354182997931,7,"jul",8,"ago",3,0.15,7,7,"theta_pi","jul"
"2347007","Indaiatuba","SP",-23.0833,-47.2167,"Hidroweb diário",84,FALSE,0.5590219365002834,"alta (>=0.3)",TRUE,0.2675555891364734,7,"jul",8,"ago",4,0.15,8,7,"theta_pi","jul"
"2347008","Elias Fausto","SP",-23.1,-47.4167,"Hidroweb diário",31,FALSE,0.4585671979897003,"alta (>=0.3)",TRUE,0.4551577640321109,7,"jul",8,"ago",3,0.15,8,7,"theta_pi","jul"
"2347010","Tietê","SP",-23,-47.7167,"Hidroweb diário",31,FALSE,0.6587146265002575,"alta (>=0.3)",TRUE,0.1791229430973995,7,"jul",9,"set",6,0.15,7,7,"theta_pi","jul"
"2347011","Indaiatuba","SP",-23.1667,-47.1333,"Hidroweb diário",55,FALSE,0.7386524003211224,"alta (>=0.3)",TRUE,0.3205222355734132,7,"jul",8,"ago",3,0.15,7,7,"theta_pi","jul"
"2347014","Porto Feliz","SP",-23.2,-47.5167,"Hidroweb diário",54,FALSE,0.43577973249505014,"alta (>=0.3)",TRUE,0.3647563987688869,7,"jul",8,"ago",4,0.15,8,7,"theta_pi","jul"
"2347015","Boituva","SP",-23.2333,-47.6167,"Hidroweb diário",31,FALSE,0.42121549761969673,"alta (>=0.3)",TRUE,0.566481404818566,8,"ago",8,"ago",3,0.15,8,8,"theta_pi","ago"
"2347017","Cesário Lange","SP",-23.2167,-47.95,"Hidroweb diário",62,FALSE,0.6047476870597035,"alta (>=0.3)",TRUE,0.1651640339371395,7,"jul",8,"ago",4,0.15,7,7,"theta_pi","jul"
"2347020","Cabreuva","SP",-23.2667,-47.1167,"Hidroweb diário",40,FALSE,0.5233891433528352,"alta (>=0.3)",TRUE,0.2561577599045796,7,"jul",8,"ago",4,0.15,7,7,"theta_pi","jul"
"2347021","Boituva","SP",-23.2833,-47.6667,"Hidroweb diário",53,FALSE,0.49167441949533314,"alta (>=0.3)",TRUE,0.4142379057255967,7,"jul",8,"ago",3,0.15,8,7,"theta_pi","jul"
"2347022","Porto Feliz","SP",-23.3,-47.5333,"Hidroweb diário",31,FALSE,0.41299800325135666,"alta (>=0.3)",TRUE,0.4228199166881003,7,"jul",8,"ago",3,0.15,8,7,"theta_pi","jul"
"2347023","Tatuí","SP",-23.3167,-47.7833,"Hidroweb diário",58,FALSE,0.5535834485684448,"alta (>=0.3)",TRUE,0.5086699679523721,7,"jul",8,"ago",3,0.15,7,7,"theta_pi","jul"
"2347024","Itu","SP",-23.3333,-47.3333,"Hidroweb diário",59,FALSE,0.5220225924716416,"alta (>=0.3)",TRUE,0.2770935394439412,7,"jul",8,"ago",4,0.15,8,7,"theta_pi","jul"
"2347025","Ipero","SP",-23.3333,-47.6833,"Hidroweb diário",70,FALSE,0.5471284559767404,"alta (>=0.3)",TRUE,0.2680728395080106,7,"jul",8,"ago",5,0.15,7,7,"theta_pi","jul"
"2347026","Tatuí","SP",-23.3667,-47.85,"Hidroweb diário",103,FALSE,0.5782878954270549,"alta (>=0.3)",TRUE,0.34414638769229183,7,"jul",8,"ago",4,0.15,7,7,"theta_pi","jul"
"2347027","Tatuí","SP",-23.4,-47.7667,"Hidroweb diário",67,FALSE,0.5441085330541238,"alta (>=0.3)",TRUE,0.3910944211575074,7,"jul",8,"ago",4,0.15,8,7,"theta_pi","jul"
"2347028","Sorocaba","SP",-23.4167,-47.4,"Hidroweb diário",44,FALSE,0.5131025596738285,"alta (>=0.3)",TRUE,0.2636685249263723,7,"jul",8,"ago",3,0.15,8,7,"theta_pi","jul"
"2347029","Mairinque","SP",-23.4333,-47.25,"Hidroweb diário",73,FALSE,0.5786450762076945,"alta (>=0.3)",TRUE,0.31496968442859224,7,"jul",8,"ago",5,0.15,8,7,"theta_pi","jul"
"2347031","Ipero","SP",-23.45,-47.5667,"Hidroweb diário",32,FALSE,0.60718189672344,"alta (>=0.3)",TRUE,0.3566297869744017,7,"jul",8,"ago",3,0.15,8,7,"theta_pi","jul"
"2347033","Aracoiaba da Serra","SP",-23.4833,-47.6833,"Hidroweb diário",47,FALSE,0.522788667709734,"alta (>=0.3)",TRUE,0.28238143422314665,7,"jul",8,"ago",3,0.15,7,7,"theta_pi","jul"
"2347034","Sorocaba","SP",-23.5,-47.4333,"Hidroweb diário",45,FALSE,0.6016791432515427,"alta (>=0.3)",TRUE,0.35026803339232104,7,"jul",8,"ago",3,0.15,8,7,"theta_pi","jul"
"2347036","Votorantim","SP",-23.55,-47.45,"Hidroweb diário",32,FALSE,0.553343043951627,"alta (>=0.3)",TRUE,0.14468344736225158,7,"jul",9,"set",5,0.15,8,7,"theta_pi","jul"
"2347037","São Roque","SP",-23.55,-47.0833,"Hidroweb diário",31,FALSE,0.40777252713392687,"alta (>=0.3)",TRUE,0.11531293168665509,7,"jul",8,"ago",3,0.15,7,7,"theta_pi","jul"
"2347038","Mairinque","SP",-23.55,-47.1833,"Hidroweb diário",57,FALSE,0.4795727677397483,"alta (>=0.3)",TRUE,0.25920647351550036,7,"jul",9,"set",6,0.15,8,7,"theta_pi","jul"
"2347039","Itapetininga","SP",-23.55,-47.9,"Hidroweb diário",53,FALSE,0.689249943832548,"alta (>=0.3)",TRUE,0.32619111047687,7,"jul",8,"ago",4,0.15,7,7,"theta_pi","jul"
"2347042","Salto de Pirapora","SP",-23.65,-47.5667,"Hidroweb diário",65,FALSE,0.5110627293202616,"alta (>=0.3)",TRUE,0.15815153192627016,7,"jul",9,"set",5,0.15,8,7,"theta_pi","jul"
"2347043","Ibiúna","SP",-23.65,-47.2167,"Hidroweb diário",77,FALSE,0.5969523510020398,"alta (>=0.3)",TRUE,0.12847051956272007,7,"jul",8,"ago",4,0.15,8,7,"theta_pi","jul"
"2347044","Sarapui","SP",-23.65,-47.8333,"Hidroweb diário",62,FALSE,0.466890047079476,"alta (>=0.3)",TRUE,0.36488757957496343,7,"jul",8,"ago",4,0.15,8,7,"theta_pi","jul"
"2347046","Cotia","SP",-23.6833,-47.0167,"Hidroweb diário",68,FALSE,0.4538435895160355,"alta (>=0.3)",TRUE,0.3229430730641156,7,"jul",8,"ago",3,0.15,8,7,"theta_pi","jul"
"2347047","Piedade","SP",-23.7333,-47.4167,"Hidroweb diário",59,FALSE,0.434854511958486,"alta (>=0.3)",TRUE,5.241243500870114,5,"mai",8,"ago",3,0.15,8,5,"theta_pi","mai"
"2347048","Piedade","SP",-23.75,-47.4833,"Hidroweb diário",53,FALSE,0.44619931408197644,"alta (>=0.3)",TRUE,0.2615313255522753,7,"jul",8,"ago",3,0.15,8,7,"theta_pi","jul"
"2347049","Pilar do Sul","SP",-23.8333,-47.65,"Hidroweb diário",71,FALSE,0.5032907121176786,"alta (>=0.3)",TRUE,0.2353089896373726,7,"jul",8,"ago",4,0.15,8,7,"theta_pi","jul"
"2347050","São Miguel Arcanjo","SP",-23.8667,-47.9997,"Hidroweb diário",84,FALSE,0.3947884051905934,"alta (>=0.3)",TRUE,0.1912992169764209,7,"jul",8,"ago",5,0.15,8,7,"theta_pi","jul"
"2347051","Juquitiba","SP",-23.9333,-47.0667,"Hidroweb diário",56,FALSE,0.5968446728249143,"alta (>=0.3)",TRUE,0.49366764354668513,7,"jul",9,"set",5,0.15,8,7,"theta_pi","jul"
"2347052","Ibiúna","SP",-23.95,-47.2167,"Hidroweb diário",69,FALSE,0.49783093350991897,"alta (>=0.3)",TRUE,0.44084604740164357,7,"jul",8,"ago",4,0.15,8,7,"theta_pi","jul"
"2347053","Tapiraí","SP",-23.9667,-47.5,"Hidroweb diário",71,FALSE,0.5130158493884851,"alta (>=0.3)",TRUE,0.3498438745413818,7,"jul",8,"ago",4,0.15,8,7,"theta_pi","jul"
"2347054","Laranjal Paulista","SP",-23.0253,-47.8181,"Hidroweb diário",55,FALSE,0.4697183353581786,"alta (>=0.3)",TRUE,0.27506856946812763,7,"jul",8,"ago",3,0.15,7,7,"theta_pi","jul"
"2347055","Indaiatuba","SP",-23.1081,-47.1806,"Hidroweb diário",61,FALSE,0.6306790301052229,"alta (>=0.3)",TRUE,0.43624613702252535,7,"jul",8,"ago",5,0.15,8,7,"theta_pi","jul"
"2347056","Tietê","SP",-23.0897,-47.7267,"Hidroweb diário",74,FALSE,0.6427765902416412,"alta (>=0.3)",TRUE,0.3400880096161185,7,"jul",8,"ago",4,0.15,7,7,"theta_pi","jul"
"2347057","Itupeva","SP",-23.1503,-47.0564,"Hidroweb diário",78,FALSE,0.5751805332479275,"alta (>=0.3)",TRUE,0.2801335294598249,7,"jul",9,"set",6,0.15,8,7,"theta_pi","jul"
"2347058","Tatuí","SP",-23.3278,-47.7642,"Hidroweb diário",76,FALSE,0.5450927179078799,"alta (>=0.3)",TRUE,0.24633590801589977,7,"jul",9,"set",6,0.15,7,7,"theta_pi","jul"
"2347059","Sorocaba","SP",-23.4203,-47.4044,"Hidroweb diário",78,FALSE,0.6490557655151042,"alta (>=0.3)",TRUE,0.33167969640844946,7,"jul",9,"set",6,0.15,8,7,"theta_pi","jul"
"2347060","Salto de Pirapora","SP",-23.6383,-47.5733,"Hidroweb diário",74,FALSE,0.5755771715480462,"alta (>=0.3)",TRUE,5.932170129682815,6,"jun",8,"ago",4,0.15,8,6,"theta_pi","jun"
"2347061","Alambari","SP",-23.4953,-47.8125,"Hidroweb diário",75,FALSE,0.44572771996280036,"alta (>=0.3)",TRUE,0.15405441693527133,7,"jul",8,"ago",5,0.15,7,7,"theta_pi","jul"
"2347062","Juquitiba","SP",-23.9328,-47.0728,"Hidroweb diário",69,FALSE,0.5261564809751785,"alta (>=0.3)",TRUE,0.2819779783554398,7,"jul",9,"set",5,0.15,7,7,"theta_pi","jul"
"2347063","Juquitiba","SP",-23.9325,-47.0725,"Hidroweb diário",57,FALSE,0.5995283699675426,"alta (>=0.3)",TRUE,0.3015075294126763,7,"jul",8,"ago",3,0.15,8,7,"theta_pi","jul"
"2347071","Tatuí","SP",-23.35,-47.85,"Hidroweb diário",32,FALSE,0.5966479372285006,"alta (>=0.3)",TRUE,0.40564374539962933,7,"jul",9,"set",6,0.15,7,7,"theta_pi","jul"
"2347077","Cerquilho","SP",-23.15,-47.8,"Hidroweb diário",58,FALSE,0.4924940076524998,"alta (>=0.3)",TRUE,0.37113566888024024,7,"jul",9,"set",4,0.15,8,7,"theta_pi","jul"
"2347080","Pirapora do Bom Jesus","SP",-23.3828,-47.0286,"Hidroweb diário",60,FALSE,0.6505285754181351,"alta (>=0.3)",TRUE,0.17392884535743672,7,"jul",8,"ago",4,0.15,7,7,"theta_pi","jul"
"2347081","Ibiúna","SP",-23.7667,-47.0333,"Hidroweb diário",58,FALSE,0.5197533239107843,"alta (>=0.3)",TRUE,0.45634719713676825,7,"jul",8,"ago",4,0.15,7,7,"theta_pi","jul"
"2347082","Ibiúna","SP",-23.65,-47.2167,"Hidroweb diário",59,FALSE,0.6234427210953206,"alta (>=0.3)",TRUE,0.16084933304606272,7,"jul",8,"ago",5,0.15,7,7,"theta_pi","jul"
"2347083","Mairinque","SP",-23.5333,-47.2,"Hidroweb diário",46,FALSE,0.5675378045698126,"alta (>=0.3)",TRUE,0.13239524859937413,7,"jul",8,"ago",5,0.15,8,7,"theta_pi","jul"
"2347084","Salto","SP",-23.2167,-47.3,"Hidroweb diário",56,FALSE,0.6819360795335958,"alta (>=0.3)",TRUE,0.3821047749731291,7,"jul",8,"ago",4,0.15,7,7,"theta_pi","jul"
"2347085","Sorocaba","SP",-23.5,-47.45,"Hidroweb diário",45,FALSE,0.6159381059583694,"alta (>=0.3)",TRUE,0.3993452036005145,7,"jul",8,"ago",4,0.15,8,7,"theta_pi","jul"
"2347086","Aracoiaba da Serra","SP",-23.5,-47.6,"Hidroweb diário",45,FALSE,0.6445046928199738,"alta (>=0.3)",TRUE,0.3320841750641718,7,"jul",9,"set",6,0.15,8,7,"theta_pi","jul"
"2347087","São Roque","SP",-23.5,-47.1,"Hidroweb diário",46,FALSE,0.54506406892559,"alta (>=0.3)",TRUE,0.17247199458672144,7,"jul",8,"ago",5,0.15,8,7,"theta_pi","jul"
"2347088","Boituva","SP",-23.2833,-47.6667,"Hidroweb diário",42,FALSE,0.56725644653203,"alta (>=0.3)",TRUE,0.37981043406123205,7,"jul",8,"ago",5,0.15,8,7,"theta_pi","jul"
"2347090","Piedade","SP",-23.6333,-47.4,"Hidroweb diário",54,FALSE,0.6598867241034219,"alta (>=0.3)",TRUE,0.3818628080379697,7,"jul",8,"ago",5,0.15,8,7,"theta_pi","jul"
"2347091","Itupeva","SP",-23.1333,-47.0833,"Hidroweb diário",52,FALSE,0.6554612846306797,"alta (>=0.3)",TRUE,0.3685223881459339,7,"jul",8,"ago",4,0.15,7,7,"theta_pi","jul"
"2347092","Sorocaba","SP",-23.5833,-47.4167,"Hidroweb diário",51,FALSE,0.6382011620085847,"alta (>=0.3)",TRUE,0.29058386721527657,7,"jul",8,"ago",5,0.15,7,7,"theta_pi","jul"
"2347093","Itu","SP",-23.2667,-47.2833,"Hidroweb diário",45,FALSE,0.6772792932081146,"alta (>=0.3)",TRUE,0.3316926609244004,7,"jul",9,"set",5,0.15,8,7,"theta_pi","jul"
"2347097","Ibiúna","SP",-23.7167,-47.2167,"Hidroweb diário",34,FALSE,0.5456775946616345,"alta (>=0.3)",TRUE,0.14551170591305265,7,"jul",9,"set",6,0.15,7,7,"theta_pi","jul"
"2347103","Ibiúna","SP",-23.6333,-47.2333,"Hidroweb diário",31,FALSE,0.6415899047018534,"alta (>=0.3)",TRUE,0.27007308133045665,7,"jul",9,"set",6,0.15,7,7,"theta_pi","jul"
"2347105","Ibiúna","SP",-23.6667,-47.15,"Hidroweb diário",40,FALSE,0.486066440949855,"alta (>=0.3)",TRUE,0.27039041343091236,7,"jul",9,"set",5,0.15,7,7,"theta_pi","jul"
"2347136","Itupeva","SP",-23.0833,-47.05,"Hidroweb diário",39,FALSE,0.5007726977322404,"alta (>=0.3)",TRUE,0.3065794269163366,7,"jul",8,"ago",3,0.15,7,7,"theta_pi","jul"
"2347144","Aracoiaba da Serra","SP",-23.5333,-47.65,"Hidroweb diário",32,FALSE,0.40222822619464904,"alta (>=0.3)",TRUE,0.11387613942943034,7,"jul",8,"ago",4,0.15,8,7,"theta_pi","jul"
"2347145","Salto","SP",-23.2,-47.3,"Hidroweb diário",48,FALSE,0.4773469022697483,"alta (>=0.3)",TRUE,0.015361700018524872,7,"jul",8,"ago",4,0.15,8,7,"theta_pi","jul"
"2347146","Ibiúna","SP",-23.7167,-47.1167,"Hidroweb diário",51,FALSE,0.4316270472556343,"alta (>=0.3)",TRUE,0.21088983771774353,7,"jul",8,"ago",3,0.15,8,7,"theta_pi","jul"
"2347149","São Miguel Arcanjo","SP",-23.7333,-47.9333,"Hidroweb diário",53,FALSE,0.3853577991044106,"alta (>=0.3)",TRUE,0.12214474653722868,7,"jul",8,"ago",4,0.15,8,7,"theta_pi","jul"
"2348003","Conchas","SP",-23,-48.0167,"Hidroweb diário",67,FALSE,0.6041780744390696,"alta (>=0.3)",TRUE,0.39081554041232397,7,"jul",8,"ago",3,0.15,8,7,"theta_pi","jul"
"2348004","Bofete","SP",-23.0667,-48.1833,"Hidroweb diário",52,FALSE,0.47471036527910626,"alta (>=0.3)",TRUE,0.36546400938387796,7,"jul",8,"ago",3,0.15,7,7,"theta_pi","jul"
"2348005","Bofete","SP",-23.1,-48.25,"Hidroweb diário",62,FALSE,0.5123431032919191,"alta (>=0.3)",TRUE,0.3951483146857344,7,"jul",8,"ago",3,0.15,7,7,"theta_pi","jul"
"2348007","Itatinga","SP",-23.1,-48.6167,"Hidroweb diário",33,FALSE,0.43139662118851585,"alta (>=0.3)",TRUE,0.26364728232668583,7,"jul",8,"ago",5,0.15,8,7,"theta_pi","jul"
"2348008","Avaré","SP",-23.1,-48.9167,"Hidroweb diário",86,FALSE,0.3985866640964122,"alta (>=0.3)",TRUE,0.32700886272087054,7,"jul",8,"ago",4,0.15,8,7,"theta_pi","jul"
"2348010","Porangaba","SP",-23.1833,-48.1167,"Hidroweb diário",53,FALSE,0.4374614175596904,"alta (>=0.3)",TRUE,0.43155262747212464,7,"jul",8,"ago",4,0.15,7,7,"theta_pi","jul"
"2348012","Tatuí","SP",-23.3,-48.05,"Hidroweb diário",58,FALSE,0.4554954325638339,"alta (>=0.3)",TRUE,0.3075974110608009,7,"jul",8,"ago",3,0.15,8,7,"theta_pi","jul"
"2348014","Guarei","SP",-23.3667,-48.1833,"Hidroweb diário",52,FALSE,0.5309624239612245,"alta (>=0.3)",TRUE,0.5611691051816358,8,"ago",8,"ago",3,0.15,8,8,"theta_pi","ago"
"2348015","Paranapanema","SP",-23.3833,-48.7333,"Hidroweb diário",33,FALSE,0.36841923098657653,"alta (>=0.3)",TRUE,0.4035020200159813,7,"jul",8,"ago",3,0.15,8,7,"theta_pi","jul"
"2348016","Angatuba","SP",-23.45,-48.5833,"Hidroweb diário",65,FALSE,0.42685853783531846,"alta (>=0.3)",TRUE,0.4240899294658159,7,"jul",8,"ago",3,0.15,8,7,"theta_pi","jul"
"2348017","Angatuba","SP",-23.4833,-48.4167,"Hidroweb diário",85,FALSE,0.401346974533801,"alta (>=0.3)",TRUE,0.3348885030981777,7,"jul",8,"ago",4,0.15,8,7,"theta_pi","jul"
"2348018","Tatuí","SP",-23.3833,-48.0333,"Hidroweb diário",44,FALSE,0.5079440883667689,"alta (>=0.3)",TRUE,0.4358997515353495,7,"jul",8,"ago",3,0.15,8,7,"theta_pi","jul"
"2348019","Angatuba","SP",-23.55,-48.3,"Hidroweb diário",45,FALSE,0.46948138398879125,"alta (>=0.3)",TRUE,0.35066406563277014,7,"jul",8,"ago",4,0.15,8,7,"theta_pi","jul"
"2348020","Itapetininga","SP",-23.6,-48.3167,"Hidroweb diário",31,FALSE,0.4191476758892476,"alta (>=0.3)",TRUE,0.34691944747358994,7,"jul",8,"ago",3,0.15,8,7,"theta_pi","jul"
"2348022","Angatuba","SP",-23.6,-48.45,"Hidroweb diário",51,FALSE,0.43043709313488066,"alta (>=0.3)",TRUE,0.33114751842996093,7,"jul",8,"ago",4,0.15,8,7,"theta_pi","jul"
"2348024","Itapeva","SP",-23.7167,-48.85,"Hidroweb diário",33,FALSE,0.3390089464705178,"alta (>=0.3)",TRUE,0.13026510028220198,7,"jul",8,"ago",2,0.15,7,7,"theta_pi","jul"
"2348025","Itapetininga","SP",-23.7667,-48.1333,"Hidroweb diário",44,FALSE,0.5026180148061788,"alta (>=0.3)",TRUE,0.315325342764824,7,"jul",8,"ago",4,0.15,7,7,"theta_pi","jul"
"2348026","Itapetininga","SP",-23.7833,-48.35,"Hidroweb diário",54,FALSE,0.43806378748540825,"alta (>=0.3)",TRUE,0.18731421904189152,7,"jul",8,"ago",5,0.15,8,7,"theta_pi","jul"
"2348027","Buri","SP",-23.8,-48.5833,"Hidroweb diário",51,FALSE,0.4040302699891146,"alta (>=0.3)",TRUE,0.22665288194697003,7,"jul",8,"ago",3,0.15,8,7,"theta_pi","jul"
"2348028","Itapetininga","SP",-23.5833,-48.05,"Hidroweb diário",85,FALSE,0.5361848248959644,"alta (>=0.3)",TRUE,0.24871327898700257,7,"jul",8,"ago",5,0.15,8,7,"theta_pi","jul"
"2348029","Capão Bonito","SP",-23.95,-48.2167,"Hidroweb diário",52,FALSE,0.3687147148849064,"alta (>=0.3)",TRUE,0.38187981067543064,7,"jul",8,"ago",4,0.15,8,7,"theta_pi","jul"
"2348030","Buri","SP",-23.9167,-48.7,"Hidroweb diário",50,FALSE,0.3897312645835471,"alta (>=0.3)",TRUE,0.24451299650455557,7,"jul",8,"ago",2,0.15,8,7,"theta_pi","jul"
"2348031","Itapeva","SP",-23.9667,-48.95,"Hidroweb diário",75,FALSE,0.28991333527445307,"media (0.20-0.3)",FALSE,0.41706124865946703,7,"jul",8,"ago",5,0.15,8,8,"ultimo_mes_seco","ago"
"2348033","Angatuba","SP",-23.5639,-48.3897,"Hidroweb diário",85,FALSE,0.47008987168779015,"alta (>=0.3)",TRUE,0.19785941104234955,7,"jul",8,"ago",3,0.15,8,7,"theta_pi","jul"
"2348034","Campina do Monte Alegre","SP",-23.5928,-48.4914,"Hidroweb diário",68,FALSE,0.3958066654163598,"alta (>=0.3)",TRUE,0.42191769456426176,7,"jul",8,"ago",5,0.15,8,7,"theta_pi","jul"
"2348035","Buri","SP",-23.8,-48.5831,"Hidroweb diário",44,FALSE,0.4245062946348069,"alta (>=0.3)",TRUE,0.17469212293407624,7,"jul",6,"jun",3,0.15,8,7,"theta_pi","jul"
"2348036","Itapeva","SP",-23.95,-48.9331,"Hidroweb diário",34,FALSE,0.3229446118252259,"alta (>=0.3)",TRUE,0.6779757567810694,8,"ago",8,"ago",3,0.15,8,8,"theta_pi","ago"
"2348037","Capão Bonito","SP",-23.9697,-48.2783,"Hidroweb diário",84,FALSE,0.32029088283963647,"alta (>=0.3)",TRUE,0.1660220177998687,7,"jul",8,"ago",5,0.15,8,7,"theta_pi","jul"
"2348048","Itapetininga","SP",-23.4667,-48.05,"Hidroweb diário",57,FALSE,0.5537243360690757,"alta (>=0.3)",TRUE,0.27684248659526395,7,"jul",8,"ago",5,0.15,8,7,"theta_pi","jul"
"2348050","Capão Bonito","SP",-23.9997,-48.35,"Hidroweb diário",31,FALSE,0.3473271385111681,"alta (>=0.3)",TRUE,0.4180032557800002,7,"jul",8,"ago",5,0.15,8,7,"theta_pi","jul"
"2348051","Buri","SP",-23.85,-48.7,"Hidroweb diário",34,FALSE,0.35273142543181024,"alta (>=0.3)",TRUE,6.259531260581983,6,"jun",8,"ago",5,0.15,8,6,"theta_pi","jun"
"2348063","Angatuba","SP",-23.5167,-48.55,"Hidroweb diário",43,FALSE,0.44429309488371693,"alta (>=0.3)",TRUE,0.39554898422540585,7,"jul",8,"ago",2,0.15,8,7,"theta_pi","jul"
"2348073","Pardinho","SP",-23.0833,-48.3833,"Hidroweb diário",53,FALSE,0.4374631577370792,"alta (>=0.3)",TRUE,0.3576683901649127,7,"jul",8,"ago",3,0.15,8,7,"theta_pi","jul"
"2348076","Capão Bonito","SP",-23.95,-48.4167,"Hidroweb diário",39,FALSE,0.392315824389092,"alta (>=0.3)",TRUE,0.5134799126061713,7,"jul",8,"ago",3,0.15,8,7,"theta_pi","jul"
"2348078","Itatinga","SP",-23.1,-48.6167,"Hidroweb diário",51,FALSE,0.5166206814291183,"alta (>=0.3)",TRUE,0.571618521161234,8,"ago",8,"ago",3,0.15,8,8,"theta_pi","ago"
"2348088","Itapeva","SP",-23.8889,-48.7708,"Hidroweb diário",44,FALSE,0.31603808254147603,"alta (>=0.3)",TRUE,0.18607838523916786,7,"jul",8,"ago",5,0.15,7,7,"theta_pi","jul"
"2349002","Cerqueira Cesar","SP",-23.0333,-49.1667,"Hidroweb diário",72,FALSE,0.35872087762786514,"alta (>=0.3)",TRUE,0.3510729398403771,7,"jul",8,"ago",3,0.15,8,7,"theta_pi","jul"
"2349003","Ipaussu","SP",-23.0333,-49.5667,"Hidroweb diário",82,FALSE,0.39487425290224604,"alta (>=0.3)",TRUE,0.21773837757791667,7,"jul",8,"ago",2,0.15,8,7,"theta_pi","jul"
"2349004","Chavantes","SP",-23.05,-49.7667,"Hidroweb diário",69,FALSE,0.3909738240791324,"alta (>=0.3)",TRUE,0.5350499669162517,8,"ago",8,"ago",3,0.15,7,8,"theta_pi","ago"
"2349005","Chavantes","SP",-23.0822,-49.7364,"Hidroweb diário",75,FALSE,0.49447831653059554,"alta (>=0.3)",TRUE,0.24223630072170893,7,"jul",8,"ago",3,0.15,8,7,"theta_pi","jul"
"2349007","Piraju","SP",-23.1858,-49.3903,"Hidroweb diário",88,FALSE,0.3868500490538294,"alta (>=0.3)",TRUE,0.22710429986020472,7,"jul",8,"ago",2,0.15,8,7,"theta_pi","jul"
"2349009","Piraju","SP",-23.1833,-49.3833,"Hidroweb diário",35,FALSE,0.4003779489149894,"alta (>=0.3)",TRUE,0.2717226405542147,7,"jul",9,"set",5,0.15,8,7,"theta_pi","jul"
"2349010","Timburi","SP",-23.2,-49.6167,"Hidroweb diário",45,FALSE,0.42125149009170687,"alta (>=0.3)",TRUE,0.4701815841428836,7,"jul",8,"ago",2,0.15,8,7,"theta_pi","jul"
"2349011","Sarutaia","SP",-23.2333,-49.4667,"Hidroweb diário",84,FALSE,0.37021621819847206,"alta (>=0.3)",TRUE,0.27396766897786223,7,"jul",8,"ago",3,0.15,8,7,"theta_pi","jul"
"2349013","Tejupá","SP",-23.3333,-49.3667,"Hidroweb diário",60,FALSE,0.2620565875572356,"media (0.20-0.3)",FALSE,0.6129360678165826,8,"ago",8,"ago",2,0.15,8,8,"ultimo_mes_seco","ago"
"2349014","Fartura","SP",-23.3833,-49.5167,"Hidroweb diário",56,FALSE,0.2548401447791324,"media (0.20-0.3)",FALSE,0.4919414254975,7,"jul",8,"ago",2,0.15,8,8,"ultimo_mes_seco","ago"
"2349015","Itaí","SP",-23.4167,-49.1,"Hidroweb diário",52,FALSE,0.3123099503019519,"alta (>=0.3)",TRUE,0.755645735791658,8,"ago",8,"ago",3,0.15,7,8,"theta_pi","ago"
"2349016","Taguaí","SP",-23.45,-49.4167,"Hidroweb diário",71,FALSE,0.37636102580443953,"alta (>=0.3)",TRUE,0.3735309668478674,7,"jul",8,"ago",2,0.15,8,7,"theta_pi","jul"
"2349017","Taquarituba","SP",-23.5333,-49.2333,"Hidroweb diário",77,FALSE,0.3215831946753535,"alta (>=0.3)",TRUE,0.12211435746103036,7,"jul",8,"ago",3,0.15,8,7,"theta_pi","jul"
"2349018","Coronel Macedo","SP",-23.6333,-49.3167,"Hidroweb diário",56,FALSE,0.23452498959884724,"media (0.20-0.3)",FALSE,0.2584044638854585,7,"jul",8,"ago",3,0.15,8,8,"ultimo_mes_seco","ago"
"2349019","Barão de Antonina","SP",-23.6333,-49.55,"Hidroweb diário",62,FALSE,0.47364011960078967,"alta (>=0.3)",TRUE,0.35945813785919506,7,"jul",8,"ago",2,0.15,8,7,"theta_pi","jul"
"2349020","Itaporanga","SP",-23.7078,-49.4764,"Hidroweb diário",75,FALSE,0.29585854082349067,"media (0.20-0.3)",FALSE,0.12181967158600854,7,"jul",8,"ago",2,0.15,8,8,"ultimo_mes_seco","ago"
"2349021","Itaporanga","SP",-23.7,-49.4833,"Hidroweb diário",32,FALSE,0.30808626043593274,"alta (>=0.3)",TRUE,0.19471550121774817,7,"jul",8,"ago",4,0.15,8,7,"theta_pi","jul"
"2349022","Itaporanga","SP",-23.7,-49.4833,"Hidroweb diário",53,FALSE,0.3220438870675868,"alta (>=0.3)",TRUE,0.3970904778775006,7,"jul",8,"ago",3,0.15,7,7,"theta_pi","jul"
"2349023","Itaporanga","SP",-23.7066252,-49.4895934,"Hidroweb diário",71,FALSE,0.26292415520326035,"media (0.20-0.3)",FALSE,0.1912675701552716,7,"jul",8,"ago",2,0.15,8,8,"ultimo_mes_seco","ago"
"2349025","Ribeirão do Sul","SP",-23.8333,-49.4333,"Hidroweb diário",58,FALSE,0.3167723260698704,"alta (>=0.3)",TRUE,0.5629501099251816,8,"ago",8,"ago",2,0.15,8,8,"theta_pi","ago"
"2349026","Itaberá","SP",-23.8667,-49.1333,"Hidroweb diário",59,FALSE,0.3910931433373215,"alta (>=0.3)",TRUE,0.19853237472797977,7,"jul",8,"ago",2,0.15,8,7,"theta_pi","jul"
"2349027","Itararé","SP",-23.95,-49.3667,"Hidroweb diário",35,FALSE,0.28746732552021476,"media (0.20-0.3)",FALSE,0.4617227765121344,7,"jul",8,"ago",2,0.15,8,8,"ultimo_mes_seco","ago"
"2349041","Piraju","SP",-23.2047,-49.2333,"Hidroweb diário",39,FALSE,0.31365017450097893,"alta (>=0.3)",TRUE,0.2868816471845952,7,"jul",8,"ago",4,0.15,8,7,"theta_pi","jul"
"2349052","Ipaussu","SP",-23.05,-49.6167,"Hidroweb diário",55,FALSE,0.44051644177051724,"alta (>=0.3)",TRUE,0.6730824277406716,8,"ago",8,"ago",2,0.15,8,8,"theta_pi","ago"
"2446001","Mongaguá","SP",-24.0833,-46.6167,"Hidroweb diário",78,FALSE,0.6519710507691551,"alta (>=0.3)",TRUE,0.7064125647108679,8,"ago",8,"ago",3,0.15,8,8,"theta_pi","ago"
"2446003","Itanhaém","SP",-24.1833,-46.8,"Hidroweb diário",75,FALSE,0.7282710414499659,"alta (>=0.3)",TRUE,0.750808563943217,8,"ago",8,"ago",3,0.15,8,8,"theta_pi","ago"
"2446019","Praia Grande","SP",-24.0333,-46.55,"Hidroweb diário",42,FALSE,0.5842399110769063,"alta (>=0.3)",TRUE,0.6258472657622056,8,"ago",8,"ago",2,0.15,8,8,"theta_pi","ago"
"2447001","São Miguel Arcanjo","SP",-24,-47.95,"Hidroweb diário",65,FALSE,0.4620330273940296,"alta (>=0.3)",TRUE,0.3754244423330103,7,"jul",8,"ago",4,0.15,8,7,"theta_pi","jul"
"2447002","Tapiraí","SP",-24.05,-47.5833,"Hidroweb diário",66,FALSE,0.5127211487086863,"alta (>=0.3)",TRUE,0.4843796804296756,7,"jul",8,"ago",3,0.15,7,7,"theta_pi","jul"
"2447005","Juquiá","SP",-24.1,-47.6833,"Hidroweb diário",62,FALSE,0.6340143632998849,"alta (>=0.3)",TRUE,0.40340606709218674,7,"jul",8,"ago",4,0.15,7,7,"theta_pi","jul"
"2447007","São Miguel Arcanjo","SP",-24.05,-47.9997,"Hidroweb diário",64,FALSE,0.4298609166812065,"alta (>=0.3)",TRUE,0.34847726902319803,7,"jul",8,"ago",3,0.15,8,7,"theta_pi","jul"
"2447008","Miracatu","SP",-24.15,-47.2833,"Hidroweb diário",42,FALSE,0.536569696600122,"alta (>=0.3)",TRUE,0.5783151702397161,8,"ago",8,"ago",3,0.15,7,8,"theta_pi","ago"
"2447009","Juquiá","SP",-24.1667,-47.65,"Hidroweb diário",81,FALSE,0.6559038700303109,"alta (>=0.3)",TRUE,0.4845522562568674,7,"jul",8,"ago",4,0.15,8,7,"theta_pi","jul"
"2447010","Itariri","SP",-24.2667,-47.1667,"Hidroweb diário",66,FALSE,0.585465720432421,"alta (>=0.3)",TRUE,0.7783134172614717,8,"ago",8,"ago",3,0.15,8,8,"theta_pi","ago"
"2447011","Miracatu","SP",-24.2667,-47.4,"Hidroweb diário",42,FALSE,0.635865144485394,"alta (>=0.3)",TRUE,0.6182777766102934,8,"ago",8,"ago",4,0.15,8,8,"theta_pi","ago"
"2447012","Sete Barras","SP",-24.2833,-47.95,"Hidroweb diário",56,FALSE,0.7085570245059881,"alta (>=0.3)",TRUE,0.5932273042454331,8,"ago",8,"ago",4,0.15,8,8,"theta_pi","ago"
"2447013","Pedro de Toledo","SP",-24.2833,-47.2333,"Hidroweb diário",68,FALSE,0.5663028674304686,"alta (>=0.3)",TRUE,0.7299443285931873,8,"ago",8,"ago",3,0.15,8,8,"theta_pi","ago"
"2447014","Itariri","SP",-24.3,-47.0667,"Hidroweb diário",45,FALSE,0.651927030515791,"alta (>=0.3)",TRUE,0.7630066832899017,8,"ago",8,"ago",3,0.15,7,8,"theta_pi","ago"
"2447016","Itariri","SP",-24.3333,-47.2,"Hidroweb diário",68,FALSE,0.7793377348763569,"alta (>=0.3)",TRUE,0.7527693515881568,8,"ago",8,"ago",3,0.15,7,8,"theta_pi","ago"
"2447018","Juquiá","SP",-24.35,-47.7167,"Hidroweb diário",62,FALSE,0.5713577802060491,"alta (>=0.3)",TRUE,0.6168687759675644,8,"ago",8,"ago",3,0.15,8,8,"theta_pi","ago"
"2447019","Juquiá","SP",-24.3667,-47.55,"Hidroweb diário",36,FALSE,0.4440056577621516,"alta (>=0.3)",TRUE,0.7121692497408025,8,"ago",8,"ago",4,0.15,7,8,"theta_pi","ago"
"2447020","Sete Barras","SP",-24.3833,-47.9333,"Hidroweb diário",55,FALSE,0.6252083485110598,"alta (>=0.3)",TRUE,0.581099333044065,8,"ago",8,"ago",4,0.15,8,8,"theta_pi","ago"
"2447021","Registro","SP",-24.4,-47.75,"Hidroweb diário",40,FALSE,0.7161178905640828,"alta (>=0.3)",TRUE,0.5672054177678566,8,"ago",8,"ago",4,0.15,8,8,"theta_pi","ago"
"2447024","Iguape","SP",-24.4833,-47.25,"Hidroweb diário",41,FALSE,0.5246655507634845,"alta (>=0.3)",TRUE,0.849844138006905,8,"ago",8,"ago",3,0.15,8,8,"theta_pi","ago"
"2447026","Registro","SP",-24.5,-47.85,"Hidroweb diário",73,FALSE,0.5355762215419817,"alta (>=0.3)",TRUE,0.5812232434763812,8,"ago",8,"ago",4,0.15,8,8,"theta_pi","ago"
"2447027","Registro","SP",-24.5,-47.7333,"Hidroweb diário",46,FALSE,0.5960742664918809,"alta (>=0.3)",TRUE,0.6434128038592204,8,"ago",8,"ago",4,0.15,8,8,"theta_pi","ago"
"2447028","Iguape","SP",-24.5333,-47.5333,"Hidroweb diário",54,FALSE,0.48027756966114593,"alta (>=0.3)",TRUE,0.6287468387557839,8,"ago",8,"ago",4,0.15,8,8,"theta_pi","ago"
"2447030","Pariquera-açu","SP",-24.6,-47.8833,"Hidroweb diário",81,FALSE,0.5988624287576854,"alta (>=0.3)",TRUE,0.6712326621241063,8,"ago",8,"ago",3,0.15,8,8,"theta_pi","ago"
"2447031","Pariquera-açu","SP",-24.6167,-47.8333,"Hidroweb diário",40,FALSE,0.5267622612890253,"alta (>=0.3)",TRUE,0.6614683431541069,8,"ago",8,"ago",4,0.15,8,8,"theta_pi","ago"
"2447032","Iguape","SP",-24.8167,-47.7333,"Hidroweb diário",48,FALSE,0.4921116109132803,"alta (>=0.3)",TRUE,0.8571275352930237,8,"ago",8,"ago",2,0.15,8,8,"theta_pi","ago"
"2447033","Iguape","SP",-24.7,-47.6667,"Hidroweb diário",34,FALSE,0.608204534075861,"alta (>=0.3)",TRUE,0.9356971346777908,8,"ago",8,"ago",2,0.15,8,8,"theta_pi","ago"
"2447034","Jacupiranga","SP",-24.7167,-48.0167,"Hidroweb diário",74,FALSE,0.4737414027095256,"alta (>=0.3)",TRUE,0.7454856296664294,8,"ago",8,"ago",4,0.15,8,8,"theta_pi","ago"
"2447036","Pariquera-açu","SP",-24.7167,-47.8833,"Hidroweb diário",74,FALSE,0.5546619046598414,"alta (>=0.3)",TRUE,0.6706974802100896,8,"ago",8,"ago",4,0.15,8,8,"theta_pi","ago"
"2447037","Iguape","SP",-24.7,-47.5667,"Hidroweb diário",74,FALSE,0.4949294044892781,"alta (>=0.3)",TRUE,0.7970625005609536,8,"ago",8,"ago",2,0.15,8,8,"theta_pi","ago"
"2447038","Jacupiranga","SP",-24.8,-47.9667,"Hidroweb diário",43,FALSE,0.45424661509583353,"alta (>=0.3)",TRUE,0.6412921573454601,8,"ago",8,"ago",4,0.15,8,8,"theta_pi","ago"
"2447039","Ilha Comprida","SP",-24.9,-47.8,"Hidroweb diário",39,FALSE,0.6343815150185658,"alta (>=0.3)",TRUE,0.9201969504017522,8,"ago",8,"ago",2,0.15,8,8,"theta_pi","ago"
"2447040","Cananéia","SP",-24.9333,-47.95,"Hidroweb diário",64,FALSE,0.6949416259487403,"alta (>=0.3)",TRUE,0.8209702157778268,8,"ago",8,"ago",3,0.15,8,8,"theta_pi","ago"
"2447042","Juquiá","SP",-24.2064,-47.6133,"Hidroweb diário",71,FALSE,0.43893326363645,"alta (>=0.3)",TRUE,0.4969189354256494,7,"jul",8,"ago",4,0.15,7,7,"theta_pi","jul"
"2447043","Miracatu","SP",-24.2483,-47.3733,"Hidroweb diário",84,FALSE,0.5959762602223319,"alta (>=0.3)",TRUE,0.6930505330047401,8,"ago",8,"ago",3,0.15,8,8,"theta_pi","ago"
"2447044","Miracatu","SP",-24.2711,-47.4642,"Hidroweb diário",73,FALSE,0.6123294908417093,"alta (>=0.3)",TRUE,0.72170935872939,8,"ago",8,"ago",3,0.15,8,8,"theta_pi","ago"
"2447045","Itariri","SP",-24.2886,-47.1781,"Hidroweb diário",87,FALSE,0.577377863519151,"alta (>=0.3)",TRUE,0.7304172470884387,8,"ago",8,"ago",3,0.15,8,8,"theta_pi","ago"
"2447046","Juquiá","SP",-24.3211,-47.6247,"Hidroweb diário",78,FALSE,0.6075182136983722,"alta (>=0.3)",TRUE,0.6078257462050394,8,"ago",8,"ago",4,0.15,8,8,"theta_pi","ago"
"2447048","Iguape","SP",-24.7,-47.5333,"Hidroweb diário",82,FALSE,0.647757357854008,"alta (>=0.3)",TRUE,0.7555714749482836,8,"ago",8,"ago",3,0.15,7,8,"theta_pi","ago"
"2447058","Peruibe","SP",-24.3167,-47,"Hidroweb diário",57,FALSE,0.6457289515978318,"alta (>=0.3)",TRUE,0.792184383603127,8,"ago",8,"ago",2,0.15,8,8,"theta_pi","ago"
"2447074","Cananéia","SP",-24.7917,-47.8906,"Hidroweb diário",43,FALSE,0.4760751674054316,"alta (>=0.3)",TRUE,0.6669625465385836,8,"ago",8,"ago",2,0.15,8,8,"theta_pi","ago"
"2447075","Miracatu","SP",-24.2,-47.4886,"Hidroweb diário",42,FALSE,0.722083796856047,"alta (>=0.3)",TRUE,0.7059432237548138,8,"ago",9,"set",5,0.15,8,8,"theta_pi","ago"
"2447078","Cananéia","SP",-24.9667,-47.95,"Hidroweb diário",43,FALSE,0.7660291661942321,"alta (>=0.3)",TRUE,0.7874915546690651,8,"ago",8,"ago",3,0.15,8,8,"theta_pi","ago"
"2448002","Capão Bonito","SP",-24.0167,-48.2667,"Hidroweb diário",40,FALSE,0.456539796413132,"alta (>=0.3)",TRUE,0.3607026972763457,7,"jul",8,"ago",4,0.15,8,7,"theta_pi","jul"
"2448003","Itapeva","SP",-24.0167,-48.7167,"Hidroweb diário",60,FALSE,0.4769995403585127,"alta (>=0.3)",TRUE,0.40126882469398323,7,"jul",8,"ago",5,0.15,8,7,"theta_pi","jul"
"2448004","Itapeva","SP",-24.1333,-48.9667,"Hidroweb diário",63,FALSE,0.22394943571247314,"media (0.20-0.3)",FALSE,0.07841586379976322,7,"jul",8,"ago",3,0.15,8,8,"ultimo_mes_seco","ago"
"2448006","Capão Bonito","SP",-24.1667,-48.3333,"Hidroweb diário",47,FALSE,0.4145319357519938,"alta (>=0.3)",TRUE,0.26763007938001565,7,"jul",8,"ago",3,0.15,8,7,"theta_pi","jul"
"2448007","Guapiara","SP",-24.1833,-48.5,"Hidroweb diário",58,FALSE,0.2593209627869419,"media (0.20-0.3)",FALSE,0.6329398400495134,8,"ago",8,"ago",5,0.15,8,8,"ultimo_mes_seco","ago"
"2448008","Ribeirão Branco","SP",-24.2167,-48.7667,"Hidroweb diário",55,FALSE,0.28269647578611645,"media (0.20-0.3)",FALSE,6.195550509944847,6,"jun",8,"ago",3,0.15,8,8,"ultimo_mes_seco","ago"
"2448009","Ribeirão Branco","SP",-24.2667,-48.9,"Hidroweb diário",49,FALSE,0.29308124053168644,"media (0.20-0.3)",FALSE,6.2105283601139485,6,"jun",8,"ago",3,0.15,8,8,"ultimo_mes_seco","ago"
"2448010","Apiaí","SP",-24.4167,-48.65,"Hidroweb diário",31,FALSE,0.34140443727148617,"alta (>=0.3)",TRUE,0.44125186757510326,7,"jul",8,"ago",4,0.15,7,7,"theta_pi","jul"
"2448011","Apiaí","SP",-24.4333,-48.85,"Hidroweb diário",49,FALSE,0.24193396675976517,"media (0.20-0.3)",FALSE,0.22951153117206613,7,"jul",8,"ago",4,0.15,7,8,"ultimo_mes_seco","ago"
"2448013","Apiaí","SP",-24.5167,-48.85,"Hidroweb diário",62,FALSE,0.27445164544584155,"media (0.20-0.3)",FALSE,0.12533399959239575,7,"jul",8,"ago",5,0.15,8,8,"ultimo_mes_seco","ago"
"2448014","Eldorado","SP",-24.5167,-48.1,"Hidroweb diário",64,FALSE,0.6308256046518104,"alta (>=0.3)",TRUE,0.5432045625409249,8,"ago",8,"ago",4,0.15,8,8,"theta_pi","ago"
"2448015","Iporanga","SP",-24.55,-48.4333,"Hidroweb diário",49,FALSE,0.387223357617561,"alta (>=0.3)",TRUE,0.4250324419475534,7,"jul",8,"ago",4,0.15,8,7,"theta_pi","jul"
"2448016","Ribeira","SP",-24.5667,-48.95,"Hidroweb diário",46,FALSE,0.1849184850190172,"baixa (<0.20)",FALSE,0.3454103985174666,7,"jul",8,"ago",3,0.15,8,8,"ultimo_mes_seco","ago"
"2448017","Iporanga","SP",-24.5856,-48.5947,"Hidroweb diário",79,FALSE,0.38364792345602655,"alta (>=0.3)",TRUE,0.48421720915494904,7,"jul",9,"set",6,0.15,8,7,"theta_pi","jul"
"2448018","Eldorado","SP",-24.6,-48.2167,"Hidroweb diário",73,FALSE,0.5529001967824759,"alta (>=0.3)",TRUE,0.46449601341484387,7,"jul",8,"ago",4,0.15,8,7,"theta_pi","jul"
"2448019","Eldorado","SP",-24.6,-48.3,"Hidroweb diário",38,FALSE,0.5072881626858169,"alta (>=0.3)",TRUE,0.7570216704738005,8,"ago",8,"ago",4,0.15,8,8,"theta_pi","ago"
"2448020","Eldorado","SP",-24.6333,-48.2833,"Hidroweb diário",37,FALSE,0.42991079913352737,"alta (>=0.3)",TRUE,0.6188312331814463,8,"ago",8,"ago",4,0.15,8,8,"theta_pi","ago"
"2448021","Iporanga","SP",-24.65,-48.65,"Hidroweb diário",32,FALSE,0.3165785951296712,"alta (>=0.3)",TRUE,0.3538153914063994,7,"jul",8,"ago",5,0.15,8,7,"theta_pi","jul"
"2448022","Itaóca","SP",-24.65,-48.8333,"Hidroweb diário",38,FALSE,0.20693860909186373,"media (0.20-0.3)",FALSE,0.1350449088924424,7,"jul",8,"ago",5,0.15,8,8,"ultimo_mes_seco","ago"
"2448023","Jacupiranga","SP",-24.6833,-48,"Hidroweb diário",31,FALSE,0.49181155198408655,"alta (>=0.3)",TRUE,0.5150673963260874,7,"jul",8,"ago",4,0.15,7,7,"theta_pi","jul"
"2448024","Cajati","SP",-24.7167,-48.1167,"Hidroweb diário",67,FALSE,0.5249344363883696,"alta (>=0.3)",TRUE,0.6423339238277812,8,"ago",8,"ago",4,0.15,8,8,"theta_pi","ago"
"2448025","Eldorado","SP",-24.7167,-48.3333,"Hidroweb diário",45,FALSE,0.4540204670420612,"alta (>=0.3)",TRUE,0.39834932738174694,7,"jul",8,"ago",4,0.15,8,7,"theta_pi","jul"
"2448026","Barra do Turvo","SP",-24.75,-48.5,"Hidroweb diário",54,FALSE,0.43227705504396036,"alta (>=0.3)",TRUE,0.33497848326384666,7,"jul",8,"ago",5,0.15,8,7,"theta_pi","jul"
"2448027","Cajati","SP",-24.7833,-48.1833,"Hidroweb diário",39,FALSE,0.5337638524959956,"alta (>=0.3)",TRUE,0.7612889165340428,8,"ago",8,"ago",4,0.15,8,8,"theta_pi","ago"
"2448028","Jacupiranga","SP",-24.8833,-48.1,"Hidroweb diário",37,FALSE,0.5978905787374816,"alta (>=0.3)",TRUE,0.7007948987940891,8,"ago",8,"ago",3,0.15,8,8,"theta_pi","ago"
"2448030","Barra do Turvo","SP",-24.9667,-48.3333,"Hidroweb diário",35,FALSE,0.4225856425316051,"alta (>=0.3)",TRUE,0.650979233667916,8,"ago",8,"ago",4,0.15,8,8,"theta_pi","ago"
"2448036","Barra do Turvo","SP",-24.75,-48.4831,"Hidroweb diário",47,FALSE,0.39813113202768563,"alta (>=0.3)",TRUE,0.23039172004394337,7,"jul",8,"ago",5,0.15,8,7,"theta_pi","jul"
"2448046","Iporanga","SP",-24.4333,-48.5833,"Hidroweb diário",44,FALSE,0.292190089404731,"media (0.20-0.3)",FALSE,0.32385896367176853,7,"jul",6,"jun",2,0.15,8,6,"ultimo_mes_seco","jun"
"2448047","Ribeira","SP",-24.65,-48.9997,"Hidroweb diário",60,FALSE,0.2857832195969507,"media (0.20-0.3)",FALSE,0.36482390393196934,7,"jul",8,"ago",2,0.15,8,8,"ultimo_mes_seco","ago"
"2448053","Guapiara","SP",-24.2167,-48.45,"Hidroweb diário",37,FALSE,0.34205122763141765,"alta (>=0.3)",TRUE,0.20705733882137722,7,"jul",8,"ago",2,0.15,8,7,"theta_pi","jul"
"2448056","Eldorado","SP",-24.3833,-48.1,"Hidroweb diário",32,FALSE,0.514874157919021,"alta (>=0.3)",TRUE,0.5604692813980454,8,"ago",8,"ago",4,0.15,8,8,"theta_pi","ago"
"2448057","Iporanga","SP",-24.55,-48.6833,"Hidroweb diário",53,FALSE,0.3815162751909651,"alta (>=0.3)",TRUE,0.3523846422799754,7,"jul",8,"ago",5,0.15,8,7,"theta_pi","jul"
"2448060","Iporanga","SP",-24.585,-48.5933,"Hidroweb diário",42,FALSE,0.25439712627763716,"media (0.20-0.3)",FALSE,0.2946422231912489,7,"jul",8,"ago",5,0.15,8,8,"ultimo_mes_seco","ago"
"2448067","Iporanga","SP",-24.2669,-48.4114,"Hidroweb diário",32,FALSE,0.32382010852975773,"alta (>=0.3)",TRUE,0.21464344209762143,7,"jul",8,"ago",4,0.15,8,7,"theta_pi","jul"
"2449001","Itaberá","SP",-24.05,-49.1,"Hidroweb diário",79,FALSE,0.34617787528843147,"alta (>=0.3)",TRUE,6.191979257757603,6,"jun",8,"ago",3,0.15,8,6,"theta_pi","jun"
"2449002","Itararé","SP",-24.1167,-49.3333,"Hidroweb diário",43,FALSE,0.20817600261342997,"media (0.20-0.3)",FALSE,0.2187355800775896,7,"jul",8,"ago",4,0.15,7,8,"ultimo_mes_seco","ago"
"2449005","Itararé","SP",-24.1,-49.3333,"Hidroweb diário",41,FALSE,0.4498971320753305,"alta (>=0.3)",TRUE,0.2983387765954378,7,"jul",8,"ago",4,0.15,8,7,"theta_pi","jul"
"2449015","Barra do Chapéu","SP",-24.4667,-49.0167,"Hidroweb diário",31,FALSE,0.23133537769435636,"media (0.20-0.3)",FALSE,0.37963292875375554,7,"jul",8,"ago",5,0.15,7,8,"ultimo_mes_seco","ago"
"2449016","Itapirapuã Paulista","SP",-24.5667,-49.1667,"Hidroweb diário",46,FALSE,0.2264645200907483,"media (0.20-0.3)",FALSE,0.3262586305644607,7,"jul",8,"ago",5,0.15,8,8,"ultimo_mes_seco","ago"
"2449057","Ribeira","SP",-24.6167,-49.05,"Hidroweb diário",45,FALSE,0.1362658113553657,"baixa (<0.20)",FALSE,0.4191798201044447,7,"jul",8,"ago",4,0.15,8,8,"ultimo_mes_seco","ago"
"2547001","Cananéia","SP",-25.1,-47.9167,"Hidroweb diário",38,FALSE,0.5869125065362686,"alta (>=0.3)",TRUE,0.8138354517458275,8,"ago",8,"ago",3,0.15,8,8,"theta_pi","ago"
"2547007","Cananéia","SP",-25.0167,-47.9333,"Hidroweb diário",57,FALSE,0.6235210079353763,"alta (>=0.3)",TRUE,0.7963066120676986,8,"ago",8,"ago",3,0.15,8,8,"theta_pi","ago"
"2548011","Cananéia","SP",-25.2167,-48.0333,"Hidroweb diário",57,FALSE,0.6711414824446243,"alta (>=0.3)",TRUE,0.7968752709206649,8,"ago",8,"ago",3,0.15,8,8,"theta_pi","ago"
"2548069","Barra do Turvo","SP",-25.0608,-48.5583,"Hidroweb diário",54,FALSE,0.37401943925643166,"alta (>=0.3)",TRUE,0.6873409317166774,8,"ago",8,"ago",2,0.15,8,8,"theta_pi","ago"
"83075","Guarulhos","SP",-23.470981,-46.533559,"INMET diário",31,FALSE,0.5793358859930599,"alta (>=0.3)",TRUE,0.3980849870308681,7,"jul",8,"ago",4,0.15,8,7,"theta_pi","jul"
"83623","Votuporanga","SP",-20.44,-49.98,"INMET diário",41,FALSE,0.6950259278753397,"alta (>=0.3)",TRUE,0.3305762921300803,7,"jul",8,"ago",3,0.15,7,7,"theta_pi","jul"
"83630","Franca","SP",-20.58444444,-47.38249999,"INMET diário",62,FALSE,0.578326600819863,"alta (>=0.3)",TRUE,0.1841798763426673,7,"jul",8,"ago",4,0.15,7,7,"theta_pi","jul"
"83667","Sertãozinho","SP",-21.13,-47.98,"INMET diário",42,FALSE,0.7061519933755895,"alta (>=0.3)",TRUE,0.17902795097604327,7,"jul",9,"set",5,0.15,7,7,"theta_pi","jul"
"83669","Sao Simao","SP",-21.46,-47.58,"INMET diário",56,FALSE,0.7361959564572962,"alta (>=0.3)",TRUE,0.31271942269207054,7,"jul",8,"ago",3,0.15,7,7,"theta_pi","jul"
"83676","Catanduva","SP",-21.12,-48.95,"INMET diário",55,FALSE,0.5773281721987966,"alta (>=0.3)",TRUE,0.2780922545145979,7,"jul",8,"ago",4,0.15,7,7,"theta_pi","jul"
"83714","Campos do Jordao","SP",-22.75,-45.6,"INMET diário",49,FALSE,0.57646315285426,"alta (>=0.3)",TRUE,0.2116456151430041,7,"jul",8,"ago",3,0.15,8,7,"theta_pi","jul"
"83716","Presidente Prudente","SP",-22.119874,-51.408624,"INMET diário",63,FALSE,0.5022147781924543,"alta (>=0.3)",TRUE,0.1839579052374074,7,"jul",8,"ago",3,0.15,8,7,"theta_pi","jul"
"83726","Sao Carlos","SP",-21.98,-47.88,"INMET diário",52,FALSE,0.5889539158732618,"alta (>=0.3)",TRUE,0.35796829494170707,7,"jul",8,"ago",3,0.15,7,7,"theta_pi","jul"
"83773","Avaré","SP",-23.083579,-48.911718,"INMET diário",34,FALSE,0.47332915994497093,"alta (>=0.3)",TRUE,0.5487007542605099,8,"ago",8,"ago",3,0.15,8,8,"theta_pi","ago"
"83781","Sao Paulo(mir,de Santana)","SP",-23.49638888,-46.61999999,"INMET diário",63,FALSE,0.6640763590124761,"alta (>=0.3)",TRUE,0.5913078060040355,8,"ago",8,"ago",4,0.15,8,8,"theta_pi","ago"
"83782","Santos","SP",-23.93,-46.33,"INMET diário",72,FALSE,0.6174084767267993,"alta (>=0.3)",TRUE,0.8201512711437345,8,"ago",8,"ago",2,0.15,8,8,"theta_pi","ago"
"83784","Taubaté","SP",-23.0388889,-45.5158333,"INMET diário",54,FALSE,0.680250554268607,"alta (>=0.3)",TRUE,0.3040180287411888,7,"jul",9,"set",6,0.15,1,7,"theta_pi","jul"
"83786","Ubatuba","SP",-23.416697,-45.114373,"INMET diário",62,FALSE,0.4882554946319339,"alta (>=0.3)",TRUE,0.49184057383023555,7,"jul",8,"ago",3,0.15,7,7,"theta_pi","jul"
"83821","Iguape","SP",-24.67166666,-47.54583333,"INMET diário",35,FALSE,0.4349433421267554,"alta (>=0.3)",TRUE,0.8230297521548664,8,"ago",8,"ago",3,0.15,8,8,"theta_pi","ago"
"83851","Sorocaba","SP",-23.48,-47.43,"INMET diário",40,FALSE,0.5661278100608784,"alta (>=0.3)",TRUE,0.4074979041722045,7,"jul",8,"ago",4,0.15,8,7,"theta_pi","jul"
"1047000","Novo Acordo","TO",-9.9906,-47.4786,"Hidroweb diário",51,FALSE,0.5660763554894501,"alta (>=0.3)",TRUE,0.42198513571380025,7,"jul",9,"set",5,0.15,6,7,"theta_pi","jul"
"1047001","Novo Acordo","TO",-9.9606,-47.6747,"Hidroweb diário",50,FALSE,0.5473328091643965,"alta (>=0.3)",TRUE,0.5290805442207004,8,"ago",9,"set",5,0.15,6,8,"theta_pi","ago"
"1047002","Monte do Carmo","TO",-10.7553,-47.7647,"Hidroweb diário",52,FALSE,0.6035805357898074,"alta (>=0.3)",TRUE,0.2773567311494156,7,"jul",9,"set",5,0.15,6,7,"theta_pi","jul"
"1047004","Ponte Alta do Tocantins","TO",-10.7508,-47.5361,"Hidroweb diário",41,FALSE,0.631251330196328,"alta (>=0.3)",TRUE,0.27619599583843707,7,"jul",9,"set",5,0.15,6,7,"theta_pi","jul"
"1048000","Fátima","TO",-10.7636,-48.9022,"Hidroweb diário",51,FALSE,0.5954167637155025,"alta (>=0.3)",TRUE,0.053607458912305436,7,"jul",9,"set",5,0.15,6,7,"theta_pi","jul"
"1048001","Paraíso do Tocantins","TO",-10.1653,-48.8906,"Hidroweb diário",54,FALSE,0.609614216932178,"alta (>=0.3)",TRUE,0.2659644615014591,7,"jul",9,"set",5,0.15,6,7,"theta_pi","jul"
"1048005","Palmas","TO",-10.3133,-48.1625,"Hidroweb diário",46,FALSE,0.5971325367569765,"alta (>=0.3)",TRUE,0.3028277475541171,7,"jul",9,"set",5,0.15,6,7,"theta_pi","jul"
"1049001","Pium","TO",-10.4411,-49.1792,"Hidroweb diário",40,FALSE,0.685543203494574,"alta (>=0.3)",TRUE,0.1867903957233987,7,"jul",9,"set",4,0.15,6,7,"theta_pi","jul"
"1050002","Fortaleza do Tabocão","TO",-9.0565211,-48.5216745,"Hidroweb diário",39,FALSE,0.5621185341014289,"alta (>=0.3)",TRUE,0.2526055731622716,7,"jul",9,"set",4,0.15,6,7,"theta_pi","jul"
"1146000","Dianópolis","TO",-11.6253,-46.8106,"Hidroweb diário",50,FALSE,0.5685077399422372,"alta (>=0.3)",TRUE,0.28401250548781076,7,"jul",9,"set",5,0.15,6,7,"theta_pi","jul"
"1147000","Almas","TO",-11.5789,-47.1739,"Hidroweb diário",51,FALSE,0.5465401601551184,"alta (>=0.3)",TRUE,0.26383382804343436,7,"jul",9,"set",5,0.15,6,7,"theta_pi","jul"
"1147001","Natividade","TO",-11.6969,-47.7283,"Hidroweb diário",48,FALSE,0.5890953907680104,"alta (>=0.3)",TRUE,0.2126718919639705,7,"jul",9,"set",5,0.15,6,7,"theta_pi","jul"
"1147002","Pindorama do Tocantins","TO",-11.1403,-47.5767,"Hidroweb diário",53,FALSE,0.5955683607841574,"alta (>=0.3)",TRUE,0.2650584412990169,7,"jul",9,"set",5,0.15,6,7,"theta_pi","jul"
"1147003","Porto Alegre do Tocantins","TO",-11.61,-47.045,"Hidroweb diário",46,FALSE,0.640094856523879,"alta (>=0.3)",TRUE,0.2999523433951845,7,"jul",9,"set",5,0.15,6,7,"theta_pi","jul"
"1148000","São Valério da Natividade","TO",-11.5314,-48.2947,"Hidroweb diário",55,FALSE,0.5624552180426565,"alta (>=0.3)",TRUE,0.2071752793223823,7,"jul",9,"set",5,0.15,6,7,"theta_pi","jul"
"1149000","Dueré","TO",-11.3389,-49.2653,"Hidroweb diário",51,FALSE,0.5507685426871032,"alta (>=0.3)",TRUE,0.124050829126687,7,"jul",9,"set",5,0.15,6,7,"theta_pi","jul"
"1149001","Formoso do Araguaia","TO",-11.7972,-49.525,"Hidroweb diário",43,FALSE,0.629222548076255,"alta (>=0.3)",TRUE,0.11034545878812287,7,"jul",9,"set",5,0.15,6,7,"theta_pi","jul"
"1149002","Gurupi","TO",-11.7372,-49.1361,"Hidroweb diário",50,FALSE,0.636819023374376,"alta (>=0.3)",TRUE,0.26670448451368794,7,"jul",9,"set",5,0.15,6,7,"theta_pi","jul"
"1246000","Ponte Alta do Bom Jesus","TO",-12.0908,-46.4794,"Hidroweb diário",50,FALSE,0.6459206171413479,"alta (>=0.3)",TRUE,0.3921052954678593,7,"jul",9,"set",5,0.15,6,7,"theta_pi","jul"
"1246001","Aurora do Tocantins","TO",-12.7139,-46.4086,"Hidroweb diário",50,FALSE,0.7085360836671655,"alta (>=0.3)",TRUE,0.17346016432149666,7,"jul",9,"set",5,0.15,6,7,"theta_pi","jul"
"1247000","Conceição do Tocantins","TO",-12.2325,-47.3244,"Hidroweb diário",51,FALSE,0.585625867897691,"alta (>=0.3)",TRUE,0.18409833560309535,7,"jul",9,"set",5,0.15,6,7,"theta_pi","jul"
"1247002","Conceição do Tocantins","TO",-12.4156,-47.1997,"Hidroweb diário",48,FALSE,0.6682334682315876,"alta (>=0.3)",TRUE,0.1776697686219095,7,"jul",9,"set",5,0.15,6,7,"theta_pi","jul"
"1247005","Fátima","TO",-12.585,-47.4867,"Hidroweb diário",36,FALSE,0.6158439016915384,"alta (>=0.3)",TRUE,0.2689708881580645,7,"jul",9,"set",5,0.15,6,7,"theta_pi","jul"
"1248001","Peixe","TO",-12.3875,-48.7108,"Hidroweb diário",48,FALSE,0.6748242324753814,"alta (>=0.3)",TRUE,0.07252018970339591,7,"jul",9,"set",5,0.15,6,7,"theta_pi","jul"
"1248003","Palmeirópolis","TO",-13.0419,-48.4069,"Hidroweb diário",45,FALSE,0.6334480689516933,"alta (>=0.3)",TRUE,0.08638700570884673,7,"jul",9,"set",5,0.15,6,7,"theta_pi","jul"
"1249000","Alvorada","TO",-12.4836,-49.1244,"Hidroweb diário",52,FALSE,0.5664835554946349,"alta (>=0.3)",TRUE,0.1724831829772868,7,"jul",9,"set",5,0.15,6,7,"theta_pi","jul"
"1249001","Araguaçu","TO",-12.9311,-49.8294,"Hidroweb diário",51,FALSE,0.6293120613114321,"alta (>=0.3)",TRUE,0.1870538642575315,7,"jul",9,"set",5,0.15,6,7,"theta_pi","jul"
"1249002","Formoso do Araguaia","TO",-11.8394,-49.7717,"Hidroweb diário",39,FALSE,0.6180245026085461,"alta (>=0.3)",TRUE,0.23978069033221244,7,"jul",9,"set",5,0.15,6,7,"theta_pi","jul"
"1249003","Sandolândia","TO",-12.0986,-49.9475,"Hidroweb diário",36,FALSE,0.627230927111697,"alta (>=0.3)",TRUE,0.34740904778939663,7,"jul",9,"set",5,0.15,6,7,"theta_pi","jul"
"1249004","Sandolândia","TO",-12.4181,-49.59,"Hidroweb diário",36,FALSE,0.69277326478241,"alta (>=0.3)",TRUE,0.1576996636062278,7,"jul",9,"set",5,0.15,6,7,"theta_pi","jul"
"548000","Araguatins","TO",-5.6483,-48.125,"Hidroweb diário",48,FALSE,0.6352642097303718,"alta (>=0.3)",TRUE,0.8369376455606146,8,"ago",9,"set",4,0.15,8,8,"theta_pi","ago"
"548001","São Sebastião do Tocantins","TO",-5.2597,-48.2069,"Hidroweb diário",40,FALSE,0.6824166440139005,"alta (>=0.3)",TRUE,0.5281811098258067,8,"ago",9,"set",4,0.15,7,8,"theta_pi","ago"
"647000","Tocantinópolis","TO",-6.2886,-47.3919,"Hidroweb diário",52,FALSE,0.6522452282332374,"alta (>=0.3)",TRUE,0.6515891968201735,8,"ago",9,"set",4,0.15,7,8,"theta_pi","ago"
"647001","Wanderlândia","TO",-6.8392,-47.9706,"Hidroweb diário",49,FALSE,0.6199856897341819,"alta (>=0.3)",TRUE,0.5304132932251182,8,"ago",8,"ago",3,0.15,7,8,"theta_pi","ago"
"648000","Xambioá","TO",-6.4131,-48.5333,"Hidroweb diário",53,FALSE,0.5706521079730236,"alta (>=0.3)",TRUE,0.6307284877013769,8,"ago",9,"set",4,0.15,8,8,"theta_pi","ago"
"648001","Ananás","TO",-6.3639,-48.0725,"Hidroweb diário",48,FALSE,0.7205903838414246,"alta (>=0.3)",TRUE,0.8513522969888455,8,"ago",9,"set",4,0.15,7,8,"theta_pi","ago"
"648002","Araguanã","TO",-6.6722,-48.4703,"Hidroweb diário",45,FALSE,0.6146025980551546,"alta (>=0.3)",TRUE,0.8240344528543908,8,"ago",9,"set",4,0.15,7,8,"theta_pi","ago"
"649003","Santa Fé do Araguaia","TO",-6.8692,-49.0986,"Hidroweb diário",38,FALSE,0.494457606154959,"alta (>=0.3)",TRUE,0.2686380679059004,7,"jul",8,"ago",3,0.15,7,7,"theta_pi","jul"
"747001","Goiatins","TO",-7.7147,-47.315,"Hidroweb diário",54,FALSE,0.6572210552426572,"alta (>=0.3)",TRUE,0.5046854722714562,7,"jul",9,"set",5,0.15,6,7,"theta_pi","jul"
"747009","Palmeirante","TO",-7.8594,-47.9289,"Hidroweb diário",39,FALSE,0.7141198702200711,"alta (>=0.3)",TRUE,0.5106111647007675,7,"jul",9,"set",4,0.15,7,7,"theta_pi","jul"
"748001","Bernardo Sayão","TO",-7.8778,-48.8786,"Hidroweb diário",52,FALSE,0.53242468908503,"alta (>=0.3)",TRUE,0.33275496855027803,7,"jul",8,"ago",3,0.15,7,7,"theta_pi","jul"
"748002","Nova Olinda","TO",-7.5606,-48.4228,"Hidroweb diário",50,FALSE,0.5463102744127177,"alta (>=0.3)",TRUE,0.49495627998714065,7,"jul",8,"ago",3,0.15,7,7,"theta_pi","jul"
"748003","Muricilândia","TO",-7.1544,-48.6031,"Hidroweb diário",48,FALSE,0.5012731622663534,"alta (>=0.3)",TRUE,0.5415666262243951,8,"ago",8,"ago",3,0.15,7,8,"theta_pi","ago"
"749000","Arapoema","TO",-7.6553,-49.065,"Hidroweb diário",49,FALSE,0.5128570051249314,"alta (>=0.3)",TRUE,0.4686042941710063,7,"jul",8,"ago",3,0.15,7,7,"theta_pi","jul"
"749001","Araguaína","TO",-7.3231,-49.2242,"Hidroweb diário",41,FALSE,0.5513798705023181,"alta (>=0.3)",TRUE,0.4648676135212963,7,"jul",8,"ago",3,0.15,7,7,"theta_pi","jul"
"82659","Araguaina","TO",-7.10388888,-48.20138888,"INMET diário",42,FALSE,0.6173037509607953,"alta (>=0.3)",TRUE,0.40370920675150535,7,"jul",9,"set",4,0.15,7,7,"theta_pi","jul"
"82863","Pedro Afonso","TO",-8.9686111,-48.17722221,"INMET diário",59,FALSE,0.5869418715517576,"alta (>=0.3)",TRUE,0.17291297628011437,7,"jul",9,"set",5,0.15,6,7,"theta_pi","jul"
"83033","Palmas","TO",-10.14777777,-48.31444444,"INMET diário",75,FALSE,0.6302353078407906,"alta (>=0.3)",TRUE,0.2842470739204265,7,"jul",9,"set",5,0.15,6,7,"theta_pi","jul"
"83064","Porto Nacional","TO",-10.71083333,-48.40638888,"INMET diário",61,FALSE,0.565333546226901,"alta (>=0.3)",TRUE,0.4952843054650066,7,"jul",9,"set",5,0.15,6,7,"theta_pi","jul"
"83228","Peixe","TO",-12.01527777,-48.54499999,"INMET diário",48,FALSE,0.5747031866530384,"alta (>=0.3)",TRUE,0.4219449892911807,7,"jul",9,"set",5,0.15,6,7,"theta_pi","jul"
"83231","Paranã","TO",-12.55,-47.82999999,"INMET diário",36,FALSE,0.6253795369062202,"alta (>=0.3)",TRUE,6.171362129438569,6,"jun",9,"set",5,0.15,5,6,"theta_pi","jun"
"83235","Taguatinga","TO",-12.40222222,-46.43833333,"INMET diário",70,FALSE,0.638682582697079,"alta (>=0.3)",TRUE,0.33897380595879895,7,"jul",9,"set",5,0.15,6,7,"theta_pi","jul"
"847001","Itacajá","TO",-8.3917,-47.7628,"Hidroweb diário",52,FALSE,0.5476016573615566,"alta (>=0.3)",TRUE,0.1864369502578289,7,"jul",9,"set",5,0.15,6,7,"theta_pi","jul"
"847002","Campos Lindos","TO",-7.9711,-46.8064,"Hidroweb diário",39,FALSE,0.5281470453659184,"alta (>=0.3)",TRUE,0.15283772876981291,7,"jul",9,"set",4,0.15,7,7,"theta_pi","jul"
"848000","Colinas do Tocantins","TO",-8.0528,-48.4817,"Hidroweb diário",53,FALSE,0.54591767574199,"alta (>=0.3)",TRUE,0.342764751488712,7,"jul",8,"ago",3,0.15,6,7,"theta_pi","jul"
"848001","Guaraí","TO",-8.8319,-48.8172,"Hidroweb diário",45,FALSE,0.5516728741651881,"alta (>=0.3)",TRUE,0.33868056758597254,7,"jul",9,"set",5,0.15,6,7,"theta_pi","jul"
"848002","Itaporã do Tocantins","TO",-8.5739,-48.6903,"Hidroweb diário",51,FALSE,0.6009985531755452,"alta (>=0.3)",TRUE,0.37722442526325306,7,"jul",8,"ago",3,0.15,7,7,"theta_pi","jul"
"848003","Tupiratins","TO",-8.3992,-48.1303,"Hidroweb diário",55,FALSE,0.5553747389779483,"alta (>=0.3)",TRUE,0.09003033724150104,7,"jul",9,"set",5,0.15,6,7,"theta_pi","jul"
"849002","Araguacema","TO",-8.8022,-49.5556,"Hidroweb diário",51,FALSE,0.5209250529649527,"alta (>=0.3)",TRUE,0.23780504966302485,7,"jul",9,"set",4,0.15,6,7,"theta_pi","jul"
"946003","Lizarda","TO",-9.5972,-46.6728,"Hidroweb diário",46,FALSE,0.6695164232934403,"alta (>=0.3)",TRUE,0.27591118152556005,7,"jul",9,"set",5,0.15,6,7,"theta_pi","jul"
"947001","Rio Sono","TO",-9.4575,-47.3269,"Hidroweb diário",43,FALSE,0.5827928324397864,"alta (>=0.3)",TRUE,0.2580200424292624,7,"jul",9,"set",5,0.15,6,7,"theta_pi","jul"
"948000","Miracema do Tocantins","TO",-9.5642,-48.3875,"Hidroweb diário",55,FALSE,0.572953236308697,"alta (>=0.3)",TRUE,0.33097725110384857,7,"jul",9,"set",5,0.15,6,7,"theta_pi","jul"
"948001","Pedro Afonso","TO",-9.3069,-47.9292,"Hidroweb diário",54,FALSE,0.5682663701475934,"alta (>=0.3)",TRUE,0.10143738506347637,7,"jul",9,"set",5,0.15,6,7,"theta_pi","jul"
"949000","Abreulândia","TO",-9.6244,-49.1553,"Hidroweb diário",52,FALSE,0.6197198498876484,"alta (>=0.3)",TRUE,6.230105015054952,6,"jun",9,"set",5,0.15,6,6,"theta_pi","jun"
"949001","Dois Irmãos do Tocantins","TO",-9.2572,-49.0642,"Hidroweb diário",52,FALSE,0.6231197693710281,"alta (>=0.3)",TRUE,0.14959949889335955,7,"jul",9,"set",5,0.15,6,7,"theta_pi","jul"
"950000","Caseara","TO",-9.27,-49.9589,"Hidroweb diário",41,FALSE,0.617786969272951,"alta (>=0.3)",TRUE,0.24431771509499617,7,"jul",9,"set",4,0.15,6,7,"theta_pi","jul"
"950002","Pium","TO",-9.9703,-49.9936,"Hidroweb diário",38,FALSE,0.5701273238099309,"alta (>=0.3)",TRUE,0.3511659798309172,7,"jul",9,"set",5,0.15,6,7,"theta_pi","jul"
