"gauge_code","nome","estado","lat","long","time_step","network","n_years_zip"
"02142096","São Sebastião da Vargem Alegre","MG",-21.0725,-42.63694,15,"Telemetria",1
"10100000","Tabatinga","AM",-4.2347,-69.9447,15,"Telemetria",2
"10200000","Atalaia do Norte","AM",-5.1389,-72.8136,15,"Telemetria",1
"10500000","Atalaia do Norte","AM",-4.3408,-70.9056,15,"Telemetria",2
"10910000","Atalaia do Norte","AM",-4.5836,-70.2644,15,"Telemetria",2
"110018901A","Pimenta Bueno","RO",-11.683234,-61.182871,10,"CEMADEN",2
"110020501A","Porto Velho","RO",-8.742165,-63.904242000000004,10,"CEMADEN",1
"11500000","Santo Antônio do Içá","AM",-3.1017,-67.9356,15,"Telemetria",2
"120010401A","Brasilãòia","AC",-11.012469,-68.740939,10,"CEMADEN",2
"120070801A","Xapuri","AC",-10.665833,-68.485844,10,"CEMADEN",3
"12100000","Jutaí","AM",-4.6661,-68.1483,15,"Telemetria",3
"12240000","Jutaí","AM",-3.3372,-67.4917,15,"Telemetria",1
"12351000","Fonte Boa","AM",-2.4914,-66.0617,15,"Telemetria",4
"12370000","Marechal Thaumaturgo","AC",-8.9458,-72.7847,15,"Telemetria",2
"12500000","Cruzeiro do Sul","AC",-7.6333,-72.6603,15,"Telemetria",1
"12510500","Tarauacá","AC",-7.7994,-72.0211,15,"Telemetria",4
"12520000","Ipixuna","AM",-7.0556,-71.6892,15,"Telemetria",3
"12540000","Eirunepé","AM",-7.2667,-70.9833,15,"Telemetria",3
"12590000","Tarauacá","AC",-8.1519,-70.7456,15,"Telemetria",3
"12640000","Feijó","AC",-8.6858,-70.5511,15,"Telemetria",2
"12680000","Envira","AM",-7.4281,-70.0225,15,"Telemetria",2
"12700000","Itamarati","AM",-6.4403,-68.2461,15,"Telemetria",2
"12840000","Carauari","AM",-4.8392,-66.8506,15,"Telemetria",3
"12842000","Juruá","AM",-3.6414,-66.1031,15,"Telemetria",3
"12850000","Japurá","AM",-1.8211,-66.6092,15,"Telemetria",5
"12880000","Tefé","AM",-4.2922,-65.2017,15,"Telemetria",1
"12900001","Tefé","AM",-3.3758,-64.6547,15,"Telemetria",3
"130002901A","Alvarães","AM",-3.21726,-64.817575,10,"CEMADEN",2
"130006001A","Amaturá","AM",-3.362268,-68.195543,10,"CEMADEN",2
"130008601A","Anamã","AM",-3.577152,-61.405939,10,"CEMADEN",1
"130010201A","Anori","AM",-3.751697,-61.65659300000001,10,"CEMADEN",1
"130014401A","Apuí","AM",-7.203119,-59.884533,10,"CEMADEN",5
"130020101A","Atalaia do Norte","AM",-4.368739,-70.190375,10,"CEMADEN",2
"130050801A","Barreirinha","AM",-2.804158,-57.067483,10,"CEMADEN",1
"130060701A","Benjamin Constant","AM",-4.381819,-70.02494,10,"CEMADEN",1
"130063101A","Beruri","AM",-3.897444,-61.375528,10,"CEMADEN",6
"130063102A","Beruri","AM",-3.905389,-61.372528,10,"CEMADEN",3
"130090401A","Canutama","AM",-6.534983,-64.386548,10,"CEMADEN",1
"130110002A","Careiro","AM",-3.8155,-60.357306,10,"CEMADEN",2
"130115901A","Careiro da Várzea","AM",-3.198385,-59.824914,10,"CEMADEN",2
"130160501A","Fonte Boa","AM",-2.514972,-66.103833,10,"CEMADEN",4
"130165401A","Guajará","AM",-7.546047,-72.58672,10,"CEMADEN",2
"130170401A","Humaitá","AM",-7.5022,-63.0281,10,"CEMADEN",2
"130170402A","Humaitá","AM",-7.511,-63.0315,10,"CEMADEN",3
"130190203A","Itacoatiara","AM",-3.140605,-58.452012,10,"CEMADEN",1
"130220701A","Juruá","AM",-3.47309,-66.064266,10,"CEMADEN",2
"130250406A","Manacapuru","AM",-3.261172,-60.631204,10,"CEMADEN",2
"130260302H","Manaus","AM",-3.091422,-60.015121,10,"CEMADEN",1
"130260310A","Manaus","AM",-3.086712,-59.883273,10,"CEMADEN",1
"130260328A","Manaus","AM",-3.099516,-60.015988,10,"CEMADEN",1
"130260332A","Manaus","AM",-3.059128,-59.844910999999996,10,"CEMADEN",1
"130260333A","Manaus","AM",-3.124403,-59.940003,10,"CEMADEN",2
"130310601A","Nova Olinda do Norte","AM",-3.886113,-59.090002,10,"CEMADEN",1
"130330401A","Novo Aripuanã","AM",-5.118333,-60.376222,10,"CEMADEN",1
"130340301A","Parintins","AM",-2.628044,-56.726179,10,"CEMADEN",3
"130340302A","Parintins","AM",-2.634509,-56.743917,10,"CEMADEN",3
"130353602A","Presidente Figueiredo","AM",-2.048026,-60.018095,10,"CEMADEN",2
"130356901A","Rio Preto da Eva","AM",-2.701138,-59.696222,10,"CEMADEN",2
"130356902A","Rio Preto da Eva","AM",-2.8666,-59.3749,10,"CEMADEN",1
"130380901A","São Gabriel da Cachoeira","AM",-0.130797,-67.06636800000001,10,"CEMADEN",1
"130390801A","São Paulo de Olivença","AM",-3.464056,-68.948806,10,"CEMADEN",4
"130406201A","Tabatinga","AM",-4.269267,-69.936507,10,"CEMADEN",2
"130406202A","Tabatinga","AM",-4.225891,-69.935961,10,"CEMADEN",3
"130420301A","Tefãò","AM",-3.363798,-64.718477,10,"CEMADEN",3
"130423701A","Tonantins","AM",-2.862806,-67.771972,10,"CEMADEN",1
"13100000","Coari","AM",-5.1092,-63.9847,15,"Telemetria",2
"13150000","Coari","AM",-4.0578,-63.0278,15,"Telemetria",1
"13150003","Coari","AM",-4.0856,-63.0833,15,"Telemetria",1
"13169900","Santa Rosa do Purus","AC",-9.4342,-70.4942,15,"Telemetria",1
"13180000","Manoel Urbano","AC",-8.8886,-69.275,15,"Telemetria",5
"13300000","Sena Madureira","AC",-9.3744,-68.7239,15,"Telemetria",1
"13310000","Sena Madureira","AC",-9.0678,-68.6531,15,"Telemetria",6
"13405000","Sena Madureira","AC",-9.1103,-68.9933,15,"Telemetria",3
"13439000","Assis Brasil","AC",-10.9261,-69.9233,15,"Telemetria",1
"13445000","Assis Brasil","AC",-10.9414,-69.5769,15,"Telemetria",1
"13450000","Assis Brasil","AC",-10.9436,-69.5656,15,"Telemetria",3
"13470000","Brasiléia","AC",-11.0178,-68.745,15,"Telemetria",4
"13540000","Xapuri","AC",-10.5606,-68.7047,15,"Telemetria",3
"13550000","Xapuri","AC",-10.6511,-68.5075,15,"Telemetria",3
"13568000","Capixaba","AC",-10.3886,-67.9353,15,"Telemetria",4
"13572000","Rio Branco","AC",-10.005,-68.5294,15,"Telemetria",2
"13578000","Rio Branco","AC",-10.0567,-67.9639,15,"Telemetria",2
"13600002","Rio Branco","AC",-9.975,-67.8008,15,"Telemetria",2
"13610001","Porto Acre","AC",-9.5819,-67.5281,15,"Telemetria",3
"13650000","Boca do Acre","AM",-9.0667,-67.3969,15,"Telemetria",2
"13710001","Boca do Acre","AM",-8.6533,-67.375,15,"Telemetria",2
"13870000","Lábrea","AM",-7.2581,-64.7975,15,"Telemetria",1
"13885000","Lábrea","AM",-7.4644,-64.2433,15,"Telemetria",2
"13962000","Beruri","AM",-4.7286,-62.1453,15,"Telemetria",3
"13990000","Beruri","AM",-3.8989,-61.3742,15,"Telemetria",4
"140010001A","Boa Vista","RR",2.859961,-60.658979,10,"CEMADEN",2
"140010002A","Boa Vista","RR",2.806589,-60.674663,10,"CEMADEN",2
"140010003A","Boa Vista","RR",2.804488,-60.692624,10,"CEMADEN",2
"140010004A","Boa Vista","RR",2.804274,-60.739469,10,"CEMADEN",2
"140010005A","Boa Vista","RR",2.844432,-60.719258,10,"CEMADEN",2
"140070401A","Uiramutã","RR",4.594482,-60.162963,10,"CEMADEN",1
"14100000","Manacapuru","AM",-3.3106,-60.6094,15,"Telemetria",3
"14110000","São Gabriel da Cachoeira","AM",1.2153,-66.8525,15,"Telemetria",3
"14280001","São Gabriel da Cachoeira","AM",0.1303,-68.5386,15,"Telemetria",3
"14330000","São Gabriel da Cachoeira","AM",-0.2006,-66.8022,15,"Telemetria",2
"14480002","Barcelos","AM",-0.9658,-62.9311,15,"Telemetria",3
"14488000","Alto Alegre","RR",3.5497,-63.1692,15,"Telemetria",2
"14489000","Alto Alegre","RR",3.3528,-61.4222,15,"Telemetria",5
"14495000","Alto Alegre","RR",3.4381,-61.0367,15,"Telemetria",5
"14500000","Boa Vista","RR",3.4644,-60.9097,15,"Telemetria",2
"14515000","Boa Vista","RR",3.2078,-60.5711,15,"Telemetria",3
"14526400","Uiramuta","RR",4.5761,-60.1397,15,"Telemetria",1
"14527000","Normândia","RR",3.5675,-59.8883,15,"Telemetria",2
"14530000","Pacaraima","RR",4.1961,-60.7939,15,"Telemetria",3
"14540000","Uiramuta","RR",4.6306,-60.4706,15,"Telemetria",6
"14558000","Bonfim","RR",3.3178,-60.3447,15,"Telemetria",3
"14620000","Boa Vista","RR",2.8267,-60.6561,15,"Telemetria",2
"14680001","Mucajaí","RR",2.8708,-61.4406,15,"Telemetria",8
"14690000","Mucajaí","RR",2.4714,-60.9178,15,"Telemetria",1
"14710000","Caracaraí","RR",1.8214,-61.1236,15,"Telemetria",3
"14790000","Rorainópolis","RR",-0.5053,-61.7864,15,"Telemetria",3
"14840000","Barcelos","AM",-1.4567,-61.6347,15,"Telemetria",6
"14850000","Rorainópolis","RR",-0.8586,-60.52,15,"Telemetria",1
"150010701A","Abaetetuba","PA",-1.723155,-48.879321000000004,10,"CEMADEN",1
"150010702A","Abaetetuba","PA",-1.707738,-48.876747,10,"CEMADEN",2
"150010703A","Abaetetuba","PA",-1.724433,-48.864175,10,"CEMADEN",4
"150040401A","Alenquer","PA",-1.949501,-54.744331,10,"CEMADEN",3
"150040402A","Alenquer","PA",-1.941579,-54.718514,10,"CEMADEN",3
"150050302A","Almeirim","PA",-1.528711,-52.582183,10,"CEMADEN",5
"150060202A","Altamira","PA",-3.199942,-52.203749,10,"CEMADEN",6
"150060203A","Altamira","PA",-3.213881,-52.220173,10,"CEMADEN",5
"150085901A","Anapu","PA",-3.467739,-51.201888,10,"CEMADEN",2
"150100601A","Aveiro","PA",-3.604545,-55.330202,10,"CEMADEN",6
"150120401A","Baião","PA",-2.789,-49.673,10,"CEMADEN",7
"150140201A","Belãòm","PA",-1.067,-48.379,10,"CEMADEN",1
"150140203A","Belãòm","PA",-1.450385,-48.446255,10,"CEMADEN",4
"150140204A","Belãòm","PA",-1.449707,-48.482217,10,"CEMADEN",6
"150140206A","Belém","PA",-1.308735,-48.479847,10,"CEMADEN",2
"150140207A","Belém","PA",-1.164264,-48.468548,10,"CEMADEN",3
"150140208A","Belém","PA",-1.468867,-48.481624,10,"CEMADEN",1
"150140210A","Belém","PA",-1.422716,-48.468028,10,"CEMADEN",5
"150170901A","Bragança","PA",-1.060666,-46.783468,10,"CEMADEN",2
"150215201A","Canaã dos Carajás","PA",-6.5195099999999995,-49.85925,10,"CEMADEN",1
"150295401A","Eldorado dos Carajás","PA",-6.1032,-49.3719,10,"CEMADEN",4
"15030000","Manaus","AM",-3.0633,-59.6478,15,"Telemetria",2
"150350701A","Irituia","PA",-1.771,-47.437,10,"CEMADEN",3
"150350702A","Irituia","PA",-1.743,-47.502,10,"CEMADEN",5
"150360601A","Itaituba","PA",-4.26683,-55.991332,10,"CEMADEN",4
"150360602A","Itaituba","PA",-4.245494,-55.006391,10,"CEMADEN",1
"150380401A","Jacundá","PA",-4.446,-49.112,10,"CEMADEN",3
"150390301A","Juruti","PA",-2.150298,-56.081006,10,"CEMADEN",5
"150420801A","Marabá","PA",-5.354,-49.103,10,"CEMADEN",6
"150420802A","Marabá","PA",-5.3492,-49.13399999999999,10,"CEMADEN",2
"150420803A","Marabá","PA",-5.3705,-49.1323,10,"CEMADEN",2
"150420804A","Marabá","PA",-5.3284,-49.1043,10,"CEMADEN",2
"150420806A","Marabá","PA",-5.3011,-49.0801,10,"CEMADEN",6
"15043000","Jauru","MT",-15.0594,-58.9106,30,"Telemetria",3
"15044100","Pontes e Lacerda","MT",-15.1381,-58.9825,30,"Telemetria",2
"15046000","Pontes e Lacerda","MT",-15.2108,-59.0119,60,"Telemetria",2
"150480202A","Monte Alegre","PA",-1.992956,-54.079084,10,"CEMADEN",4
"150480203A","Monte Alegre","PA",-2.006856,-54.067632,10,"CEMADEN",2
"150497601A","Nova Ipixuna","PA",-4.911,-49.075,10,"CEMADEN",6
"15050001","Pontes e Lacerda","MT",-15.2153,-59.3539,15,"Telemetria",4
"150510602A","Óbidos","PA",-1.897123,-55.515946,10,"CEMADEN",1
"150540301A","Ourãòm","PA",-1.5518040000000002,-47.116684,10,"CEMADEN",1
"150553601A","Parauapebas","PA",-5.9953,-49.8894,10,"CEMADEN",2
"150553602A","Parauapebas","PA",-6.0914,-49.9045,10,"CEMADEN",3
"150553603A","Parauapebas","PA",-6.0915,-49.8682,10,"CEMADEN",3
"150553604A","Parauapebas","PA",-6.0557,-49.8867,10,"CEMADEN",6
"150600501A","Prainha","PA",-1.787735,-53.483724,10,"CEMADEN",2
"150616101A","Rio Maria","PA",-7.3105,-50.0543,10,"CEMADEN",3
"150619501A","Rurópolis","PA",-4.088321,-54.889281,10,"CEMADEN",3
"150619502A","Rurópolis","PA",-4.099531,-54.910166,10,"CEMADEN",8
"150670801A","Santana do Araguaia","PA",-9.334535,-50.343572,10,"CEMADEN",1
"150670802A","Santana do Araguaia","PA",-9.339275,-50.328607,10,"CEMADEN",1
"150680701A","Santarém","PA",-2.476242,-54.684978,10,"CEMADEN",1
"150680702A","Santarãòm","PA",-2.434686,-54.691573,10,"CEMADEN",3
"150680703A","Santarãòm","PA",-2.461588,-54.730973,10,"CEMADEN",2
"150680704A","Santarém","PA",-2.428133,-54.742238,10,"CEMADEN",7
"150745801A","São Geraldo do Araguaia","PA",-6.39562,-48.56079,10,"CEMADEN",5
"150780501A","Senador José Porfírio","PA",-2.586834,-51.948208,10,"CEMADEN",5
"150797901A","Terra Santa","PA",-2.110365,-56.491644,10,"CEMADEN",1
"150805001A","Trairão","PA",-4.707003,-55.990712,10,"CEMADEN",5
"150810001A","Tucuruí","PA",-3.766,-49.67,10,"CEMADEN",3
"150835701A","Vitória do Xingu","PA",-2.881682,-52.011503000000005,10,"CEMADEN",3
"15122000","Comodoro","MT",-13.63,-59.8761,60,"Telemetria",2
"15123000","Comodoro","MT",-13.7822,-59.7922,60,"Telemetria",1
"15123080","Comodoro","MT",-13.0206,-60.1114,60,"Telemetria",4
"15123200","Vilhena","RO",-12.9575,-60.1347,60,"Telemetria",4
"15124009","Cabixi","RO",-13.5125,-60.53,15,"Telemetria",2
"15128500","Colorado do Oeste","RO",-13.0794,-60.6219,60,"Telemetria",1
"15130000","Pimenteiras do Oeste","RO",-13.4858,-61.05,15,"Telemetria",3
"15138000","Alto Alegre dos Parecis","RO",-12.3842,-61.7106,60,"Telemetria",3
"15150000","Costa Marques","RO",-12.8514,-62.8992,15,"Telemetria",1
"15150800","Alta Floresta D''oeste","RO",-11.9689,-61.9908,60,"Telemetria",2
"15151000","Alta Floresta D''oeste","RO",-11.9531,-62.0125,60,"Telemetria",1
"15151500","Alta Floresta D''oeste","RO",-11.9383,-62.0403,60,"Telemetria",4
"15152000","Alta Floresta D''oeste","RO",-11.9308,-62.1036,60,"Telemetria",1
"15170200","Alta Floresta D''oeste","RO",-11.9272,-62.1547,60,"Telemetria",4
"15170600","Alta Floresta D''oeste","RO",-11.9111,-62.1811,60,"Telemetria",1
"15171800","Alta Floresta D''oeste","RO",-11.9336,-62.1792,60,"Telemetria",1
"15200000","Costa Marques","RO",-12.4267,-64.4253,15,"Telemetria",3
"15200010","Costa Marques","RO",-12.4267,-64.4253,15,"Telemetria",2
"15248010","Guajará-mirim","RO",-10.9175,-65.0433,15,"Telemetria",2
"15250001","Guajará-mirim","RO",-10.792463,-65.347057,15,"Telemetria",2
"15318000","Nova Mamore","RO",-10.3475,-65.3569,15,"Telemetria",9
"15320002","Porto Velho","RO",-9.7053,-65.3667,15,"Telemetria",6
"15324000","Plácido de Castro","AC",-10.3378,-67.1831,15,"Telemetria",4
"15324500","Porto Velho","RO",-9.8936,-66.6186,15,"Telemetria",4
"15326000","Porto Velho","RO",-9.7847,-65.5275,15,"Telemetria",3
"15335000","Porto Velho","RO",-9.6175,-64.9331,15,"Telemetria",3
"15340600","Porto Velho","RO",-9.2486,-64.6264,15,"Telemetria",5
"15341000","Porto Velho","RO",-9.2028,-64.6086,15,"Telemetria",5
"15344000","Porto Velho","RO",-9.5011,-64.3817,15,"Telemetria",2
"15345900","Porto Velho","RO",-9.2617,-64.4014,15,"Telemetria",1
"15360000","Porto Velho","RO",-8.7967,-63.9583,15,"Telemetria",2
"15390000","Porto Velho","RO",-8.7481,-63.9158,15,"Telemetria",4
"15400000","Porto Velho","RO",-8.7483,-63.9169,15,"Telemetria",2
"15405000","Monte Negro","RO",-10.4719,-63.2594,30,"Telemetria",3
"15406000","Monte Negro","RO",-10.4375,-63.2358,30,"Telemetria",3
"15408600","Monte Negro","RO",-10.2303,-63.2311,60,"Telemetria",1
"15408700","Monte Negro","RO",-10.2056,-63.1114,60,"Telemetria",2
"15413000","Ariquemes","RO",-10.2542,-62.9894,30,"Telemetria",2
"15414000","Ariquemes","RO",-10.0831,-62.9975,60,"Telemetria",1
"15418000","Ariquemes","RO",-10.0183,-63.0622,30,"Telemetria",1
"15424000","Ariquemes","RO",-9.9347,-63.0756,30,"Telemetria",1
"15430000","Ariquemes","RO",-9.9256,-63.0714,15,"Telemetria",6
"15430900","Ariquemes","RO",-9.8867,-62.9847,60,"Telemetria",1
"15431900","Alto Paraíso","RO",-9.7603,-63.2881,60,"Telemetria",2
"15444900","Rio Crespo","RO",-9.5564,-62.9506,60,"Telemetria",1
"15459090","Candéias do Jamari","RO",-8.7469,-63.4636,60,"Telemetria",2
"15490000","Porto Velho","RO",-8.4522,-63.5178,15,"Telemetria",3
"15490400","Porto Velho","RO",-8.4444,-63.5081,15,"Telemetria",2
"15550000","Candéias do Jamari","RO",-8.7986,-63.7106,15,"Telemetria",3
"15552560","Pimenta Bueno","RO",-12.1853,-60.5997,60,"Telemetria",3
"15552600","Pimenta Bueno","RO",-11.7489,-60.8678,15,"Telemetria",1
"15552800","Vilhena","RO",-12.8539,-60.3292,60,"Telemetria",2
"15553100","Chupinguaia","RO",-12.7561,-60.8083,60,"Telemetria",1
"15553180","Chupinguaia","RO",-12.69,-60.8831,60,"Telemetria",2
"15553800","Primavera de Rondônia","RO",-12.2678,-61.0756,60,"Telemetria",6
"15553950","Chupinguaia","RO",-12.2594,-61.1889,60,"Telemetria",3
"15555300","Primavera de Rondônia","RO",-11.9475,-61.22,60,"Telemetria",1
"15555800","Primavera de Rondônia","RO",-11.9025,-61.2397,60,"Telemetria",3
"15558000","Pimenta Bueno","RO",-11.6836,-61.1922,15,"Telemetria",1
"15558200","Cacoal","RO",-11.4444,-61.4408,15,"Telemetria",3
"15559000","Pimenta Bueno","RO",-11.6525,-61.215,15,"Telemetria",4
"15560000","Ji-paraná","RO",-10.8736,-61.9356,15,"Telemetria",2
"15564000","Jaru","RO",-10.8317,-62.8925,15,"Telemetria",5
"15580000","Machadinho D''oeste","RO",-8.9322,-62.0556,15,"Telemetria",1
"15629000","Humaitá","AM",-7.5053,-63.0211,15,"Telemetria",4
"15630000","Humaitá","AM",-7.5028,-63.0183,15,"Telemetria",1
"15660000","Humaitá","AM",-7.6303,-62.6553,15,"Telemetria",1
"15700000","Manicoré","AM",-5.8167,-61.3019,15,"Telemetria",3
"15710000","Juína","MT",-11.5778,-59.2058,60,"Telemetria",2
"15720000","Juína","MT",-11.4131,-59.1703,60,"Telemetria",2
"15740000","Juína","MT",-11.3097,-59.2236,60,"Telemetria",1
"15748000","Aripuanã","MT",-10.3219,-59.4622,60,"Telemetria",4
"15750500","Aripuanã","MT",-10.1831,-59.4719,30,"Telemetria",2
"15753900","Aripuanã","MT",-10.1986,-59.4686,60,"Telemetria",1
"15754000","Aripuanã","MT",-10.1647,-59.4467,60,"Telemetria",1
"15860000","Novo Aripuanã","AM",-4.8972,-60.0253,15,"Telemetria",1
"15910000","Apuí","AM",-6.7956,-59.0422,15,"Telemetria",3
"160030303A","Macapá","AP",0.087727,-51.040434999999995,10,"CEMADEN",2
"160030304A","Macapá","AP",-0.002212,-51.100888,10,"CEMADEN",3
"160030305A","Macapá","AP",0.092692,-51.065402,10,"CEMADEN",3
"160060002A","Santana","AP",-0.049122,-51.144532,10,"CEMADEN",3
"160060003A","Santana","AP",-0.041263,-51.179238,10,"CEMADEN",2
"16018000","Presidente Figueiredo","AM",-0.585,-59.7761,60,"Telemetria",2
"16019000","Presidente Figueiredo","AM",-0.5956,-59.7772,60,"Telemetria",3
"16020100","Presidente Figueiredo","AM",-0.8661,-59.6011,60,"Telemetria",1
"16020200","Presidente Figueiredo","AM",-0.9911,-59.4797,60,"Telemetria",1
"16030000","Itacoatiara","AM",-3.1539,-58.4114,15,"Telemetria",3
"16062000","Presidente Figueiredo","AM",-1.2106,-60.2347,60,"Telemetria",1
"16090000","Presidente Figueiredo","AM",-1.9494,-59.4767,60,"Telemetria",1
"16100000","Presidente Figueiredo","AM",-2.1061,-59.3442,15,"Telemetria",3
"16129000","Caroebe","RR",1.0053,-59.2539,60,"Telemetria",1
"16430000","Oriximiná","PA",-0.9978,-57.0431,15,"Telemetria",2
"16500000","Oriximiná","PA",-1.1006,-57.0569,15,"Telemetria",3
"16661000","Oriximiná","PA",-1.3706,-56.8519,15,"Telemetria",2
"16800000","Oriximiná","PA",-1.1014,-56.04,15,"Telemetria",2
"170210901A","Araguaína","TO",-7.187547,-48.235274,10,"CEMADEN",4
"170210902A","Araguaína","TO",-7.1558720000000005,-48.188802,10,"CEMADEN",1
"170210903A","Araguaína","TO",-7.19408,-48.195859,10,"CEMADEN",4
"170210904A","Araguaína","TO",-7.228059,-48.244605,10,"CEMADEN",1
"170215801A","Araguanã","TO",-6.582260000000001,-48.643679999999996,10,"CEMADEN",1
"170220801A","Araguatins","TO",-5.657617,-48.111465,10,"CEMADEN",3
"17050001","Óbidos","PA",-1.9192,-55.5131,15,"Telemetria",3
"170730601A","Dueré","TO",-11.34296,-49.26664,10,"CEMADEN",3
"170820501A","Formoso do Araguaia","TO",-11.8055,-49.5275,10,"CEMADEN",3
"170900501A","Goiatins","TO",-7.712945,-47.309304,10,"CEMADEN",1
"17090600","Sapezal","MT",-13.5425,-59.025,30,"Telemetria",4
"17091030","Campos de Júlio","MT",-13.4228,-59.0014,30,"Telemetria",3
"17091045","Campos de Júlio","MT",-13.3689,-59.0147,60,"Telemetria",1
"17091048","Sapezal","MT",-13.2661,-59.0183,60,"Telemetria",1
"17091090","Sapezal","MT",-13.1972,-58.9831,30,"Telemetria",2
"17091095","Campos de Júlio","MT",-13.0719,-58.9764,60,"Telemetria",1
"17091097","Campos de Júlio","MT",-12.9,-58.9136,60,"Telemetria",2
"17091099","Campos de Júlio","MT",-12.845,-58.9292,60,"Telemetria",1
"17091150","Campos de Júlio","MT",-13.3783,-59.1464,30,"Telemetria",1
"17091170","Campos de Júlio","MT",-13.3489,-59.1508,30,"Telemetria",3
"17091180","Sapezal","MT",-13.6317,-58.6642,60,"Telemetria",1
"17091200","Sapezal","MT",-13.42,-58.6047,60,"Telemetria",1
"17091210","Campos de Júlio","MT",-13.4572,-59.3903,60,"Telemetria",1
"17091310","Campos de Júlio","MT",-13.3856,-59.3922,60,"Telemetria",5
"17091400","Sapezal","MT",-13.3947,-58.5919,60,"Telemetria",2
"17091410","Campos de Júlio","MT",-13.3617,-59.395,60,"Telemetria",4
"17091450","Sapezal","MT",-13.545,-58.6372,15,"Telemetria",1
"17091580","Brasnorte","MT",-13.2925,-58.1347,60,"Telemetria",2
"17091600","Brasnorte","MT",-13.0258,-58.1844,60,"Telemetria",4
"17092850","Brasnorte","MT",-12.96,-58.2508,60,"Telemetria",1
"17092960","Campo Novo do Parecis","MT",-12.7983,-58.3969,15,"Telemetria",2
"17093010","Juína","MT",-11.3564,-58.3536,15,"Telemetria",5
"17093400","Campo Novo do Parecis","MT",-13.8622,-57.7856,60,"Telemetria",1
"17093700","Campo Novo do Parecis","MT",-13.3867,-57.6244,60,"Telemetria",1
"17093750","Nova Maringá","MT",-13.3556,-57.6136,60,"Telemetria",1
"17094400","Brasnorte","MT",-12.5733,-57.8831,15,"Telemetria",3
"17094520","Brasnorte","MT",-12.5294,-57.8783,15,"Telemetria",2
"17094550","Brasnorte","MT",-12.4822,-57.8744,15,"Telemetria",3
"17098500","Nova Mutum","MT",-14.2169,-56.0347,15,"Telemetria",1
"17099000","Nova Mutum","MT",-13.8319,-56.4125,15,"Telemetria",1
"17099300","Diamantino","MT",-13.9589,-56.7422,60,"Telemetria",1
"17099500","São José do Rio Claro","MT",-13.5025,-56.6183,15,"Telemetria",1
"17130000","Apiacás","MT",-7.7311,-58.2808,15,"Telemetria",1
"171820401A","Porto Nacional","TO",-10.716111,-48.399722,10,"CEMADEN",2
"171830301A","Praia Norte","TO",-5.3956,-47.8114,10,"CEMADEN",6
"171886501A","Santa Fé do Araguaia","TO",-7.14869,-48.69083,10,"CEMADEN",6
"172020001A","São Miguel do Tocantins","TO",-5.55265,-47.57758,10,"CEMADEN",2
"172030901A","São Sebastião do Tocantins","TO",-5.259031,-48.201467,10,"CEMADEN",2
"172210701A","Xambioá","TO",-6.411258,-48.533743,10,"CEMADEN",3
"17224000","Diamantino","MT",-13.7028,-56.7861,60,"Telemetria",1
"17229000","Lucas do Rio Verde","MT",-13.2986,-55.9122,60,"Telemetria",1
"17240900","Nova Mutum","MT",-13.7583,-56.0536,60,"Telemetria",1
"17250550","Nova Mutum","MT",-13.5914,-56.2164,60,"Telemetria",2
"17270000","Lucas do Rio Verde","MT",-12.7933,-56.0108,60,"Telemetria",1
"17275100","Sinop","MT",-12.1731,-55.8994,60,"Telemetria",2
"17277300","Sinop","MT",-12.2881,-55.6008,60,"Telemetria",1
"17277500","Sinop","MT",-13.1433,-55.6669,60,"Telemetria",1
"17278500","Sorriso","MT",-12.7494,-56.0336,60,"Telemetria",1
"17280990","Sinop","MT",-11.2653,-55.4511,60,"Telemetria",2
"17343000","Peixoto de Azevedo","MT",-10.2194,-54.9708,15,"Telemetria",1
"17354000","Guarantã do Norte","MT",-9.8219,-54.9839,60,"Telemetria",2
"17354700","Guarantã do Norte","MT",-9.6836,-54.9633,60,"Telemetria",3
"17354930","Guarantã do Norte","MT",-9.7789,-54.9867,60,"Telemetria",2
"17355000","Guarantã do Norte","MT",-9.8386,-55.0192,60,"Telemetria",2
"17381100","Alta Floresta","MT",-9.6414,-56.0231,30,"Telemetria",1
"17385000","Tabaporã","MT",-10.6389,-56.5181,60,"Telemetria",2
"17387000","Juara","MT",-10.3711,-56.8881,60,"Telemetria",2
"17388000","Juara","MT",-10.5231,-56.9742,60,"Telemetria",3
"17389000","Juara","MT",-10.4361,-57.2683,60,"Telemetria",3
"17393500","Alta Floresta","MT",-10.3394,-56.9822,60,"Telemetria",1
"17395000","Nova Monte Verde","MT",-10.3264,-56.9839,60,"Telemetria",3
"17395900","Apiacás","MT",-9.1922,-57.068600000000004,30,"Telemetria",3
"17410100","Apiacás","MT",-8.8594,-57.4192,30,"Telemetria",3
"17420000","Aripuanã","MT",-7.6147,-57.9503,15,"Telemetria",2
"17680000","Itaituba","PA",-5.4556,-55.87,15,"Telemetria",1
"17730000","Itaituba","PA",-4.2756,-55.9822,15,"Telemetria",1
"17900000","Santarém","PA",-2.4136,-54.7378,15,"Telemetria",2
"18115000","Santarém","PA",-3.4764,-54.4614,60,"Telemetria",2
"18119000","Santarém","PA",-2.8094,-54.2994,60,"Telemetria",3
"18409000","Paranatinga","MT",-14.6111,-53.9986,15,"Telemetria",4
"18409350","Paranatinga","MT",-14.5744,-53.6967,60,"Telemetria",2
"18409650","Campinápolis","MT",-13.8475,-53.2597,60,"Telemetria",2
"18415000","Canarana","MT",-13.5692,-53.0761,15,"Telemetria",2
"18420000","Paranatinga","MT",-13.1408,-54.4453,15,"Telemetria",1
"18421000","Feliz Natal","MT",-12.3692,-54.1383,15,"Telemetria",2
"18422000","Marcelândia","MT",-11.1272,-54.4767,15,"Telemetria",4
"18422600","Nova Ubiratã","MT",-12.7847,-54.6806,60,"Telemetria",1
"18425200","Santa Carmem","MT",-11.9283,-54.9983,15,"Telemetria",2
"18428000","Querência","MT",-12.6219,-52.0589,15,"Telemetria",2
"18435000","São José do Xingu","MT",-10.5547,-52.1833,15,"Telemetria",3
"18460000","São Félix do Xingú","PA",-6.7358,-51.9953,15,"Telemetria",1
"18480000","Cumaru do Norte","PA",-8.3269,-51.4603,15,"Telemetria",2
"18500000","São Félix do Xingú","PA",-6.7453,-51.7736,15,"Telemetria",1
"18590000","Altamira","PA",-6.1872,-54.0836,15,"Telemetria",1
"18600000","Altamira","PA",-5.6967,-54.2456,15,"Telemetria",2
"18620900","Altamira","PA",-8.9072,-54.9558,60,"Telemetria",1
"18622000","Altamira","PA",-8.7303,-54.9636,60,"Telemetria",1
"18630000","Altamira","PA",-8.75,-55.0325,60,"Telemetria",1
"18880000","Anapu","PA",-3.7314,-51.5675,15,"Telemetria",3
"18936000","Vitória do Xingu","PA",-2.8819,-52.0114,15,"Telemetria",3
"18938001","Senador José Porfirio","PA",-2.6219,-51.9544,15,"Telemetria",1
"18950003","Porto de Moz","PA",-1.7531,-52.24,15,"Telemetria",3
"19095000","Monte Dourado","PA",-0.5497,-52.6742,30,"Telemetria",1
"19110000","Laranjal do Jarí","AP",-0.5572,-52.5794,30,"Telemetria",2
"19150900","Laranjal do Jarí","AP",-0.6514,-52.5075,30,"Telemetria",3
"19151500","Monte Dourado","PA",-0.6622,-52.5161,30,"Telemetria",1
"19152500","Laranjal do Jarí","AP",-0.8569,-52.525,15,"Telemetria",2
"19500000","Macapá","AP",0.0219,-51.0503,15,"Telemetria",1
"19985000","Pacajá","PA",-3.8511,-50.6397,15,"Telemetria",5
"20001200","Brasília","GO",-15.5008,-47.8542,15,"Telemetria",1
"20050050","Niquelândia","GO",-14.9794,-48.6669,60,"Telemetria",3
"20090010","Barro Alto","GO",-14.8336,-48.7497,60,"Telemetria",3
"20100000","Jaraguá","GO",-15.7242,-49.3219,15,"Telemetria",1
"20200000","Uruana","GO",-15.4961,-49.6908,15,"Telemetria",5
"20250000","Rialma","GO",-15.2753,-49.5519,60,"Telemetria",3
"20489100","Hidrolina","GO",-14.7967,-49.1725,60,"Telemetria",1
"20699000","Niquelândia","GO",-14.5683,-48.1589,60,"Telemetria",2
"20920080","Minaçu","GO",-13.8286,-48.3067,60,"Telemetria",1
"210020401A","Alcântara","MA",-2.404,-44.413999999999994,10,"CEMADEN",1
"210043601A","Alto Alegre do Maranhão","MA",-4.20157,-44.45349,10,"CEMADEN",3
"210047701A","Alto Alegre do Pindaré","MA",-3.6673199999999997,-45.84769,10,"CEMADEN",2
"210050102A","Alto Parnaíba","MA",-9.107706,-45.931828,10,"CEMADEN",4
"210083201A","Apicum-açu","MA",-1.53985,-45.07942,10,"CEMADEN",7
"210090701A","Araioses","MA",-2.89129,-41.90393,10,"CEMADEN",6
"210095601A","Arame","MA",-4.88694,-46.009640000000005,10,"CEMADEN",3
"210100401A","Arari","MA",-3.45135,-44.77961,10,"CEMADEN",1
"210120202A","Bacabal","MA",-4.242242,-44.814174,10,"CEMADEN",2
"210130101A","Bacuri","MA",-1.72816,-45.14203,10,"CEMADEN",7
"210140001A","Balsas","MA",-7.53341,-46.04021,10,"CEMADEN",5
"210177201A","Bela Vista do Maranhão","MA",-3.742019,-45.25045,10,"CEMADEN",7
"210180601A","Benedito Leite","MA",-7.22492,-44.55811,10,"CEMADEN",5
"210197001A","Boa Vista do Gurupi","MA",-1.7890599999999999,-46.30883,10,"CEMADEN",1
"210220001A","Buriti","MA",-3.94254,-42.92467,10,"CEMADEN",7
"210232501A","Buriticupu","MA",-4.31779,-46.45999,10,"CEMADEN",8
"210250701A","Cajari","MA",-3.32104,-45.01025,10,"CEMADEN",1
"210270501A","Cantanhede","MA",-3.63431,-44.37722,10,"CEMADEN",2
"21030000","Minaçu","GO",-13.5483,-48.23,15,"Telemetria",1
"210300001A","Caxias","MA",-4.83435,-43.33886,10,"CEMADEN",7
"210300002A","Caxias","MA",-4.85817,-43.37018,10,"CEMADEN",4
"210300003A","Caxias","MA",-4.88365,-43.35513,10,"CEMADEN",6
"210315801A","Centro do Guilherme","MA",-2.4489400000000003,-46.04064,10,"CEMADEN",4
"210320801A","Chapadinha","MA",-3.72102,-43.36439,10,"CEMADEN",3
"210320802A","Chapadinha","MA",-3.740662,-43.354885,10,"CEMADEN",3
"210330701A","Codó","MA",-4.47495,-43.90394,10,"CEMADEN",5
"210330702A","Codó","MA",-4.45003,-43.86909,10,"CEMADEN",5
"210340601A","Coelho Neto","MA",-4.25688,-43.027,10,"CEMADEN",5
"210340602A","Coelho Neto","MA",-4.251,-43.013,10,"CEMADEN",4
"210350501A","Colinas","MA",-6.03192,-44.24784,10,"CEMADEN",9
"210355401A","Conceição do Lago-açu","MA",-3.8467,-44.89139,10,"CEMADEN",2
"210360401A","Coroatá","MA",-4.13594,-44.1114,10,"CEMADEN",6
"210390101A","Duque Bacelar","MA",-4.155469999999999,-42.94415,10,"CEMADEN",3
"21040000","Cavalcante","GO",-13.5539,-47.9908,15,"Telemetria",1
"210400801A","Esperantinópolis","MA",-4.875724,-44.88177,10,"CEMADEN",2
"210410701A","Fortaleza dos Nogueiras","MA",-6.96459,-46.1814,10,"CEMADEN",4
"210420601A","Fortuna","MA",-5.73646,-44.16077,10,"CEMADEN",3
"210480001A","Grajaú","MA",-5.81676,-46.14309,10,"CEMADEN",2
"210480002A","Grajaú","MA",-5.80975,-46.12208,10,"CEMADEN",1
"21050200","Minaçu","GO",-13.23,-48.1928,15,"Telemetria",1
"210510401A","Icatu","MA",-2.7751,-44.06541,10,"CEMADEN",6
"210515301A","Igarapãò do Meio","MA",-3.63686,-45.18226,10,"CEMADEN",4
"210530201A","Imperatriz","MA",-5.54839,-47.47602,10,"CEMADEN",6
"210530202A","Imperatriz","MA",-5.49248,-47.46031,10,"CEMADEN",2
"210530203A","Imperatriz","MA",-5.53024,-47.48498,10,"CEMADEN",4
"210530204A","Imperatriz","MA",-5.53254,-47.45691,10,"CEMADEN",2
"210540101A","Itapecuru Mirim","MA",-3.39619,-44.35254,10,"CEMADEN",3
"210545001A","Jatobá","MA",-5.81861,-44.2302,10,"CEMADEN",7
"210570801A","Lago da Pedra","MA",-4.5746,-45.13088,10,"CEMADEN",5
"210580701A","Lago do Junco","MA",-4.61059,-45.0546,10,"CEMADEN",6
"210590601A","Lago Verde","MA",-4.04169,-44.93504,10,"CEMADEN",2
"210594801A","Lago dos Rodrigues","MA",-4.61398,-44.9822,10,"CEMADEN",5
"210596302A","Lagoa Grande do Maranhão","MA",-4.99369,-45.381276,10,"CEMADEN",2
"210630001A","Magalhães de Almeida","MA",-3.39947,-42.20469,10,"CEMADEN",3
"210635902A","Marajá do Sena","MA",-4.621614,-45.455797,10,"CEMADEN",2
"210660701A","Matões","MA",-5.52,-43.20131,10,"CEMADEN",6
"210663101A","Matões do Norte","MA",-3.63165,-44.551790000000004,10,"CEMADEN",1
"210670601A","Mirador","MA",-6.363017,-44.361566,10,"CEMADEN",1
"210675501A","Miranda do Norte","MA",-3.56219,-44.58606,10,"CEMADEN",5
"210680501A","Mirinzal","MA",-2.06688,-44.78363,10,"CEMADEN",5
"210690401A","Monção","MA",-3.49137,-45.25196,10,"CEMADEN",4
"210720901A","Nina Rodrigues","MA",-3.46515,-43.90837,10,"CEMADEN",2
"210745601A","Olinda Nova do Maranhão","MA",-3.002,-44.98774,10,"CEMADEN",4
"210750601A","Paço do Lumiar","MA",-2.5319599999999998,-44.108090000000004,10,"CEMADEN",1
"210760501A","Palmeirândia","MA",-2.64576,-44.89871,10,"CEMADEN",4
"210780301A","Parnarama","MA",-5.6821,-43.09098,10,"CEMADEN",6
"21080000","Paranã","TO",-12.8086,-48.2386,60,"Telemetria",1
"210820701A","Pedreiras","MA",-4.57009,-44.604890000000005,10,"CEMADEN",2
"210830601A","Penalva","MA",-3.28838,-45.174640000000004,10,"CEMADEN",2
"210845401A","Peritoró","MA",-4.37822,-44.33934,10,"CEMADEN",6
"210850401A","Pindaré-mirim","MA",-3.605747,-45.342028,10,"CEMADEN",3
"210870201A","Pio Xii","MA",-3.8888599999999998,-45.1708,10,"CEMADEN",1
"210880101A","Pirapemas","MA",-3.70771,-44.22293,10,"CEMADEN",3
"210890001A","Poção de Pedras","MA",-4.75293,-44.94482,10,"CEMADEN",3
"210910601A","Presidente Dutra","MA",-5.30554,-44.48522,10,"CEMADEN",5
"210930401A","Presidente Vargas","MA",-3.4080739999999996,-44.028929,10,"CEMADEN",4
"210945201A","Raposa","MA",-2.44462,-44.13002,10,"CEMADEN",1
"210960101A","Rosário","MA",-2.9371400000000003,-44.24542,10,"CEMADEN",3
"210975901A","Santa Filomena do Maranhão","MA",-5.495276,-44.555752,10,"CEMADEN",5
"210980901A","Santa Helena","MA",-2.2427599999999996,-45.30798,10,"CEMADEN",4
"211000501A","Santa Luzia","MA",-3.97056,-45.65675,10,"CEMADEN",4
"211010401A","Santa Quitãòria do Maranhão","MA",-3.50144,-42.5629,10,"CEMADEN",4
"211027802A","Santo Amaro do Maranhão","MA",-2.497855,-43.253282,10,"CEMADEN",1
"211060901A","São Bernardo","MA",-3.36197,-42.42103,10,"CEMADEN",2
"211080701A","São Félix de Balsas","MA",-7.083583,-44.811685,10,"CEMADEN",7
"211130002A","São Luís","MA",-2.52098,-44.24708,10,"CEMADEN",3
"211130003A","São Luís","MA",-2.56128,-44.25571,10,"CEMADEN",3
"211130004A","São Luís","MA",-2.56503,-44.31181,10,"CEMADEN",4
"211130005A","São Luís","MA",-2.59289,-44.19027,10,"CEMADEN",5
"211130006A","São Luís","MA",-2.53849,-44.27258,10,"CEMADEN",7
"211130007A","São Luís","MA",-2.49873,-44.28156,10,"CEMADEN",4
"211130008A","São Luís","MA",-2.55193,-44.22401,10,"CEMADEN",8
"211130009A","São Luís","MA",-2.59811,-44.23692,10,"CEMADEN",4
"211130010A","São Luís","MA",-2.71773,-44.31898,10,"CEMADEN",7
"211140901A","São Luís Gonzaga do Maranhão","MA",-4.37407,-44.66434,10,"CEMADEN",2
"211150801A","São Mateus do Maranhão","MA",-4.05466,-44.47239,10,"CEMADEN",2
"211153202A","São Pedro da Água Branca","MA",-5.086944,-48.423256,10,"CEMADEN",4
"211172201A","Satubinha","MA",-4.0404,-45.23619,10,"CEMADEN",4
"211210001A","Timbiras","MA",-4.25536,-43.93945,10,"CEMADEN",8
"211220901A","Timon","MA",-5.11207,-42.85308,10,"CEMADEN",6
"211223301A","Trizidela do Vale","MA",-4.5694,-44.627790000000005,10,"CEMADEN",2
"211227401A","Tufilândia","MA",-3.67095,-46.63328,10,"CEMADEN",5
"211245601A","Turilândia","MA",-2.2237400000000003,-45.3088,10,"CEMADEN",4
"211270401A","Vargem Grande","MA",-3.54754,-43.92218,10,"CEMADEN",7
"211280301A","Viana","MA",-3.20881,-45.00337,10,"CEMADEN",3
"211290201A","Vitória do Mearim","MA",-3.46153,-44.87424,10,"CEMADEN",2
"21160100","Paranã","TO",-13.0847,-48.0981,15,"Telemetria",1
"21210000","Formosa","GO",-15.3222,-47.3817,15,"Telemetria",3
"21220000","Flores de Goiás","GO",-14.4508,-47.0472,15,"Telemetria",7
"21250000","Sítio D''abadia","GO",-14.7858,-46.2472,30,"Telemetria",1
"21268000","Sítio D''abadia","GO",-14.695,-46.2867,30,"Telemetria",1
"21272000","Sítio D''abadia","GO",-14.6825,-46.2992,30,"Telemetria",1
"21273100","Ponte Alta do Bom Jesus","TO",-11.9244,-46.255,60,"Telemetria",1
"21500000","Nova Roma","GO",-13.7625,-46.8375,15,"Telemetria",4
"21539000","São Domingos","GO",-13.3736,-46.3842,30,"Telemetria",5
"21550100","São Domingos","GO",-13.4058,-46.3425,30,"Telemetria",1
"21551100","São Domingos","GO",-13.4172,-46.3875,30,"Telemetria",5
"21600000","Monte Alegre de Goiás","GO",-13.425,-47.1383,60,"Telemetria",2
"21660000","Paranã","TO",-12.6906,-47.7828,60,"Telemetria",1
"21770080","Taguatinga","TO",-12.4686,-46.4433,60,"Telemetria",2
"21780180","Dianópolis","TO",-11.6764,-46.6642,60,"Telemetria",2
"21780270","Dianópolis","TO",-11.7358,-46.7519,60,"Telemetria",1
"21820000","Dianópolis","TO",-11.8161,-46.7875,60,"Telemetria",1
"21830000","Dianópolis","TO",-11.8906,-46.7681,60,"Telemetria",2
"21860000","Paranã","TO",-12.6131,-47.7597,60,"Telemetria",2
"220030101A","Alto Longá","PI",-5.25264,-42.21046,10,"CEMADEN",4
"220110101C","Avelino Lopes","PI",-10.13014,-43.94761,10,"CEMADEN",1
"220120001A","Barras","PI",-4.247,-42.294,10,"CEMADEN",3
"220150701A","Batalha","PI",-4.02391,-42.07596,10,"CEMADEN",7
"220173901C","Betânia do Piauí","PI",-8.13147,-40.789629,10,"CEMADEN",1
"220194501A","Boqueirão do Piauí","PI",-4.48696,-42.11949,10,"CEMADEN",7
"220200001A","Buriti dos Lopes","PI",-3.16735,-41.86237,10,"CEMADEN",5
"220208301A","Cajueiro da Praia","PI",-2.93035,-41.34261,10,"CEMADEN",3
"220220801A","Campo Maior","PI",-4.8260000000000005,-42.166000000000004,10,"CEMADEN",2
"220260401A","Castelo do Piauí","PI",-5.32036,-41.5517,10,"CEMADEN",1
"220265301A","Caxingó","PI",-3.42282,-41.89152,10,"CEMADEN",5
"220270301A","Cocal","PI",-3.47013,-41.55695,10,"CEMADEN",4
"220370101A","Esperantina","PI",-3.898303,-42.234024,10,"CEMADEN",1
"220390901A","Floriano","PI",-6.774322,-43.021261,10,"CEMADEN",6
"220390902A","Floriano","PI",-6.78248,-43.00984,10,"CEMADEN",3
"22042315","São Salvador do Tocantins","TO",-12.785,-48.2403,60,"Telemetria",1
"220465901A","Ilha Grande","PI",-2.852383,-41.817903,10,"CEMADEN",2
"220520101U","Jaicós","PI",-7.360694,-41.150373,10,"CEMADEN",2
"220580501A","Luzilândia","PI",-3.459177,-42.371418,10,"CEMADEN",6
"220610001A","Matias Olímpio","PI",-3.715314,-42.55405,10,"CEMADEN",3
"220620901A","Miguel Alves","PI",-4.16927,-42.89441,10,"CEMADEN",5
"220750402A","Palmeirais","PI",-5.977574,-43.060731,10,"CEMADEN",5
"220770201A","Parnaíba","PI",-2.9046,-41.78113,10,"CEMADEN",6
"220770202A","Parnaíba","PI",-2.91737,-41.73768,10,"CEMADEN",4
"220770203A","Parnaíba","PI",-2.89786,-41.77271,10,"CEMADEN",5
"220830401A","Piracuruca","PI",-3.925851,-41.708022,10,"CEMADEN",4
"220915301A","Santa Cruz dos Milagres","PI",-5.79966,-41.95542,10,"CEMADEN",6
"22100000","Peixe","TO",-12.3922,-48.7117,15,"Telemetria",1
"221000301C","São João do Piauí","PI",-8.305957,-42.34601,10,"CEMADEN",1
"221005201A","São Josãò do Divino","PI",-3.80998,-41.82273,10,"CEMADEN",5
"221030001C","São Julião","PI",-7.084026,-40.836006,10,"CEMADEN",1
"221035901C","São Lourenço do Piauí","PI",-9.162235,-42.5513,10,"CEMADEN",1
"221100101A","Teresina","PI",-5.04607,-42.74604,10,"CEMADEN",5
"221100102A","Teresina","PI",-4.98273,-42.815940000000005,10,"CEMADEN",2
"221100103A","Teresina","PI",-5.10189,-42.74268,10,"CEMADEN",4
"221100104A","Teresina","PI",-5.08766,-42.79912,10,"CEMADEN",4
"221110001A","União","PI",-4.59234,-42.85881,10,"CEMADEN",6
"221120901A","Uruçuí","PI",-7.240904,-44.553349,10,"CEMADEN",7
"221170401C","Wall Ferraz","PI",-7.233510000000001,-41.88435,10,"CEMADEN",1
"22151000","Peixe","TO",-11.9817,-48.6569,15,"Telemetria",2
"22160000","Gurupi","TO",-11.8517,-48.8458,15,"Telemetria",1
"22220000","Chapada da Natividade","TO",-11.7586,-47.8367,15,"Telemetria",1
"22225080","Natividade","TO",-11.3694,-47.5758,60,"Telemetria",1
"22300000","Ipueiras","TO",-11.1519,-48.5158,15,"Telemetria",2
"22320000","Porto Nacional","TO",-10.895,-48.3483,15,"Telemetria",1
"22360000","Porto Nacional","TO",-10.3483,-48.6369,15,"Telemetria",1
"22490100","Lajeado","TO",-9.8519,-48.2836,60,"Telemetria",2
"22490300","Lajeado","TO",-9.8319,-48.2925,60,"Telemetria",1
"22511000","Miranorte","TO",-9.5292,-48.6069,15,"Telemetria",3
"22680000","Novo Acordo","TO",-9.9953,-47.4725,15,"Telemetria",2
"22735000","Pindorama do Tocantins","TO",-11.0169,-47.4839,60,"Telemetria",1
"22735050","Monte do Carmo","TO",-10.8353,-47.7675,60,"Telemetria",1
"22738000","Aparecida do Rio Negro","TO",-10.0017,-47.8272,15,"Telemetria",1
"22900000","Pedro Afonso","TO",-9.3069,-47.9292,15,"Telemetria",1
"22910000","Pedro Afonso","TO",-9.3086,-47.9314,15,"Telemetria",1
"230020001A","Acaraú","CE",-2.878129,-40.123119,10,"CEMADEN",5
"230020002A","Acaraú","CE",-2.88,-40.11,10,"CEMADEN",3
"230070501C","Alto Santo","CE",-5.505944,-38.263472,10,"CEMADEN",1
"230075401A","Amontada","CE",-3.37,-39.881,10,"CEMADEN",2
"230075401H","Amontada","CE",-3.36553,-39.8339,10,"CEMADEN",2
"230075402A","Amontada","CE",-3.364,-39.828,10,"CEMADEN",4
"230075403A","Amontada","CE",-3.282,-39.904,10,"CEMADEN",7
"230140601C","Aratuba","CE",-4.39513,-39.04864,10,"CEMADEN",1
"230170301A","Aurora","CE",-6.943,-38.956,10,"CEMADEN",1
"230170301U","Aurora","CE",-6.949951,-38.973072,10,"CEMADEN",1
"230210701A","Baturitãò","CE",-4.329238,-38.882527,10,"CEMADEN",7
"230230501A","Bela Cruz","CE",-3.059,-40.174,10,"CEMADEN",4
"230240401A","Boa Viagem","CE",-5.138,-39.72,10,"CEMADEN",5
"230280001A","Canindãò","CE",-4.367558,-39.311276,10,"CEMADEN",2
"230280002A","Canindé","CE",-4.34637,-39.30008,10,"CEMADEN",5
"230300601A","Caridade","CE",-4.09934,-39.04575,10,"CEMADEN",2
"230370901A","Caucaia","CE",-3.741,-38.62,10,"CEMADEN",4
"230370902A","Caucaia","CE",-3.74,-38.639,10,"CEMADEN",3
"230370903A","Caucaia","CE",-3.759,-38.661,10,"CEMADEN",4
"230370903H","Caucaia","CE",-3.7411,-38.6314,10,"CEMADEN",2
"230370905A","Caucaia","CE",-3.696,-38.594,10,"CEMADEN",2
"230370906A","Caucaia","CE",-3.749,-38.603,10,"CEMADEN",4
"230390701A","Chaval","CE",-3.035505,-41.238371,10,"CEMADEN",8
"230400401A","Coreaú","CE",-3.550159,-40.657412,10,"CEMADEN",4
"230410301A","Crateús","CE",-5.188178,-40.67247,10,"CEMADEN",6
"230410301C","Crateús","CE",-5.456527,-40.725805,10,"CEMADEN",1
"230410302A","Crateús","CE",-5.169223,-40.666298,10,"CEMADEN",3
"230420201A","Crato","CE",-7.269,-39.458,10,"CEMADEN",1
"230420204H","Crato","CE",-7.238,-39.4167,10,"CEMADEN",3
"230435001A","Forquilha","CE",-3.801,-40.269,10,"CEMADEN",1
"230435001C","Forquilha","CE",-3.814638,-40.155638,10,"CEMADEN",1
"230440001A","Fortaleza","CE",-3.774444,-38.462167,10,"CEMADEN",3
"230440003A","Fortaleza","CE",-3.789,-38.601,10,"CEMADEN",1
"230440004A","Fortaleza","CE",-3.728,-38.565,10,"CEMADEN",5
"230440005A","Fortaleza","CE",-3.774,-38.587,10,"CEMADEN",5
"230440005H","Fortaleza","CE",-3.8382,-38.5329,10,"CEMADEN",1
"230440006A","Fortaleza","CE",-3.726,-38.598,10,"CEMADEN",1
"230440007A","Fortaleza","CE",-3.781,-38.555,10,"CEMADEN",1
"230440008A","Fortaleza","CE",-3.819,-38.533,10,"CEMADEN",1
"230440009A","Fortaleza","CE",-3.753,-38.567,10,"CEMADEN",4
"230440010A","Fortaleza","CE",-3.786,-38.521,10,"CEMADEN",2
"230440011A","Fortaleza","CE",-3.736,-38.589,10,"CEMADEN",4
"230440012A","Fortaleza","CE",-3.731,-38.467,10,"CEMADEN",1
"230440014A","Fortaleza","CE",-3.79,-38.581,10,"CEMADEN",2
"230440015A","Fortaleza","CE",-3.720669,-38.547938,10,"CEMADEN",3
"230440016A","Fortaleza","CE",-3.772921,-38.562032,10,"CEMADEN",6
"230470701A","Granja","CE",-3.043083,-40.685596,10,"CEMADEN",6
"230470702A","Granja","CE",-3.124484,-40.831299,10,"CEMADEN",5
"230490506H","Groaíras","CE",-3.9091,-40.3797,10,"CEMADEN",1
"230500101C","Guaraciaba do Norte","CE",-4.158861,-40.721861,10,"CEMADEN",1
"230540701A","Icó","CE",-6.40441,-38.86382,10,"CEMADEN",4
"230540702A","Icó","CE",-6.4,-38.859,10,"CEMADEN",8
"230550601A","Iguatu","CE",-6.358669,-39.286948,10,"CEMADEN",3
"230550602A","Iguatu","CE",-6.43718,-39.32062,10,"CEMADEN",4
"230610801A","Irauçuba","CE",-3.745,-39.784,10,"CEMADEN",2
"230620701A","Itaiçaba","CE",-4.67725,-37.82539,10,"CEMADEN",3
"230630601C","Itapagãò","CE",-3.729305,-39.670305,10,"CEMADEN",1
"230700701A","Jaguaruana","CE",-4.837,-37.785,10,"CEMADEN",1
"230700702A","Jaguaruana","CE",-4.788,-37.748,10,"CEMADEN",2
"230700703A","Jaguaruana","CE",-4.851,-37.804,10,"CEMADEN",2
"230700704A","Jaguaruana","CE",-4.838,-37.786,10,"CEMADEN",6
"230700705A","Jaguaruana","CE",-4.819,-37.757,10,"CEMADEN",4
"230700706A","Jaguaruana","CE",-4.828,-37.78,10,"CEMADEN",2
"230720501C","Jati","CE",-7.69165,-38.9936,10,"CEMADEN",1
"230730401A","Juazeiro do Norte","CE",-7.225,-39.319,10,"CEMADEN",6
"230750201A","Lavras da Mangabeira","CE",-6.75813,-38.95836,10,"CEMADEN",4
"230750207H","Lavras da Mangabeira","CE",-6.7538,-38.9604,10,"CEMADEN",1
"230760101A","Limoeiro do Norte","CE",-5.151,-38.1,10,"CEMADEN",4
"230763501A","Madalena","CE",-4.850489,-39.572177,10,"CEMADEN",4
"230765001A","Maracanaú","CE",-3.937944,-38.643915,10,"CEMADEN",5
"230765002A","Maracanaú","CE",-3.858333,-38.585277,10,"CEMADEN",4
"230765003A","Maracanaú","CE",-3.819237,-38.625085,10,"CEMADEN",6
"230765004A","Maracanaú","CE",-3.861673,-38.623954,10,"CEMADEN",8
"230770001A","Maranguape","CE",-3.88963,-38.70192,10,"CEMADEN",6
"230770002A","Maranguape","CE",-4.01725,-38.9525,10,"CEMADEN",4
"230780901A","Marco","CE",-3.118,-40.15,10,"CEMADEN",5
"230800501A","Massapê","CE",-3.524,-40.341,10,"CEMADEN",1
"230810401A","Mauriti","CE",-7.388,-38.773,10,"CEMADEN",7
"230820301A","Meruoca","CE",-3.613713,-40.447209,10,"CEMADEN",7
"230830201C","Milagres","CE",-7.305333,-38.972466,10,"CEMADEN",1
"230840101A","Missão Velha","CE",-7.2499,-39.14668,10,"CEMADEN",3
"230870802A","Morada Nova","CE",-5.11,-38.375,10,"CEMADEN",3
"230870803A","Morada Nova","CE",-5.113,-38.374,10,"CEMADEN",3
"230870804A","Morada Nova","CE",-5.107,-38.372,10,"CEMADEN",6
"230870805A","Morada Nova","CE",-5.108,-38.362,10,"CEMADEN",6
"230880701A","Moraújo","CE",-3.466694,-40.677993,10,"CEMADEN",5
"230890601A","Morrinhos","CE",-3.229,-40.126,10,"CEMADEN",2
"230930001C","Nova Russas","CE",-4.680833,-40.579388,10,"CEMADEN",1
"230980501A","Pacoti","CE",-4.225654,-38.919779,10,"CEMADEN",8
"230990401A","Pacujá","CE",-3.979593,-40.697464,10,"CEMADEN",6
"23100000","Tupiratins","TO",-8.3917,-48.1114,15,"Telemetria",1
"23100100","Tupiratins","TO",-8.3917,-48.1114,15,"Telemetria",1
"231050601A","Pedra Branca","CE",-5.455,-39.716,10,"CEMADEN",3
"231070401C","Pentecoste","CE",-3.831416,-39.278527,10,"CEMADEN",1
"231090201C","Piquet Carneiro","CE",-5.945278,-39.420556,10,"CEMADEN",1
"231140501A","Quixeramobim","CE",-5.198,-39.302,10,"CEMADEN",5
"231140501C","Quixeramobim","CE",-5.215975,-39.30062,10,"CEMADEN",1
"231150401A","Quixerãò","CE",-5.08752,-37.90625,10,"CEMADEN",5
"231160301C","Redenção","CE",-4.347568,-38.69471,10,"CEMADEN",1
"231180101A","Russas","CE",-4.92271,-37.97669,10,"CEMADEN",8
"231180102A","Russas","CE",-4.92484,-38.08989,10,"CEMADEN",2
"231200701A","Santana do Acaraú","CE",-3.466,-40.212,10,"CEMADEN",2
"231200702H","Santana do Acaraú","CE",-3.4557,-40.2126,10,"CEMADEN",1
"231270001A","Senador Pompeu","CE",-5.589,-39.378,10,"CEMADEN",2
"231290801A","Sobral","CE",-3.709,-40.335,10,"CEMADEN",2
"231290802A","Sobral","CE",-3.69,-40.372,10,"CEMADEN",2
"231290803A","Sobral","CE",-3.66,-40.345,10,"CEMADEN",2
"231300501C","Solonópole","CE",-5.738352,-39.08834,10,"CEMADEN",1
"231310401A","Tabuleiro do Norte","CE",-5.251585,-38.130267,10,"CEMADEN",5
"231310401C","Tabuleiro do Norte","CE",-5.300805,-38.12925,10,"CEMADEN",1
"231410201A","Viçosa do Ceará","CE",-3.59938,-41.06963,10,"CEMADEN",4
"231410202A","Viçosa do Ceará","CE",-3.59895,-41.03121,10,"CEMADEN",6
"23150100","Itacajá","TO",-8.3914,-47.7658,15,"Telemetria",1
"23250000","Carolina","MA",-7.7078,-47.3117,15,"Telemetria",1
"23490000","Palmeiras do Tocantins","TO",-6.5922,-47.4664,60,"Telemetria",1
"23790000","Imperatriz","MA",-5.5581,-47.4831,60,"Telemetria",2
"240020801A","Açu","RN",-5.569,-36.913,10,"CEMADEN",2
"240030701C","Afonso Bezerra","RN",-5.509138,-36.511333,10,"CEMADEN",1
"240070301A","Alto do Rodrigues","RN",-5.297000000000001,-36.760999999999996,10,"CEMADEN",3
"240100801A","Apodi","RN",-5.655,-37.816,10,"CEMADEN",4
"240140401A","Baía Formosa","RN",-6.369361,-35.006998,10,"CEMADEN",6
"240200601A","Caicó","RN",-6.46004,-37.0969959,10,"CEMADEN",4
"240200601C","Caicó","RN",-6.442542,-37.075422,10,"CEMADEN",3
"240200602A","Caicó","RN",-6.46898,-37.09399,10,"CEMADEN",1
"240220401A","Canguaretama","RN",-6.382,-35.129,10,"CEMADEN",4
"240220402A","Canguaretama","RN",-6.314,-35.044,10,"CEMADEN",7
"240260001A","Ceará-mirim","RN",-5.632000000000001,-35.421,10,"CEMADEN",1
"24035000","Santa Rita do Araguaia","GO",-17.3322,-53.205,60,"Telemetria",1
"240360801A","Extremoz","RN",-5.69841,-35.288123,10,"CEMADEN",1
"240420001A","Goianinha","RN",-6.262,-35.21,10,"CEMADEN",5
"240450701A","Guamaré","RN",-5.110296,-36.331391000000004,10,"CEMADEN",4
"240470501A","Ipanguaçu","RN",-5.508,-36.859,10,"CEMADEN",5
"240485301A","Itajá","RN",-5.646687,-36.873416999999996,10,"CEMADEN",1
"24055000","Alto Araguaia","MT",-17.2967,-53.2172,60,"Telemetria",1
"240580101A","João Câmara","RN",-5.539866,-35.813072999999996,10,"CEMADEN",2
"240580101C","João Câmara","RN",-5.505637999999999,-35.802583,10,"CEMADEN",1
"240610601A","Jucurutu","RN",-6.033514,-37.019168,10,"CEMADEN",1
"240650201C","Lagoa Nova","RN",-6.104222,-36.470388,10,"CEMADEN",2
"240720301A","Macau","RN",-5.151018,-36.573211,10,"CEMADEN",3
"240750001A","Maxaranguape","RN",-5.518407,-35.262999,10,"CEMADEN",1
"240800302A","Mossoró","RN",-5.197,-37.369,10,"CEMADEN",6
"240800303A","Mossoró","RN",-5.187,-37.34,10,"CEMADEN",4
"240800304A","Mossoró","RN",-5.211,-37.361999999999995,10,"CEMADEN",3
"240800305A","Mossoró","RN",-5.228,-37.319,10,"CEMADEN",3
"240800306A","Mossoró","RN",-5.178,-37.331,10,"CEMADEN",2
"240800307A","Mossoró","RN",-5.165,-37.357,10,"CEMADEN",2
"240800308A","Mossoró","RN",-5.151,-37.358,10,"CEMADEN",4
"240810201A","Natal","RN",-5.751,-35.268,10,"CEMADEN",5
"240810202A","Natal","RN",-5.842,-35.276,10,"CEMADEN",7
"240810203A","Natal","RN",-5.861,-35.208,10,"CEMADEN",3
"240810204A","Natal","RN",-5.815,-35.231,10,"CEMADEN",1
"240810205A","Natal","RN",-5.736000000000001,-35.238,10,"CEMADEN",4
"240810206A","Natal","RN",-5.823,-35.258,10,"CEMADEN",9
"240810207A","Natal","RN",-5.891,-35.17,10,"CEMADEN",3
"240810208A","Natal","RN",-5.789,-35.211999999999996,10,"CEMADEN",1
"240830001C","Nova Cruz","RN",-6.475887999999999,-35.482694,10,"CEMADEN",1
"240930801A","Patu","RN",-6.112,-37.638,10,"CEMADEN",1
"240990201A","Pendências","RN",-5.256,-36.719,10,"CEMADEN",6
"241120501C","Santa Cruz","RN",-6.195336,-36.006915,10,"CEMADEN",1
"241220301A","São José de Mipibu","RN",-6.071342,-35.243812,10,"CEMADEN",5
"241220302A","São Josãò de Mipibu","RN",-6.161974,-35.314018,10,"CEMADEN",2
"241260901C","São Paulo do Potengi","RN",-5.913416000000001,-35.70175,10,"CEMADEN",1
"241280701A","São Rafael","RN",-5.801283,-36.880071,10,"CEMADEN",1
"241440701A","Touros","RN",-5.19292,-35.46463,10,"CEMADEN",2
"241460501A","Upanema","RN",-5.649023,-37.258646,10,"CEMADEN",1
"241470401A","Várzea","RN",-6.347,-35.376,10,"CEMADEN",2
"24179090","Ribeirãozinho","MT",-16.3375,-52.745,60,"Telemetria",2
"24180050","Paranatinga","MT",-16.3056,-52.7097,60,"Telemetria",2
"24180080","Ribeirãozinho","MT",-16.2986,-52.7028,60,"Telemetria",1
"24500000","Tesouro","MT",-16.0778,-53.5481,15,"Telemetria",2
"24653000","Barra do Garças","MT",-15.8994,-52.2764,15,"Telemetria",3
"24700000","Aragarças","GO",-15.8914,-52.2278,15,"Telemetria",1
"24710000","Barra do Garças","MT",-16.1025,-52.4836,15,"Telemetria",1
"24720000","Arenópolis","GO",-16.7658,-51.6358,60,"Telemetria",2
"24725000","Arenópolis","GO",-16.6631,-51.5844,30,"Telemetria",2
"24735000","Arenópolis","GO",-16.5072,-51.4364,60,"Telemetria",1
"24735100","Arenópolis","GO",-16.475,-51.4133,30,"Telemetria",1
"24743000","Ivolândia","GO",-16.6847,-51.2325,60,"Telemetria",2
"24744000","Ivolândia","GO",-16.555,-51.2928,60,"Telemetria",1
"24744900","Ivolândia","GO",-16.4414,-51.3969,60,"Telemetria",4
"24745000","Arenópolis","GO",-16.4033,-51.4033,30,"Telemetria",2
"24747000","Arenópolis","GO",-16.3697,-51.4178,30,"Telemetria",1
"24748000","Arenópolis","GO",-16.3419,-51.4397,30,"Telemetria",2
"24748700","Arenópolis","GO",-16.3306,-51.46,30,"Telemetria",4
"24760000","Piranhas","GO",-16.6164,-51.77,60,"Telemetria",4
"24770000","Piranhas","GO",-16.5864,-51.8156,60,"Telemetria",7
"24800000","Aragarças","GO",-15.8897,-51.8528,15,"Telemetria",4
"24850000","Registro do Araguaia","GO",-15.7381,-51.8281,15,"Telemetria",3
"24950000","Montes Claros de Goiás","GO",-15.9397,-51.3575,15,"Telemetria",4
"250030401A","Alagoa Grande","PB",-7.039,-35.631,10,"CEMADEN",6
"250050201A","Alagoinha","PB",-6.95052,-35.54654,10,"CEMADEN",5
"250157501C","Barra de Santana","PB",-7.513027,-36.007575,10,"CEMADEN",1
"250180701A","Bayeux","PB",-7.122,-34.906,10,"CEMADEN",9
"250180702A","Bayeux","PB",-7.133,-34.94,10,"CEMADEN",8
"250180703A","Bayeux","PB",-7.148,-34.923,10,"CEMADEN",10
"250300101A","Caaporã","PB",-7.516,-34.917,10,"CEMADEN",6
"250320901A","Cabedelo","PB",-6.973,-34.836,10,"CEMADEN",2
"250320902A","Cabedelo","PB",-7.037,-34.851,10,"CEMADEN",6
"250320903A","Cabedelo","PB",-7.076,-34.85,10,"CEMADEN",7
"250400901A","Campina Grande","PB",-7.207,-35.886,10,"CEMADEN",10
"250400901C","Campina Grande","PB",-7.273366,-36.098937,10,"CEMADEN",3
"250400902A","Campina Grande","PB",-7.244,-35.874,10,"CEMADEN",9
"250400903A","Campina Grande","PB",-7.252,-35.895,10,"CEMADEN",8
"250400904A","Campina Grande","PB",-7.249,-35.917,10,"CEMADEN",10
"250400905A","Campina Grande","PB",-7.215,-35.924,10,"CEMADEN",5
"250400906A","Campina Grande","PB",-7.274,-35.932,10,"CEMADEN",10
"250400907A","Campina Grande","PB",-7.229,-35.947,10,"CEMADEN",5
"250480101A","Coremas","PB",-7.020601,-37.951389,10,"CEMADEN",3
"250600401C","Esperança","PB",-7.04725,-35.874790999999995,10,"CEMADEN",1
"250750701A","João Pessoa","PB",-7.166,-34.882,10,"CEMADEN",9
"250750702A","João Pessoa","PB",-7.184,-34.859,10,"CEMADEN",9
"250750703A","João Pessoa","PB",-7.185,-34.88,10,"CEMADEN",7
"250750704A","João Pessoa","PB",-7.148,-34.798,10,"CEMADEN",4
"250750705A","João Pessoa","PB",-7.124,-34.847,10,"CEMADEN",10
"250750706A","João Pessoa","PB",-7.109,-34.837,10,"CEMADEN",5
"250750707A","João Pessoa","PB",-7.119,-34.886,10,"CEMADEN",8
"250770501C","Juazeirinho","PB",-7.07857,-36.59096,10,"CEMADEN",2
"250780401C","Junco do Seridó","PB",-6.977710000000001,-36.699146999999996,10,"CEMADEN",1
"25090000","Goiás","GO",-15.9147,-50.1278,15,"Telemetria",5
"250910701A","Mari","PB",-7.061,-35.317,10,"CEMADEN",4
"250930501A","Mataraca","PB",-6.602,-35.051,10,"CEMADEN",1
"250980001A","Mulungu","PB",-7.031,-35.462,10,"CEMADEN",9
"25100000","Goiás","GO",-15.9222,-50.1717,15,"Telemetria",2
"251080801A","Patos","PB",-7.031937,-37.293846,10,"CEMADEN",4
"251080801C","Patos","PB",-6.979118,-37.270222,10,"CEMADEN",1
"251080802A","Patos","PB",-7.015677,-37.284532,10,"CEMADEN",3
"251190501A","Pitimbu","PB",-7.478,-34.813,10,"CEMADEN",3
"251210101C","Pombal","PB",-6.764596,-37.840776,10,"CEMADEN",3
"251270501C","Remígio","PB",-6.9300820000000005,-35.789997,10,"CEMADEN",1
"25130000","Matrinchã","GO",-15.5358,-50.7047,15,"Telemetria",3
"251360401C","Santana dos Garrotes","PB",-7.37789,-38.00752,10,"CEMADEN",2
"251380201C","Santa Teresinha","PB",-7.081025,-37.42702,10,"CEMADEN",1
"251390101A","São Bento","PB",-6.483155,-37.446505,10,"CEMADEN",4
"251530201A","Sapé","PB",-7.098,-35.224,10,"CEMADEN",10
"251600301C","Solânea","PB",-6.635963,-35.731228,10,"CEMADEN",3
"251610201C","Soledade","PB",-7.05993,-36.38375,10,"CEMADEN",2
"251620101A","Sousa","PB",-6.757314,-38.222711,10,"CEMADEN",6
"251620102A","Sousa","PB",-6.782488,-38.2591,10,"CEMADEN",3
"251650802U","Taperoá","PB",-7.216163,-36.826903,10,"CEMADEN",1
"25200000","Aruanã","GO",-14.9128,-51.0814,15,"Telemetria",4
"25700000","Nova Crixás","GO",-13.6897,-50.8,15,"Telemetria",6
"260005401A","Abreu e Lima","PE",-7.917,-34.898,10,"CEMADEN",1
"260005402A","Abreu e Lima","PE",-7.895636,-34.941958,10,"CEMADEN",6
"260010401A","Afogados da Ingazeira","PE",-7.7429500000000004,-37.62516,10,"CEMADEN",2
"260020302A","Afrânio","PE",-8.51714,-41.00909,10,"CEMADEN",1
"260040101A","Água Preta","PE",-8.70865,-35.52197,10,"CEMADEN",4
"260040102A","Água Preta","PE",-8.708611,-35.521667,10,"CEMADEN",1
"260050001A","Águas Belas","PE",-9.128,-37.037,10,"CEMADEN",2
"260050002A","Águas Belas","PE",-9.116,-37.118,10,"CEMADEN",4
"260060901A","Alagoinha","PE",-8.46269,-36.7675,10,"CEMADEN",1
"260070801A","Aliança","PE",-7.609028,-35.234667,10,"CEMADEN",4
"260080701A","Altinho","PE",-8.49048,-36.06042,10,"CEMADEN",5
"260080702A","Altinho","PE",-8.49,-36.058333,10,"CEMADEN",4
"260090601A","Amaraji","PE",-8.377778,-35.4475,10,"CEMADEN",5
"260100301A","Angelim","PE",-8.888056,-36.286389,10,"CEMADEN",3
"260105201A","Araçoiaba","PE",-7.789111,-35.091472,10,"CEMADEN",5
"260110202A","Araripina","PE",-7.5771,-40.5058,10,"CEMADEN",1
"260130001A","Barra de Guabiraba","PE",-8.418,-35.664,10,"CEMADEN",8
"260130016H","Barra de Guabiraba","PE",-8.419216,-35.662985,10,"CEMADEN",2
"260140901A","Barreiros","PE",-8.813,-35.199,10,"CEMADEN",4
"260140902A","Barreiros","PE",-8.807,-35.186,10,"CEMADEN",7
"260140903A","Barreiros","PE",-8.806444,-35.186139000000004,10,"CEMADEN",1
"260140917H","Barreiros","PE",-8.825208,-35.229227,10,"CEMADEN",2
"260150802A","Belém de Maria","PE",-8.62059,-35.8412,10,"CEMADEN",5
"260190401A","Bezerros","PE",-8.228,-35.751,10,"CEMADEN",4
"260210001C","Bom Conselho","PE",-9.184638,-36.710027000000004,10,"CEMADEN",1
"260220901A","Bom Jardim","PE",-7.791,-35.595889,10,"CEMADEN",2
"260230801A","Bonito","PE",-8.478559,-35.723527,10,"CEMADEN",3
"260230802A","Bonito","PE",-8.527204,-35.723541,10,"CEMADEN",1
"260250601A","Brejinho","PE",-7.34566,-37.2897,10,"CEMADEN",2
"260260501C","Brejo da Madre de Deus","PE",-8.198444,-36.161555,10,"CEMADEN",1
"260270401A","Buenos Aires","PE",-7.723343,-35.323341,10,"CEMADEN",5
"260280301A","Buíque","PE",-8.615,-37.154722,10,"CEMADEN",4
"260290201G","Cabo de Santo Agostinho","PE",-8.282031,-35.064671999999995,10,"CEMADEN",1
"260290202A","Cabo de Santo Agostinho","PE",-8.297,-35.056999999999995,10,"CEMADEN",3
"260290203A","Cabo de Santo Agostinho","PE",-8.287,-35.033,10,"CEMADEN",6
"260290204A","Cabo de Santo Agostinho","PE",-8.33,-34.956,10,"CEMADEN",4
"260290205A","Cabo de Santo Agostinho","PE",-8.233,-34.979,10,"CEMADEN",5
"260300901A","Cabrobó","PE",-8.50897,-39.31329,10,"CEMADEN",4
"260310801A","Cachoeirinha","PE",-8.484,-36.238,10,"CEMADEN",5
"260310802A","Cachoeirinha","PE",-8.492452,-36.238116,10,"CEMADEN",2
"260320701A","Caetés","PE",-8.773333,-36.621667,10,"CEMADEN",4
"260330601A","Calçado","PE",-8.737501,-36.337888,10,"CEMADEN",3
"26033600","Campo Verde","MT",-15.3661,-54.8,60,"Telemetria",2
"26033700","Poxoréo","MT",-15.4072,-54.4322,60,"Telemetria",2
"26033800","Primavera do Leste","MT",-15.3717,-54.3836,60,"Telemetria",3
"260340501A","Calumbi","PE",-7.938806,-38.152944,10,"CEMADEN",1
"260345401A","Camaragibe","PE",-8.026,-34.993,10,"CEMADEN",2
"260345402A","Camaragibe","PE",-8.02,-35.003,10,"CEMADEN",5
"260345403A","Camaragibe","PE",-8.026,-34.975,10,"CEMADEN",4
"260345404A","Camaragibe","PE",-8.021425,-34.987566,10,"CEMADEN",10
"260345405A","Camaragibe","PE",-7.999,-34.98,10,"CEMADEN",4
"260345406A","Camaragibe","PE",-7.956,-35.009,10,"CEMADEN",7
"26034600","Primavera do Leste","MT",-15.2225,-53.9661,15,"Telemetria",1
"260350401A","Camocim de São Fãòlix","PE",-8.382333,-35.759388,10,"CEMADEN",4
"260360301A","Camutanga","PE",-7.41446,-35.25698,10,"CEMADEN",2
"260380101A","Capoeiras","PE",-8.7348,-36.627,10,"CEMADEN",2
"260390001A","Carnaíba","PE",-7.80153,-37.80442,10,"CEMADEN",1
"260392601A","Carnaubeira da Penha","PE",-8.32885,-38.74476,10,"CEMADEN",1
"260410601A","Caruaru","PE",-8.285,-35.976,10,"CEMADEN",8
"260410602A","Caruaru","PE",-8.277,-35.949,10,"CEMADEN",4
"260410603A","Caruaru","PE",-8.176,-35.973,10,"CEMADEN",1
"260410605A","Caruaru","PE",-8.258,-35.884,10,"CEMADEN",3
"260410606A","Caruaru","PE",-8.373,-35.986,10,"CEMADEN",4
"260410607A","Caruaru","PE",-8.297,-36.031,10,"CEMADEN",5
"260410608A","Caruaru","PE",-8.282617,-35.938122,10,"CEMADEN",1
"260415501A","Casinhas","PE",-7.746056,-35.725444,10,"CEMADEN",4
"260420501A","Catende","PE",-8.669,-35.72,10,"CEMADEN",1
"260420502A","Catende","PE",-8.67,-35.737,10,"CEMADEN",4
"260420503A","Catende","PE",-8.598,-35.766,10,"CEMADEN",4
"260420504A","Catende","PE",-8.67224,-35.7187,10,"CEMADEN",4
"260440301A","Chã de Alegria","PE",-7.99754,-35.21584,10,"CEMADEN",4
"260450201A","Chã Grande","PE",-8.24445,-35.45956,10,"CEMADEN",7
"260460101A","Condado","PE",-7.580278,-35.102528,10,"CEMADEN",4
"260470001A","Correntes","PE",-9.128,-36.329,10,"CEMADEN",7
"260480901A","Cortês","PE",-8.47569,-35.54686,10,"CEMADEN",6
"260480902A","Cortês","PE",-8.470639,-35.5445,10,"CEMADEN",1
"260490801A","Cumaru","PE",-8.006378,-35.709082,10,"CEMADEN",4
"260510301A","Custódia","PE",-8.08651,-37.63223,10,"CEMADEN",2
"260515201A","Dormentes","PE",-8.512667,-40.416528,10,"CEMADEN",3
"260520201A","Escada","PE",-8.369,-35.241,10,"CEMADEN",5
"260520202A","Escada","PE",-8.355833,-35.234167,10,"CEMADEN",2
"260520202H","Escada","PE",-8.3643,-35.2366,10,"CEMADEN",1
"26053100","Novo São Joaquim","MT",-14.8689,-53.3014,60,"Telemetria",3
"26053120","Novo São Joaquim","MT",-14.8569,-53.2919,60,"Telemetria",1
"26054000","Novo São Joaquim","MT",-14.8672,-53.2833,60,"Telemetria",1
"260540001A","Feira Nova","PE",-7.92885,-35.39204,10,"CEMADEN",5
"260550901A","Ferreiros","PE",-7.4482,-35.24111,10,"CEMADEN",4
"26057000","Nova Xavantina","MT",-14.5342,-52.3314,15,"Telemetria",1
"260570701A","Floresta","PE",-8.598,-38.581,10,"CEMADEN",5
"260570701C","Floresta","PE",-8.611583,-38.48625,10,"CEMADEN",1
"260570702A","Floresta","PE",-8.320957,-38.411878,10,"CEMADEN",1
"260580601A","Frei Miguelinho","PE",-7.94222,-35.92465,10,"CEMADEN",1
"260580601C","Frei Miguelinho","PE",-7.954333,-35.9155,10,"CEMADEN",1
"260590501A","Gameleira","PE",-8.587,-35.386,10,"CEMADEN",8
"260590502A","Gameleira","PE",-8.583139,-35.385472,10,"CEMADEN",1
"260590518H","Gameleira","PE",-8.586337,-35.388637,10,"CEMADEN",1
"260610102A","Glória do Goitá","PE",-8.00105,-35.28466,10,"CEMADEN",3
"260620001A","Goiana","PE",-7.531555,-34.996284,10,"CEMADEN",8
"260620002A","Goiana","PE",-7.5586,-34.99826,10,"CEMADEN",7
"260620003A","Goiana","PE",-7.56648,-34.85794,10,"CEMADEN",4
"260620003H","Goiana","PE",-7.5555,-34.9983,10,"CEMADEN",1
"260650701A","Iati","PE",-9.051381,-36.857439,10,"CEMADEN",1
"260660601A","Ibimirim","PE",-8.533,-37.696999999999996,10,"CEMADEN",1
"260680403A","Igarassu","PE",-7.807,-34.933,10,"CEMADEN",8
"260680404A","Igarassu","PE",-7.874,-34.916,10,"CEMADEN",3
"260680405A","Igarassu","PE",-7.871,-34.862,10,"CEMADEN",7
"260680406A","Igarassu","PE",-7.87247,-34.912009999999995,10,"CEMADEN",2
"260690301A","Iguaraci","PE",-7.83732,-37.51445,10,"CEMADEN",1
"260690301C","Iguaraci","PE",-7.842563,-37.541540000000005,10,"CEMADEN",1
"26070000","Ribeirão Cascalheira","MT",-12.9186,-51.3297,15,"Telemetria",2
"260710901A","Ingazeira","PE",-7.67884,-37.45995,10,"CEMADEN",1
"260720801A","Ipojuca","PE",-8.4,-35.064,10,"CEMADEN",7
"260720802A","Ipojuca","PE",-8.511000000000001,-35.122,10,"CEMADEN",1
"260720803A","Ipojuca","PE",-8.507,-35.004,10,"CEMADEN",3
"260720804A","Ipojuca","PE",-8.411,-35.07,10,"CEMADEN",4
"260720805A","Ipojuca","PE",-8.368205,-35.13522,10,"CEMADEN",3
"260730701A","Ipubi","PE",-7.651,-40.147,10,"CEMADEN",1
"260730702A","Ipubi","PE",-7.47,-40.278,10,"CEMADEN",4
"260730703A","Ipubi","PE",-7.658278,-40.157278000000005,10,"CEMADEN",2
"260740601A","Itacuruba","PE",-8.726222,-38.689917,10,"CEMADEN",2
"260740601C","Itacuruba","PE",-8.723388,-38.679222,10,"CEMADEN",2
"260750501A","Itaíba","PE",-8.940367,-37.41153,10,"CEMADEN",2
"260750501U","Itaíba","PE",-9.009333,-37.34575,10,"CEMADEN",1
"260760401A","Ilha de Itamaracá","PE",-7.76845,-34.86882,10,"CEMADEN",3
"260765301A","Itambé","PE",-7.40623,-35.11303,10,"CEMADEN",4
"260765302A","Itambé","PE",-7.52595,-35.08494,10,"CEMADEN",3
"260770301A","Itapetim","PE",-7.37536,-37.19018,10,"CEMADEN",4
"260775201A","Itapissuma","PE",-7.749680000000001,-34.93442,10,"CEMADEN",2
"260780201A","Itaquitinga","PE",-7.66667,-35.123059999999995,10,"CEMADEN",3
"260790101A","Jaboatão dos Guararapes","PE",-8.157,-34.968,10,"CEMADEN",3
"260790102A","Jaboatão dos Guararapes","PE",-8.09,-34.97,10,"CEMADEN",4
"260790102G","Jaboatão dos Guararapes","PE",-8.100284,-34.982616,10,"CEMADEN",2
"260790103A","Jaboatão dos Guararapes","PE",-8.096,-34.971,10,"CEMADEN",3
"260790104A","Jaboatão dos Guararapes","PE",-8.187999999999999,-34.953,10,"CEMADEN",2
"260790104G","Jaboatão dos Guararapes","PE",-8.098711,-34.974641,10,"CEMADEN",1
"260790106A","Jaboatão dos Guararapes","PE",-8.154,-34.914,10,"CEMADEN",4
"260790107A","Jaboatão dos Guararapes","PE",-8.112,-35.015,10,"CEMADEN",5
"260790108A","Jaboatão dos Guararapes","PE",-8.07105,-34.99392,10,"CEMADEN",8
"260790109A","Jaboatão dos Guararapes","PE",-8.22,-34.931999999999995,10,"CEMADEN",4
"260790110A","Jaboatão dos Guararapes","PE",-8.168,-34.928000000000004,10,"CEMADEN",3
"260790115H","Jaboatão dos Guararapes","PE",-8.1088,-34.99944,10,"CEMADEN",1
"260795001A","Jaqueira","PE",-8.731,-35.804,10,"CEMADEN",7
"260795002A","Jaqueira","PE",-8.732056,-35.803917,10,"CEMADEN",2
"260800801A","Jataúba","PE",-7.98526,-36.50162,10,"CEMADEN",1
"260800801C","Jataúba","PE",-8.007666,-36.444277,10,"CEMADEN",1
"260805701A","Jatobá","PE",-9.17572,-38.25769,10,"CEMADEN",1
"260810701A","João Alfredo","PE",-7.864894,-35.56781,10,"CEMADEN",1
"260820601A","Joaquim Nabuco","PE",-8.626,-35.525999999999996,10,"CEMADEN",1
"260820602A","Joaquim Nabuco","PE",-8.63233,-35.5341,10,"CEMADEN",3
"260830501A","Jupi","PE",-8.7103,-36.3956,10,"CEMADEN",2
"260840401A","Jurema","PE",-8.72,-36.143,10,"CEMADEN",3
"260845301A","Lagoa do Carro","PE",-7.84385,-35.30058,10,"CEMADEN",5
"260850301A","Lagoa de Itaenga","PE",-7.93096,-35.24276,10,"CEMADEN",6
"260860201A","Lagoa do Ouro","PE",-9.120547,-36.462394,10,"CEMADEN",5
"260870101A","Lagoa dos Gatos","PE",-8.663,-35.9046,10,"CEMADEN",5
"260880001A","Lajedo","PE",-8.66027,-36.32232,10,"CEMADEN",4
"260890901A","Limoeiro","PE",-7.86623,-35.43469,10,"CEMADEN",4
"260900601A","Macaparana","PE",-7.5581,-35.45261,10,"CEMADEN",3
"260910501A","Machados","PE",-7.68894,-35.50866,10,"CEMADEN",5
"260915401A","Manari","PE",-8.95817,-37.61982,10,"CEMADEN",1
"260915401C","Manari","PE",-8.9475,-37.602361,10,"CEMADEN",1
"260920401A","Maraial","PE",-8.783,-35.811,10,"CEMADEN",5
"260920402A","Maraial","PE",-8.884,-35.748,10,"CEMADEN",7
"260930301A","Mirandiba","PE",-8.1167,-38.73,10,"CEMADEN",1
"260940201A","Moreno","PE",-8.105,-35.195,10,"CEMADEN",7
"260940202A","Moreno","PE",-8.118,-35.101,10,"CEMADEN",10
"260950101A","Nazaré da Mata","PE",-7.733,-35.264,10,"CEMADEN",5
"260950102A","Nazaré da Mata","PE",-7.730698,-35.232556,10,"CEMADEN",8
"260950103A","Nazarãò da Mata","PE",-7.799,-35.263,10,"CEMADEN",7
"260950104A","Nazaré da Mata","PE",-7.73062,-35.23258,10,"CEMADEN",2
"260960001A","Olinda","PE",-7.983,-34.912,10,"CEMADEN",1
"260960001G","Olinda","PE",-7.994922,-34.905648,10,"CEMADEN",4
"260960002A","Olinda","PE",-7.999,-34.887,10,"CEMADEN",4
"260960003A","Olinda","PE",-8.008,-34.851,10,"CEMADEN",6
"260960004A","Olinda","PE",-7.999103,-34.859839,10,"CEMADEN",6
"260960005A","Olinda","PE",-7.973,-34.868,10,"CEMADEN",8
"260970901A","Orobó","PE",-7.73773,-35.60724,10,"CEMADEN",1
"260970901C","Orobó","PE",-7.761055,-35.606611,10,"CEMADEN",5
"260980801A","Orocó","PE",-8.619,-39.602,10,"CEMADEN",3
"26100000","Nova Xavantina","MT",-14.6725,-52.355,15,"Telemetria",4
"261000402A","Palmares","PE",-8.691,-35.604,10,"CEMADEN",2
"261000403A","Palmares","PE",-8.761389,-35.675,10,"CEMADEN",2
"261010301A","Palmeirina","PE",-9.000278,-36.334722,10,"CEMADEN",4
"261020201A","Panelas","PE",-8.6614,-36.0159,10,"CEMADEN",2
"261030101A","Paranatama","PE",-8.9226,-36.661431,10,"CEMADEN",4
"261040002A","Parnamirim","PE",-8.175305999999999,-40.0525,10,"CEMADEN",2
"261050901A","Passira","PE",-7.975883,-35.58819,10,"CEMADEN",4
"261060801A","Paudalho","PE",-7.95518,-35.10672,10,"CEMADEN",2
"261060802A","Paudalho","PE",-7.88179,-35.17869,10,"CEMADEN",3
"261070702A","Paulista","PE",-7.958,-34.876,10,"CEMADEN",4
"261070703A","Paulista","PE",-7.853,-34.836,10,"CEMADEN",3
"261070704A","Paulista","PE",-7.918,-34.829,10,"CEMADEN",6
"261070705A","Paulista","PE",-7.941571,-34.825915,10,"CEMADEN",5
"261070706A","Paulista","PE",-7.941,-34.88,10,"CEMADEN",3
"261070707A","Paulista","PE",-7.93168,-34.94455,10,"CEMADEN",1
"261080601A","Pedra","PE",-8.5,-36.940833000000005,10,"CEMADEN",1
"261090501A","Pesqueira","PE",-8.36686,-36.67984,10,"CEMADEN",1
"261090501C","Pesqueira","PE",-8.395583,-36.657944,10,"CEMADEN",2
"261100201A","Petrolândia","PE",-8.9801,-38.21851,10,"CEMADEN",1
"261110101A","Petrolina","PE",-9.37014,-40.492436,10,"CEMADEN",2
"261110101C","Petrolina","PE",-9.398094,-40.53416,10,"CEMADEN",2
"261110102A","Petrolina","PE",-9.39241,-40.50827,10,"CEMADEN",4
"261110102C","Petrolina","PE",-9.131345,-40.30066,10,"CEMADEN",1
"261110103A","Petrolina","PE",-9.37883,-40.53536,10,"CEMADEN",4
"261110103C","Petrolina","PE",-9.00615,-40.2943,10,"CEMADEN",1
"261110104A","Petrolina","PE",-9.3609000000000009,-40.54031,10,"CEMADEN",3
"261110105A","Petrolina","PE",-8.814444,-40.830528,10,"CEMADEN",1
"261120001A","Poção","PE",-8.185,-36.707,10,"CEMADEN",5
"261130901A","Pombos","PE",-8.13689,-35.39963,10,"CEMADEN",3
"261130902A","Pombos","PE",-8.180556,-35.393889,10,"CEMADEN",3
"261140802A","Primavera","PE",-8.3275,-35.349833000000004,10,"CEMADEN",2
"261150701A","Quipapá","PE",-8.83,-36.013,10,"CEMADEN",8
"261150702A","Quipapá","PE",-8.844,-36.115,10,"CEMADEN",7
"261150703A","Quipapá","PE",-8.804,-36.093,10,"CEMADEN",3
"261153301A","Quixaba","PE",-7.71775,-37.84935,10,"CEMADEN",1
"261160601A","Recife","PE",-8.036,-34.98,10,"CEMADEN",5
"261160603A","Recife","PE",-8.018378,-34.947058,10,"CEMADEN",6
"261160603G","Recife","PE",-8.038048,-34.979298,10,"CEMADEN",4
"261160604A","Recife","PE",-8.123583,-34.941528,10,"CEMADEN",7
"261160604G","Recife","PE",-8.024215,-34.964622,10,"CEMADEN",2
"261160605A","Recife","PE",-8.001917,-34.919278,10,"CEMADEN",4
"261160605G","Recife","PE",-8.114365,-34.949029,10,"CEMADEN",1
"261160606A","Recife","PE",-7.996278,-34.909167,10,"CEMADEN",4
"261160606G","Recife","PE",-8.11784,-34.950142,10,"CEMADEN",2
"261160607A","Recife","PE",-8.012,-34.892,10,"CEMADEN",2
"261160608A","Recife","PE",-8.007,-34.936,10,"CEMADEN",5
"261160609A","Recife","PE",-8.120975,-34.913983,10,"CEMADEN",2
"261160610A","Recife","PE",-8.024,-34.927,10,"CEMADEN",5
"261160612A","Recife","PE",-7.994,-34.936,10,"CEMADEN",2
"261160613A","Recife","PE",-8.019,-34.915,10,"CEMADEN",5
"261160613G","Recife","PE",-7.995841,-34.915624,10,"CEMADEN",1
"261160614A","Recife","PE",-8.013,-34.881,10,"CEMADEN",8
"261160615A","Recife","PE",-8.122,-34.955,10,"CEMADEN",7
"261160616A","Recife","PE",-8.039,-34.959,10,"CEMADEN",3
"261160616G","Recife","PE",-8.00919,-34.902819,10,"CEMADEN",2
"261160617A","Recife","PE",-8.099,-34.887,10,"CEMADEN",7
"261160618A","Recife","PE",-8.037,-34.884,10,"CEMADEN",7
"261160619A","Recife","PE",-8.073,-34.925,10,"CEMADEN",4
"261160620A","Recife","PE",-8.054,-34.873,10,"CEMADEN",7
"261160621A","Recife","PE",-8.102,-34.929,10,"CEMADEN",10
"261160622A","Recife","PE",-8.068999999999999,-34.891,10,"CEMADEN",4
"261160623A","Recife","PE",-8.04491,-34.87518,10,"CEMADEN",7
"261170501A","Riacho das Almas","PE",-8.138333,-35.859722,10,"CEMADEN",1
"261180401A","Ribeirão","PE",-8.507,-35.385,10,"CEMADEN",6
"261180402A","Ribeirão","PE",-8.44341,-35.34595,10,"CEMADEN",3
"261190301A","Rio Formoso","PE",-8.661,-35.153,10,"CEMADEN",6
"261190303A","Rio Formoso","PE",-8.67534,-35.160509,10,"CEMADEN",4
"261200001A","Sairé","PE",-8.32887,-35.70838,10,"CEMADEN",3
"261210901C","Salgadinho","PE",-7.916722,-35.630527,10,"CEMADEN",3
"261230701A","Saloá","PE",-8.970842,-36.668694,10,"CEMADEN",1
"261240601A","Sanharó","PE",-8.35665,-36.55842,10,"CEMADEN",6
"261240601C","Sanharó","PE",-8.3848,-36.58935,10,"CEMADEN",2
"261240602A","Sanharó","PE",-8.356530000000001,-36.558440000000004,10,"CEMADEN",1
"261247101A","Santa Cruz da Baixa Verde","PE",-7.888389,-38.197,10,"CEMADEN",1
"261250501A","Santa Cruz do Capibaribe","PE",-7.95798,-36.21818,10,"CEMADEN",3
"261250501U","Santa Cruz do Capibaribe","PE",-7.939638,-36.297083,10,"CEMADEN",1
"261270301A","Santa Maria do Cambucá","PE",-7.830071,-35.884155,10,"CEMADEN",3
"261280201A","Santa Terezinha","PE",-7.36883,-37.4798,10,"CEMADEN",1
"261290101A","São Benedito do Sul","PE",-8.812,-35.932,10,"CEMADEN",11
"261290102A","São Benedito do Sul","PE",-8.802518,-35.938863,10,"CEMADEN",2
"261300801C","São Bento do Una","PE",-8.524472,-36.473388,10,"CEMADEN",2
"261310701A","São Caitano","PE",-8.336111,-36.125556,10,"CEMADEN",6
"261320601A","São João","PE",-8.878166,-36.368083,10,"CEMADEN",4
"261330501A","São Joaquim do Monte","PE",-8.507,-35.895,10,"CEMADEN",3
"261330502A","São Joaquim do Monte","PE",-8.432730000000001,-35.804942,10,"CEMADEN",1
"261340401A","Barra Grande","AL",-8.91115,-35.164790000000004,10,"CEMADEN",4
"261350301A","São Josãò do Belmonte","PE",-7.83268,-38.76422,10,"CEMADEN",1
"261350302A","São José do Belmonte","PE",-7.996222,-38.624861,10,"CEMADEN",4
"261370101A","São Lourenço da Mata","PE",-7.995,-35.035,10,"CEMADEN",7
"261370102A","São Lourenço da Mata","PE",-8.037,-35.1,10,"CEMADEN",7
"261370103A","São Lourenço da Mata","PE",-7.979,-35.073,10,"CEMADEN",8
"261370104A","São Lourenço da Mata","PE",-8.01,-35.016,10,"CEMADEN",7
"261380001A","São Vicente Ferrer","PE",-7.590832,-35.489782,10,"CEMADEN",5
"261390901C","Serra Talhada","PE",-7.993416,-38.293805,10,"CEMADEN",1
"261410501A","Sertânia","PE",-8.42957,-37.40961,10,"CEMADEN",1
"261410501C","Sertânia","PE",-8.033305,-37.242833000000005,10,"CEMADEN",1
"261410502C","Sertânia","PE",-8.351805,-37.286611,10,"CEMADEN",1
"261420401A","Sirinhaãòm","PE",-8.592,-35.116,10,"CEMADEN",6
"261420402A","Sirinhaãòm","PE",-8.594572,-35.109969,10,"CEMADEN",2
"261430301A","Moreilândia","PE",-7.6275,-39.551222,10,"CEMADEN",2
"261440201A","Solidão","PE",-7.60213,-37.65258,10,"CEMADEN",1
"261450101A","Surubim","PE",-7.84449,-35.75571,10,"CEMADEN",2
"261470901A","Tacaimbó","PE",-8.321819999999999,-36.29068,10,"CEMADEN",4
"261470902A","Tacaimbó","PE",-8.316389,-36.291667,10,"CEMADEN",5
"261480801A","Tacaratu","PE",-9.10687,-38.14931,10,"CEMADEN",1
"261480801C","Tacaratu","PE",-9.1125,-38.156555,10,"CEMADEN",1
"261485701A","Tamandaré","PE",-8.768671,-35.313051,10,"CEMADEN",5
"261485702A","Tamandaré","PE",-8.750556,-35.101667,10,"CEMADEN",5
"26150000","Nova Xavantina","MT",-14.5997,-51.7197,15,"Telemetria",1
"261500301A","Taquaritinga do Norte","PE",-7.89838,-36.05043,10,"CEMADEN",1
"261510201A","Terezinha","PE",-9.056936,-36.623556,10,"CEMADEN",3
"261520102A","Terra Nova","PE",-8.22468,-39.3766,10,"CEMADEN",1
"261530001A","Timbaúba","PE",-7.551183,-35.276044,10,"CEMADEN",4
"261530002A","Timbaúba","PE",-7.445494,-35.24407,10,"CEMADEN",3
"261540901A","Toritama","PE",-8.00893,-36.06317,10,"CEMADEN",3
"261550801A","Tracunhaãòm","PE",-7.80379,-35.23131,10,"CEMADEN",3
"261560701U","Trindade","PE",-7.700694,-40.250333,10,"CEMADEN",1
"261570601A","Triunfo","PE",-7.83051,-38.1056,10,"CEMADEN",3
"261590401C","Tuparetama","PE",-7.633083,-37.327888,10,"CEMADEN",1
"261600101C","Venturosa","PE",-8.559916000000001,-36.81597,10,"CEMADEN",1
"261610001A","Verdejante","PE",-7.930167,-38.968306,10,"CEMADEN",1
"261618301A","Vertente do Lério","PE",-7.77354,-35.84377,10,"CEMADEN",1
"261618301C","Vertente do Lãòrio","PE",-7.762222,-35.8745,10,"CEMADEN",1
"261630801A","Vicência","PE",-7.656,-35.319,10,"CEMADEN",5
"261630802A","Vicência","PE",-7.668806,-35.412472,10,"CEMADEN",4
"261640702A","Vitória de Santo Antão","PE",-8.121,-35.325,10,"CEMADEN",6
"261640704A","Vitória de Santo Antão","PE",-8.121,-35.298,10,"CEMADEN",6
"261640705A","Vitória de Santo Antão","PE",-8.22513,-35.270697,10,"CEMADEN",2
"261650601A","Xexéu","PE",-8.81,-35.627,10,"CEMADEN",7
"261650602A","Xexãòu","PE",-8.81,-35.627221999999996,10,"CEMADEN",2
"26350000","São Félix do Araguaia","MT",-11.6181,-50.6625,15,"Telemetria",2
"26500000","Porto Alegre do Norte","MT",-10.8733,-51.6286,15,"Telemetria",3
"26710000","Sandolândia","TO",-12.0986,-49.9481,15,"Telemetria",1
"26711000","Formoso do Araguaia","TO",-11.4644,-50.0078,15,"Telemetria",2
"26730000","Formoso do Araguaia","TO",-11.8392,-49.7711,15,"Telemetria",1
"26790001","Aliança do Tocantins","TO",-11.3231,-49.2592,15,"Telemetria",1
"26795140","Pium","TO",-10.3903,-49.8167,15,"Telemetria",1
"26795700","Lagoa da Confusão","TO",-10.8636,-49.6756,15,"Telemetria",1
"26795800","Formoso do Araguaia","TO",-11.6894,-49.1572,15,"Telemetria",1
"26798000","Dueré","TO",-11.3811,-49.6819,15,"Telemetria",1
"26798500","Lagoa da Confusão","TO",-10.8408,-49.7567,15,"Telemetria",1
"26800000","Pium","TO",-10.5647,-49.9342,15,"Telemetria",2
"270030001C","Arapiraca","AL",-9.801054,-36.561982,10,"CEMADEN",2
"270060701A","Barra de São Miguel","AL",-9.829,-35.903,10,"CEMADEN",7
"270130801A","Cajueiro","AL",-9.39315,-36.14565,10,"CEMADEN",2
"270135701A","Campestre","AL",-8.85219,-35.56738,10,"CEMADEN",7
"270170401A","Capela","AL",-9.413,-36.077,10,"CEMADEN",2
"270210801A","Colônia Leopoldina","AL",-8.909571,-35.716296,10,"CEMADEN",8
"270230602A","Coruripe","AL",-10.122438,-36.179107,10,"CEMADEN",5
"270230603A","Coruripe","AL",-10.130025,-36.171095,10,"CEMADEN",3
"270240501C","Delmiro Gouveia","AL",-9.42307,-38.01138,10,"CEMADEN",3
"270255301C","Estrela de Alagoas","AL",-9.44265,-36.7883,10,"CEMADEN",1
"270270201A","Feliz Deserto","AL",-10.292398,-36.309014,10,"CEMADEN",7
"270330401C","Inhapi","AL",-9.266762,-37.65162,10,"CEMADEN",1
"270380901A","Joaquim Gomes","AL",-9.13584,-35.748141,10,"CEMADEN",5
"270420301A","Limoeiro de Anadia","AL",-9.741066,-36.504822,10,"CEMADEN",6
"270430202A","Maceió","AL",-9.581,-35.768,10,"CEMADEN",1
"270430203A","Maceió","AL",-9.641,-35.735,10,"CEMADEN",6
"270430205A","Maceió","AL",-9.587,-35.763000000000005,10,"CEMADEN",4
"270430207A","Maceió","AL",-9.628603,-35.737905,10,"CEMADEN",7
"270430209A","Maceió","AL",-9.696,-35.778,10,"CEMADEN",6
"270430210A","Maceió","AL",-9.552,-35.727,10,"CEMADEN",9
"270430211A","Maceió","AL",-9.529,-35.608,10,"CEMADEN",5
"270430212A","Maceió","AL",-9.632,-35.707,10,"CEMADEN",3
"270430213A","Maceió","AL",-9.573,-35.741,10,"CEMADEN",9
"270430214A","Maceió","AL",-9.527999999999999,-35.623000000000005,10,"CEMADEN",3
"270430215A","Maceió","AL",-9.56652,-35.79703,10,"CEMADEN",7
"270430216A","Maceió","AL",-9.55,-35.761,10,"CEMADEN",5
"270430217A","Maceió","AL",-9.6214,-35.748,10,"CEMADEN",7
"270430218A","Maceió","AL",-9.66117,-35.75779,10,"CEMADEN",5
"270450001A","Maragogi","AL",-9.015,-35.223,10,"CEMADEN",1
"270470801A","Marechal Deodoro","AL",-9.717,-35.894,10,"CEMADEN",3
"270510101A","Matriz de Camaragibe","AL",-9.15748,-35.53084,10,"CEMADEN",8
"270510101H","Matriz de Camaragibe","AL",-9.1596,-35.5391,10,"CEMADEN",1
"270550701A","Murici","AL",-9.311,-35.946,10,"CEMADEN",2
"270644801A","Paripueira","AL",-9.46292,-35.55892,10,"CEMADEN",6
"270660401A","Paulo Jacinto","AL",-9.371,-36.372,10,"CEMADEN",8
"270710701C","Piranhas","AL",-9.5922,-37.74188,10,"CEMADEN",3
"270760201A","Quebrangulo","AL",-9.318,-36.471,10,"CEMADEN",5
"270760203H","Quebrangulo","AL",-9.3197,-36.4733,10,"CEMADEN",1
"270810501A","Santana do Mundaú","AL",-9.17,-36.217,10,"CEMADEN",5
"270830301A","São José da Laje","AL",-9.007,-36.055,10,"CEMADEN",4
"270840201C","São José da Tapera","AL",-9.53655,-37.36453,10,"CEMADEN",2
"270860001A","São Miguel dos Campos","AL",-9.777959,-36.102408,10,"CEMADEN",3
"270860002A","São Miguel dos Campos","AL",-9.799785,-36.104092,10,"CEMADEN",6
"270890701A","Satuba","AL",-9.574,-35.824,10,"CEMADEN",8
"270930101A","União dos Palmares","AL",-9.161,-36.032,10,"CEMADEN",2
"270930102A","União dos Palmares","AL",-9.152,-36.016,10,"CEMADEN",3
"270930103A","União dos Palmares","AL",-9.134,-36.052,10,"CEMADEN",5
"270940001A","Viçosa","AL",-9.373764,-36.240199,10,"CEMADEN",6
"27110000","Caseara","TO",-9.5003,-49.9831,15,"Telemetria",1
"27300900","Caseara","TO",-9.1261,-49.7431,15,"Telemetria",1
"27320000","Araguacema","TO",-8.8033,-49.555,15,"Telemetria",3
"27380120","Dois Irmãos do Tocantins","TO",-9.1517,-49.3931,15,"Telemetria",1
"27490000","Conceição do Araguaia","PA",-8.3611,-49.2775,60,"Telemetria",1
"27500000","Conceição do Araguaia","PA",-8.2694,-49.2594,15,"Telemetria",6
"280020901C","Aquidabã","SE",-10.2284,-37.02804,10,"CEMADEN",2
"280030801A","Aracaju","SE",-10.88087,-37.05318,10,"CEMADEN",7
"280030802A","Aracaju","SE",-10.94779,-37.07414,10,"CEMADEN",7
"280030803A","Aracaju","SE",-10.92109,-37.09531,10,"CEMADEN",7
"280030804A","Aracaju","SE",-10.88691,-37.05567,10,"CEMADEN",3
"280110801C","Canhoba","SE",-10.14392,-37.033384999999996,10,"CEMADEN",1
"280140501C","Carira","SE",-10.30202,-37.63828,10,"CEMADEN",1
"280230401C","Frei Paulo","SE",-10.497494999999999,-37.57982,10,"CEMADEN",1
"280310401C","Itabi","SE",-10.117861,-37.166177000000005,10,"CEMADEN",1
"280400301A","Maruim","SE",-10.734,-37.083,10,"CEMADEN",10
"280460701C","Nossa Senhora das Dores","SE",-10.381689999999999,-37.22596,10,"CEMADEN",1
"280540601A","Poço Redondo","SE",-9.80836,-37.68228,10,"CEMADEN",5
"280540601U","Poço Redondo","SE",-9.925827,-37.694137,10,"CEMADEN",2
"280570301C","Propriá","SE",-10.23227,-36.80482,10,"CEMADEN",1
"280600801C","Ribeirópolis","SE",-10.51383,-37.493520000000004,10,"CEMADEN",1
"280740201C","Tobias Barreto","SE",-11.18016,-38.004529999999995,10,"CEMADEN",2
"28200000","Araguaína","TO",-7.2075,-48.2958,15,"Telemetria",2
"28280000","Araguanã","TO",-6.5778,-48.6367,15,"Telemetria",2
"28300000","Xambioá","TO",-6.4097,-48.5422,15,"Telemetria",5
"28300100","Xambioá","TO",-6.3997,-48.5281,60,"Telemetria",1
"28308000","Wanderlândia","TO",-6.8006,-48.1358,60,"Telemetria",2
"28310080","Piraquê","TO",-6.7822,-48.1525,60,"Telemetria",2
"28844995","Araguatins","TO",-5.78905,-48.17809,15,"Telemetria",1
"28850000","Araguatins","TO",-5.6514,-48.1325,15,"Telemetria",1
"290020701C","Abaré","BA",-8.72728,-39.09436,10,"CEMADEN",2
"290100701C","Amargosa","BA",-13.009516,-39.617097,10,"CEMADEN",2
"290115501A","América Dourada","BA",-11.45011,-41.434003999999995,10,"CEMADEN",2
"290130401C","Andaraí","BA",-12.588794,-41.005519,10,"CEMADEN",2
"290160101C","Antas","BA",-10.418549,-38.317272,10,"CEMADEN",1
"290270801C","Barra","BA",-11.09535,-43.21624,10,"CEMADEN",1
"290280701U","Barra da Estiva","BA",-13.653214,-41.269377,10,"CEMADEN",2
"290290601C","Barra do Choça","BA",-14.84635,-40.586361,10,"CEMADEN",1
"290300301C","Barra do Mendes","BA",-11.804261,-42.085144,10,"CEMADEN",1
"290310201A","Barra do Rocha","BA",-14.208644,-39.598562,10,"CEMADEN",4
"290323501C","Barro Alto","BA",-11.811728,-41.901164,10,"CEMADEN",2
"290340901A","Belmonte","BA",-15.858,-38.877,10,"CEMADEN",4
"290360701C","Biritinga","BA",-11.59186,-38.82188,10,"CEMADEN",2
"290390401C","Bom Jesus da Lapa","BA",-13.258446,-43.54825,10,"CEMADEN",1
"290405001C","Bonito","BA",-11.965580000000001,-41.246697,10,"CEMADEN",1
"290410001C","Boquira","BA",-12.809794,-42.718255,10,"CEMADEN",3
"290485201C","Cabaceiras do Paraguaçu","BA",-12.6226,-39.23243,10,"CEMADEN",1
"290490201A","Cachoeira","BA",-12.607725,-38.960655,10,"CEMADEN",3
"29050000","Marabá","PA",-5.3386,-49.1244,15,"Telemetria",5
"290500801C","Caculãò","BA",-14.498110999999998,-42.259611,10,"CEMADEN",1
"290530501C","Cafarnaum","BA",-11.743783,-41.496815999999995,10,"CEMADEN",1
"290560201A","Camacan","BA",-15.421,-39.494,10,"CEMADEN",1
"290560202A","Camacan","BA",-15.374,-39.489,10,"CEMADEN",8
"290560203A","Camacan","BA",-15.415,-39.493,10,"CEMADEN",4
"290570101H","Camaçari","BA",-12.7127,-38.338,10,"CEMADEN",2
"290580001A","Camamu","BA",-13.943506,-39.10251,10,"CEMADEN",7
"290650101A","Candeias","BA",-12.669,-38.543,10,"CEMADEN",4
"290650102A","Candeias","BA",-12.677,-38.543,10,"CEMADEN",1
"290650104A","Candeias","BA",-12.67,-38.53,10,"CEMADEN",4
"290650105A","Candeias","BA",-12.646,-38.538,10,"CEMADEN",3
"290660001C","Candiba","BA",-14.377305,-42.813527,10,"CEMADEN",1
"290682401C","Canudos","BA",-9.9164,-39.1098,10,"CEMADEN",2
"290687301C","Capim Grosso","BA",-11.36768,-40.00398,10,"CEMADEN",2
"290689901C","Caraíbas","BA",-14.725138000000001,-41.276972,10,"CEMADEN",1
"290690701A","Caravelas","BA",-17.730921,-39.26635,10,"CEMADEN",1
"29070100","Parauapebas","PA",-6.0914,-49.9044,15,"Telemetria",5
"290710301C","Carinhanha","BA",-14.241388,-43.73975,10,"CEMADEN",1
"290730101C","Castro Alves","BA",-12.754086,-39.438503,10,"CEMADEN",1
"290770701C","Chorrochó","BA",-8.98354,-39.11837,10,"CEMADEN",2
"290990101C","Curaçá","BA",-8.97005,-39.8191,10,"CEMADEN",1
"29100000","Marabá","PA",-5.4867,-49.2214,15,"Telemetria",4
"29110000","Marabá","PA",-5.4886,-49.2233,60,"Telemetria",1
"291120401A","Gandu","BA",-13.74,-39.482,10,"CEMADEN",7
"291125301C","Gavião","BA",-11.54009,-39.81433,10,"CEMADEN",1
"291130301C","Gentio do Ouro","BA",-11.415233,-42.518986,10,"CEMADEN",1
"291140201C","Glória","BA",-9.31795,-38.26593,10,"CEMADEN",1
"291165901C","Guajeru","BA",-14.557722,-41.976861,10,"CEMADEN",1
"291180801A","Guaratinga","BA",-16.582916,-39.780555,10,"CEMADEN",8
"291200401C","Ibiassucê","BA",-14.29025,-42.269805,10,"CEMADEN",1
"291220201C","Ibicoara","BA",-13.446389000000002,-41.297933,10,"CEMADEN",1
"291250901C","Ibipitanga","BA",-12.88385,-42.4508,10,"CEMADEN",2
"291340801C","Igaporã","BA",-13.755027,-42.749138,10,"CEMADEN",2
"291345701A","Igrapiúna","BA",-13.819025,-39.141885,10,"CEMADEN",8
"291360601A","Ilhéus","BA",-14.796,-39.045,10,"CEMADEN",7
"291360602A","Ilhéus","BA",-14.782697,-39.103569,10,"CEMADEN",9
"291420801C","Irajuba","BA",-13.275019,-40.000392,10,"CEMADEN",2
"291440601C","Iraquara","BA",-12.260292,-41.5814,10,"CEMADEN",1
"291460401C","Irecê","BA",-11.25552,-41.81915,10,"CEMADEN",1
"291470301C","Itaberaba","BA",-12.457663,-40.201519,10,"CEMADEN",1
"291480201A","Itabuna","BA",-14.79,-39.274,10,"CEMADEN",2
"291480202A","Itabuna","BA",-14.805,-39.277,10,"CEMADEN",8
"291480202H","Itabuna","BA",-14.7992,-39.2778,10,"CEMADEN",1
"291480203A","Itabuna","BA",-14.856,-39.346,10,"CEMADEN",4
"291490101A","Itacaré","BA",-14.280609,-39.002952,10,"CEMADEN",3
"291530401A","Itagimirim","BA",-16.09475,-39.61386,10,"CEMADEN",2
"291560101A","Itamaraju","BA",-17.027541,-39.534994,10,"CEMADEN",2
"291640101A","Itapetinga","BA",-15.243,-40.221,10,"CEMADEN",7
"291680701C","Itarantim","BA",-15.626396,-40.073607,10,"CEMADEN",2
"291685601C","Itatim","BA",-12.651505,-39.762116,10,"CEMADEN",1
"291690601C","Itiruçu","BA",-13.396610999999998,-40.138083,10,"CEMADEN",1
"291700301C","Itiúba","BA",-10.71234,-39.83767,10,"CEMADEN",1
"291710201A","Itororó","BA",-15.119000000000002,-40.065,10,"CEMADEN",2
"291710201C","Itororó","BA",-15.1055,-40.064416,10,"CEMADEN",5
"291733401C","Iuiú","BA",-14.39484,-43.67965,10,"CEMADEN",2
"291750801A","Jacobina","BA",-11.161707,-40.554213,10,"CEMADEN",2
"291750801C","Jacobina","BA",-11.33864,-40.30985,10,"CEMADEN",1
"291750802A","Jacobina","BA",-11.174316,-40.517837,10,"CEMADEN",7
"291760701A","Jaguaquara","BA",-13.523228,-39.968685,10,"CEMADEN",6
"291760701C","Jaguaquara","BA",-13.521388,-40.045583,10,"CEMADEN",1
"291760702A","Jaguaquara","BA",-13.509869,-40.05461,10,"CEMADEN",7
"291840701A","Juazeiro","BA",-9.44837,-40.48517,10,"CEMADEN",4
"291840703A","Juazeiro","BA",-9.42014,-40.49909,10,"CEMADEN",1
"291840704A","Juazeiro","BA",-9.47067,-40.49805,10,"CEMADEN",6
"291900901A","Lajedinho","BA",-12.35585,-40.90228,10,"CEMADEN",5
"291905801C","Lajedo do Tabocal","BA",-13.462717000000001,-40.2447,10,"CEMADEN",1
"291910801C","Lamarão","BA",-11.8159,-38.86887,10,"CEMADEN",2
"291915701A","Lapão","BA",-11.38,-41.83,10,"CEMADEN",4
"291920701A","Lauro de Freitas","BA",-12.87,-38.305,10,"CEMADEN",3
"291920702A","Lauro de Freitas","BA",-12.901,-38.308,10,"CEMADEN",3
"291920703A","Lauro de Freitas","BA",-12.892000000000001,-38.336,10,"CEMADEN",4
"291920704A","Lauro de Freitas","BA",-12.89,-38.353,10,"CEMADEN",2
"291920704H","Lauro de Freitas","BA",-12.8872,-38.3201,10,"CEMADEN",1
"291920705A","Lauro de Freitas","BA",-12.839,-38.35,10,"CEMADEN",4
"291920706A","Lauro de Freitas","BA",-12.841,-38.337,10,"CEMADEN",6
"291930601C","Lençóis","BA",-12.53405,-41.237815999999995,10,"CEMADEN",1
"291940501C","Licínio de Almeida","BA",-14.688861,-42.503,10,"CEMADEN",1
"291950401U","Livramento de Nossa Senhora","BA",-13.682872,-41.841236,10,"CEMADEN",1
"291960301C","Macajuba","BA",-12.131247,-40.155666,10,"CEMADEN",1
"29200000","Itupiranga","PA",-5.1281,-49.3242,15,"Telemetria",1
"292050201C","Maracás","BA",-13.443972,-40.450888,10,"CEMADEN",1
"292060101A","Maragogipe","BA",-12.78,-38.917,10,"CEMADEN",6
"292110401A","Medeiros Neto","BA",-17.365,-40.223,10,"CEMADEN",3
"292160901C","Morpará","BA",-11.563811,-43.274611,10,"CEMADEN",2
"292190601C","Mucugê","BA",-12.974333,-41.33425,10,"CEMADEN",1
"292250801A","Nazarãò","BA",-13.032,-39.015,10,"CEMADEN",2
"292270601C","Nova Canaã","BA",-14.662641,-40.274646999999995,10,"CEMADEN",3
"292273001C","Nova Fátima","BA",-11.696805,-39.656721999999995,10,"CEMADEN",1
"292280501C","Nova Itarana","BA",-13.000627,-40.005010999999996,10,"CEMADEN",1
"292300102A","Nova Viçosa","BA",-17.893,-39.372,10,"CEMADEN",3
"292300103A","Nova Viçosa","BA",-17.896,-39.37,10,"CEMADEN",5
"292320901C","Oliveira dos Brejinhos","BA",-12.391597,-42.793896999999994,10,"CEMADEN",1
"292340701U","Palmas de Monte Alto","BA",-14.246166,-43.0775,10,"CEMADEN",2
"292350601C","Palmeiras","BA",-12.520477,-41.5733,10,"CEMADEN",1
"292390201A","Pau Brasil","BA",-15.46122,-39.65225,10,"CEMADEN",6
"292400901C","Paulo Afonso","BA",-9.465589999999999,-38.45297,10,"CEMADEN",1
"292405801C","Pãò de Serra","BA",-11.839861,-39.668471999999994,10,"CEMADEN",1
"292420701C","Pedro Alexandre","BA",-10.09561,-37.85151,10,"CEMADEN",1
"292490001C","Planaltino","BA",-13.286861,-40.387033,10,"CEMADEN",3
"292500601C","Planalto","BA",-14.567317999999998,-40.553314,10,"CEMADEN",1
"292510501U","Poções","BA",-14.56365,-40.315065999999995,10,"CEMADEN",1
"292530301A","Porto Seguro","BA",-16.441,-39.076,10,"CEMADEN",2
"292530302A","Porto Seguro","BA",-16.41,-39.08,10,"CEMADEN",2
"292530303A","Porto Seguro","BA",-16.595,-39.109,10,"CEMADEN",4
"292530304A","Porto Seguro","BA",-16.484,-39.084,10,"CEMADEN",3
"292550101A","Prado","BA",-17.338255,-39.232281,10,"CEMADEN",3
"292570901U","Presidente Jânio Quadros","BA",-14.664361,-41.694333,10,"CEMADEN",1
"292590701C","Quijingue","BA",-10.726239999999999,-39.23806,10,"CEMADEN",1
"292593101C","Quixabeira","BA",-11.372819999999999,-40.12878,10,"CEMADEN",1
"292610301C","Retirolândia","BA",-11.48027,-39.40436,10,"CEMADEN",4
"292630101U","Riachão do Jacuípe","BA",-11.70287,-39.532698,10,"CEMADEN",1
"292680601C","Rio do Antônio","BA",-14.34775,-42.185416,10,"CEMADEN",3
"292690501C","Rio do Pires","BA",-13.11815,-42.310616,10,"CEMADEN",2
"292710101C","Rodelas","BA",-8.852360000000001,-38.76462,10,"CEMADEN",1
"292740801A","Salvador","BA",-12.898697,-38.458867,10,"CEMADEN",2
"292740801G","Salvador","BA",-12.957359,-38.442541,10,"CEMADEN",2
"292740802A","Salvador","BA",-12.97821,-38.515945,10,"CEMADEN",4
"292740802G","Salvador","BA",-12.969087,-38.463141,10,"CEMADEN",2
"292740803A","Salvador","BA",-12.999514,-38.510245,10,"CEMADEN",5
"292740803G","Salvador","BA",-12.909817,-38.425761,10,"CEMADEN",3
"292740804G","Salvador","BA",-12.988318,-38.500747,10,"CEMADEN",3
"292740806A","Salvador","BA",-12.794191,-38.489829,10,"CEMADEN",1
"292740806G","Salvador","BA",-12.918667,-38.442441,10,"CEMADEN",2
"292740807G","Salvador","BA",-12.918972,-38.421113,10,"CEMADEN",2
"292740808A","Salvador","BA",-12.892999999999999,-38.441,10,"CEMADEN",1
"292740808G","Salvador","BA",-12.902324,-38.467959,10,"CEMADEN",1
"292740809G","Salvador","BA",-12.888314,-38.427767,10,"CEMADEN",4
"292740810A","Salvador","BA",-12.960038,-38.460007,10,"CEMADEN",4
"292740810G","Salvador","BA",-12.952315,-38.499662,10,"CEMADEN",1
"292740811A","Salvador","BA",-12.943354,-38.421264,10,"CEMADEN",4
"292740811G","Salvador","BA",-12.989324,-38.485003,10,"CEMADEN",4
"292740812A","Salvador","BA",-12.937639,-38.485074,10,"CEMADEN",3
"292740812G","Salvador","BA",-12.909059,-38.421934,10,"CEMADEN",2
"292740813G","Salvador","BA",-12.942822,-38.438808,10,"CEMADEN",3
"292740814A","Salvador","BA",-12.937967,-38.474428,10,"CEMADEN",1
"292740814G","Salvador","BA",-12.904499,-38.412613,10,"CEMADEN",4
"292740814H","Salvador","BA",-12.973874,-38.4271499,10,"CEMADEN",1
"292740815A","Salvador","BA",-12.975868,-38.452599,10,"CEMADEN",1
"292740815G","Salvador","BA",-12.890138,-38.478324,10,"CEMADEN",3
"292740815H","Salvador","BA",-12.947182,-38.382014,10,"CEMADEN",1
"292740816A","Salvador","BA",-12.9779,-38.49497,10,"CEMADEN",4
"292740817A","Salvador","BA",-12.862807,-38.437301,10,"CEMADEN",7
"292740818A","Salvador","BA",-12.860999999999999,-38.368,10,"CEMADEN",3
"292740819A","Salvador","BA",-12.94213,-38.36577,10,"CEMADEN",6
"292740820A","Salvador","BA",-12.865468,-38.45637,10,"CEMADEN",6
"292740821A","Salvador","BA",-12.914686,-38.36589,10,"CEMADEN",4
"292740822A","Salvador","BA",-12.848643,-38.460738,10,"CEMADEN",1
"292740823A","Salvador","BA",-12.944007,-38.452408,10,"CEMADEN",2
"292770501A","Santa Cruz Cabrália","BA",-16.321,-39.023,10,"CEMADEN",8
"292770505H","Santa Cruz Cabrália","BA",-16.2835,-39.0237,10,"CEMADEN",1
"292790301C","Santa Inês","BA",-13.276383,-39.80675,10,"CEMADEN",4
"292805901A","Santa Luzia","BA",-15.42976,-39.332759,10,"CEMADEN",6
"292830701C","Santanópolis","BA",-12.02015,-38.84913,10,"CEMADEN",1
"292850501C","Santa Teresinha","BA",-12.73561,-39.57493,10,"CEMADEN",1
"292860401A","Santo Amaro","BA",-12.551899,-38.710766,10,"CEMADEN",6
"292860402A","Santo Amaro","BA",-12.549625,-38.770999,10,"CEMADEN",6
"292880201C","Santo Estêvão","BA",-12.50891,-39.30653,10,"CEMADEN",1
"292900801A","São Félix","BA",-12.606591,-38.969939,10,"CEMADEN",7
"292937001C","São Josãò do Jacuãpe","BA",-11.37676,-39.86404,10,"CEMADEN",1
"293010501A","Senhor do Bonfim","BA",-10.464,-40.19,10,"CEMADEN",1
"293010501C","Senhor do Bonfim","BA",-10.58636,-40.0212,10,"CEMADEN",1
"293050101C","Serrinha","BA",-11.71163,-38.97382,10,"CEMADEN",2
"293060001C","Serrolândia","BA",-11.47855,-40.27453,10,"CEMADEN",1
"293070901A","Simões Filho","BA",-12.780101,-38.353331,10,"CEMADEN",7
"293070902A","Simões Filho","BA",-12.825461,-38.409051,10,"CEMADEN",4
"293070903A","Simões Filho","BA",-12.788344,-38.396864,10,"CEMADEN",1
"293076601C","Sítio do Quinto","BA",-10.32339,-38.20539,10,"CEMADEN",1
"293077401C","Sobradinho","BA",-9.521714,-40.78696,10,"CEMADEN",1
"293105301C","Tanque Novo","BA",-13.554672,-42.444836,10,"CEMADEN",3
"293120201A","Taperoá","BA",-13.536152,-39.097182,10,"CEMADEN",3
"293150901C","Teofilândia","BA",-11.50634,-38.94813,10,"CEMADEN",1
"293240801C","Uibaí","BA",-11.35133,-42.113,10,"CEMADEN",3
"293280401C","Utinga","BA",-12.0756,-41.102466,10,"CEMADEN",2
"293290301A","Valença","BA",-13.363,-39.078,10,"CEMADEN",6
"293290307H","Valença","BA",-13.3664,-39.0767,10,"CEMADEN",3
"293330701A","Vitória da Conquista","BA",-14.852,-40.839,10,"CEMADEN",5
"293330702A","Vitória da Conquista","BA",-14.861,-40.841,10,"CEMADEN",7
"293330703A","Vitória da Conquista","BA",-14.87,-40.827,10,"CEMADEN",4
"293330704A","Vitória da Conquista","BA",-14.87,-40.863,10,"CEMADEN",6
"293330705A","Vitória da Conquista","BA",-14.838,-40.856,10,"CEMADEN",4
"30050000","Oiapoque","AP",3.7217,-51.9308,15,"Telemetria",2
"30075000","Tartarugalzinho","AP",1.3978,-50.925,15,"Telemetria",2
"30080000","Porto Grande","AP",0.9861,-51.7064,15,"Telemetria",1
"30300000","Serra do Navio","AP",0.9006,-52.0156,15,"Telemetria",4
"30380900","Porto Grande","AP",0.6567,-51.6239,15,"Telemetria",1
"310060901A","Água Boa","MG",-17.992,-42.388999999999996,10,"CEMADEN",4
"310100301C","Águas Vermelhas","MG",-15.72758,-41.442009999999996,10,"CEMADEN",1
"310110201A","Aimorés","MG",-19.49504,-41.07764,10,"CEMADEN",5
"310150801A","Além Paraíba","MG",-21.88558,-42.699554,10,"CEMADEN",1
"310150803A","Alãòm Paraãba","MG",-21.888,-42.713,10,"CEMADEN",3
"310150804A","Alãòm Paraãba","MG",-21.87,-42.663000000000004,10,"CEMADEN",2
"310150805A","Alãòm Paraãba","MG",-21.88,-42.7,10,"CEMADEN",2
"310170601A","Almenara","MG",-16.17712,-40.69693,10,"CEMADEN",5
"310230801A","Alvinópolis","MG",-20.108352,-43.057883,10,"CEMADEN",4
"310460101A","Astolfo Dutra","MG",-21.311999999999998,-42.861999999999995,10,"CEMADEN",1
"310470001A","Atalãòia","MG",-18.04325,-41.11071,10,"CEMADEN",3
"310560802A","Barbacena","MG",-21.195999999999998,-43.792,10,"CEMADEN",1
"310560803A","Barbacena","MG",-21.201,-43.77,10,"CEMADEN",3
"310560804A","Barbacena","MG",-21.3,-43.627,10,"CEMADEN",1
"310560805A","Barbacena","MG",-21.194,-43.644,10,"CEMADEN",3
"310560806A","Barbacena","MG",-21.215999999999998,-43.783,10,"CEMADEN",2
"310560807A","Barbacena","MG",-21.201,-43.71,10,"CEMADEN",2
"310560808A","Barbacena","MG",-21.23,-43.743,10,"CEMADEN",3
"310560809A","Barbacena","MG",-21.223000000000003,-43.788999999999994,10,"CEMADEN",2
"310560811A","Barbacena","MG",-21.201,-43.802,10,"CEMADEN",5
"310560812A","Barbacena","MG",-21.256,-43.806000000000004,10,"CEMADEN",2
"310560813A","Barbacena","MG",-21.218000000000004,-43.751999999999995,10,"CEMADEN",1
"310560814A","Barbacena","MG",-21.243,-43.769,10,"CEMADEN",3
"310560828H","Barbacena","MG",-21.214,-43.7824,10,"CEMADEN",2
"310590502A","Barroso","MG",-21.193,-43.966,10,"CEMADEN",4
"310620007A","Belo Horizonte","MG",-19.866,-43.956,10,"CEMADEN",1
"310620013A","Belo Horizonte","MG",-19.866092000000002,-43.938109999999995,10,"CEMADEN",1
"310620014A","Nova Lima","MG",-20.00056,-43.90303,10,"CEMADEN",2
"310620016A","Belo Horizonte","MG",-19.942999999999998,-43.964,10,"CEMADEN",1
"310620017A","Belo Horizonte","MG",-19.999000000000002,-44.026,10,"CEMADEN",1
"310620018A","Belo Horizonte","MG",-19.922,-43.881,10,"CEMADEN",1
"310630901A","Belo Oriente","MG",-19.223105,-42.48503,10,"CEMADEN",5
"310670502A","Betim","MG",-19.969,-44.207,10,"CEMADEN",3
"310670503A","Betim","MG",-19.989,-44.111000000000004,10,"CEMADEN",4
"310670504A","Betim","MG",-19.96499,-44.20156,10,"CEMADEN",4
"310670504H","Betim","MG",-19.9666,-44.2047,10,"CEMADEN",1
"310670505A","Betim","MG",-19.861,-44.155,10,"CEMADEN",2
"310670506A","Betim","MG",-19.95077,-44.19897,10,"CEMADEN",1
"310670507A","Betim","MG",-19.948,-44.161,10,"CEMADEN",1
"310670508A","Betim","MG",-19.944000000000003,-44.271,10,"CEMADEN",2
"310670509A","Betim","MG",-19.938,-44.111999999999995,10,"CEMADEN",2
"310670511A","Betim","MG",-19.95773,-44.13962,10,"CEMADEN",2
"310670513A","Betim","MG",-20.013,-44.222,10,"CEMADEN",2
"310710901A","Boa Esperança","MG",-21.09254,-45.56297,10,"CEMADEN",2
"310710902A","Boa Esperança","MG",-21.089953,-45.575697,10,"CEMADEN",7
"310825501C","Bonito de Minas","MG",-15.3231,-44.73499,10,"CEMADEN",1
"310900604A","Brumadinho","MG",-20.165,-44.023,10,"CEMADEN",1
"310900605A","Brumadinho","MG",-20.135,-44.107,10,"CEMADEN",1
"310900606A","Brumadinho","MG",-20.156,-44.147,10,"CEMADEN",3
"310900607A","Brumadinho","MG",-20.142,-44.198,10,"CEMADEN",1
"310900608A","Brumadinho","MG",-20.196,-44.105,10,"CEMADEN",4
"310900609A","Brumadinho","MG",-20.12,-44.227,10,"CEMADEN",1
"310940201A","Buritizeiro","MG",-17.3538,-44.9589,10,"CEMADEN",4
"310945101A","Cabeceira Grande","MG",-16.0281,-47.0906,10,"CEMADEN",6
"311000401A","Caetãò","MG",-19.876,-43.667,10,"CEMADEN",4
"311000402A","Caeté","MG",-19.846,-43.649,10,"CEMADEN",5
"311000403A","Caeté","MG",-19.878,-43.658,10,"CEMADEN",3
"311000404A","Caetãò","MG",-19.892,-43.662,10,"CEMADEN",1
"311050901A","Camanducaia","MG",-22.70473,-46.03481,10,"CEMADEN",3
"311050908A","Camanducaia","MG",-22.858,-46.163000000000004,10,"CEMADEN",1
"311050909A","Camanducaia","MG",-22.694,-46.113,10,"CEMADEN",3
"311050910A","Camanducaia","MG",-22.76,-46.156000000000006,10,"CEMADEN",2
"311080601A","Campanário","MG",-18.24026,-41.72773,10,"CEMADEN",5
"311205901A","Cantagalo","MG",-18.522861,-42.623916,10,"CEMADEN",3
"311230701A","Capelinha","MG",-17.692194,-42.51525,10,"CEMADEN",2
"311290101A","Caputira","MG",-20.17426,-42.27112,10,"CEMADEN",3
"311300801A","Caraí","MG",-17.18688,-41.47916,10,"CEMADEN",4
"311320601A","Carandaí","MG",-20.953,-43.805,10,"CEMADEN",1
"311320602A","Carandaí","MG",-21.022,-43.786,10,"CEMADEN",4
"311320603A","Carandaí","MG",-20.953000000000003,-43.806999999999995,10,"CEMADEN",1
"311320604A","Carandaí","MG",-20.951999999999998,-43.783,10,"CEMADEN",2
"311320605A","Carandaí","MG",-20.943,-43.793,10,"CEMADEN",2
"311320606A","Carandaí","MG",-20.903,-43.826,10,"CEMADEN",1
"311320607A","Carandaí","MG",-20.933,-43.819,10,"CEMADEN",3
"311320608A","Carandaí","MG",-20.961,-43.715,10,"CEMADEN",1
"311330501A","Carangola","MG",-20.728,-42.03,10,"CEMADEN",8
"311330502A","Carangola","MG",-20.726,-42.147,10,"CEMADEN",10
"311330503A","Carangola","MG",-20.698,-42.023,10,"CEMADEN",7
"311340401A","Caratinga","MG",-19.783513,-42.137277,10,"CEMADEN",2
"311340402A","Caratinga","MG",-19.87634,-42.04649,10,"CEMADEN",7
"311340408H","Caratinga","MG",-19.7884,-42.14,10,"CEMADEN",2
"311360201A","Careaçu","MG",-22.041069,-45.695013,10,"CEMADEN",7
"311370102A","Carlos Chagas","MG",-17.913671,-41.014708,10,"CEMADEN",5
"311370109H","Carlos Chagas","MG",-17.7058,-40.7631,10,"CEMADEN",1
"311410501A","Carmo de Minas","MG",-22.1204,-45.13472,10,"CEMADEN",8
"311450101A","Carmópolis de Minas","MG",-20.54264,-44.64601,10,"CEMADEN",8
"311530001A","Cataguases","MG",-21.389,-42.695,10,"CEMADEN",5
"311530002A","Cataguases","MG",-21.265,-42.681,10,"CEMADEN",2
"311530003A","Cataguases","MG",-21.407,-42.672,10,"CEMADEN",2
"311530004A","Cataguases","MG",-21.39,-42.68600000000001,10,"CEMADEN",3
"311530005A","Cataguases","MG",-21.378,-42.698,10,"CEMADEN",1
"311530006A","Cataguases","MG",-21.413,-42.681999999999995,10,"CEMADEN",1
"311530007A","Cataguases","MG",-21.386999999999997,-42.703,10,"CEMADEN",2
"311530008A","Cataguases","MG",-21.394000000000002,-42.706,10,"CEMADEN",3
"311530009A","Cataguases","MG",-21.37,-42.677,10,"CEMADEN",1
"311530010A","Cataguases","MG",-21.384,-42.696000000000005,10,"CEMADEN",1
"311570601A","Central de Minas","MG",-18.762472,-41.308666,10,"CEMADEN",5
"311590401A","Chácara","MG",-21.671999999999997,-43.22,10,"CEMADEN",3
"311600101A","Chalãò","MG",-20.045,-41.685,10,"CEMADEN",4
"311600102A","Chalãò","MG",-20.008,-41.585,10,"CEMADEN",1
"311610001A","Chapada do Norte","MG",-17.086944,-42.537777,10,"CEMADEN",6
"311750401A","Conceição do Mato Dentro","MG",-19.034,-43.426,10,"CEMADEN",6
"311800702A","Congonhas","MG",-20.504,-43.87,10,"CEMADEN",7
"311820501A","Conquista","MG",-19.93687,-47.54437,10,"CEMADEN",6
"311830401A","Conselheiro Lafaiete","MG",-20.66,-43.791,10,"CEMADEN",7
"311830402A","Conselheiro Lafaiete","MG",-20.650958,-43.784886,10,"CEMADEN",5
"311830403A","Conselheiro Lafaiete","MG",-20.658,-43.801,10,"CEMADEN",4
"311830404A","Conselheiro Lafaiete","MG",-20.645,-43.768,10,"CEMADEN",4
"311830405A","Conselheiro Lafaiete","MG",-20.753,-43.779,10,"CEMADEN",2
"311830406A","Conselheiro Lafaiete","MG",-20.681,-43.793,10,"CEMADEN",3
"311830410H","Conselheiro Lafaiete","MG",-20.660034,-43.797484,10,"CEMADEN",4
"311860101A","Contagem","MG",-19.917,-44.08,10,"CEMADEN",3
"311860102A","Contagem","MG",-19.837,-44.148,10,"CEMADEN",7
"311860103A","Contagem","MG",-19.894,-44.095,10,"CEMADEN",1
"311860104A","Contagem","MG",-19.92,-44.08,10,"CEMADEN",4
"311860105A","Contagem","MG",-19.936,-44.059,10,"CEMADEN",3
"311920301A","Coroaci","MG",-18.622,-42.284,10,"CEMADEN",2
"311940101A","Coronel Fabriciano","MG",-19.529,-42.626000000000005,10,"CEMADEN",1
"312110001A","Delfim Moreira","MG",-22.50997,-45.28478,10,"CEMADEN",7
"312170402A","Diogo de Vasconcelos","MG",-20.48707,-43.1985,10,"CEMADEN",6
"312190201A","Divinésia","MG",-20.98844,-43.01284,10,"CEMADEN",3
"312250401A","Dom Cavati","MG",-19.376785,-42.106415,10,"CEMADEN",5
"312260301A","Dom Joaquim","MG",-18.96655,-43.258356,10,"CEMADEN",5
"312290001A","Dona Eusãòbia","MG",-21.316,-42.815,10,"CEMADEN",1
"312370001A","Engenheiro Caldas","MG",-19.200812,-42.042821000000004,10,"CEMADEN",5
"312400501A","Ervália","MG",-20.838,-42.655,10,"CEMADEN",6
"312420301A","Espera Feliz","MG",-20.654,-41.911,10,"CEMADEN",5
"312420302A","Espera Feliz","MG",-20.42158,-41.8535,10,"CEMADEN",8
"312500201A","Ewbank da Câmara","MG",-21.551,-43.51,10,"CEMADEN",2
"312510102A","Extrema","MG",-22.765,-46.284,10,"CEMADEN",1
"312510103A","Extrema","MG",-22.772,-46.321999999999996,10,"CEMADEN",2
"312510105A","Extrema","MG",-22.863000000000003,-46.284,10,"CEMADEN",1
"312510106A","Extrema","MG",-22.866999999999997,-46.244,10,"CEMADEN",1
"312510107A","Extrema","MG",-22.793000000000003,-46.333,10,"CEMADEN",1
"312580401A","Fernandes Tourinho","MG",-19.152913,-42.080371,10,"CEMADEN",5
"312670302A","Francisco Sá","MG",-16.47286,-43.48738,10,"CEMADEN",2
"312680201A","Frei Gaspar","MG",-18.064583,-41.428666,10,"CEMADEN",5
"312690102A","Frei Inocêncio","MG",-18.563126,-41.90756,10,"CEMADEN",6
"312770101A","Governador Valadares","MG",-18.861,-41.968999999999994,10,"CEMADEN",3
"312770102A","Governador Valadares","MG",-18.89,-41.988,10,"CEMADEN",6
"312770103A","Governador Valadares","MG",-18.905,-41.952,10,"CEMADEN",3
"312770104A","Governador Valadares","MG",-18.668,-41.979,10,"CEMADEN",2
"312770105A","Governador Valadares","MG",-18.836,-41.991,10,"CEMADEN",5
"312770106A","Governador Valadares","MG",-18.842,-41.943,10,"CEMADEN",8
"312770108A","Governador Valadares","MG",-18.831,-41.899,10,"CEMADEN",5
"312780001C","Grão Mogol","MG",-16.63659,-42.98011,10,"CEMADEN",2
"312820401A","Guaraciaba","MG",-20.57392,-43.00696,10,"CEMADEN",6
"312870901A","Guaxupé","MG",-21.309761,-46.716297,10,"CEMADEN",7
"312880801A","Guidoval","MG",-21.15203,-42.79694,10,"CEMADEN",6
"312880813H","Guidoval","MG",-21.1424,-42.798,10,"CEMADEN",2
"312900401A","Guiricema","MG",-21.00916,-42.71927,10,"CEMADEN",3
"312930102A","Iapu","MG",-19.43925,-42.21395,10,"CEMADEN",4
"312980605A","Ibirité","MG",-20.000999999999998,-44.047,10,"CEMADEN",1
"312980606A","Ibiritãò","MG",-20.004,-44.07,10,"CEMADEN",2
"312980614H","Ibiritãò","MG",-20.0038,-44.0896,10,"CEMADEN",1
"313090301A","Inhapim","MG",-19.5545,-42.121694,10,"CEMADEN",4
"313130701A","Ipatinga","MG",-19.455,-42.552,10,"CEMADEN",5
"313130702A","Ipatinga","MG",-19.476,-42.58,10,"CEMADEN",9
"313130703A","Ipatinga","MG",-19.45,-42.591,10,"CEMADEN",4
"313130704A","Ipatinga","MG",-19.436,-42.553,10,"CEMADEN",6
"313130705A","Ipatinga","MG",-19.508,-42.553999999999995,10,"CEMADEN",1
"313150553H","Ipuiúna","MG",-22.096852,-46.188919,10,"CEMADEN",3
"313170301A","Itabira","MG",-19.654,-43.233,10,"CEMADEN",7
"313170302A","Itabira","MG",-19.654,-43.209,10,"CEMADEN",8
"313170303A","Itabira","MG",-19.627,-43.208,10,"CEMADEN",8
"313170304A","Itabira","MG",-19.595,-43.195,10,"CEMADEN",7
"313170305A","Itabira","MG",-19.622,-43.43,10,"CEMADEN",8
"313170306A","Itabira","MG",-19.513,-43.374,10,"CEMADEN",8
"313180201A","Itabirinha","MG",-18.568316,-41.234166,10,"CEMADEN",7
"313210701A","Itacarambi","MG",-15.100825,-44.095977,10,"CEMADEN",2
"313240401A","Itajubá","MG",-22.412335,-45.435862,10,"CEMADEN",8
"313240402A","Itajubá","MG",-22.43051,-45.45631,10,"CEMADEN",7
"313240436H","Itajubá","MG",-22.4507,-45.4232,10,"CEMADEN",1
"313270101A","Itambacuri","MG",-18.036138,-41.682861,10,"CEMADEN",5
"313300601A","Itamonte","MG",-22.28407,-44.86765,10,"CEMADEN",2
"313300650H","Itamonte","MG",-22.282341,-44.868035,10,"CEMADEN",1
"313320401A","Itanhomi","MG",-19.169977,-41.862536,10,"CEMADEN",6
"313330301C","Itaobim","MG",-16.57449,-41.516459999999995,10,"CEMADEN",2
"313350101A","Itapecerica","MG",-20.4728,-45.12186,10,"CEMADEN",6
"313360001A","Itapeva","MG",-22.706,-46.196,10,"CEMADEN",3
"313360002A","Itapeva","MG",-22.68,-46.205,10,"CEMADEN",3
"313360003A","Itapeva","MG",-22.656999999999996,-46.228,10,"CEMADEN",2
"313360004A","Itapeva","MG",-22.761999999999997,-46.225,10,"CEMADEN",1
"313400401C","Itinga","MG",-16.70815,-41.802,10,"CEMADEN",1
"313460801A","Jaboticatubas","MG",-19.51701,-43.74518,10,"CEMADEN",5
"313510001C","Janaúba","MG",-15.88159,-43.31858,10,"CEMADEN",1
"313520901A","Januária","MG",-15.49,-44.361000000000004,10,"CEMADEN",2
"313540701A","Jeceaba","MG",-20.54128,-43.98742,10,"CEMADEN",5
"313620701A","João Monlevade","MG",-19.829,-43.125,10,"CEMADEN",7
"313620702A","João Monlevade","MG",-19.811,-43.176,10,"CEMADEN",6
"313620703A","João Monlevade","MG",-19.845,-43.18,10,"CEMADEN",9
"313620704A","João Monlevade","MG",-19.828,-43.158,10,"CEMADEN",10
"313620705A","João Monlevade","MG",-19.816,-43.188,10,"CEMADEN",2
"313670201A","Juiz de Fora","MG",-21.733333,-43.341916999999995,10,"CEMADEN",1
"313670204A","Juiz de Fora","MG",-21.708610999999998,-43.412222,10,"CEMADEN",3
"313670207A","Juiz de Fora","MG",-21.743,-43.406,10,"CEMADEN",4
"313670209A","Juiz de Fora","MG",-21.667,-43.306,10,"CEMADEN",6
"313670210A","Juiz de Fora","MG",-21.677,-43.43600000000001,10,"CEMADEN",2
"313670211A","Juiz de Fora","MG",-21.789472,-43.354191,10,"CEMADEN",3
"313670212A","Juiz de Fora","MG",-21.704,-43.436,10,"CEMADEN",5
"313670213A","Juiz de Fora","MG",-21.777,-43.408,10,"CEMADEN",6
"313670214A","Juiz de Fora","MG",-21.793000000000003,-43.38399999999999,10,"CEMADEN",1
"313670215A","Juiz de Fora","MG",-21.694,-43.353,10,"CEMADEN",3
"313670217A","Juiz de Fora","MG",-21.76,-43.391999999999996,10,"CEMADEN",1
"313670218A","Juiz de Fora","MG",-21.744,-43.384,10,"CEMADEN",1
"313670219A","Juiz de Fora","MG",-21.759,-43.285,10,"CEMADEN",1
"313670220A","Juiz de Fora","MG",-21.8,-43.357,10,"CEMADEN",3
"313670221A","Juiz de Fora","MG",-21.79,-43.332,10,"CEMADEN",1
"313670222A","Juiz de Fora","MG",-21.797,-43.415,10,"CEMADEN",5
"313670223A","Juiz de Fora","MG",-21.77,-43.364,10,"CEMADEN",2
"313670224A","Juiz de Fora","MG",-21.684,-43.404,10,"CEMADEN",6
"313670227A","Juiz de Fora","MG",-21.707,-43.485,10,"CEMADEN",3
"313670228A","Juiz de Fora","MG",-21.594,-43.506,10,"CEMADEN",2
"313670229A","Juiz de Fora","MG",-21.58,-43.488,10,"CEMADEN",1
"313670230A","Juiz de Fora","MG",-21.76991,-43.32747,10,"CEMADEN",2
"313700701A","Ladainha","MG",-17.643898,-41.743593,10,"CEMADEN",7
"313753601A","Lagoa Grande","MG",-17.8449,-46.51128,10,"CEMADEN",4
"313770001A","Lajinha","MG",-20.15,-41.615,10,"CEMADEN",8
"313770002A","Lajinha","MG",-20.2,-41.594,10,"CEMADEN",4
"313780901A","Lambari","MG",-21.97453,-45.34852,10,"CEMADEN",8
"313920101A","Malacacheta","MG",-17.842833,-42.078444,10,"CEMADEN",7
"313940901A","Manhuaçu","MG",-20.2577,-42.02626,10,"CEMADEN",5
"313940902A","Manhuaçu","MG",-20.263615,-42.04354,10,"CEMADEN",3
"313950801A","Manhumirim","MG",-20.3584,-41.9563,10,"CEMADEN",5
"313960701A","Mantena","MG",-18.7718,-40.96276,10,"CEMADEN",3
"314000101A","Mariana","MG",-20.365,-43.43,10,"CEMADEN",3
"314000102A","Mariana","MG",-20.374,-43.415,10,"CEMADEN",5
"314000103A","Mariana","MG",-20.386,-43.421,10,"CEMADEN",3
"314000104A","Mariana","MG",-20.402,-43.423,10,"CEMADEN",4
"314000105A","Mariana","MG",-20.361,-43.416,10,"CEMADEN",3
"314040701A","Marmelópolis","MG",-22.45028,-45.16628,10,"CEMADEN",6
"314060501A","Materlândia","MG",-18.474416,-43.059416,10,"CEMADEN",3
"314080301A","Matias Barbosa","MG",-21.878,-43.312,10,"CEMADEN",1
"314080302A","Matias Barbosa","MG",-21.868000000000002,-43.313,10,"CEMADEN",2
"314080303A","Matias Barbosa","MG",-21.872,-43.326,10,"CEMADEN",5
"314080304A","Matias Barbosa","MG",-21.840999999999998,-43.313,10,"CEMADEN",2
"314085202A","Matias Cardoso","MG",-14.86186,-43.921728,10,"CEMADEN",2
"314150401A","Mendes Pimentel","MG",-18.658138,-41.402583,10,"CEMADEN",5
"314220501A","Miraí","MG",-21.19981,-42.61043,10,"CEMADEN",5
"314290801C","Monte Azul","MG",-15.159,-42.90866,10,"CEMADEN",2
"314310401A","Monte Carmelo","MG",-18.723916,-47.497944,10,"CEMADEN",7
"314315301A","Monte Formoso","MG",-16.87056,-41.26128,10,"CEMADEN",5
"314330201A","Montes Claros","MG",-16.993,-44.13089,10,"CEMADEN",1
"314330202A","Montes Claros","MG",-16.4264,-44.092222,10,"CEMADEN",2
"314330203A","Montes Claros","MG",-16.170277,-43.865555,10,"CEMADEN",2
"314330204A","Montes Claros","MG",-16.7677,-43.86506,10,"CEMADEN",2
"314390601A","Muriaé","MG",-21.132,-42.361,10,"CEMADEN",3
"314390606A","Muriaãò","MG",-21.136999999999997,-42.358999999999995,10,"CEMADEN",1
"314390607A","Muriaé","MG",-21.145,-42.371,10,"CEMADEN",3
"314390610A","Muriaãò","MG",-21.123,-42.376000000000005,10,"CEMADEN",1
"314390611A","Muriaé","MG",-21.107,-42.456,10,"CEMADEN",2
"314390612A","Muriaãò","MG",-21.133000000000003,-42.351000000000006,10,"CEMADEN",1
"314390613A","Muriaãò","MG",-21.134,-42.398,10,"CEMADEN",1
"314390618H","Muriaãò","MG",-21.1275,-42.3706,10,"CEMADEN",1
"314400301A","Mutum","MG",-19.814,-41.44,10,"CEMADEN",6
"314430001A","Nanuque","MG",-17.84456,-40.37381,10,"CEMADEN",6
"314430003A","Nanuque","MG",-17.85124,-40.33572,10,"CEMADEN",5
"314435901A","Naque","MG",-19.225664,-42.329136,10,"CEMADEN",4
"314467201A","Nova Belém","MG",-18.492722,-41.104833,10,"CEMADEN",4
"314480502A","Nova Lima","MG",-20.070999999999998,-43.988,10,"CEMADEN",2
"314480503A","Nova Lima","MG",-19.985,-43.847,10,"CEMADEN",1
"314480505A","Nova Lima","MG",-19.999000000000002,-43.853,10,"CEMADEN",1
"314480506A","Nova Lima","MG",-19.98,-43.854,10,"CEMADEN",2
"314490401A","Nova Módica","MG",-18.442655,-41.497719,10,"CEMADEN",3
"314530701A","Novo Cruzeiro","MG",-17.46694,-41.87529,10,"CEMADEN",3
"314610701A","Ouro Preto","MG",-20.355,-43.72,10,"CEMADEN",2
"314610702A","Ouro Preto","MG",-20.257,-43.66,10,"CEMADEN",6
"314610703A","Ouro Preto","MG",-20.396,-43.502,10,"CEMADEN",4
"314610704A","Ouro Preto","MG",-20.378,-43.518,10,"CEMADEN",1
"314610705A","Ouro Preto","MG",-20.365,-43.49,10,"CEMADEN",1
"314610707A","Ouro Preto","MG",-20.407,-43.49,10,"CEMADEN",2
"314610708A","Ouro Preto","MG",-20.37,-43.513000000000005,10,"CEMADEN",1
"314610709A","Ouro Preto","MG",-20.314,-43.711,10,"CEMADEN",1
"314610710A","Ouro Preto","MG",-20.36,-43.638999999999996,10,"CEMADEN",2
"314610711A","Ouro Preto","MG",-20.359,-43.669,10,"CEMADEN",3
"314610712A","Ouro Preto","MG",-20.421,-43.653999999999996,10,"CEMADEN",1
"314620601A","Ouro Verde de Minas","MG",-18.06873,-41.27134,10,"CEMADEN",1
"314630501A","Padre Paraíso","MG",-17.07715,-41.48498,10,"CEMADEN",6
"314780801A","Passa-vinte","MG",-22.2106,-44.23762,10,"CEMADEN",6
"314790701A","Passos","MG",-20.7347,-46.60611,10,"CEMADEN",5
"314800401A","Patos de Minas","MG",-18.603064,-46.517758,10,"CEMADEN",5
"314810301A","Patrocínio","MG",-18.945281,-46.986903,10,"CEMADEN",4
"314820201A","Patrocínio do Muriaé","MG",-21.15487,-42.21222,10,"CEMADEN",6
"314930901A","Pedro Leopoldo","MG",-19.62,-44.04,10,"CEMADEN",2
"314990301A","Perdões","MG",-21.10031,-45.08467,10,"CEMADEN",6
"314990351H","Perdões","MG",-21.095928,-45.092309,10,"CEMADEN",1
"314995201A","Periquito","MG",-19.153758,-42.241801,10,"CEMADEN",4
"315000001A","Pescador","MG",-18.354564,-41.597483,10,"CEMADEN",3
"315010901A","Piau","MG",-21.506999999999998,-43.317,10,"CEMADEN",1
"315080201A","Piranga","MG",-20.682525,-43.30182,10,"CEMADEN",6
"315110701A","Pirapetinga","MG",-21.65967,-42.34759,10,"CEMADEN",3
"315120601A","Pirapora","MG",-17.322144,-44.92644,10,"CEMADEN",2
"315120602A","Pirapora","MG",-17.348436,-44.95102,10,"CEMADEN",3
"315180001A","Poços de Caldas","MG",-21.777419,-46.619238,10,"CEMADEN",2
"315180052H","Poços de Caldas","MG",-21.786054999999998,-46.571919,10,"CEMADEN",1
"315210502A","Ponte Nova","MG",-20.419,-42.91,10,"CEMADEN",1
"315250101A","Pouso Alegre","MG",-22.288,-45.92,10,"CEMADEN",7
"315250102A","Pouso Alegre","MG",-22.221800000000002,-45.9839,10,"CEMADEN",7
"315250103A","Pouso Alegre","MG",-22.236,-45.865,10,"CEMADEN",5
"315250104A","Pouso Alegre","MG",-22.225,-45.937,10,"CEMADEN",7
"315250105A","Pouso Alegre","MG",-22.21,-45.906,10,"CEMADEN",10
"315340001A","Presidente Olegário","MG",-18.421022,-46.41618,10,"CEMADEN",5
"315350901A","Alto Jequitibá","MG",-20.4283,-41.9637,10,"CEMADEN",5
"315390501A","Raposos","MG",-19.969057,-43.807001,10,"CEMADEN",5
"315400201A","Raul Soares","MG",-20.110916,-42.459138,10,"CEMADEN",6
"315415001A","Reduto","MG",-20.24402,-41.97944,10,"CEMADEN",3
"315430902A","Resplendor","MG",-19.324054,-41.254568,10,"CEMADEN",6
"315460602A","Ribeirão das Neves","MG",-19.77459,-44.08454,10,"CEMADEN",6
"315460603A","Ribeirão das Neves","MG",-19.810011,-44.006578,10,"CEMADEN",5
"315460604A","Ribeirão das Neves","MG",-19.76717,-44.00188,10,"CEMADEN",6
"315460605A","Ribeirão das Neves","MG",-19.76602,-44.13492,10,"CEMADEN",3
"315460621H","Ribeirão das Neves","MG",-19.7916,-44.016000000000005,10,"CEMADEN",3
"315480401A","Rio Acima","MG",-20.0876,-43.785103,10,"CEMADEN",3
"315490301A","Rio Casca","MG",-20.227,-42.648,10,"CEMADEN",5
"315570201A","Rio Piracicaba","MG",-19.92987,-43.173139,10,"CEMADEN",5
"315620501A","Rochedo de Minas","MG",-21.62671,-43.01678,10,"CEMADEN",2
"315670001A","Sabará","MG",-19.885,-43.906000000000006,10,"CEMADEN",2
"315670003A","Sabará","MG",-19.881,-43.903999999999996,10,"CEMADEN",2
"315670004A","Sabará","MG",-19.833,-43.844,10,"CEMADEN",5
"315670023H","Sabará","MG",-19.8869,-43.8005,10,"CEMADEN",1
"315680901A","Sabinópolis","MG",-18.666,-43.08,10,"CEMADEN",10
"315780702A","Santa Luzia","MG",-19.757930000000002,-43.83317,10,"CEMADEN",2
"315780703A","Santa Luzia","MG",-19.75276,-43.88199,10,"CEMADEN",6
"315780704A","Santa Luzia","MG",-19.76634,-43.93589,10,"CEMADEN",4
"315780724H","Santa Luzia","MG",-19.7728,-43.8667,10,"CEMADEN",2
"315960501A","Santa Rita do Sapucaí","MG",-22.25706,-45.70048,10,"CEMADEN",2
"315960502A","Santa Rita do Sapucaí","MG",-22.19475,-45.58604,10,"CEMADEN",4
"316020701A","Santo Antãänio do Itambãò","MG",-18.4642,-43.30632,10,"CEMADEN",3
"316070201A","Santos Dumont","MG",-21.455,-43.554,10,"CEMADEN",3
"316070202A","Santos Dumont","MG",-21.468,-43.548,10,"CEMADEN",5
"316070203A","Santos Dumont","MG",-21.449,-43.531000000000006,10,"CEMADEN",2
"316070204A","Santos Dumont","MG",-21.462,-43.632,10,"CEMADEN",1
"316070205A","Santos Dumont","MG",-21.454,-43.566,10,"CEMADEN",6
"316105601A","São Félix de Minas","MG",-18.591694,-41.487944,10,"CEMADEN",4
"316110601A","São Francisco","MG",-15.9044,-44.80619,10,"CEMADEN",4
"316110602A","São Francisco","MG",-15.9524,-44.85857,10,"CEMADEN",4
"316230201A","São João da Mata","MG",-21.93452,-45.93269,10,"CEMADEN",5
"316250001A","São João Del Rei","MG",-21.142,-44.257,10,"CEMADEN",1
"316250002A","São João Del Rei","MG",-21.141,-44.275,10,"CEMADEN",2
"316250003A","São João Del Rei","MG",-21.111,-44.244,10,"CEMADEN",3
"316250004A","São João Del Rei","MG",-21.13,-44.266999999999996,10,"CEMADEN",3
"316290601A","São João Nepomuceno","MG",-21.541,-43.013999999999996,10,"CEMADEN",3
"316290602A","São João Nepomuceno","MG",-21.524,-43.015,10,"CEMADEN",5
"316330001A","São José do Divino","MG",-18.480833,-41.389611,10,"CEMADEN",7
"316370654H","São Lourenço","MG",-22.113072,-45.051502,10,"CEMADEN",3
"316400101A","São Pedro dos Ferros","MG",-20.16575,-42.521805,10,"CEMADEN",6
"316410001A","São Pedro do Suaçuí","MG",-18.363666,-42.6005,10,"CEMADEN",6
"31645000","Belém","PA",-1.455,-48.4017,15,"Telemetria",4
"316550301A","Sardoá","MG",-18.78005,-42.37635,10,"CEMADEN",6
"316600601A","Senhora de Oliveira","MG",-20.79777,-43.35336,10,"CEMADEN",8
"316750901A","Simão Pereira","MG",-21.96518,-43.31356,10,"CEMADEN",2
"31680000","Tomé-açu","PA",-3.1372,-48.0847,15,"Telemetria",3
"316800201C","Taiobeiras","MG",-15.79845,-42.22475,10,"CEMADEN",1
"316860601A","Teófilo Otoni","MG",-17.864,-41.50899999999999,10,"CEMADEN",1
"316870501A","Timóteo","MG",-19.538,-42.647,10,"CEMADEN",3
"316880401A","Tiradentes","MG",-21.107,-44.166,10,"CEMADEN",5
"316880403A","Tiradentes","MG",-21.118,-44.17,10,"CEMADEN",5
"316930701A","Três Corações","MG",-21.67047,-45.26846,10,"CEMADEN",3
"316930702A","Três Corações","MG",-21.72686,-45.26287,10,"CEMADEN",4
"316935601A","Três Marias","MG",-18.202777,-45.228055,10,"CEMADEN",5
"316990101A","Ubá","MG",-21.119,-42.93899999999999,10,"CEMADEN",2
"316990102A","Ubá","MG",-21.107,-42.931000000000004,10,"CEMADEN",1
"316990103A","Ubá","MG",-21.101,-42.954,10,"CEMADEN",3
"316990105A","Ubá","MG",-21.118000000000002,-42.885,10,"CEMADEN",1
"316990106A","Ubá","MG",-21.134,-42.946000000000005,10,"CEMADEN",2
"316990108A","Ubá","MG",-21.129,-42.93899999999999,10,"CEMADEN",2
"316990109A","Ubá","MG",-21.125999999999998,-42.925,10,"CEMADEN",1
"316990110A","Ubá","MG",-21.124,-42.918,10,"CEMADEN",5
"316990126H","Ubá","MG",-21.1176,-42.9431,10,"CEMADEN",1
"31700000","São Domingos do Capim","PA",-2.5128,-47.7681,15,"Telemetria",4
"317010701A","Uberaba","MG",-19.71201,-47.95312,10,"CEMADEN",3
"317020601A","Uberlândia","MG",-18.936205,-48.24565,10,"CEMADEN",7
"317040401A","Unaí","MG",-16.352733,-46.91116,10,"CEMADEN",7
"317100601A","Vazante","MG",-17.985833,-46.904444,10,"CEMADEN",4
"317120401A","Vespasiano","MG",-19.6921,-43.92317,10,"CEMADEN",1
"317120402A","Vespasiano","MG",-19.758210000000002,-43.953920000000004,10,"CEMADEN",1
"317130301A","Viçosa","MG",-20.756,-42.879,10,"CEMADEN",6
"317130302A","Viçosa","MG",-20.732,-42.882,10,"CEMADEN",5
"317130303A","Viçosa","MG",-20.767,-42.896,10,"CEMADEN",4
"317130304A","Viçosa","MG",-20.749,-42.825,10,"CEMADEN",6
"317190701A","Virgolândia","MG",-18.475724,-42.311238,10,"CEMADEN",5
"317200401A","Visconde do Rio Branco","MG",-21.009,-42.841,10,"CEMADEN",3
"317200427H","Visconde do Rio Branco","MG",-21.0106,-42.8415,10,"CEMADEN",1
"320010201A","Afonso Cláudio","ES",-20.078277,-41.124052,10,"CEMADEN",1
"320010201H","Afonso Cláudio","ES",-20.08,-41.1221,10,"CEMADEN",1
"320010202A","Afonso Cláudio","ES",-20.083,-41.129,10,"CEMADEN",2
"320010203A","Afonso Cláudio","ES",-20.102,-41.165,10,"CEMADEN",3
"320010206A","Afonso Cláudio","ES",-20.097,-41.12,10,"CEMADEN",1
"320010207A","Afonso Cláudio","ES",-20.061,-41.047,10,"CEMADEN",1
"320010208A","Afonso Cláudio","ES",-20.177,-41.196000000000005,10,"CEMADEN",2
"320016902A","Água Doce do Norte","ES",-18.476,-41.013,10,"CEMADEN",3
"320016903A","Água Doce do Norte","ES",-18.5485,-40.9764,10,"CEMADEN",6
"320016904A","Água Doce do Norte","ES",-18.6358,-40.9443,10,"CEMADEN",1
"320020102A","Alegre","ES",-20.746,-41.571000000000005,10,"CEMADEN",1
"320020102H","Alegre","ES",-20.7758,-41.538,10,"CEMADEN",1
"320020104A","Alegre","ES",-20.76,-41.457,10,"CEMADEN",1
"320020105A","Alegre","ES",-20.761,-41.593999999999994,10,"CEMADEN",1
"320020106A","Alegre","ES",-20.761,-41.536,10,"CEMADEN",1
"320020107A","Alegre","ES",-20.86988,-41.57819,10,"CEMADEN",3
"320030001A","Alfredo Chaves","ES",-20.6341,-40.75439,10,"CEMADEN",5
"320030003H","Alfredo Chaves","ES",-20.6341,-40.7478,10,"CEMADEN",1
"320040902A","Anchieta","ES",-20.58244,-40.64607,10,"CEMADEN",5
"320040903A","Anchieta","ES",-20.80351,-40.64939,10,"CEMADEN",3
"320050801A","Apiacá","ES",-21.157318,-41.567119,10,"CEMADEN",5
"320060702A","Aracruz","ES",-19.82,-40.275999999999996,10,"CEMADEN",3
"320060703A","Aracruz","ES",-19.919,-40.131,10,"CEMADEN",1
"320060704A","Aracruz","ES",-19.81,-40.272,10,"CEMADEN",2
"320060705A","Aracruz","ES",-19.576,-40.187,10,"CEMADEN",6
"320060706A","Aracruz","ES",-19.679,-40.259,10,"CEMADEN",2
"320060707A","Aracruz","ES",-19.826,-40.263000000000005,10,"CEMADEN",3
"320070601A","Atilio Vivacqua","ES",-20.914313,-41.198001,10,"CEMADEN",3
"320080501A","Baixo Guandu","ES",-19.50957,-41.0114,10,"CEMADEN",2
"320090401A","Barra de São Francisco","ES",-18.757,-40.893,10,"CEMADEN",6
"320090402A","Barra de São Francisco","ES",-18.76,-40.896,10,"CEMADEN",5
"320090403A","Barra de São Francisco","ES",-18.759,-40.885,10,"CEMADEN",5
"320090404H","Barra de São Francisco","ES",-18.7535,-40.8928,10,"CEMADEN",2
"320100101A","Boa Esperança","ES",-18.540267,-40.29713,10,"CEMADEN",4
"320110001A","Bom Jesus do Norte","ES",-21.11939,-41.66597,10,"CEMADEN",2
"320110005H","Bom Jesus do Norte","ES",-21.1335,-41.6782,10,"CEMADEN",3
"320115901A","Brejetuba","ES",-20.150223,-41.29486,10,"CEMADEN",4
"320120901A","Cachoeiro de Itapemirim","ES",-20.849,-41.114,10,"CEMADEN",2
"320120903A","Cachoeiro de Itapemirim","ES",-20.845,-41.122,10,"CEMADEN",1
"320120904A","Cachoeiro de Itapemirim","ES",-20.878,-41.121,10,"CEMADEN",4
"320120905A","Cachoeiro de Itapemirim","ES",-20.857,-41.152,10,"CEMADEN",2
"320120906A","Cachoeiro de Itapemirim","ES",-20.727,-41.132,10,"CEMADEN",2
"320120906H","Cachoeiro de Itapemirim","ES",-20.8441,-41.122,10,"CEMADEN",1
"320120907A","Cachoeiro de Itapemirim","ES",-20.839,-41.121,10,"CEMADEN",1
"320120908A","Cachoeiro de Itapemirim","ES",-20.836,-41.188,10,"CEMADEN",4
"320120909A","Cachoeiro de Itapemirim","ES",-20.828,-41.142,10,"CEMADEN",5
"320130801A","Cariacica","ES",-20.281,-40.402,10,"CEMADEN",1
"320130802A","Cariacica","ES",-20.32,-40.391,10,"CEMADEN",1
"320130803A","Cariacica","ES",-20.328,-40.361999999999995,10,"CEMADEN",1
"320130804A","Cariacica","ES",-20.263,-40.389,10,"CEMADEN",1
"320130805A","Cariacica","ES",-20.305999999999997,-40.375,10,"CEMADEN",2
"320130806A","Cariacica","ES",-20.369,-40.371,10,"CEMADEN",2
"320130807A","Cariacica","ES",-20.339,-40.371,10,"CEMADEN",2
"320130808A","Cariacica","ES",-20.374,-40.39,10,"CEMADEN",2
"320130809A","Cariacica","ES",-20.262,-40.425,10,"CEMADEN",1
"320130810A","Cariacica","ES",-20.389,-40.372,10,"CEMADEN",1
"320130811A","Cariacica","ES",-20.361,-40.373,10,"CEMADEN",8
"320140704A","Castelo","ES",-20.598,-41.202,10,"CEMADEN",2
"320140705A","Castelo","ES",-20.603,-41.203,10,"CEMADEN",3
"320140706A","Castelo","ES",-20.555,-41.248999999999995,10,"CEMADEN",2
"320150601A","Colatina","ES",-19.535,-40.63,10,"CEMADEN",6
"320150602A","Colatina","ES",-19.512,-40.619,10,"CEMADEN",5
"320150603A","Colatina","ES",-19.571,-40.506,10,"CEMADEN",2
"320150604A","Colatina","ES",-19.521,-40.658,10,"CEMADEN",1
"320150605A","Colatina","ES",-19.486,-40.673,10,"CEMADEN",1
"320150606A","Colatina","ES",-19.524,-40.668,10,"CEMADEN",3
"320160501A","Conceição da Barra","ES",-18.594626,-39.730921,10,"CEMADEN",2
"320170401A","Conceição do Castelo","ES",-20.36063,-41.252,10,"CEMADEN",5
"320170407H","Conceição do Castelo","ES",-20.3538,-41.2443,10,"CEMADEN",2
"320210801A","Ecoporanga","ES",-18.371,-40.828,10,"CEMADEN",5
"320210808H","Ecoporanga","ES",-18.3705,-40.8357,10,"CEMADEN",1
"320220701A","Fundão","ES",-20.038,-40.19,10,"CEMADEN",6
"320220702A","Fundão","ES",-19.935,-40.408,10,"CEMADEN",8
"320225601A","Governador Lindenberg","ES",-19.245,-40.484,10,"CEMADEN",4
"320230601A","Guaçuí","ES",-20.772,-41.676,10,"CEMADEN",1
"320230602A","Guaçuí","ES",-20.78,-41.685,10,"CEMADEN",1
"320230603A","Guaçuí","ES",-20.772,-41.672,10,"CEMADEN",3
"320230604A","Guaçuí","ES",-20.785,-41.658,10,"CEMADEN",1
"320240501A","Guarapari","ES",-20.674,-40.501,10,"CEMADEN",5
"320240503A","Guarapari","ES",-20.646,-40.491,10,"CEMADEN",4
"320240504A","Guarapari","ES",-20.6584,-40.6131,10,"CEMADEN",4
"320245401A","Ibatiba","ES",-20.236053,-41.508037,10,"CEMADEN",6
"320250401A","Ibiraçu","ES",-19.83,-40.369,10,"CEMADEN",5
"320250402A","Ibiraçu","ES",-19.831,-40.368,10,"CEMADEN",4
"320255301A","Ibitirama","ES",-20.524611,-41.6681,10,"CEMADEN",5
"320265201A","Irupi","ES",-20.349759,-41.644108,10,"CEMADEN",3
"320270201A","Itaguaçu","ES",-19.801,-40.865,10,"CEMADEN",3
"320270202A","Itaguaçu","ES",-19.812,-40.859,10,"CEMADEN",2
"320290001A","Itarana","ES",-19.99632,-40.88827,10,"CEMADEN",4
"320290009H","Itarana","ES",-19.8753,-40.8769,10,"CEMADEN",1
"320300701A","Iúna","ES",-20.347824,-41.5289,10,"CEMADEN",6
"320313001A","João Neiva","ES",-19.757,-40.386,10,"CEMADEN",4
"320316301A","Laranja da Terra","ES",-19.903,-41.013999999999996,10,"CEMADEN",2
"320316310H","Laranja da Terra","ES",-19.9018,-41.056,10,"CEMADEN",2
"320320501A","Linhares","ES",-19.406,-40.069,10,"CEMADEN",8
"320330401A","Mantenópolis","ES",-18.858944,-41.118417,10,"CEMADEN",5
"320334602A","Marechal Floriano","ES",-20.490695,-40.771554,10,"CEMADEN",4
"320334603A","Marechal Floriano","ES",-20.385082,-40.75591,10,"CEMADEN",1
"320334611H","Marechal Floriano","ES",-20.4107,-40.6762,10,"CEMADEN",1
"320335301A","Marilândia","ES",-19.40921,-40.54053,10,"CEMADEN",3
"320340302A","Mimoso do Sul","ES",-20.97386,-41.509,10,"CEMADEN",4
"320350201A","Montanha","ES",-18.128552,-40.352651,10,"CEMADEN",4
"320360101A","Mucurici","ES",-18.09281,-40.51511,10,"CEMADEN",3
"320370001A","Muniz Freire","ES",-20.464543,-41.412963,10,"CEMADEN",1
"320380902A","Muqui","ES",-20.945653,-41.347444,10,"CEMADEN",3
"320390801A","Nova Venãòcia","ES",-18.71,-40.398,10,"CEMADEN",2
"320390802A","Nova Venécia","ES",-18.713,-40.377,10,"CEMADEN",2
"320390803A","Nova Venécia","ES",-18.714,-40.407,10,"CEMADEN",8
"320390804A","Nova Venãòcia","ES",-18.559,-40.34,10,"CEMADEN",3
"320390805A","Nova Venécia","ES",-18.688,-40.391999999999996,10,"CEMADEN",2
"320390813H","Nova Venãòcia","ES",-18.7092,-40.3989,10,"CEMADEN",1
"320400501A","Pancas","ES",-19.22245,-40.85532,10,"CEMADEN",7
"320405401A","Pedro Canário","ES",-18.2925,-39.957222,10,"CEMADEN",4
"320420301A","Piúma","ES",-20.83876,-40.72852,10,"CEMADEN",3
"320425201A","Ponto Belo","ES",-18.123194,-40.540619,10,"CEMADEN",5
"320435101A","Rio Bananal","ES",-19.319183,-40.36113,10,"CEMADEN",3
"320440101A","Rio Novo do Sul","ES",-20.868245,-40.943022,10,"CEMADEN",5
"320440102A","Rio Novo do Sul","ES",-20.864403,-40.930634,10,"CEMADEN",4
"320450001A","Santa Leopoldina","ES",-20.098,-40.527,10,"CEMADEN",4
"320450002A","Santa Leopoldina","ES",-20.101,-40.521,10,"CEMADEN",2
"320450003A","Santa Leopoldina","ES",-20.135,-40.439,10,"CEMADEN",1
"320455902A","Santa Maria de Jetibá","ES",-20.019000000000002,-40.76,10,"CEMADEN",2
"320455903A","Santa Maria de Jetibá","ES",-20.156,-40.941,10,"CEMADEN",3
"320455904A","Santa Maria de Jetibá","ES",-20.003,-40.737,10,"CEMADEN",3
"320455905A","Santa Maria de Jetibá","ES",-20.056,-40.689,10,"CEMADEN",1
"320455916H","Santa Maria de Jetibá","ES",-20.0234,-40.7445,10,"CEMADEN",1
"320460901A","Santa Teresa","ES",-19.936,-40.597,10,"CEMADEN",1
"320460902A","Santa Teresa","ES",-19.955,-40.741,10,"CEMADEN",1
"320465801A","São Domingos do Norte","ES",-19.148,-40.622,10,"CEMADEN",3
"320480702A","São José do Calçado","ES",-21.03103,-41.65677,10,"CEMADEN",4
"320480717H","São José do Calçado","ES",-21.0288,-41.6523,10,"CEMADEN",3
"320490601A","São Mateus","ES",-18.715,-39.856,10,"CEMADEN",2
"320490602A","São Mateus","ES",-18.726283,-39.836693,10,"CEMADEN",6
"320495501A","São Roque do Canaã","ES",-19.736,-40.661,10,"CEMADEN",1
"320495502A","São Roque do Canaã","ES",-19.721,-40.61,10,"CEMADEN",4
"320500202A","Serra","ES",-20.125,-40.307,10,"CEMADEN",6
"320500203A","Serra","ES",-20.134,-40.288000000000004,10,"CEMADEN",3
"320500204A","Serra","ES",-20.156,-40.273,10,"CEMADEN",7
"320500205A","Serra","ES",-20.219,-40.281,10,"CEMADEN",3
"320500206A","Serra","ES",-20.132,-40.193,10,"CEMADEN",7
"320500207A","Serra","ES",-20.055999999999997,-40.201,10,"CEMADEN",3
"320500209A","Serra","ES",-20.219,-40.25,10,"CEMADEN",3
"320500210A","Serra","ES",-20.201,-40.277,10,"CEMADEN",1
"320500211A","Serra","ES",-20.241,-40.269,10,"CEMADEN",1
"320500212A","Serra","ES",-20.171,-40.258,10,"CEMADEN",1
"320500213A","Serra","ES",-20.211,-40.219,10,"CEMADEN",8
"320503601A","Vargem Alta","ES",-20.670646,-41.007891,10,"CEMADEN",4
"320506901A","Venda Nova do Imigrante","ES",-20.329789,-41.131925,10,"CEMADEN",4
"320510101A","Viana","ES",-20.367,-40.429,10,"CEMADEN",3
"320510103A","Viana","ES",-20.351,-40.423,10,"CEMADEN",1
"320510104A","Viana","ES",-20.427,-40.461,10,"CEMADEN",6
"320515001A","Vila Pavão","ES",-18.620456,-40.606168,10,"CEMADEN",5
"320520002A","Vila Velha","ES",-20.336,-40.296,10,"CEMADEN",4
"320520003A","Vila Velha","ES",-20.34,-40.321,10,"CEMADEN",1
"320520004A","Vila Velha","ES",-20.373,-40.35,10,"CEMADEN",1
"320520005A","Vila Velha","ES",-20.344556999999998,-40.330542,10,"CEMADEN",2
"320520006A","Vila Velha","ES",-20.444,-40.352,10,"CEMADEN",4
"320520007A","Vila Velha","ES",-20.333,-40.302,10,"CEMADEN",4
"320520008A","Vila Velha","ES",-20.34,-40.34,10,"CEMADEN",2
"320520009A","Vila Velha","ES",-20.36,-40.299,10,"CEMADEN",2
"320520010A","Vila Velha","ES",-20.345,-40.292,10,"CEMADEN",2
"320530901A","Vitória","ES",-20.292,-40.304,10,"CEMADEN",1
"320530905A","Vitória","ES",-20.274,-40.323,10,"CEMADEN",9
"320530906A","Vitória","ES",-20.313,-40.321999999999996,10,"CEMADEN",1
"320530908A","Vitória","ES",-20.257,-40.268,10,"CEMADEN",8
"320530909A","Vitória","ES",-20.320999999999998,-40.354,10,"CEMADEN",2
"320530910A","Vitória","ES",-20.317999999999998,-40.304,10,"CEMADEN",3
"32540000","Centro Novo do Maranhão","MA",-3.3197,-46.8456,15,"Telemetria",2
"32550000","Paragominas","PA",-2.7717,-46.8028,15,"Telemetria",3
"32620000","Viseu","PA",-1.8006,-46.3161,15,"Telemetria",4
"330010001A","Angra dos Reis","RJ",-22.965999999999998,-44.44,10,"CEMADEN",2
"330010001G","Angra dos Reis","RJ",-23.010529,-44.355109,10,"CEMADEN",2
"330010002A","Angra dos Reis","RJ",-22.998,-44.263999999999996,10,"CEMADEN",4
"330010003A","Angra dos Reis","RJ",-22.933,-44.387,10,"CEMADEN",9
"330010004A","Angra dos Reis","RJ",-22.982,-44.292,10,"CEMADEN",3
"330010005A","Angra dos Reis","RJ",-22.9604,-44.29408,10,"CEMADEN",3
"330010006A","Angra dos Reis","RJ",-23.014,-44.533,10,"CEMADEN",4
"330010006G","Angra dos Reis","RJ",-23.01169,-44.295751,10,"CEMADEN",2
"330010007A","Angra dos Reis","RJ",-22.992,-44.241,10,"CEMADEN",2
"330010007G","Angra dos Reis","RJ",-23.009435,-44.324512,10,"CEMADEN",1
"330010008A","Angra dos Reis","RJ",-23.037,-44.195,10,"CEMADEN",3
"330010008G","Angra dos Reis","RJ",-23.020657,-44.327699,10,"CEMADEN",1
"330010009A","Angra dos Reis","RJ",-23.024,-44.512,10,"CEMADEN",3
"330010010A","Angra dos Reis","RJ",-23.024,-44.349,10,"CEMADEN",3
"330010011A","Angra dos Reis","RJ",-22.99993,-44.305,10,"CEMADEN",5
"330010012A","Angra dos Reis","RJ",-23.01,-44.222,10,"CEMADEN",7
"330010013A","Angra dos Reis","RJ",-22.902,-44.332,10,"CEMADEN",6
"330010014A","Angra dos Reis","RJ",-22.889,-44.278,10,"CEMADEN",5
"330010015A","Angra dos Reis","RJ",-22.948,-44.329,10,"CEMADEN",7
"330010016A","Angra dos Reis","RJ",-22.951,-44.565,10,"CEMADEN",3
"330010017A","Angra dos Reis","RJ",-22.987,-44.32,10,"CEMADEN",7
"330010018A","Angra dos Reis","RJ",-23.005,-44.278999999999996,10,"CEMADEN",2
"330010019A","Angra dos Reis","RJ",-23.005,-44.48,10,"CEMADEN",5
"330010020A","Angra dos Reis","RJ",-22.923000000000002,-44.358999999999995,10,"CEMADEN",4
"330010021A","Angra dos Reis","RJ",-23.037,-44.177,10,"CEMADEN",6
"330010022A","Angra dos Reis","RJ",-23.1552,-44.327,10,"CEMADEN",5
"330010023A","Angra dos Reis","RJ",-23.017,-44.291000000000004,10,"CEMADEN",4
"330010024A","Angra dos Reis","RJ",-23.109,-44.248000000000005,10,"CEMADEN",5
"330010025A","Angra dos Reis","RJ",-23.137,-44.282,10,"CEMADEN",5
"330010026A","Angra dos Reis","RJ",-23.139,-44.169,10,"CEMADEN",4
"330010027A","Angra dos Reis","RJ",-23.012,-44.322,10,"CEMADEN",5
"330010028A","Angra dos Reis","RJ",-22.987,-44.218,10,"CEMADEN",2
"330010029A","Angra dos Reis","RJ",-23.052,-44.243,10,"CEMADEN",6
"330015901A","Aperibãò","RJ",-21.61792,-42.118248,10,"CEMADEN",5
"330020902A","Araruama","RJ",-22.8596,-42.3412,10,"CEMADEN",4
"330020903A","Araruama","RJ",-22.8028,-42.4162,10,"CEMADEN",2
"330020904A","Araruama","RJ",-22.7444,-42.2596,10,"CEMADEN",5
"330022502A","Areal","RJ",-22.239,-43.102,10,"CEMADEN",1
"330022503A","Areal","RJ",-22.226999999999997,-43.092,10,"CEMADEN",3
"330030801A","Barra do Piraí","RJ",-22.455045,-43.837,10,"CEMADEN",4
"330030803A","Barra do Piraí","RJ",-22.5222,-43.8035,10,"CEMADEN",7
"330040705A","Barra Mansa","RJ",-22.51362,-44.19784,10,"CEMADEN",2
"330040706A","Barra Mansa","RJ",-22.53582,-44.16231,10,"CEMADEN",7
"330045601A","Belford Roxo","RJ",-22.741999999999997,-43.391999999999996,10,"CEMADEN",1
"330045602A","Belford Roxo","RJ",-22.707,-43.334,10,"CEMADEN",2
"330045603A","Belford Roxo","RJ",-22.721,-43.398,10,"CEMADEN",5
"330045604A","Belford Roxo","RJ",-22.73,-43.331,10,"CEMADEN",6
"330045606A","Belford Roxo","RJ",-22.71599,-43.35249,10,"CEMADEN",4
"330045607A","Belford Roxo","RJ",-22.715999999999998,-43.3524,10,"CEMADEN",1
"330050601A","Bom Jardim","RJ",-22.164,-42.418,10,"CEMADEN",1
"330050602A","Bom Jardim","RJ",-22.205,-42.396,10,"CEMADEN",2
"330050604A","Bom Jardim","RJ",-22.15,-42.422,10,"CEMADEN",1
"330060501A","Bom Jesus do Itabapoana","RJ",-21.136543,-41.677899,10,"CEMADEN",4
"330070402A","Cabo Frio","RJ",-22.8771,-42.014,10,"CEMADEN",2
"330070404A","Cabo Frio","RJ",-22.5941,-42.0012,10,"CEMADEN",4
"330080304A","Cachoeiras de Macacu","RJ",-22.561999999999998,-42.68600000000001,10,"CEMADEN",1
"330080306A","Cachoeiras de Macacu","RJ",-22.474,-42.655,10,"CEMADEN",1
"330080307A","Cachoeiras de Macacu","RJ",-22.561,-42.693,10,"CEMADEN",1
"330090201A","Cambuci","RJ",-21.576216,-41.908943,10,"CEMADEN",4
"330095102A","Comendador Levy Gasparian","RJ",-22.031,-43.207,10,"CEMADEN",4
"330100902A","Campos dos Goytacazes","RJ",-21.6025,-41.314,10,"CEMADEN",5
"330100903A","Campos dos Goytacazes","RJ",-21.3759,-41.3465,10,"CEMADEN",3
"330100904A","Campos dos Goytacazes","RJ",-21.9896,-41.5073,10,"CEMADEN",5
"330100905A","Campos dos Goytacazes","RJ",-21.7469,-41.318600000000004,10,"CEMADEN",4
"330100906A","Campos dos Goytacazes","RJ",-22.0208,-41.6853,10,"CEMADEN",4
"330100907A","Campos dos Goytacazes","RJ",-21.946942,-41.134248,10,"CEMADEN",1
"330110801A","Cantagalo","RJ",-21.981,-42.365,10,"CEMADEN",5
"330110804A","Cantagalo","RJ",-21.908,-42.261,10,"CEMADEN",2
"330110805A","Cantagalo","RJ",-21.854,-42.273999999999994,10,"CEMADEN",2
"330115701A","Cardoso Moreira","RJ",-21.4868,-41.60967,10,"CEMADEN",3
"330120702A","Carmo","RJ",-21.844,-42.57899999999999,10,"CEMADEN",2
"330150401A","Cordeiro","RJ",-22.034,-42.383,10,"CEMADEN",2
"330150402A","Cordeiro","RJ",-22.02632,-42.35958,10,"CEMADEN",5
"330150403A","Cordeiro","RJ",-22.01398,-42.36532,10,"CEMADEN",5
"330160301A","Duas Barras","RJ",-22.051,-42.522,10,"CEMADEN",3
"330160302A","Duas Barras","RJ",-22.075,-42.403999999999996,10,"CEMADEN",3
"330170207A","Duque de Caxias","RJ",-22.572,-43.313,10,"CEMADEN",1
"330170209A","Duque de Caxias","RJ",-22.648000000000003,-43.246,10,"CEMADEN",1
"330170212A","Duque de Caxias","RJ",-22.726,-43.312,10,"CEMADEN",1
"330170213A","Duque de Caxias","RJ",-22.642,-43.282,10,"CEMADEN",1
"330170214A","Duque de Caxias","RJ",-22.775,-43.327,10,"CEMADEN",1
"330170214H","Duque de Caxias","RJ",-22.5697,-43.3132,10,"CEMADEN",1
"330180103A","Engenheiro Paulo de Frontin","RJ",-22.47605,-43.58121,10,"CEMADEN",3
"330185001A","Guapimirim","RJ",-22.528,-42.984,10,"CEMADEN",4
"330185004A","Guapimirim","RJ",-22.655,-42.993,10,"CEMADEN",2
"330185015H","Guapimirim","RJ",-22.5184,-42.9752,10,"CEMADEN",3
"330190001A","Itaboraí","RJ",-22.680999999999997,-42.78,10,"CEMADEN",1
"330190002A","Itaboraí","RJ",-22.761,-42.904,10,"CEMADEN",4
"330190003A","Itaboraí","RJ",-22.732,-42.83,10,"CEMADEN",2
"330190005A","Itaboraí","RJ",-22.712,-42.898999999999994,10,"CEMADEN",3
"330190006A","Itaboraí","RJ",-22.755,-42.847,10,"CEMADEN",1
"330190007A","Itaboraí","RJ",-22.776,-42.938,10,"CEMADEN",4
"330190008A","Itaboraí","RJ",-22.837,-42.882,10,"CEMADEN",8
"330200702A","Itaguaí","RJ",-22.8654,-43.7537,10,"CEMADEN",3
"330200703A","Itaguaí","RJ",-22.848,-43.82,10,"CEMADEN",6
"330200704A","Itaguaí","RJ",-22.9213,-43.8504,10,"CEMADEN",9
"330205601A","Italva","RJ",-21.430917,-41.690444,10,"CEMADEN",5
"330210601A","Itaocara","RJ",-21.670202,-42.079447,10,"CEMADEN",5
"330220501A","Itaperuna","RJ",-21.216427,-41.876416,10,"CEMADEN",7
"330220502A","Itaperuna","RJ",-21.1002,-42.1118,10,"CEMADEN",2
"330225401A","Itatiaia","RJ",-22.4913,-44.5636,10,"CEMADEN",2
"330225403A","Itatiaia","RJ",-22.3385,-44.6141,10,"CEMADEN",6
"330227001A","Japeri","RJ",-22.64,-43.65,10,"CEMADEN",1
"330227002A","Japeri","RJ",-22.675,-43.605,10,"CEMADEN",1
"330227004A","Japeri","RJ",-22.69126,-43.632,10,"CEMADEN",4
"330227005A","Japeri","RJ",-22.6532,-43.5963,10,"CEMADEN",3
"330227009H","Japeri","RJ",-22.6565,-43.6639,10,"CEMADEN",1
"330230401A","Laje do Muriaãò","RJ",-21.206772,-42.122422,10,"CEMADEN",3
"330240301A","Macaãò","RJ",-22.23599,-42.05539,10,"CEMADEN",4
"330240302A","Macaãò","RJ",-22.385283,-41.81688,10,"CEMADEN",3
"330245201A","Macuco","RJ",-21.989,-42.25899999999999,10,"CEMADEN",2
"330250202A","Magãò","RJ",-22.576,-43.188,10,"CEMADEN",2
"330250203A","Magé","RJ",-22.594,-43.183,10,"CEMADEN",1
"330250203H","Magãò","RJ",-22.5434,-43.0424,10,"CEMADEN",1
"330250204A","Magãò","RJ",-22.601999999999997,-43.19,10,"CEMADEN",1
"330250205A","Magãò","RJ",-22.709,-43.166,10,"CEMADEN",2
"330250206A","Magãò","RJ",-22.666999999999998,-43.13399999999999,10,"CEMADEN",1
"330250207A","Magãò","RJ",-22.664,-43.12,10,"CEMADEN",2
"330250209A","Magãò","RJ",-22.656,-43.037,10,"CEMADEN",3
"330250210A","Magãò","RJ",-22.608,-43.18,10,"CEMADEN",2
"330250211A","Magé","RJ",-22.598000000000003,-43.118,10,"CEMADEN",1
"330260101A","Mangaratiba","RJ",-22.945,-44.038000000000004,10,"CEMADEN",6
"330260102A","Mangaratiba","RJ",-22.919,-43.949,10,"CEMADEN",4
"330270001A","Maricá","RJ",-22.906,-42.815,10,"CEMADEN",9
"330270002A","Maricá","RJ",-22.9642522,-42.9691037,10,"CEMADEN",1
"330270003A","Maricá","RJ",-22.951,-42.696999999999996,10,"CEMADEN",2
"330270004A","Maricá","RJ",-22.956999999999997,-42.793,10,"CEMADEN",2
"330270005A","Maricá","RJ",-22.971,-42.927,10,"CEMADEN",2
"330270006A","Maricá","RJ",-22.966,-43.01,10,"CEMADEN",1
"330270007A","Maricá","RJ",-22.898,-42.94,10,"CEMADEN",2
"330270008A","Maricá","RJ",-22.889,-42.71,10,"CEMADEN",1
"330280901A","Mendes","RJ",-22.52687,-43.73212,10,"CEMADEN",3
"330285801A","Mesquita","RJ",-22.783,-43.427,10,"CEMADEN",2
"330285802A","Mesquita","RJ",-22.7694,-43.4143,10,"CEMADEN",1
"330285803A","Mesquita","RJ",-22.8016,-43.4355,10,"CEMADEN",4
"330300501A","Miracema","RJ",-21.412338000000002,-42.196813,10,"CEMADEN",2
"330320302A","Nilópolis","RJ",-22.8109,-43.3962,10,"CEMADEN",5
"330320303A","Nilópolis","RJ",-22.8078,-43.4195,10,"CEMADEN",3
"330330201A","Niterói","RJ",-22.882,-43.123,10,"CEMADEN",4
"330330202A","Niterói","RJ",-22.905,-43.121,10,"CEMADEN",2
"330330203A","Niterói","RJ",-22.906999999999996,-43.067,10,"CEMADEN",1
"330330207A","Niterói","RJ",-22.881,-43.03,10,"CEMADEN",2
"330330208A","Niterói","RJ",-22.954,-43.028,10,"CEMADEN",3
"330330209A","Niterói","RJ",-22.906,-43.053000000000004,10,"CEMADEN",2
"330330211A","Niterói","RJ",-22.932,-43.11600000000001,10,"CEMADEN",1
"330330212A","Niterói","RJ",-22.942,-43.057,10,"CEMADEN",4
"330330213A","Niterói","RJ",-22.934,-43.098,10,"CEMADEN",2
"330330214A","Niterói","RJ",-22.929,-43.064,10,"CEMADEN",7
"330330215A","Niterói","RJ",-22.951,-43.092,10,"CEMADEN",3
"330330216A","Niterói","RJ",-22.883000000000003,-43.083,10,"CEMADEN",1
"330340102A","Nova Friburgo","RJ",-22.29,-42.548,10,"CEMADEN",2
"330340103A","Nova Friburgo","RJ",-22.34,-42.513,10,"CEMADEN",4
"330340104A","Nova Friburgo","RJ",-22.239,-42.547,10,"CEMADEN",1
"330340105G","Nova Friburgo","RJ",-22.235289,-42.536688,10,"CEMADEN",1
"330340106A","Nova Friburgo","RJ",-22.269,-42.534,10,"CEMADEN",5
"330340107A","Nova Friburgo","RJ",-22.258000000000003,-42.458999999999996,10,"CEMADEN",4
"330340107G","Nova Friburgo","RJ",-22.250374,-42.554345,10,"CEMADEN",1
"330340108A","Nova Friburgo","RJ",-22.348000000000003,-42.327,10,"CEMADEN",1
"330340109A","Nova Friburgo","RJ",-22.31,-42.523999999999994,10,"CEMADEN",4
"330340109G","Nova Friburgo","RJ",-22.197343,-42.502533,10,"CEMADEN",1
"330340110A","Nova Friburgo","RJ",-22.297,-42.588,10,"CEMADEN",5
"330340111A","Nova Friburgo","RJ",-22.197,-42.511,10,"CEMADEN",3
"330340113A","Nova Friburgo","RJ",-22.361,-42.528999999999996,10,"CEMADEN",1
"330340114A","Nova Friburgo","RJ",-22.294,-42.505,10,"CEMADEN",4
"330340115A","Nova Friburgo","RJ",-22.224,-42.526,10,"CEMADEN",2
"330340116A","Nova Friburgo","RJ",-22.212815,-42.51351,10,"CEMADEN",5
"330340117A","Nova Friburgo","RJ",-22.24,-42.648999999999994,10,"CEMADEN",2
"330340119A","Nova Friburgo","RJ",-22.318,-42.331,10,"CEMADEN",1
"330340120A","Nova Friburgo","RJ",-22.239,-42.536,10,"CEMADEN",2
"330340121A","Nova Friburgo","RJ",-22.335,-42.564,10,"CEMADEN",3
"330340122A","Nova Friburgo","RJ",-22.359,-42.56,10,"CEMADEN",1
"330340123A","Nova Friburgo","RJ",-22.293,-42.533,10,"CEMADEN",5
"330340124A","Nova Friburgo","RJ",-22.279,-42.498000000000005,10,"CEMADEN",1
"330350004A","Nova Iguaçu","RJ",-22.828000000000003,-43.608000000000004,10,"CEMADEN",1
"330350006A","Nova Iguaçu","RJ",-22.765,-43.523,10,"CEMADEN",1
"330350008A","Nova Iguaçu","RJ",-22.718,-43.523,10,"CEMADEN",1
"330350009A","Nova Iguaçu","RJ",-22.661,-43.493,10,"CEMADEN",2
"330350010A","Nova Iguaçu","RJ",-22.7232,-43.4682,10,"CEMADEN",2
"330360901A","Paracambi","RJ",-22.5985,-43.7142,10,"CEMADEN",1
"330370801A","Paraíba do Sul","RJ",-22.171999999999997,-43.29600000000001,10,"CEMADEN",1
"330370802A","Paraíba do Sul","RJ",-22.215999999999998,-43.316,10,"CEMADEN",1
"330370803A","Paraíba do Sul","RJ",-22.154,-43.288000000000004,10,"CEMADEN",2
"330380701A","Paraty","RJ",-23.32,-44.727,10,"CEMADEN",2
"330380702A","Paraty","RJ",-23.223000000000003,-44.727,10,"CEMADEN",1
"330380703A","Paraty","RJ",-23.039,-44.595,10,"CEMADEN",1
"330380704A","Paraty","RJ",-23.333000000000002,-44.678000000000004,10,"CEMADEN",2
"330385603A","Paty do Alferes","RJ",-22.406697,-43.42266,10,"CEMADEN",1
"330385604A","Paty do Alferes","RJ",-22.320663,-43.403512,10,"CEMADEN",1
"330390602A","Petrópolis","RJ",-22.53,-43.17100000000001,10,"CEMADEN",3
"330390603A","Petrópolis","RJ",-22.52,-43.21,10,"CEMADEN",2
"330390605A","Petrópolis","RJ",-22.427,-43.248999999999995,10,"CEMADEN",1
"330390605G","Petrópolis","RJ",-22.51221,-43.209475,10,"CEMADEN",2
"330390606A","Petrópolis","RJ",-22.374000000000002,-43.04600000000001,10,"CEMADEN",1
"330390607A","Petrópolis","RJ",-22.255,-43.063,10,"CEMADEN",1
"330390609A","Petrópolis","RJ",-22.401,-43.097,10,"CEMADEN",5
"330390610A","Petrópolis","RJ",-22.55,-43.21,10,"CEMADEN",1
"330390611A","Petrópolis","RJ",-22.388,-43.132,10,"CEMADEN",1
"330390612A","Petrópolis","RJ",-22.548,-43.209,10,"CEMADEN",2
"330390613A","Petrópolis","RJ",-22.258000000000003,-43.076,10,"CEMADEN",4
"330390614A","Petrópolis","RJ",-22.454,-43.143,10,"CEMADEN",1
"330390615A","Petrópolis","RJ",-22.401999999999997,-43.047,10,"CEMADEN",2
"330390616A","Petrópolis","RJ",-22.53,-43.17,10,"CEMADEN",1
"330390617A","Petrópolis","RJ",-22.52,-43.22,10,"CEMADEN",4
"330390618A","Petrópolis","RJ",-22.529,-43.223,10,"CEMADEN",3
"330390619A","Petrópolis","RJ",-22.418000000000003,-43.122,10,"CEMADEN",3
"330390620A","Petrópolis","RJ",-22.526999999999997,-43.161,10,"CEMADEN",2
"330390622A","Petrópolis","RJ",-22.369,-43.111999999999995,10,"CEMADEN",5
"330390623A","Petrópolis","RJ",-22.335,-43.13399999999999,10,"CEMADEN",1
"330390624A","Petrópolis","RJ",-22.353,-43.095,10,"CEMADEN",1
"330390626A","Petrópolis","RJ",-22.336,-43.047,10,"CEMADEN",2
"330390627A","Petrópolis","RJ",-22.480999999999998,-43.218999999999994,10,"CEMADEN",1
"330390628A","Petrópolis","RJ",-22.349,-43.132,10,"CEMADEN",3
"330390629A","Petrópolis","RJ",-22.419,-43.173,10,"CEMADEN",3
"330395501A","Pinheiral","RJ",-22.5187,-44.00191,10,"CEMADEN",6
"330400302A","Piraí","RJ",-22.63015,-43.89248,10,"CEMADEN",4
"330411001A","Porto Real","RJ",-22.417791,-44.303464,10,"CEMADEN",7
"330414403A","Queimados","RJ",-22.712,-43.583,10,"CEMADEN",7
"330414404A","Queimados","RJ",-22.724,-43.556000000000004,10,"CEMADEN",3
"330414405A","Queimados","RJ",-22.6915,-43.5801,10,"CEMADEN",7
"330414405H","Queimados","RJ",-22.723000000000003,-43.582,10,"CEMADEN",1
"330414406A","Queimados","RJ",-22.75,-43.626,10,"CEMADEN",6
"330420102A","Resende","RJ",-22.4812,-44.4926,10,"CEMADEN",4
"330420105A","Resende","RJ",-22.3308,-44.536,10,"CEMADEN",3
"330420118H","Resende","RJ",-22.4806,-44.4701,10,"CEMADEN",4
"330430001A","Rio Bonito","RJ",-22.70755,-42.62471,10,"CEMADEN",6
"330430005A","Rio Bonito","RJ",-22.71081,-42.64796,10,"CEMADEN",6
"330440901A","Rio Claro","RJ",-22.7224,-44.1424,10,"CEMADEN",5
"330440904A","Rio Claro","RJ",-22.83523,-44.19387,10,"CEMADEN",4
"330455701A","Rio de Janeiro","RJ",-22.915,-43.176,10,"CEMADEN",2
"330455703A","Rio de Janeiro","RJ",-22.885906,-43.297753,10,"CEMADEN",6
"330455704A","Rio de Janeiro","RJ",-22.896,-43.352,10,"CEMADEN",3
"330455709A","Rio de Janeiro","RJ",-22.977860999999997,-43.277444,10,"CEMADEN",1
"330455710A","Rio de Janeiro","RJ",-22.9592,-43.6082,10,"CEMADEN",5
"330455711A","Rio de Janeiro","RJ",-22.8897,-43.7175,10,"CEMADEN",8
"330455712A","Rio de Janeiro","RJ",-22.864,-43.425,10,"CEMADEN",6
"330455713A","Rio de Janeiro","RJ",-22.8689,-43.4507,10,"CEMADEN",7
"330455714A","Rio de Janeiro","RJ",-22.929,-43.228,10,"CEMADEN",2
"330455715A","Rio de Janeiro","RJ",-22.93,-43.25,10,"CEMADEN",3
"330455716A","Rio de Janeiro","RJ",-22.921,-43.227,10,"CEMADEN",5
"330455717A","Rio de Janeiro","RJ",-22.924,-43.211999999999996,10,"CEMADEN",1
"330455718A","Rio de Janeiro","RJ",-22.989,-43.433,10,"CEMADEN",6
"330455719A","Rio de Janeiro","RJ",-22.9922,-43.367,10,"CEMADEN",7
"330455720A","Rio de Janeiro","RJ",-22.796,-43.203,10,"CEMADEN",5
"330455721A","Rio de Janeiro","RJ",-22.995,-43.269,10,"CEMADEN",6
"330455722A","Rio de Janeiro","RJ",-22.923,-43.176,10,"CEMADEN",4
"330455723A","Rio de Janeiro","RJ",-22.848000000000003,-43.372,10,"CEMADEN",2
"330455724A","Rio de Janeiro","RJ",-22.8076,-43.3584,10,"CEMADEN",5
"330455725A","Rio de Janeiro","RJ",-22.8131,-43.3101,10,"CEMADEN",7
"330455726A","Rio de Janeiro","RJ",-22.894000000000002,-43.676,10,"CEMADEN",4
"330455727A","Rio de Janeiro","RJ",-22.9162,-43.2856,10,"CEMADEN",2
"330455728A","Rio de Janeiro","RJ",-22.86086,-43.30756,10,"CEMADEN",10
"330455729A","Rio de Janeiro","RJ",-22.9666,-43.2965,10,"CEMADEN",9
"330455730A","Rio de Janeiro","RJ",-22.943,-43.24100000000001,10,"CEMADEN",1
"330455731A","Rio de Janeiro","RJ",-22.948,-43.258,10,"CEMADEN",7
"330455732A","Rio de Janeiro","RJ",-22.869,-43.265,10,"CEMADEN",7
"330455733A","Rio de Janeiro","RJ",-22.875,-43.299,10,"CEMADEN",5
"330455734A","Rio de Janeiro","RJ",-22.7613,-43.1084,10,"CEMADEN",8
"330460703A","Santa Maria Madalena","RJ",-21.968,-42.003,10,"CEMADEN",2
"330460704A","Santa Maria Madalena","RJ",-21.968000000000004,-42.016999999999996,10,"CEMADEN",2
"330470601A","Santo Antãänio de Pãdua","RJ",-21.54493,-42.18059,10,"CEMADEN",3
"330470602A","Santo Antãänio de Pãdua","RJ",-21.531678,-42.196563,10,"CEMADEN",2
"330475502A","São Francisco de Itabapoana","RJ",-21.300667,-40.967417,10,"CEMADEN",4
"330480501A","São Fidãòlis","RJ",-21.646941,-41.745866,10,"CEMADEN",2
"330490402A","São Gonçalo","RJ",-22.848,-43.07,10,"CEMADEN",7
"330490403A","São Gonçalo","RJ",-22.818,-42.996,10,"CEMADEN",2
"330490404A","São Gonçalo","RJ",-22.834,-43.036,10,"CEMADEN",1
"330490405A","São Gonçalo","RJ",-22.784000000000002,-42.975,10,"CEMADEN",1
"330490406A","São Gonçalo","RJ",-22.807,-43.041,10,"CEMADEN",2
"330490406H","São Gonçalo","RJ",-22.82106,-43.00467,10,"CEMADEN",2
"330490407A","São Gonçalo","RJ",-22.781,-43.027,10,"CEMADEN",4
"330490408A","São Gonçalo","RJ",-22.808000000000003,-42.964,10,"CEMADEN",1
"330490409A","São Gonçalo","RJ",-22.77,-43.056000000000004,10,"CEMADEN",1
"330490412A","São Gonçalo","RJ",-22.862,-43.005,10,"CEMADEN",2
"330510902A","São João de Meriti","RJ",-22.763,-43.33,10,"CEMADEN",1
"330510903A","São João de Meriti","RJ",-22.793000000000003,-43.343999999999994,10,"CEMADEN",3
"330510905A","São João de Meriti","RJ",-22.784,-43.363,10,"CEMADEN",6
"330510906A","São João de Meriti","RJ",-22.7734,-43.391000000000005,10,"CEMADEN",2
"330510907A","São João de Meriti","RJ",-22.791,-43.4,10,"CEMADEN",7
"330510908A","São João de Meriti","RJ",-22.784,-43.3787,10,"CEMADEN",5
"330515801A","São Josãò do Vale do Rio Preto","RJ",-22.15,-42.924,10,"CEMADEN",2
"330515802A","São Josãò do Vale do Rio Preto","RJ",-22.166,-42.946999999999996,10,"CEMADEN",2
"330530702A","São Sebastião do Alto","RJ",-21.955,-42.134,10,"CEMADEN",1
"330540602A","Sapucaia","RJ",-22.03232,-42.79464,10,"CEMADEN",2
"330540603A","Sapucaia","RJ",-21.996,-42.913000000000004,10,"CEMADEN",1
"330540604A","Sapucaia","RJ",-22.038320000000002,-42.989329999999995,10,"CEMADEN",1
"330550501A","Saquarema","RJ",-22.8777,-42.3924,10,"CEMADEN",5
"330550504A","Saquarema","RJ",-22.900889,-42.47537,10,"CEMADEN",5
"330555401A","Seropãòdica","RJ",-22.805999999999997,-43.637,10,"CEMADEN",2
"330555402A","Seropãòdica","RJ",-22.721,-43.731,10,"CEMADEN",3
"330555403A","Seropédica","RJ",-22.748,-43.7,10,"CEMADEN",3
"330555404A","Seropédica","RJ",-22.709,-43.654,10,"CEMADEN",5
"330560401A","Silva Jardim","RJ",-22.646,-42.399,10,"CEMADEN",2
"330560402A","Silva Jardim","RJ",-22.4599,-42.3059,10,"CEMADEN",1
"330570302A","Sumidouro","RJ",-22.031,-42.626999999999995,10,"CEMADEN",1
"330570303A","Sumidouro","RJ",-22.046999999999997,-42.653999999999996,10,"CEMADEN",1
"330570307A","Sumidouro","RJ",-22.048000000000002,-42.673,10,"CEMADEN",3
"330570308H","Sumidouro","RJ",-22.0481,-42.6756,10,"CEMADEN",1
"330575202A","Tanguá","RJ",-22.725,-42.727,10,"CEMADEN",1
"330580201A","Teresópolis","RJ",-22.436999999999998,-42.952,10,"CEMADEN",1
"330580201G","Teresópolis","RJ",-22.368734,-42.987474,10,"CEMADEN",1
"330580202G","Teresópolis","RJ",-22.389298,-42.958196,10,"CEMADEN",2
"330580203A","Teresópolis","RJ",-22.436,-42.943,10,"CEMADEN",4
"330580203G","Teresópolis","RJ",-22.434641,-42.965029,10,"CEMADEN",1
"330580204A","Teresópolis","RJ",-22.428,-42.962,10,"CEMADEN",8
"330580205A","Teresópolis","RJ",-22.4,-42.955,10,"CEMADEN",1
"330580205G","Teresópolis","RJ",-22.448883,-42.987225,10,"CEMADEN",3
"330580207A","Teresópolis","RJ",-22.273000000000003,-42.958,10,"CEMADEN",2
"330580208A","Teresópolis","RJ",-22.418,-42.981,10,"CEMADEN",1
"330580214A","Teresópolis","RJ",-22.39,-42.998000000000005,10,"CEMADEN",1
"330580216A","Teresópolis","RJ",-22.282,-42.723,10,"CEMADEN",2
"330580217A","Teresópolis","RJ",-22.353,-42.943999999999996,10,"CEMADEN",1
"330580218A","Teresópolis","RJ",-22.275,-42.732,10,"CEMADEN",1
"330580219A","Teresópolis","RJ",-22.275,-42.796,10,"CEMADEN",3
"330580220A","Teresópolis","RJ",-22.374000000000002,-42.872,10,"CEMADEN",1
"330580225A","Teresópolis","RJ",-22.182,-42.851,10,"CEMADEN",4
"330590102A","Trajano de Moraes","RJ",-22.079,-42.07,10,"CEMADEN",3
"330590104A","Trajano de Moraes","RJ",-22.064,-42.068000000000005,10,"CEMADEN",1
"330600802A","Três Rios","RJ",-22.098000000000003,-43.208999999999996,10,"CEMADEN",2
"330600803A","Três Rios","RJ",-22.107,-43.192,10,"CEMADEN",2
"330600804A","Três Rios","RJ",-22.131,-43.149,10,"CEMADEN",2
"330600805A","Três Rios","RJ",-22.105999999999998,-43.181999999999995,10,"CEMADEN",1
"330600807A","Três Rios","RJ",-22.101,-43.219,10,"CEMADEN",4
"330610702A","Valença","RJ",-22.2474,-43.7001,10,"CEMADEN",3
"330620601A","Vassouras","RJ",-22.40897,-43.65986,10,"CEMADEN",1
"330630501A","Volta Redonda","RJ",-22.5017,-44.1159,10,"CEMADEN",5
"330630502A","Volta Redonda","RJ",-22.4639,-44.0942,10,"CEMADEN",5
"33250000","Barra do Corda","MA",-5.5006,-45.2436,15,"Telemetria",4
"33260000","Barra do Corda","MA",-5.1019,-44.9614,15,"Telemetria",1
"33273000","Joselândia","MA",-4.9253,-44.6181,15,"Telemetria",1
"33281000","Pedreiras","MA",-4.57,-44.6106,15,"Telemetria",3
"33286000","São Luís Gonzaga do Maranhão","MA",-4.37,-44.6758,15,"Telemetria",3
"33290000","Bacabal","MA",-4.2194,-44.7653,15,"Telemetria",2
"33321000","Grajau","MA",-5.8222,-46.1422,15,"Telemetria",3
"33380000","Bela Vista do Maranhão","MA",-3.7722,-45.2181,15,"Telemetria",2
"33420000","Mirador","MA",-6.3708,-44.3603,15,"Telemetria",2
"33480000","Colinas","MA",-6.0208,-44.2486,15,"Telemetria",3
"33530000","Governador Eugenio Barros","MA",-5.3372,-43.8844,15,"Telemetria",3
"33550000","Caxias","MA",-4.865,-43.3675,15,"Telemetria",3
"33590000","Codó","MA",-4.4583,-43.875,15,"Telemetria",2
"33630000","Coroata","MA",-4.1258,-44.1297,15,"Telemetria",1
"33680000","Cantanhede","MA",-3.6278,-44.3792,15,"Telemetria",1
"33730000","Vargem Grande","MA",-3.5775,-43.7028,15,"Telemetria",2
"33770000","Vargem Grande","MA",-3.5525,-43.8722,15,"Telemetria",3
"34010000","Alto Parnaíba","MA",-9.29,-45.9019,15,"Telemetria",3
"34020000","Alto Parnaíba","MA",-9.1131,-45.9261,15,"Telemetria",1
"34020980","Alto Parnaíba","MA",-9.1131,-45.9264,60,"Telemetria",1
"34040500","Tasso Fragoso","MA",-8.2708,-45.6683,15,"Telemetria",7
"34060000","Ribeiro Gonçalves","PI",-7.5667,-45.2544,15,"Telemetria",2
"34080000","Baixa Grande do Ribeiro","PI",-8.6725,-44.8856,15,"Telemetria",3
"34090000","Uruçuí","PI",-7.3908,-44.6142,15,"Telemetria",1
"34129980","Balsas","MA",-7.5342,-46.0344,30,"Telemetria",1
"34130000","Balsas","MA",-7.5344,-46.0358,15,"Telemetria",6
"34170000","São Félix de Balsas","MA",-7.0819,-44.8139,15,"Telemetria",3
"34233000","Redenção do Gurgueia","PI",-9.5397,-44.6014,15,"Telemetria",4
"34251000","Cristino Castro","PI",-8.7925,-44.2058,15,"Telemetria",5
"34270000","Jerumenha","PI",-7.2475,-43.6433,15,"Telemetria",5
"34311000","Barão de Grajaú","MA",-6.7614,-43.0278,15,"Telemetria",1
"34340000","Floriano","PI",-6.8139,-42.9667,15,"Telemetria",3
"34471000","Santa Cruz do Piauí","PI",-7.1894,-41.7703,15,"Telemetria",4
"34479000","Oeiras","PI",-6.9861,-42.0883,15,"Telemetria",1
"34564000","São João do Piauí","PI",-8.355,-42.2453,15,"Telemetria",1
"34600000","Francisco Ayres","PI",-6.6222,-42.6969,15,"Telemetria",4
"34660000","Palmeirais","PI",-5.5719,-43.0242,15,"Telemetria",2
"34690000","Teresina","PI",-5.135,-42.8111,15,"Telemetria",2
"34750000","Castelo do Piauí","PI",-5.2231,-41.7375,15,"Telemetria",2
"34770000","Prata do Piauí","PI",-5.6664,-42.2136,15,"Telemetria",4
"34789000","Teresina","PI",-5.1997,-42.6956,15,"Telemetria",4
"34820000","Coelho Neto","MA",-4.2881,-42.9856,15,"Telemetria",4
"34879500","Luzilândia","PI",-3.4539,-42.37,15,"Telemetria",2
"34930000","Barras","PI",-4.4097,-42.1814,15,"Telemetria",3
"34933000","Barras","PI",-4.3931,-42.4072,15,"Telemetria",4
"34936000","Barras","PI",-4.2378,-42.3053,15,"Telemetria",1
"34976000","Piracuruca","PI",-3.9372,-41.7169,15,"Telemetria",4
"34980000","São José do Divino","PI",-3.7239,-41.9742,15,"Telemetria",3
"350050101A","Águas de Lindóia","SP",-22.475,-46.628,10,"CEMADEN",8
"350050102A","Águas de Lindóia","SP",-22.482,-46.593,10,"CEMADEN",7
"350060001A","Águas de São Pedro","SP",-22.601010000000002,-47.87462,10,"CEMADEN",5
"350115201H","Alumínio","SP",-23.5176,-47.2558,10,"CEMADEN",1
"350190501A","Amparo","SP",-22.704,-46.818,10,"CEMADEN",9
"350190502A","Amparo","SP",-22.659908,-46.753684,10,"CEMADEN",7
"350190503A","Amparo","SP",-22.722,-46.838,10,"CEMADEN",4
"350200201A","Analândia","SP",-22.12454,-47.66357,10,"CEMADEN",5
"350250701A","Aparecida","SP",-22.86,-45.225,10,"CEMADEN",7
"350250702A","Aparecida","SP",-22.8333,-45.2164,10,"CEMADEN",6
"350250703A","Aparecida","SP",-22.8681,-45.2603,10,"CEMADEN",7
"350250704A","Aparecida","SP",-22.839,-45.231,10,"CEMADEN",10
"350270501A","Apiaí","SP",-24.507622,-48.848371,10,"CEMADEN",9
"350270502A","Apiaí","SP",-24.54994,-48.83706,10,"CEMADEN",3
"350270503A","Apiaí","SP",-24.49242,-48.84586,10,"CEMADEN",2
"350275401A","Araçariguama","SP",-23.4381,-47.0637,10,"CEMADEN",4
"350290301A","Araçoiaba da Serra","SP",-23.50509,-47.61925,10,"CEMADEN",8
"350315801A","Arapeí","SP",-22.6746,-44.44577,10,"CEMADEN",9
"350320801A","Araraquara","SP",-21.805,-48.178000000000004,10,"CEMADEN",4
"350320802A","Araraquara","SP",-21.782,-48.155,10,"CEMADEN",4
"350320803A","Araraquara","SP",-21.768,-48.181,10,"CEMADEN",4
"350330701A","Araras","SP",-22.374879,-47.386852,10,"CEMADEN",8
"350350501A","Areias","SP",-22.57941,-44.69773,10,"CEMADEN",10
"350380201A","Artur Nogueira","SP",-22.567,-47.154,10,"CEMADEN",10
"350380202A","Artur Nogueira","SP",-22.552,-47.167,10,"CEMADEN",3
"350380203A","Artur Nogueira","SP",-22.581,-47.18,10,"CEMADEN",4
"350390101A","Arujá","SP",-23.3919,-46.3108,10,"CEMADEN",5
"350410701A","Atibaia","SP",-23.1068,-46.50581,10,"CEMADEN",5
"350410702A","Atibaia","SP",-23.13319,-46.656569,10,"CEMADEN",7
"350410703A","Atibaia","SP",-23.21842,-46.54781,10,"CEMADEN",5
"350410704A","Atibaia","SP",-23.09798,-46.54701,10,"CEMADEN",6
"350410705A","Atibaia","SP",-23.0434,-46.48799,10,"CEMADEN",4
"350410706A","Atibaia","SP",-23.16773,-46.62687,10,"CEMADEN",8
"350450301A","Avarãò","SP",-23.076999999999998,-48.925,10,"CEMADEN",4
"350450302A","Avaré","SP",-23.101,-48.92,10,"CEMADEN",10
"350450303A","Avarãò","SP",-23.111,-48.932,10,"CEMADEN",8
"350450304A","Avarãò","SP",-23.117,-48.909,10,"CEMADEN",1
"350490901A","Bananal","SP",-22.679,-44.317,10,"CEMADEN",8
"35050000","Chaval","CE",-3.0786,-41.255,15,"Telemetria",1
"35051000","Chaval","CE",-3.1536,-41.1644,15,"Telemetria",3
"350535101A","Barra do Chapãòu","SP",-24.472,-49.025,10,"CEMADEN",6
"350540101A","Barra do Turvo","SP",-24.757,-48.505,10,"CEMADEN",7
"350570802A","Barueri","SP",-23.486,-46.805,10,"CEMADEN",3
"350570803A","Barueri","SP",-23.499,-46.905,10,"CEMADEN",5
"350600301A","Bauru","SP",-22.328,-49.102,10,"CEMADEN",10
"350600302A","Bauru","SP",-22.31,-49.12,10,"CEMADEN",2
"350600302H","Bauru","SP",-22.311,-49.0629,10,"CEMADEN",2
"350600303A","Bauru","SP",-22.38,-49.114,10,"CEMADEN",4
"350600304A","Bauru","SP",-22.357,-49.094,10,"CEMADEN",5
"350600305A","Bauru","SP",-22.334,-49.057,10,"CEMADEN",7
"350600306A","Bauru","SP",-22.236,-49.218,10,"CEMADEN",3
"350600307A","Bauru","SP",-22.2962,-49.0723,10,"CEMADEN",6
"350635901A","Bertioga","SP",-23.773,-45.954,10,"CEMADEN",4
"350635902A","Bertioga","SP",-23.847,-46.142,10,"CEMADEN",3
"350635903A","Bertioga","SP",-23.805999999999997,-46.088,10,"CEMADEN",2
"350660701A","Biritiba-mirim","SP",-23.58773,-46.04429,10,"CEMADEN",8
"350700101A","Boituva","SP",-23.28891,-47.67549,10,"CEMADEN",8
"350710001A","Bom Jesus dos Perdões","SP",-23.136,-46.466,10,"CEMADEN",6
"350715901A","Bom Sucesso de Itararé","SP",-24.319,-49.142,10,"CEMADEN",3
"350760501A","Bragança Paulista","SP",-22.97483,-46.537577,10,"CEMADEN",6
"350760502A","Bragança Paulista","SP",-22.94213,-46.53107,10,"CEMADEN",6
"350760503A","Bragança Paulista","SP",-22.947,-46.559,10,"CEMADEN",5
"350760504A","Bragança Paulista","SP",-22.923033,-46.535295,10,"CEMADEN",8
"350760505A","Bragança Paulista","SP",-22.983,-46.464,10,"CEMADEN",7
"350760526H","Bragança Paulista","SP",-22.948083,-46.542944,10,"CEMADEN",2
"350840501A","Cabreúva","SP",-23.307,-47.133,10,"CEMADEN",4
"350840502A","Cabreúva","SP",-23.244,-47.06,10,"CEMADEN",7
"350840503A","Cabreúva","SP",-23.354,-47.082,10,"CEMADEN",9
"350850401A","Caçapava","SP",-23.11058,-45.71035,10,"CEMADEN",5
"350860301A","Cachoeira Paulista","SP",-22.66165,-45.00388,10,"CEMADEN",3
"350860304C","Cachoeira Paulista","SP",-22.68208,-45.00049,10,"CEMADEN",1
"350860397H","Cachoeira Paulista","SP",-22.674,-44.995534,10,"CEMADEN",1
"350880101A","Cafelândia","SP",-21.803,-49.61,10,"CEMADEN",9
"350900701A","Caieiras","SP",-23.33,-46.748,10,"CEMADEN",3
"350900702A","Caieiras","SP",-23.395,-46.715,10,"CEMADEN",5
"350900703H","Caieiras","SP",-23.3638,-46.7516,10,"CEMADEN",2
"350900704A","Caieiras","SP",-23.34621,-46.76283,10,"CEMADEN",3
"350900705A","Caieiras","SP",-23.405,-46.673,10,"CEMADEN",6
"350920501A","Cajamar","SP",-23.329,-46.918,10,"CEMADEN",3
"350920502A","Cajamar","SP",-23.31435,-46.86301,10,"CEMADEN",3
"350920504A","Cajamar","SP",-23.364,-46.872,10,"CEMADEN",3
"350925402A","Cajati","SP",-24.776999999999997,-48.2,10,"CEMADEN",2
"350950201A","Campinas","SP",-22.976999999999997,-47.17100000000001,10,"CEMADEN",1
"350950202A","Campinas","SP",-22.831,-47.081,10,"CEMADEN",2
"350950204A","Campinas","SP",-22.935702,-47.137816,10,"CEMADEN",2
"350950205A","Campinas","SP",-22.878,-46.965,10,"CEMADEN",2
"350950206A","Campinas","SP",-22.979,-47.133,10,"CEMADEN",4
"350950208A","Campinas","SP",-22.95334,-47.09081,10,"CEMADEN",5
"350950230H","Campinas","SP",-22.893,-47.06,10,"CEMADEN",2
"350960101A","Campo Limpo Paulista","SP",-23.202,-46.717,10,"CEMADEN",2
"350960102A","Campo Limpo Paulista","SP",-23.23225,-46.75209,10,"CEMADEN",4
"350960103A","Campo Limpo Paulista","SP",-23.217,-46.759,10,"CEMADEN",6
"350970001A","Campos do Jordão","SP",-22.742,-45.595,10,"CEMADEN",4
"350970001G","Campos do Jordão","SP",-22.73986,-45.5985,10,"CEMADEN",5
"350970002G","Campos do Jordão","SP",-22.752879999999998,-45.613620000000004,10,"CEMADEN",1
"350970003A","Campos do Jordão","SP",-22.759247,-45.611953,10,"CEMADEN",2
"350970003G","Campos do Jordão","SP",-22.75348,-45.61511,10,"CEMADEN",2
"350970004A","Campos do Jordão","SP",-22.739586,-45.595991999999995,10,"CEMADEN",2
"350970004G","Campos do Jordão","SP",-22.75251,-45.61481,10,"CEMADEN",2
"350970004H","Campos do Jordão","SP",-22.73858611,-45.59288611,10,"CEMADEN",3
"350970005A","Campos do Jordão","SP",-22.730999999999998,-45.577,10,"CEMADEN",1
"350970006A","Campos do Jordão","SP",-22.726,-45.61600000000001,10,"CEMADEN",1
"350970006G","Campos do Jordão","SP",-22.743815,-45.589568,10,"CEMADEN",2
"350970011A","Campos do Jordão","SP",-22.7501,-45.6038,10,"CEMADEN",6
"350970012A","Campos do Jordão","SP",-22.7541,-45.6213,10,"CEMADEN",5
"350970013A","Campos do Jordão","SP",-22.7439,-45.5549,10,"CEMADEN",4
"350990801A","Cananéia","SP",-25.000999999999998,-47.933,10,"CEMADEN",1
"350995701A","Canas","SP",-22.7025,-45.05077,10,"CEMADEN",8
"351030201A","Capela do Alto","SP",-23.47379,-47.73533,10,"CEMADEN",8
"351040101A","Capivari","SP",-23.005,-47.513,10,"CEMADEN",6
"351040118H","Capivari","SP",-23.003429,-47.501019,10,"CEMADEN",1
"351050003A","Caraguatatuba","SP",-23.708000000000002,-45.468,10,"CEMADEN",3
"351050004A","Caraguatatuba","SP",-23.571,-45.274,10,"CEMADEN",7
"351050005A","Caraguatatuba","SP",-23.569000000000003,-45.295,10,"CEMADEN",3
"351050007A","Caraguatatuba","SP",-23.607,-45.38,10,"CEMADEN",1
"351050008A","Caraguatatuba","SP",-23.629,-45.437,10,"CEMADEN",5
"351050010A","Caraguatatuba","SP",-23.618,-45.39,10,"CEMADEN",3
"351050011A","Caraguatatuba","SP",-23.612,-45.423,10,"CEMADEN",6
"351050012A","Caraguatatuba","SP",-23.583,-45.33,10,"CEMADEN",4
"351050014A","Caraguatatuba","SP",-23.637,-45.426,10,"CEMADEN",2
"351050015A","Caraguatatuba","SP",-23.661,-45.518,10,"CEMADEN",3
"351050017A","Caraguatatuba","SP",-23.602,-45.37,10,"CEMADEN",6
"351050018A","Caraguatatuba","SP",-23.616,-45.379,10,"CEMADEN",4
"351050019A","Caraguatatuba","SP",-23.579,-45.338,10,"CEMADEN",6
"351050020A","Caraguatatuba","SP",-23.614,-45.431999999999995,10,"CEMADEN",3
"351060901A","Carapicuíba","SP",-23.56132,-46.84739,10,"CEMADEN",10
"351060902A","Carapicuíba","SP",-23.51665,-46.83589,10,"CEMADEN",3
"351150801A","Cerquilho","SP",-23.1588,-47.74168,10,"CEMADEN",3
"351160701A","Cesário Lange","SP",-23.22516,-47.95167,10,"CEMADEN",6
"351170601A","Charqueada","SP",-22.52502,-47.78768,10,"CEMADEN",2
"351220901A","Conchal","SP",-22.3366,-47.17383,10,"CEMADEN",4
"351230801A","Conchas","SP",-23.01852,-48.00968,10,"CEMADEN",7
"351240701A","Cordeirópolis","SP",-22.48143,-47.45988,10,"CEMADEN",6
"35125000","Moraujo","CE",-3.4647,-40.6853,15,"Telemetria",2
"351270401A","Corumbataí","SP",-22.22107,-47.62652,10,"CEMADEN",5
"351300901A","Cotia","SP",-23.641,-47,10,"CEMADEN",2
"351300903A","Cotia","SP",-23.601999999999997,-46.931000000000004,10,"CEMADEN",3
"351300904A","Cotia","SP",-23.691,-47.027,10,"CEMADEN",1
"351300905A","Cotia","SP",-23.5801,-46.9176,10,"CEMADEN",8
"351300906A","Cotia","SP",-23.585,-46.817,10,"CEMADEN",2
"351300906H","Cotia","SP",-23.6087,-46.8921,10,"CEMADEN",1
"351300907A","Cotia","SP",-23.65,-46.956,10,"CEMADEN",6
"351340501A","Cruzeiro","SP",-22.577,-44.958,10,"CEMADEN",5
"351350401A","Cubatão","SP",-23.893,-46.473,10,"CEMADEN",4
"351350402A","Cubatão","SP",-23.88,-46.417,10,"CEMADEN",1
"351350402G","Cubatão","SP",-23.890958,-46.474026,10,"CEMADEN",1
"351350403A","Cubatão","SP",-23.868000000000002,-46.401,10,"CEMADEN",2
"351350405A","Cubatão","SP",-23.881999999999998,-46.455,10,"CEMADEN",2
"351350406A","Cubatão","SP",-23.921,-46.424,10,"CEMADEN",3
"351350407A","Cubatão","SP",-23.902,-46.449,10,"CEMADEN",2
"351360301A","Cunha","SP",-23.083,-44.96,10,"CEMADEN",8
"351360302A","Cunha","SP",-23.079422,-44.946102,10,"CEMADEN",8
"351380103A","Diadema","SP",-23.723,-46.613,10,"CEMADEN",6
"351380105A","Diadema","SP",-23.697,-46.596000000000004,10,"CEMADEN",2
"351380106A","Diadema","SP",-23.66592,-46.61972,10,"CEMADEN",6
"351380107A","Diadema","SP",-23.685,-46.613,10,"CEMADEN",3
"351380108A","Diadema","SP",-23.68,-46.625,10,"CEMADEN",6
"351480902A","Eldorado","SP",-24.565,-48.152,10,"CEMADEN",1
"351490801A","Elias Fausto","SP",-23.04407,-47.36676,10,"CEMADEN",6
"351500401A","Embu das Artes","SP",-23.658,-46.857,10,"CEMADEN",3
"351500403A","Embu das Artes","SP",-23.642,-46.897,10,"CEMADEN",3
"351510303A","Embu-guaçu","SP",-23.82065,-46.78993,10,"CEMADEN",4
"351510304A","Embu-guaçu","SP",-23.848,-46.819,10,"CEMADEN",4
"351510305A","Embu-guaçu","SP",-23.88,-46.794,10,"CEMADEN",9
"351510308H","Embu-guaçu","SP",-23.8347,-46.8057,10,"CEMADEN",2
"351518601A","Espírito Santo do Pinhal","SP",-22.19947,-46.73814,10,"CEMADEN",7
"351518627H","Espírito Santo do Pinhal","SP",-22.19567,-46.760945,10,"CEMADEN",5
"351550901A","Fernandópolis","SP",-20.285,-50.247,10,"CEMADEN",5
"351570701A","Ferraz de Vasconcelos","SP",-23.543,-46.366,10,"CEMADEN",4
"351570702A","Ferraz de Vasconcelos","SP",-23.553,-46.388,10,"CEMADEN",6
"351570703A","Ferraz de Vasconcelos","SP",-23.53247,-46.39277,10,"CEMADEN",5
"351570704A","Ferraz de Vasconcelos","SP",-23.5217,-46.3727,10,"CEMADEN",2
"351630901A","Francisco Morato","SP",-23.29199,-46.73439,10,"CEMADEN",7
"351630902A","Francisco Morato","SP",-23.27571,-46.72153,10,"CEMADEN",3
"351630903A","Francisco Morato","SP",-23.268,-46.748,10,"CEMADEN",10
"351630904A","Francisco Morato","SP",-23.286,-46.759,10,"CEMADEN",6
"351630905A","Francisco Morato","SP",-23.26192,-46.73635,10,"CEMADEN",5
"351630906A","Francisco Morato","SP",-23.28834,-46.71155,10,"CEMADEN",3
"351640801A","Franco da Rocha","SP",-23.33164,-46.68594,10,"CEMADEN",6
"351640802A","Franco da Rocha","SP",-23.3,-46.711,10,"CEMADEN",3
"351640803A","Franco da Rocha","SP",-23.305,-46.734,10,"CEMADEN",6
"351640804A","Franco da Rocha","SP",-23.321,-46.762,10,"CEMADEN",3
"351830501A","Guararema","SP",-23.41782,-46.03012,10,"CEMADEN",9
"351830502A","Guararema","SP",-23.3384,-46.13111,10,"CEMADEN",5
"351840401A","Guaratinguetá","SP",-22.819,-45.187,10,"CEMADEN",1
"351840402A","Guaratinguetá","SP",-22.804000000000002,-45.228,10,"CEMADEN",3
"351840403A","Guaratinguetá","SP",-22.7867,-45.1814,10,"CEMADEN",2
"351870101G","Guarujá","SP",-23.97884,-46.239214,10,"CEMADEN",5
"351870107A","Guarujá","SP",-23.968,-46.26,10,"CEMADEN",9
"351870108A","Guarujá","SP",-23.95973,-46.28419,10,"CEMADEN",4
"351870109A","Guarujá","SP",-24.0069,-46.27559,10,"CEMADEN",7
"351870110A","Guarujá","SP",-23.936,-46.306000000000004,10,"CEMADEN",1
"351870111A","Guarujá","SP",-23.977,-46.222,10,"CEMADEN",6
"351870113A","Guarujá","SP",-23.99,-46.265,10,"CEMADEN",3
"351870114A","Guarujá","SP",-23.97,-46.191,10,"CEMADEN",8
"351870115A","Guarujá","SP",-23.938000000000002,-46.18600000000001,10,"CEMADEN",2
"351870116A","Guarujá","SP",-23.907,-46.164,10,"CEMADEN",2
"351870117A","Guarujá","SP",-24.024,-46.284,10,"CEMADEN",1
"351870118A","Guarujá","SP",-24.004,-46.299,10,"CEMADEN",3
"351870119A","Guarujá","SP",-23.983,-46.266000000000005,10,"CEMADEN",3
"351870120A","Guarujá","SP",-23.982,-46.247,10,"CEMADEN",3
"351870121A","Guarujá","SP",-23.994,-46.276,10,"CEMADEN",2
"351880001A","Guarulhos","SP",-23.456,-46.458,10,"CEMADEN",8
"351880002A","Guarulhos","SP",-23.4421,-46.4009,10,"CEMADEN",5
"351880003A","Guarulhos","SP",-23.42,-46.369,10,"CEMADEN",3
"351880006A","Guarulhos","SP",-23.4,-46.443,10,"CEMADEN",6
"351880007A","Guarulhos","SP",-23.48,-46.552,10,"CEMADEN",2
"351880008A","Guarulhos","SP",-23.423,-46.521,10,"CEMADEN",5
"351905501A","Holambra","SP",-22.63395,-47.05556,10,"CEMADEN",4
"351907101A","Hortolândia","SP",-22.906,-47.191,10,"CEMADEN",3
"351970901A","Ibiúna","SP",-23.6656,-47.2264,10,"CEMADEN",4
"352020201A","Igaratá","SP",-23.20738,-46.15531,10,"CEMADEN",3
"352030101A","Iguape","SP",-24.713,-47.568000000000005,10,"CEMADEN",1
"352030102A","Iguape","SP",-24.709,-47.558,10,"CEMADEN",6
"352040001A","Ilhabela","SP",-23.824,-45.356,10,"CEMADEN",1
"352040002A","Ilhabela","SP",-23.78042,-45.35774,10,"CEMADEN",5
"352040003A","Ilhabela","SP",-23.74,-45.345,10,"CEMADEN",5
"352040004A","Ilhabela","SP",-23.884,-45.448,10,"CEMADEN",4
"352040005A","Ilhabela","SP",-23.822,-45.367,10,"CEMADEN",3
"352042601A","Ilha Comprida","SP",-24.737,-47.532,10,"CEMADEN",4
"352100201A","Iperó","SP",-23.35175,-47.68775,10,"CEMADEN",4
"352110101A","Ipeúna","SP",-22.43577,-47.71991,10,"CEMADEN",4
"352120001A","Iporanga","SP",-24.585,-48.594,10,"CEMADEN",6
"352140801A","Iracemápolis","SP",-22.57856,-47.52177,10,"CEMADEN",8
"352210901A","Itanhaãòm","SP",-24.214,-46.87,10,"CEMADEN",3
"352210903A","Itanhaãòm","SP",-24.168000000000003,-46.841,10,"CEMADEN",2
"352210904A","Itanhaãòm","SP",-24.186,-46.789,10,"CEMADEN",2
"352210905A","Itanhaãòm","SP",-24.241,-46.893,10,"CEMADEN",5
"352210906A","Itanhaãòm","SP",-24.206,-46.838,10,"CEMADEN",2
"352215801A","Itaóca","SP",-24.638,-48.84,10,"CEMADEN",6
"352220801A","Itapecerica da Serra","SP",-23.721,-46.889,10,"CEMADEN",4
"352220802A","Itapecerica da Serra","SP",-23.746,-46.795,10,"CEMADEN",3
"352220803A","Itapecerica da Serra","SP",-23.699,-46.851,10,"CEMADEN",10
"352230701A","Itapetininga","SP",-23.588,-48.043,10,"CEMADEN",8
"352230702A","Itapetininga","SP",-23.56,-48.041,10,"CEMADEN",3
"352230703A","Itapetininga","SP",-23.58935,-48.04417,10,"CEMADEN",8
"352230704A","Itapetininga","SP",-23.63,-48.036,10,"CEMADEN",8
"352230705A","Itapetininga","SP",-23.482,-47.957,10,"CEMADEN",3
"352230706A","Itapetininga","SP",-23.704,-48.106,10,"CEMADEN",5
"352230707A","Itapetininga","SP",-23.595,-48.317,10,"CEMADEN",8
"352230719H","Itapetininga","SP",-23.5839,-48.0529,10,"CEMADEN",1
"352250501A","Itapevi","SP",-23.541,-46.937,10,"CEMADEN",2
"352250502A","Itapevi","SP",-23.553,-46.962,10,"CEMADEN",3
"352250503A","Itapevi","SP",-23.53016,-46.92795,10,"CEMADEN",8
"352250510H","Itapevi","SP",-23.5439,-46.9343,10,"CEMADEN",1
"352260401A","Itapira","SP",-22.44152,-46.83129,10,"CEMADEN",3
"352265301A","Itapirapuã Paulista","SP",-24.491,-49.226,10,"CEMADEN",9
"352310701A","Itaquaquecetuba","SP",-23.49821,-46.35984,10,"CEMADEN",4
"352310702A","Itaquaquecetuba","SP",-23.4639,-46.3039,10,"CEMADEN",8
"352310705A","Itaquaquecetuba","SP",-23.4808,-46.3467,10,"CEMADEN",6
"352310706A","Itaquaquecetuba","SP",-23.437,-46.308,10,"CEMADEN",8
"352310707A","Itaquaquecetuba","SP",-23.451,-46.335,10,"CEMADEN",7
"352310708A","Itaquaquecetuba","SP",-23.481,-46.37,10,"CEMADEN",7
"352330502A","Itariri","SP",-24.29,-47.174,10,"CEMADEN",1
"35235000","Varjota","CE",-4.1442,-40.43,15,"Telemetria",2
"352390901A","Itu","SP",-23.28,-47.289,10,"CEMADEN",1
"352390902A","Itu","SP",-23.387,-47.34,10,"CEMADEN",10
"352390903A","Itu","SP",-23.277,-47.229,10,"CEMADEN",7
"352390905A","Itu","SP",-23.269,-47.29,10,"CEMADEN",5
"352390906A","Itu","SP",-23.266,-47.395,10,"CEMADEN",8
"35240000","Santa Quitéria","CE",-4.195,-40.3178,15,"Telemetria",1
"35240001","Santa Quitéria","CE",-4.195,-40.3178,15,"Telemetria",2
"352400601A","Itupeva","SP",-23.214000000000002,-47.078,10,"CEMADEN",3
"352400603A","Itupeva","SP",-23.185,-47.105,10,"CEMADEN",2
"352440201A","Jacareí","SP",-23.311,-45.985,10,"CEMADEN",2
"352460001A","Jacupiranga","SP",-24.758000000000003,-48.07,10,"CEMADEN",1
"352460002A","Jacupiranga","SP",-24.699,-48.003,10,"CEMADEN",2
"352470901A","Jaguariúna","SP",-22.7036,-46.98556,10,"CEMADEN",4
"35249000","Santa Quitéria","CE",-4.215,-40.0667,15,"Telemetria",1
"352490701A","Jambeiro","SP",-23.25436,-45.69322,10,"CEMADEN",5
"352500301A","Jandira","SP",-23.55,-46.9003,10,"CEMADEN",3
"352500302A","Jandira","SP",-23.528,-46.902,10,"CEMADEN",9
"352520101A","Jarinu","SP",-23.10009,-46.72597,10,"CEMADEN",7
"352530001A","Jaú","SP",-22.294,-48.579,10,"CEMADEN",4
"352530002A","Jaú","SP",-22.26658,-48.545497,10,"CEMADEN",5
"352530003A","Jaú","SP",-22.316,-48.548,10,"CEMADEN",7
"352530004A","Jaú","SP",-22.318,-48.512,10,"CEMADEN",5
"352530011H","Jaú","SP",-22.292,-48.5566,10,"CEMADEN",2
"35255000","Groairas","CE",-3.9039,-40.4053,15,"Telemetria",3
"352550802A","Joanópolis","SP",-22.93,-46.21,10,"CEMADEN",1
"352550803A","Joanópolis","SP",-22.932,-46.169,10,"CEMADEN",4
"352550804A","Joanópolis","SP",-22.931,-46.272,10,"CEMADEN",4
"352585401A","Jumirim","SP",-23.08845,-47.78094,10,"CEMADEN",8
"352590401A","Jundiaí","SP",-23.192,-46.852,10,"CEMADEN",2
"352590402A","Jundiaí","SP",-23.163,-46.896,10,"CEMADEN",3
"352590403A","Jundiaí","SP",-23.247,-46.855,10,"CEMADEN",9
"352590404A","Jundiaí","SP",-23.172,-46.965,10,"CEMADEN",6
"352590405A","Jundiaí","SP",-23.143,-46.818,10,"CEMADEN",5
"35260000","Groairas","CE",-3.9092,-40.3797,15,"Telemetria",1
"352610001A","Juquiá","SP",-24.316999999999997,-47.641000000000005,10,"CEMADEN",2
"352620901A","Juquitiba","SP",-23.93,-47.07,10,"CEMADEN",6
"352620902A","Juquitiba","SP",-23.929000000000002,-47.005,10,"CEMADEN",5
"352630802A","Lagoinha","SP",-23.093178,-45.189203,10,"CEMADEN",7
"352640701A","Laranjal Paulista","SP",-23.05236,-47.83761,10,"CEMADEN",7
"352660501A","Lavrinhas","SP",-22.571,-44.902,10,"CEMADEN",11
"352670401A","Leme","SP",-22.1875,-47.39004,10,"CEMADEN",5
"352690201A","Limeira","SP",-22.619,-47.365,10,"CEMADEN",6
"352690202A","Limeira","SP",-22.572,-47.408,10,"CEMADEN",5
"352690203A","Limeira","SP",-22.56,-47.451,10,"CEMADEN",4
"352690204A","Limeira","SP",-22.536,-47.394,10,"CEMADEN",11
"352690205A","Limeira","SP",-22.611,-47.412,10,"CEMADEN",5
"352700901A","Lindóia","SP",-22.534,-46.651,10,"CEMADEN",9
"352720701A","Lorena","SP",-22.73998,-45.127201,10,"CEMADEN",6
"352720702A","Lorena","SP",-22.751897,-45.092557,10,"CEMADEN",9
"352720721H","Lorena","SP",-22.735031,-45.106828,10,"CEMADEN",2
"352730601A","Louveira","SP",-23.09357,-46.97175,10,"CEMADEN",5
"35275000","Sobral","CE",-3.6883,-40.3389,15,"Telemetria",2
"35283000","Santana do Acaraú","CE",-3.4553,-40.2128,15,"Telemetria",3
"352840301A","Mairinque","SP",-23.55121,-47.18601,10,"CEMADEN",8
"352840302A","Mairinque","SP",-23.427,-47.242,10,"CEMADEN",7
"352840303A","Mairinque","SP",-23.524,-47.167,10,"CEMADEN",7
"352850202A","Mairiporã","SP",-23.32171,-46.58595,10,"CEMADEN",6
"352850203A","Mairiporã","SP",-23.3394,-46.6007,10,"CEMADEN",7
"352850204A","Mairiporã","SP",-23.37046,-46.61099,10,"CEMADEN",9
"352900501A","Marília","SP",-22.23,-49.922,10,"CEMADEN",2
"352900502A","Marília","SP",-22.25,-49.932,10,"CEMADEN",8
"352900503A","Marília","SP",-22.196,-49.929,10,"CEMADEN",3
"352900504A","Marília","SP",-22.228,-49.967,10,"CEMADEN",8
"352940101G","Mauá","SP",-23.659976,-46.45184,10,"CEMADEN",2
"352940103A","Mauá","SP",-23.657,-46.425,10,"CEMADEN",4
"352940105A","Mauá","SP",-23.654,-46.49,10,"CEMADEN",7
"352940106A","Mauá","SP",-23.688000000000002,-46.465,10,"CEMADEN",2
"352940108A","Mauá","SP",-23.687,-46.447,10,"CEMADEN",5
"352940109A","Mauá","SP",-23.646,-46.45399999999999,10,"CEMADEN",2
"352940110A","Mauá","SP",-23.648000000000003,-46.443999999999996,10,"CEMADEN",4
"352990601A","Miracatu","SP",-24.28939,-47.45806,10,"CEMADEN",2
"35300100","Marco","CE",-3.1122,-40.1253,15,"Telemetria",2
"353060701A","Mogi das Cruzes","SP",-23.482764,-46.085967,10,"CEMADEN",5
"353060702A","Mogi das Cruzes","SP",-23.48567,-46.13232,10,"CEMADEN",3
"353060704A","Mogi das Cruzes","SP",-23.55061,-46.24632,10,"CEMADEN",11
"353060705A","Mogi das Cruzes","SP",-23.57501,-46.22121,10,"CEMADEN",5
"353070601A","Mogi Guaçu","SP",-22.34456,-46.93068,10,"CEMADEN",4
"353080501A","Moji Mirim","SP",-22.424585,-46.947802,10,"CEMADEN",5
"353090401A","Mombuca","SP",-22.926747,-47.566127,10,"CEMADEN",3
"353110001A","Mongaguá","SP",-24.128,-46.691,10,"CEMADEN",6
"353110003A","Mongaguá","SP",-24.101,-46.635,10,"CEMADEN",5
"353110004A","Mongaguá","SP",-24.113,-46.662,10,"CEMADEN",9
"353120901A","Monte Alegre do Sul","SP",-22.68455,-46.67947,10,"CEMADEN",1
"353170401A","Monteiro Lobato","SP",-22.9564,-45.8379,10,"CEMADEN",4
"353180301A","Monte Mor","SP",-22.905,-47.343,10,"CEMADEN",8
"353180302A","Monte Mor","SP",-23.012,-47.306,10,"CEMADEN",10
"353180303A","Monte Mor","SP",-22.952,-47.31,10,"CEMADEN",7
"353180304A","Monte Mor","SP",-22.912,-47.246,10,"CEMADEN",7
"353200901A","Morungaba","SP",-22.872,-46.791,10,"CEMADEN",6
"353230601A","Natividade da Serra","SP",-23.377916,-45.445904,10,"CEMADEN",8
"353240501A","Nazarãò Paulista","SP",-23.18456,-46.40096,10,"CEMADEN",6
"353340301A","Nova Odessa","SP",-22.773,-47.292,10,"CEMADEN",6
"353440102A","Osasco","SP",-23.561,-46.784,10,"CEMADEN",5
"353440103A","Osasco","SP",-23.507,-46.776,10,"CEMADEN",10
"353440104A","Osasco","SP",-23.524,-46.811,10,"CEMADEN",3
"353440105A","Osasco","SP",-23.475,-46.779,10,"CEMADEN",8
"353490601A","Pacaembu","SP",-21.565,-51.266999999999996,10,"CEMADEN",2
"353560601A","Paraibuna","SP",-23.38902,-45.66407,10,"CEMADEN",7
"353620801A","Pariquera-açu","SP",-24.714,-47.881,10,"CEMADEN",4
"353650501A","Paulínia","SP",-22.736,-47.175,10,"CEMADEN",5
"353680201A","Pedra Bela","SP",-22.791332999999998,-46.440736,10,"CEMADEN",2
"353710702A","Pedreira","SP",-22.743,-46.895,10,"CEMADEN",6
"353710703A","Pedreira","SP",-22.72616,-46.90086,10,"CEMADEN",5
"353710704A","Pedreira","SP",-22.74153,-46.9242,10,"CEMADEN",10
"353720601A","Pedro de Toledo","SP",-24.275,-47.232,10,"CEMADEN",1
"353720602A","Pedro de Toledo","SP",-24.275,-47.24,10,"CEMADEN",1
"353750301A","Pereiras","SP",-23.07392,-47.97733,10,"CEMADEN",7
"353760201A","Peruíbe","SP",-24.324,-47.016000000000005,10,"CEMADEN",4
"353760202A","Peruíbe","SP",-24.36,-47.018,10,"CEMADEN",2
"353760203A","Peruíbe","SP",-24.268,-46.961,10,"CEMADEN",8
"353780001A","Piedade","SP",-23.71786,-47.40705,10,"CEMADEN",1
"353800601A","Pindamonhangaba","SP",-22.93113,-45.44793,10,"CEMADEN",5
"353820401A","Pinhalzinho","SP",-22.785,-46.592,10,"CEMADEN",5
"353850101A","Piquete","SP",-22.612,-45.183,10,"CEMADEN",8
"353860001A","Piracaia","SP",-23.0898,-46.4153,10,"CEMADEN",2
"353860002A","Piracaia","SP",-23.0505344,-46.3589694,10,"CEMADEN",2
"353870901A","Piracicaba","SP",-22.737049,-47.647408,10,"CEMADEN",7
"353910301A","Pirapora do Bom Jesus","SP",-23.39,-46.999,10,"CEMADEN",5
"353980601A","Poá","SP",-23.524,-46.347,10,"CEMADEN",7
"354050701A","Porangaba","SP",-23.17647,-48.12137,10,"CEMADEN",10
"354060601A","Porto Feliz","SP",-23.21141,-47.52234,10,"CEMADEN",3
"354075401A","Potim","SP",-22.83238,-45.25754,10,"CEMADEN",6
"354100001A","Praia Grande","SP",-24.07856,-46.59728,10,"CEMADEN",5
"354100002A","Praia Grande","SP",-23.98791,-46.40595,10,"CEMADEN",7
"354100002G","Praia Grande","SP",-24.082475,-46.604711,10,"CEMADEN",3
"354165301A","Quadra","SP",-23.29928,-48.0526,10,"CEMADEN",5
"354190101A","Queluz","SP",-22.53786,-44.77291,10,"CEMADEN",7
"354210701A","Rafard","SP",-23.01328,-47.53084,10,"CEMADEN",4
"354230501A","Redenção da Serra","SP",-23.28365,-45.53335,10,"CEMADEN",7
"354260202A","Registro","SP",-24.49,-47.842,10,"CEMADEN",2
"354260203A","Registro","SP",-24.494,-47.854,10,"CEMADEN",1
"354260205A","Registro","SP",-24.504,-47.862,10,"CEMADEN",1
"354280001A","Ribeira","SP",-24.656,-49.008,10,"CEMADEN",6
"354325301A","Ribeirão Grande","SP",-24.096,-48.365,10,"CEMADEN",5
"354330301A","Ribeirão Pires","SP",-23.678,-46.351,10,"CEMADEN",5
"354330301G","Ribeirão Pires","SP",-23.684461,-46.416597,10,"CEMADEN",2
"354330304A","Ribeirão Pires","SP",-23.658,-46.373000000000005,10,"CEMADEN",1
"354330305A","Ribeirão Pires","SP",-23.694000000000003,-46.398,10,"CEMADEN",3
"354330306A","Ribeirão Pires","SP",-23.692,-46.429,10,"CEMADEN",4
"354330307A","Ribeirão Pires","SP",-23.713,-46.42,10,"CEMADEN",2
"354340201A","Ribeirão Preto","SP",-21.225,-47.763,10,"CEMADEN",6
"354340202A","Ribeirão Preto","SP",-21.123,-47.738,10,"CEMADEN",8
"354340203A","Ribeirão Preto","SP",-21.172,-47.809,10,"CEMADEN",8
"354340204A","Ribeirão Preto","SP",-21.264,-47.823,10,"CEMADEN",8
"354340205A","Ribeirão Preto","SP",-21.113,-47.795,10,"CEMADEN",2
"354340206A","Ribeirão Preto","SP",-21.145,-47.784,10,"CEMADEN",1
"354340207A","Ribeirão Preto","SP",-21.206,-47.843,10,"CEMADEN",4
"354340208A","Ribeirão Preto","SP",-21.151999999999997,-47.839,10,"CEMADEN",2
"354340224H","Ribeirão Preto","SP",-21.190218,-47.797662,10,"CEMADEN",1
"354390701A","Rio Claro","SP",-22.429,-47.552,10,"CEMADEN",10
"354390702A","Rio Claro","SP",-22.426,-47.577,10,"CEMADEN",5
"354390703A","Rio Claro","SP",-22.378,-47.588,10,"CEMADEN",5
"354390704A","Rio Claro","SP",-22.393,-47.564,10,"CEMADEN",6
"354400401A","Rio das Pedras","SP",-22.84778,-47.60787,10,"CEMADEN",6
"354410301A","Rio Grande da Serra","SP",-23.76,-46.411,10,"CEMADEN",1
"354410302A","Rio Grande da Serra","SP",-23.729,-46.391999999999996,10,"CEMADEN",1
"354410303A","Rio Grande da Serra","SP",-23.749000000000002,-46.397,10,"CEMADEN",1
"354410304A","Rio Grande da Serra","SP",-23.737,-46.358,10,"CEMADEN",2
"354410305A","Rio Grande da Serra","SP",-23.718000000000004,-46.368,10,"CEMADEN",1
"354430101A","Roseira","SP",-22.89862,-45.30337,10,"CEMADEN",3
"354500101A","Salesópolis","SP",-23.57502,-45.97222,10,"CEMADEN",4
"354515901A","Saltinho","SP",-22.84681,-47.67809,10,"CEMADEN",1
"354520901A","Salto","SP",-23.19986,-47.28743,10,"CEMADEN",6
"354530801A","Salto de Pirapora","SP",-23.65638,-47.5742,10,"CEMADEN",6
"354580301A","Santa Bárbara D'oeste","SP",-22.75722,-47.36496,10,"CEMADEN",4
"354580328H","Santa Bárbara D'oeste","SP",-22.756263,-47.408254,10,"CEMADEN",2
"354600901A","Santa Branca","SP",-23.39705,-45.88567,10,"CEMADEN",6
"354680101A","Santa Isabel","SP",-23.315,-46.225,10,"CEMADEN",5
"354730401A","Santana de Parnaíba","SP",-23.417,-46.957,10,"CEMADEN",3
"354730402A","Santana de Parnaíba","SP",-23.48705,-46.99519,10,"CEMADEN",6
"354730403A","Santana de Parnaíba","SP",-23.479,-46.857,10,"CEMADEN",4
"354730404A","Santana de Parnaíba","SP",-23.43198,-46.85841,10,"CEMADEN",5
"354730405A","Santana de Parnaíba","SP",-23.408,-46.869,10,"CEMADEN",7
"354730407A","Santana de Parnaíba","SP",-23.438,-46.91,10,"CEMADEN",6
"354780901A","Santo André","SP",-23.659,-46.533,10,"CEMADEN",7
"354780902A","Santo Andrãò","SP",-23.771,-46.463,10,"CEMADEN",1
"354780903A","Santo Andrãò","SP",-23.686,-46.512,10,"CEMADEN",1
"354780903G","Santo Andrãò","SP",-23.744829,-46.497286,10,"CEMADEN",1
"354780904A","Santo André","SP",-23.648,-46.514,10,"CEMADEN",8
"354780905A","Santo André","SP",-23.67747,-46.48747,10,"CEMADEN",4
"354780906A","Santo André","SP",-23.637,-46.516,10,"CEMADEN",3
"354780906G","Santo André","SP",-23.685466,-46.48404,10,"CEMADEN",3
"354780908A","Santo Andrãò","SP",-23.629,-46.538000000000004,10,"CEMADEN",2
"354780909A","Santo André","SP",-23.738,-46.499,10,"CEMADEN",1
"354780910A","Santo Andrãò","SP",-23.68,-46.534,10,"CEMADEN",5
"354780911A","Santo André","SP",-23.664,-46.553,10,"CEMADEN",5
"354780912A","Santo André","SP",-23.698,-46.493,10,"CEMADEN",6
"354780913A","Santo André","SP",-23.778000000000002,-46.303000000000004,10,"CEMADEN",1
"354780914A","Santo André","SP",-23.683,-46.5,10,"CEMADEN",3
"354780915A","Santo Andrãò","SP",-23.71,-46.507,10,"CEMADEN",2
"354780916A","Santo Andrãò","SP",-23.724,-46.48,10,"CEMADEN",5
"354780918A","Santo Andrãò","SP",-23.691,-46.498999999999995,10,"CEMADEN",2
"354780919A","Santo André","SP",-23.636,-46.506,10,"CEMADEN",4
"354820301A","Santo Antãänio do Pinhal","SP",-22.83151,-45.66007,10,"CEMADEN",2
"354850002G","Santos","SP",-23.938947,-46.349035,10,"CEMADEN",1
"354850003G","Santos","SP",-23.939142,-46.327726,10,"CEMADEN",1
"354850004G","Santos","SP",-23.946121,-46.346574,10,"CEMADEN",2
"354850005A","Santos","SP",-23.941999999999997,-46.331,10,"CEMADEN",3
"354850006A","Santos","SP",-23.931,-46.36,10,"CEMADEN",7
"354850006G","Santos","SP",-23.952057,-46.354409000000004,10,"CEMADEN",1
"354850007G","Santos","SP",-23.935317,-46.341736,10,"CEMADEN",5
"354850008A","Santos","SP",-23.980999999999998,-46.3,10,"CEMADEN",1
"354850009A","Santos","SP",-23.891,-46.18899999999999,10,"CEMADEN",2
"354850009G","Santos","SP",-23.960236,-46.358779,10,"CEMADEN",1
"354850010A","Santos","SP",-23.967,-46.305,10,"CEMADEN",3
"354850012A","Santos","SP",-23.947,-46.356,10,"CEMADEN",2
"354850013A","Santos","SP",-23.935,-46.341,10,"CEMADEN",3
"354850014A","Santos","SP",-23.881,-46.314,10,"CEMADEN",3
"354860901A","São Bento do Sapucaí","SP",-22.689192,-45.733925,10,"CEMADEN",2
"354870801G","São Bernardo do Campo","SP",-23.75268,-46.532324,10,"CEMADEN",2
"354870802A","São Bernardo do Campo","SP",-23.744,-46.612,10,"CEMADEN",1
"354870803A","São Bernardo do Campo","SP",-23.737,-46.537,10,"CEMADEN",5
"354870803G","São Bernardo do Campo","SP",-23.709393,-46.526037,10,"CEMADEN",2
"354870804A","São Bernardo do Campo","SP",-23.844,-46.598,10,"CEMADEN",2
"354870804G","São Bernardo do Campo","SP",-23.733104,-46.535489,10,"CEMADEN",3
"354870805A","São Bernardo do Campo","SP",-23.72266,-46.53876,10,"CEMADEN",4
"354870808A","São Bernardo do Campo","SP",-23.755,-46.531,10,"CEMADEN",3
"354870809A","São Bernardo do Campo","SP",-23.772,-46.59,10,"CEMADEN",2
"354870810A","São Bernardo do Campo","SP",-23.726,-46.523999999999994,10,"CEMADEN",4
"354870811A","São Bernardo do Campo","SP",-23.643,-46.583999999999996,10,"CEMADEN",3
"354870812A","São Bernardo do Campo","SP",-23.721,-46.592,10,"CEMADEN",3
"354870813A","São Bernardo do Campo","SP",-23.756,-46.578,10,"CEMADEN",5
"354870814A","São Bernardo do Campo","SP",-23.734,-46.579,10,"CEMADEN",6
"354870816A","São Bernardo do Campo","SP",-23.783,-46.528,10,"CEMADEN",3
"354870817A","São Bernardo do Campo","SP",-23.716,-46.555,10,"CEMADEN",5
"354870818A","São Bernardo do Campo","SP",-23.701,-46.534,10,"CEMADEN",5
"354870819A","São Bernardo do Campo","SP",-23.737,-46.553000000000004,10,"CEMADEN",1
"354870820A","São Bernardo do Campo","SP",-23.745,-46.528,10,"CEMADEN",1
"354870821A","São Bernardo do Campo","SP",-23.667,-46.567,10,"CEMADEN",1
"354870822A","São Bernardo do Campo","SP",-23.717,-46.526,10,"CEMADEN",7
"354880701A","São Caetano do Sul","SP",-23.609,-46.573,10,"CEMADEN",2
"354880702A","São Caetano do Sul","SP",-23.623,-46.581,10,"CEMADEN",3
"354880703A","São Caetano do Sul","SP",-23.644000000000002,-46.571999999999996,10,"CEMADEN",2
"354890602A","São Carlos","SP",-21.997,-47.892,10,"CEMADEN",3
"354890603A","São Carlos","SP",-21.898000000000003,-47.897,10,"CEMADEN",5
"354960701A","São José do Barreiro","SP",-22.647353,-44.575537,10,"CEMADEN",6
"354980501A","São Josãò do Rio Preto","SP",-20.785,-49.36,10,"CEMADEN",5
"354980502A","São José do Rio Preto","SP",-20.818,-49.411,10,"CEMADEN",3
"354980503A","São José do Rio Preto","SP",-20.795,-49.41,10,"CEMADEN",5
"354980504A","São José do Rio Preto","SP",-20.844,-49.386,10,"CEMADEN",9
"354990401A","São José dos Campos","SP",-23.256,-45.941,10,"CEMADEN",5
"354990402A","São Josãò dos Campos","SP",-23.159000000000002,-45.916000000000004,10,"CEMADEN",1
"354990404A","São Josãò dos Campos","SP",-23.186999999999998,-45.869,10,"CEMADEN",2
"354990405A","São Josãò dos Campos","SP",-23.087,-45.931,10,"CEMADEN",4
"354990406A","São Josãò dos Campos","SP",-23.143,-45.92,10,"CEMADEN",1
"354990407A","São José dos Campos","SP",-23.109,-45.933,10,"CEMADEN",1
"354990408A","São José dos Campos","SP",-23.111,-45.913000000000004,10,"CEMADEN",1
"354990410A","São Josãò dos Campos","SP",-23.244,-45.825,10,"CEMADEN",4
"354990499A","São José dos Campos","SP",-23.158132000000002,-45.793449,10,"CEMADEN",1
"354995301A","São Lourenço da Serra","SP",-23.84764,-46.95083,10,"CEMADEN",2
"354995302A","São Lourenço da Serra","SP",-23.88297,-46.9757,10,"CEMADEN",4
"355000101A","São Luís do Paraitinga","SP",-23.224308,-45.314255,10,"CEMADEN",4
"355030803A","São Paulo","SP",-23.622,-46.583,10,"CEMADEN",1
"355030805A","São Paulo","SP",-23.584,-46.416000000000004,10,"CEMADEN",1
"355030806A","São Paulo","SP",-23.58,-46.383,10,"CEMADEN",2
"355030807A","São Paulo","SP",-23.816,-46.736000000000004,10,"CEMADEN",2
"355030808B","São Paulo","SP",-23.501,-46.751,10,"CEMADEN",3
"355030809A","São Paulo","SP",-23.666999999999998,-46.728,10,"CEMADEN",1
"355030810A","São Paulo","SP",-23.513,-46.389,10,"CEMADEN",2
"355030811A","São Paulo","SP",-23.50248,-46.628836,10,"CEMADEN",1
"355030812A","São Paulo","SP",-23.531015,-46.632533,10,"CEMADEN",2
"355030813A","São Paulo","SP",-23.457,-46.584,10,"CEMADEN",3
"355030814A","São Paulo","SP",-23.647,-46.744,10,"CEMADEN",1
"355030819A","São Paulo","SP",-23.603,-46.449,10,"CEMADEN",5
"355030820A","São Paulo","SP",-23.595,-46.406,10,"CEMADEN",4
"355030820B","São Paulo","SP",-23.644,-46.655,10,"CEMADEN",1
"355030824A","São Paulo","SP",-23.697,-46.765,10,"CEMADEN",1
"355030826A","São Paulo","SP",-23.547,-46.596,10,"CEMADEN",4
"355030827B","São Paulo","SP",-23.424,-46.59,10,"CEMADEN",2
"355030828A","São Paulo","SP",-23.668,-46.635,10,"CEMADEN",2
"355030831A","São Paulo","SP",-23.55196,-46.608613,10,"CEMADEN",2
"355030833A","São Paulo","SP",-23.543311,-46.635987,10,"CEMADEN",3
"355030834A","São Paulo","SP",-23.650398,-46.708183,10,"CEMADEN",9
"355030835A","São Paulo","SP",-23.504787,-46.672956,10,"CEMADEN",1
"355030836A","São Paulo","SP",-23.53,-46.676,10,"CEMADEN",1
"355030837A","São Paulo","SP",-23.602743,-46.649511,10,"CEMADEN",2
"355030838A","São Paulo","SP",-23.745,-46.66,10,"CEMADEN",1
"355030840A","São Paulo","SP",-23.59,-46.574,10,"CEMADEN",1
"355030842A","São Paulo","SP",-23.612,-46.617,10,"CEMADEN",1
"355030843A","São Paulo","SP",-23.436,-46.751,10,"CEMADEN",1
"355030845A","São Paulo","SP",-23.711,-46.70399999999999,10,"CEMADEN",1
"355030846A","São Paulo","SP",-23.589,-46.738,10,"CEMADEN",5
"355030848A","São Paulo","SP",-23.5,-46.451,10,"CEMADEN",1
"355030849A","São Paulo","SP",-23.575,-46.526,10,"CEMADEN",1
"355030850A","São Paulo","SP",-23.62034,-46.45687,10,"CEMADEN",1
"355030853A","São Paulo","SP",-23.563,-46.703,10,"CEMADEN",3
"355030856A","São Paulo","SP",-23.64412,-46.60851,10,"CEMADEN",1
"355030857A","São Paulo","SP",-23.541,-46.629,10,"CEMADEN",2
"355030859A","São Paulo","SP",-23.569000000000003,-46.504,10,"CEMADEN",1
"355030860A","São Paulo","SP",-23.511,-46.667,10,"CEMADEN",1
"355030861A","São Paulo","SP",-23.705,-46.644,10,"CEMADEN",1
"355030862A","São Paulo","SP",-23.524,-46.66,10,"CEMADEN",3
"355030863A","São Paulo","SP",-23.674,-46.77,10,"CEMADEN",1
"355030864A","São Paulo","SP",-23.6,-46.468,10,"CEMADEN",1
"355030865A","São Paulo","SP",-23.668,-46.674,10,"CEMADEN",7
"355030866A","São Paulo","SP",-23.519000000000002,-46.521,10,"CEMADEN",1
"355030867A","São Paulo","SP",-23.829,-46.724,10,"CEMADEN",1
"355030869A","São Paulo","SP",-23.584,-46.561,10,"CEMADEN",5
"355030871A","São Paulo","SP",-23.587,-46.602,10,"CEMADEN",6
"355030873A","São Paulo","SP",-23.407,-46.753,10,"CEMADEN",2
"355030874A","São Paulo","SP",-23.489,-46.727,10,"CEMADEN",2
"355030875A","São Paulo","SP",-23.622,-46.501000000000005,10,"CEMADEN",1
"355030878A","São Paulo","SP",-23.522,-46.695,10,"CEMADEN",2
"355030879A","São Paulo","SP",-23.480999999999998,-46.604,10,"CEMADEN",1
"355030880A","São Paulo","SP",-23.609,-46.427,10,"CEMADEN",3
"355030881A","São Paulo","SP",-23.494,-46.417,10,"CEMADEN",8
"355030882A","São Paulo","SP",-23.647,-46.757,10,"CEMADEN",3
"355030886A","São Paulo","SP",-23.499000000000002,-46.496,10,"CEMADEN",1
"355030894A","São Paulo","SP",-23.623,-46.727,10,"CEMADEN",2
"355030898A","São Paulo","SP",-23.47888,-46.38121,10,"CEMADEN",3
"355030899A","São Paulo","SP",-23.649,-46.786,10,"CEMADEN",1
"355040701A","São Pedro","SP",-22.5606,-47.9067,10,"CEMADEN",7
"355060501A","São Roque","SP",-23.53694,-47.13303,10,"CEMADEN",6
"355070402A","São Sebastião","SP",-23.758,-45.764,10,"CEMADEN",1
"355070403A","São Sebastião","SP",-23.73,-45.446,10,"CEMADEN",1
"355070404A","São Sebastião","SP",-23.723,-45.43,10,"CEMADEN",3
"355070405A","São Sebastião","SP",-23.783,-45.403999999999996,10,"CEMADEN",1
"355070406A","São Sebastião","SP",-23.776,-45.653,10,"CEMADEN",4
"355070407A","São Sebastião","SP",-23.76,-45.418,10,"CEMADEN",2
"355070408A","São Sebastião","SP",-23.826,-45.428999999999995,10,"CEMADEN",1
"355070409A","São Sebastião","SP",-23.813,-45.414,10,"CEMADEN",6
"355070410A","São Sebastião","SP",-23.768,-45.685,10,"CEMADEN",2
"355070411A","São Sebastião","SP",-23.759,-45.722,10,"CEMADEN",2
"355070412A","São Sebastião","SP",-23.796999999999997,-45.541000000000004,10,"CEMADEN",2
"355070413A","São Sebastião","SP",-23.814,-45.531,10,"CEMADEN",4
"355070414A","São Sebastião","SP",-23.777,-45.612,10,"CEMADEN",4
"355070415A","São Sebastião","SP",-23.793000000000003,-45.403,10,"CEMADEN",1
"355070416A","São Sebastião","SP",-23.79,-45.566,10,"CEMADEN",3
"355070418A","São Sebastião","SP",-23.823,-45.415,10,"CEMADEN",4
"355070419A","São Sebastião","SP",-23.767,-45.596000000000004,10,"CEMADEN",1
"355070420A","São Sebastião","SP",-23.732,-45.403,10,"CEMADEN",3
"355100901A","São Vicente","SP",-23.961,-46.412,10,"CEMADEN",3
"355100902A","São Vicente","SP",-23.976,-46.477,10,"CEMADEN",4
"355100903A","São Vicente","SP",-23.965,-46.363,10,"CEMADEN",5
"355100904A","São Vicente","SP",-23.97899,-46.3838,10,"CEMADEN",2
"355100905A","São Vicente","SP",-23.971999999999998,-46.398999999999994,10,"CEMADEN",1
"355100906A","São Vicente","SP",-23.95,-46.458,10,"CEMADEN",1
"355100907A","São Vicente","SP",-23.926,-46.461000000000006,10,"CEMADEN",3
"355160301A","Serra Negra","SP",-22.633370000000003,-46.72753,10,"CEMADEN",1
"355180101A","Sete Barras","SP",-24.391,-47.926,10,"CEMADEN",1
"355180102A","Sete Barras","SP",-24.38004,-47.93158,10,"CEMADEN",3
"355200701A","Silveiras","SP",-22.6714,-44.852109999999996,10,"CEMADEN",1
"355220503A","Sorocaba","SP",-23.508,-47.486,10,"CEMADEN",3
"355220504A","Sorocaba","SP",-23.51027,-47.36154,10,"CEMADEN",9
"355220505A","Sorocaba","SP",-23.51807,-47.41729,10,"CEMADEN",5
"355220506A","Sorocaba","SP",-23.424,-47.408,10,"CEMADEN",3
"355220507A","Sorocaba","SP",-23.436,-47.506,10,"CEMADEN",5
"355220508A","Sorocaba","SP",-23.4553,-47.4428,10,"CEMADEN",5
"355220509A","Sorocaba","SP",-23.42682,-47.36295,10,"CEMADEN",9
"355220510A","Sorocaba","SP",-23.478,-47.422,10,"CEMADEN",10
"355220514H","Sorocaba","SP",-23.5015,-47.4519,10,"CEMADEN",1
"355240301A","Sumaré","SP",-22.826,-47.277,10,"CEMADEN",2
"355240302A","Sumarãò","SP",-22.808000000000003,-47.223,10,"CEMADEN",4
"355240303A","Sumarãò","SP",-22.836,-47.19,10,"CEMADEN",1
"355240304A","Sumarãò","SP",-22.795,-47.279,10,"CEMADEN",7
"355240315H","Sumaré","SP",-22.8177,-47.2644,10,"CEMADEN",4
"355250201A","Suzano","SP",-23.64494,-46.32195,10,"CEMADEN",8
"355250202A","Suzano","SP",-23.58781,-46.30472,10,"CEMADEN",7
"355250203A","Suzano","SP",-23.496096,-46.322502,10,"CEMADEN",9
"355250225H","Suzano","SP",-23.5206,-46.2999,10,"CEMADEN",2
"355280901A","Taboão da Serra","SP",-23.6212,-46.7782,10,"CEMADEN",7
"355280902A","Taboão da Serra","SP",-23.6263,-46.8045,10,"CEMADEN",3
"355280904A","Taboão da Serra","SP",-23.604,-46.762,10,"CEMADEN",8
"355400301A","Tatuí","SP",-23.35854,-47.851,10,"CEMADEN",7
"355410201A","Taubaté","SP",-23.03827,-45.573,10,"CEMADEN",9
"355450801A","Tietê","SP",-23.11,-47.717,10,"CEMADEN",7
"355465601A","Torre de Pedra","SP",-23.24712,-48.19583,10,"CEMADEN",3
"355480501A","Tremembãò","SP",-22.96296,-45.54883,10,"CEMADEN",2
"355495301A","Tuiuti","SP",-22.81457,-46.69565,10,"CEMADEN",4
"355540601A","Ubatuba","SP",-23.465,-45.06,10,"CEMADEN",6
"355540602A","Ubatuba","SP",-23.494,-45.173,10,"CEMADEN",2
"355540603A","Ubatuba","SP",-23.427,-45.122,10,"CEMADEN",1
"355540604A","Ubatuba","SP",-23.502,-45.13,10,"CEMADEN",2
"355540605A","Ubatuba","SP",-23.53,-45.246,10,"CEMADEN",1
"355540606A","Ubatuba","SP",-23.451999999999998,-45.07899999999999,10,"CEMADEN",3
"355540607A","Ubatuba","SP",-23.517,-45.196,10,"CEMADEN",4
"355540609A","Ubatuba","SP",-23.347,-44.94,10,"CEMADEN",3
"355540610A","Ubatuba","SP",-23.425,-45.106,10,"CEMADEN",2
"355540611A","Ubatuba","SP",-23.401,-45.119,10,"CEMADEN",1
"355540614A","Ubatuba","SP",-23.398000000000003,-45.004,10,"CEMADEN",1
"355540615A","Ubatuba","SP",-23.375999999999998,-44.838,10,"CEMADEN",2
"355540616A","Ubatuba","SP",-23.434,-45.077,10,"CEMADEN",5
"355540616H","Ubatuba","SP",-23.4305,-45.0852,10,"CEMADEN",1
"355540617A","Ubatuba","SP",-23.439,-45.103,10,"CEMADEN",3
"355540618A","Ubatuba","SP",-23.54,-45.255,10,"CEMADEN",3
"355540619A","Ubatuba","SP",-23.541,-45.237,10,"CEMADEN",4
"355540621A","Ubatuba","SP",-23.364,-44.887,10,"CEMADEN",4
"355540622A","Ubatuba","SP",-23.44,-45.082,10,"CEMADEN",6
"355540623A","Ubatuba","SP",-23.485,-45.105,10,"CEMADEN",3
"355620601A","Valinhos","SP",-22.964,-47.003,10,"CEMADEN",7
"355640401A","Vargem Grande do Sul","SP",-21.82982,-46.89509,10,"CEMADEN",7
"355645301A","Vargem Grande Paulista","SP",-23.601999999999997,-47.021,10,"CEMADEN",1
"355650301A","Várzea Paulista","SP",-23.211,-46.832,10,"CEMADEN",7
"355650302A","Várzea Paulista","SP",-23.19278,-46.81684,10,"CEMADEN",5
"35570000","São Luís do Curu","CE",-3.6739,-39.2425,15,"Telemetria",3
"355700601A","Votorantim","SP",-23.545,-47.447,10,"CEMADEN",2
"355730301A","Estiva Gerbi","SP",-22.273017,-46.966627,10,"CEMADEN",6
"36045000","Saboeiro","CE",-6.6461,-39.9617,15,"Telemetria",3
"36125000","Cariús","CE",-6.5578,-39.5086,15,"Telemetria",2
"36160000","Iguatu","CE",-6.3744,-39.2933,15,"Telemetria",2
"36210000","Missão Velha","CE",-7.2222,-39.1439,15,"Telemetria",1
"36260000","Aurora","CE",-7.0142,-38.9581,15,"Telemetria",1
"36270000","Lavras da Mangabeira","CE",-6.75,-38.9667,15,"Telemetria",1
"36320000","Jaguaribe","CE",-5.8997,-38.6331,60,"Telemetria",1
"36390000","Tabuleiro do Norte","CE",-5.2275,-38.1978,15,"Telemetria",2
"36470000","Senador Pompeu","CE",-5.5958,-39.381100000000004,15,"Telemetria",3
"36520000","Quixeramobim","CE",-5.2014,-39.2922,15,"Telemetria",2
"36534000","Banabuiu","CE",-5.3306,-38.9253,15,"Telemetria",2
"36615000","Quixeré","CE",-5.0839,-37.9983,15,"Telemetria",2
"36700000","Itaiçaba","CE",-4.6722,-37.8181,15,"Telemetria",1
"37225000","Sousa","PB",-6.8456,-38.31,15,"Telemetria",1
"37238000","Cajazeiras","PB",-6.7981,-38.5689,15,"Telemetria",1
"37340000","Piancó","PB",-7.2044,-37.9281,15,"Telemetria",1
"37410000","Pombal","PB",-6.7258,-37.7975,15,"Telemetria",1
"37603000","Jucurutu","RN",-6.0044,-37.0047,60,"Telemetria",1
"37610500","Açu","RN",-5.6625,-36.8819,15,"Telemetria",2
"37690200","Itajá","RN",-5.6689,-36.8853,60,"Telemetria",1
"37714910","Ipanguaçu","RN",-5.5031,-36.8881,15,"Telemetria",1
"37730000","Afonso Bezerra","RN",-5.4133,-36.8444,15,"Telemetria",1
"38811500","Camalau","PB",-7.8772,-36.9278,15,"Telemetria",1
"38830000","Caraubas","PB",-7.7211,-36.5053,15,"Telemetria",1
"39081250","Timbauba","PE",-7.5128,-35.3269,15,"Telemetria",3
"39082700","Vicência","PE",-7.6569,-35.3711,15,"Telemetria",1
"39084000","Itambé (ex-també)","PE",-7.5428,-35.068600000000004,15,"Telemetria",1
"39130010","Toritama","PE",-8.0128,-36.0578,15,"Telemetria",1
"39433000","Ribeirão","PE",-8.4675,-35.4014,15,"Telemetria",1
"39450000","Joaquim Nabuco","PE",-8.4972,-35.4978,15,"Telemetria",2
"39450400","Ribeirão","PE",-8.5222,-35.4847,60,"Telemetria",1
"39480300","Rio Formoso","PE",-8.6478,-35.2097,60,"Telemetria",1
"39540550","Belém de Maria","PE",-8.5397,-35.8508,15,"Telemetria",2
"39540750","São Benedito do Sul","PE",-8.8161,-35.9339,15,"Telemetria",1
"39541010","Belém de Maria","PE",-8.6247,-35.8414,15,"Telemetria",1
"39550000","Catende","PE",-8.6786,-35.7233,15,"Telemetria",1
"39560000","Palmares","PE",-8.6794,-35.5769,15,"Telemetria",2
"39571000","Maraial","PE",-8.8967,-35.7678,15,"Telemetria",4
"39580000","Água Preta","PE",-8.8411,-35.4469,15,"Telemetria",2
"39590000","Barreiros","PE",-8.7992,-35.205,15,"Telemetria",3
"39622000","Porto Calvo","AL",-9.0106,-35.4353,15,"Telemetria",1
"39690000","Correntes","PE",-9.1322,-36.3231,15,"Telemetria",3
"39700000","Santana do Mundau","AL",-9.1678,-36.2175,15,"Telemetria",4
"39715000","Palmeirina","PE",-9.0019,-36.3264,15,"Telemetria",1
"39720000","São José da Laje","AL",-9.0042,-36.0511,15,"Telemetria",5
"39740000","União dos Palmares","AL",-9.1544,-36.0358,15,"Telemetria",2
"39760000","Murici","AL",-9.3136,-35.9497,15,"Telemetria",3
"39770000","Rio Largo","AL",-9.4672,-35.8597,15,"Telemetria",4
"39800010","Brejão","PE",-9.0394,-36.5983,15,"Telemetria",2
"39852010","Quebrangulo","AL",-9.3656,-36.4194,15,"Telemetria",1
"39860000","Viçosa","AL",-9.3792,-36.2492,15,"Telemetria",3
"39863000","Cajueiro","AL",-9.3756,-36.1608,15,"Telemetria",1
"39863500","Canhotinho","PE",-8.9831,-36.1561,30,"Telemetria",3
"39870000","Atalaia","AL",-9.5067,-36.0228,15,"Telemetria",1
"39950000","Anadia","AL",-9.6858,-36.2853,15,"Telemetria",3
"40100000","Abaeté","MG",-19.2814,-45.2753,15,"Telemetria",2
"40100001","Abaeté","MG",-19.2814,-45.2953,60,"Telemetria",3
"40130002","Itaguara","MG",-20.4053,-44.6283,60,"Telemetria",1
"40152000","Carmo do Cajuru","MG",-20.1811,-44.7939,60,"Telemetria",1
"40185010","Divinópolis","MG",-20.1852,-44.8937,15,"Telemetria",1
"40291000","Itaúna","MG",-20.0611,-44.6069,60,"Telemetria",1
"40330000","Conceição do Pará","MG",-19.6939,-44.9308,15,"Telemetria",4
"40410180","Bom Despacho","MG",-19.6397,-45.1106,60,"Telemetria",1
"40410200","Bom Despacho","MG",-19.5964,-45.1044,60,"Telemetria",2
"40450001","Pompéu","MG",-19.2869,-45.11,60,"Telemetria",2
"40680001","Entre Rios de Minas","MG",-20.6603,-44.0719,15,"Telemetria",2
"40710001","Belo Vale","MG",-20.4083,-44.0217,15,"Telemetria",2
"40740000","Brumadinho","MG",-20.1667,-44.1606,15,"Telemetria",3
"40755000","Crucilândia","MG",-20.4036,-44.3386,15,"Telemetria",2
"40799000","Juatuba","MG",-19.9483,-44.3056,60,"Telemetria",2
"40800001","Betim","MG",-19.9489,-44.3053,15,"Telemetria",2
"40865001","Pompéu","MG",-19.1731,-44.7011,60,"Telemetria",3
"40865400","Curvelo","MG",-19.0742,-44.6806,60,"Telemetria",3
"40866000","Felixlândia","MG",-18.8717,-44.7828,60,"Telemetria",4
"40963000","Biquinhas","MG",-18.6769,-45.5658,60,"Telemetria",2
"40974900","São Gonçalo do Abaeté","MG",-18.4675,-45.6453,15,"Telemetria",1
"40990080","Três Marias","MG",-18.215,-45.2592,60,"Telemetria",1
"410040001A","Almirante Tamandarãò","PR",-25.31,-49.298,10,"CEMADEN",1
"410040002A","Almirante Tamandarãò","PR",-25.312,-49.308,10,"CEMADEN",4
"410040003A","Almirante Tamandaré","PR",-25.343,-49.246,10,"CEMADEN",9
"410040004A","Almirante Tamandaré","PR",-25.259,-49.301,10,"CEMADEN",9
"410040005A","Almirante Tamandaré","PR",-25.344,-49.28,10,"CEMADEN",3
"410040006A","Almirante Tamandarãò","PR",-25.371,-49.308,10,"CEMADEN",5
"410040007A","Almirante Tamandarãò","PR",-25.326999999999998,-49.273,10,"CEMADEN",1
"410040008A","Almirante Tamandarãò","PR",-25.316,-49.267,10,"CEMADEN",6
"410120001A","Antonina","PR",-25.429000000000002,-48.71,10,"CEMADEN",1
"410120002A","Antonina","PR",-25.462,-48.687,10,"CEMADEN",5
"410120004A","Antonina","PR",-25.433,-48.725,10,"CEMADEN",6
"410140801A","Apucarana","PR",-23.558154,-51.426813,10,"CEMADEN",5
"410140802A","Apucarana","PR",-23.566473,-51.505367,10,"CEMADEN",7
"410140803A","Apucarana","PR",-23.535992,-51.449794,10,"CEMADEN",8
"410165501A","Arapuã","PR",-24.307,-51.784,10,"CEMADEN",8
"410180402A","Araucária","PR",-25.595,-49.388,10,"CEMADEN",4
"410180403A","Araucária","PR",-25.543110000000002,-49.38147,10,"CEMADEN",2
"410315601A","Bom Jesus do Sul","PR",-26.19174,-53.60245,10,"CEMADEN",3
"410330501A","Borrazópolis","PR",-23.942,-51.59,10,"CEMADEN",11
"410360201A","Cambará","PR",-23.04,-50.07899999999999,10,"CEMADEN",3
"410400601A","Campina Grande do Sul","PR",-25.334,-49.079,10,"CEMADEN",5
"410400602A","Campina Grande do Sul","PR",-25.356,-49.109,10,"CEMADEN",11
"410400603A","Campina Grande do Sul","PR",-25.311,-49.053,10,"CEMADEN",7
"410410501A","Campo do Tenente","PR",-25.98,-49.68408,10,"CEMADEN",8
"410420401A","Campo Largo","PR",-25.439368,-49.455266,10,"CEMADEN",6
"410420401H","Campo Largo","PR",-25.4556,-49.5204,10,"CEMADEN",2
"410420402A","Campo Largo","PR",-25.44889,-49.55519,10,"CEMADEN",7
"410420403A","Campo Largo","PR",-25.46856,-49.52551,10,"CEMADEN",5
"410445101A","Cantagalo","PR",-25.371891,-52.127045,10,"CEMADEN",8
"410460001A","Capitão Leãänidas Marques","PR",-25.438000000000002,-53.633,10,"CEMADEN",5
"410460002A","Capitão Leãänidas Marques","PR",-25.481,-53.606,10,"CEMADEN",3
"410460003A","Capitão Leônidas Marques","PR",-25.48545,-53.60749,10,"CEMADEN",1
"410480804A","Cascavel","PR",-24.9571,-53.45782,10,"CEMADEN",3
"410480805A","Cascavel","PR",-24.99532,-53.46367,10,"CEMADEN",5
"410480806A","Cascavel","PR",-24.920270000000002,-53.435280000000006,10,"CEMADEN",5
"410520101A","Cerro Azul","PR",-24.82449,-49.26312,10,"CEMADEN",8
"410580501A","Colombo","PR",-25.3612,-49.1892,10,"CEMADEN",10
"410650601A","Coronel Vivida","PR",-25.97998,-52.56345,10,"CEMADEN",8
"410690201A","Curitiba","PR",-25.41118,-49.36184,10,"CEMADEN",6
"410690202A","Curitiba","PR",-25.3536,-49.25527,10,"CEMADEN",8
"410690203A","Curitiba","PR",-25.413,-49.301,10,"CEMADEN",7
"410690204A","Curitiba","PR",-25.38,-49.295,10,"CEMADEN",5
"410690205A","Curitiba","PR",-25.379,-49.245,10,"CEMADEN",4
"410690206A","Curitiba","PR",-25.382,-49.332,10,"CEMADEN",7
"410690207A","Curitiba","PR",-25.417,-49.342,10,"CEMADEN",5
"410690208A","Curitiba","PR",-25.384,-49.197,10,"CEMADEN",8
"410690209A","Curitiba","PR",-25.435,-49.35,10,"CEMADEN",5
"410690210A","Curitiba","PR",-25.555,-49.284,10,"CEMADEN",9
"410690211A","Curitiba","PR",-25.48784,-49.28797,10,"CEMADEN",3
"410720701A","Dois Vizinhos","PR",-25.74991,-53.05351,10,"CEMADEN",5
"41075003","São Gonçalo do Abaeté","MG",-18.4031,-45.7369,15,"Telemetria",1
"410765201A","Fazenda Rio Grande","PR",-25.64902,-49.30742,10,"CEMADEN",6
"410830401A","Foz do Iguaçu","PR",-25.47005,-54.58558,10,"CEMADEN",8
"410830402A","Foz do Iguaçu","PR",-25.534019,-54.540623,10,"CEMADEN",7
"410830403A","Foz do Iguaçu","PR",-25.573882,-54.570109,10,"CEMADEN",8
"410840301A","Francisco Beltrão","PR",-26.04632,-53.06013,10,"CEMADEN",7
"410840302A","Francisco Beltrão","PR",-26.06924,-53.07376,10,"CEMADEN",5
"410850201A","General Carneiro","PR",-26.428,-51.317,10,"CEMADEN",2
"410930201A","Guaraniaçu","PR",-25.1,-52.866,10,"CEMADEN",10
"410940104A","Guarapuava","PR",-25.40131,-51.49242,10,"CEMADEN",7
"410940105A","Guarapuava","PR",-25.35533,-51.43377,10,"CEMADEN",5
"411070601A","Irati","PR",-25.47186,-50.65887,10,"CEMADEN",8
"411125801A","Itaperuçu","PR",-25.219,-49.351,10,"CEMADEN",4
"411125802A","Itaperuçu","PR",-25.213,-49.335,10,"CEMADEN",1
"411155501A","Ivatãò","PR",-23.406,-53.372,10,"CEMADEN",3
"411190201A","Jaguapitã","PR",-23.112311,-51.539173,10,"CEMADEN",7
"411200901A","Jaguariaíva","PR",-24.278,-49.731,10,"CEMADEN",9
"411200902A","Jaguariaíva","PR",-24.248,-49.706,10,"CEMADEN",1
"411200903A","Jaguariaíva","PR",-24.26,-49.716,10,"CEMADEN",8
"411345201A","Lindoeste","PR",-25.2686,-53.5725,10,"CEMADEN",2
"411620801A","Morretes","PR",-25.437,-48.877,10,"CEMADEN",4
"411620802A","Morretes","PR",-25.478,-48.834,10,"CEMADEN",3
"411620803A","Morretes","PR",-25.49,-48.855,10,"CEMADEN",5
"411705701A","Nova Laranjeiras","PR",-25.30928,-52.53703,10,"CEMADEN",9
"41180001","Itabirito","MG",-20.3011,-43.7981,15,"Telemetria",2
"411820401A","Paranaguá","PR",-25.542,-48.547,10,"CEMADEN",4
"411820402A","Paranaguá","PR",-25.523,-48.509,10,"CEMADEN",4
"411820403A","Paranaguá","PR",-25.517,-48.543,10,"CEMADEN",6
"411850101A","Pato Branco","PR",-26.234,-52.713,10,"CEMADEN",6
"411850102A","Pato Branco","PR",-26.267,-52.683,10,"CEMADEN",6
"411850103A","Pato Branco","PR",-26.198,-52.692,10,"CEMADEN",4
"411850104A","Pato Branco","PR",-26.228,-52.673,10,"CEMADEN",6
"411915201A","Pinhais","PR",-25.393646,-49.190053,10,"CEMADEN",6
"411915202A","Pinhais","PR",-25.39969,-49.3997,10,"CEMADEN",6
"411915203A","Pinhais","PR",-25.399929,-49.192935,10,"CEMADEN",6
"411915205A","Pinhais","PR",-25.430999999999997,-49.176,10,"CEMADEN",3
"411915206A","Pinhais","PR",-25.441959,-49.164353,10,"CEMADEN",6
"411915207A","Pinhais","PR",-25.461939,-49.186839,10,"CEMADEN",5
"41192900","Nova Lima","MG",-20.1656,-43.8928,60,"Telemetria",7
"41193000","Nova Lima","MG",-20.1247,-43.865,60,"Telemetria",4
"41195050","Rio Acima","MG",-20.0919,-43.7919,15,"Telemetria",3
"411950901A","Piraquara","PR",-25.46,-49.147,10,"CEMADEN",6
"411950902A","Piraquara","PR",-25.472,-49.058,10,"CEMADEN",4
"411950903A","Piraquara","PR",-25.45,-49.101,10,"CEMADEN",8
"41200430","Raposos","MG",-19.9631,-43.8067,15,"Telemetria",1
"412060601A","Prudentópolis","PR",-25.21334,-50.97847,10,"CEMADEN",10
"412100001A","Querência do Norte","PR",-23.085982,-53.482169,10,"CEMADEN",7
"41210001","Caeté","MG",-19.9028,-43.6664,15,"Telemetria",1
"412220601A","Rio Branco do Sul","PR",-25.167,-49.309,10,"CEMADEN",8
"412220602A","Rio Branco do Sul","PR",-25.193,-49.313,10,"CEMADEN",5
"412220603A","Rio Branco do Sul","PR",-25.205,-49.324,10,"CEMADEN",5
"412230501A","Rio Negro","PR",-26.085,-49.781,10,"CEMADEN",5
"412230502A","Rio Negro","PR",-26.089000000000002,-49.8,10,"CEMADEN",3
"412230503A","Rio Negro","PR",-26.118,-49.776,10,"CEMADEN",7
"412550602A","São José dos Pinhais","PR",-25.548,-49.156,10,"CEMADEN",10
"412550603A","São José dos Pinhais","PR",-25.606,-49.169,10,"CEMADEN",4
"412550604A","São Josãò dos Pinhais","PR",-25.55,-49.196,10,"CEMADEN",7
"412550605A","São Josãò dos Pinhais","PR",-25.484,-49.148,10,"CEMADEN",1
"412550606A","São José dos Pinhais","PR",-25.537,-49.091,10,"CEMADEN",5
"412550607A","São Josãò dos Pinhais","PR",-25.503,-49.18,10,"CEMADEN",4
"412550608A","São Josãò dos Pinhais","PR",-25.534000000000002,-49.206,10,"CEMADEN",2
"412560501A","São Mateus do Sul","PR",-25.86249,-50.371590000000005,10,"CEMADEN",2
"412560502A","São Mateus do Sul","PR",-25.88059,-50.41684,10,"CEMADEN",6
"412570401A","São Miguel do Iguaçu","PR",-25.373,-54.27,10,"CEMADEN",4
"412570402A","São Miguel do Iguaçu","PR",-25.344,-54.222,10,"CEMADEN",10
"412570403A","São Miguel do Iguaçu","PR",-25.349,-54.245,10,"CEMADEN",6
"412570403H","São Miguel do Iguaçu","PR",-25.3461,-54.2505,10,"CEMADEN",1
"412627201A","Saudade do Iguaçu","PR",-25.69136,-52.61733,10,"CEMADEN",2
"412790801A","Tuneiras do Oeste","PR",-23.872,-52.877,10,"CEMADEN",9
"412810401A","Umuarama","PR",-23.769,-53.321,10,"CEMADEN",4
"412820301A","União da Vitória","PR",-26.232,-51.069,10,"CEMADEN",5
"412820302A","União da Vitória","PR",-26.251,-51.1,10,"CEMADEN",8
"41650002","Presidente Juscelino","MG",-18.6728,-44.1939,15,"Telemetria",1
"41711000","Santana do Riacho","MG",-19.2642,-43.6058,60,"Telemetria",2
"41718000","Conceição do Mato Dentro","MG",-18.6597,-43.8244,60,"Telemetria",3
"41719080","Gouvéia","MG",-18.6381,-43.9647,60,"Telemetria",1
"41780002","Presidente Juscelino","MG",-18.645,-44.0506,15,"Telemetria",2
"41781950","Monjolos","MG",-18.3489,-44.0283,30,"Telemetria",1
"41818000","Santo Hipólito","MG",-18.3061,-44.2258,15,"Telemetria",1
"41940001","Corinto","MG",-18.1908,-44.5556,15,"Telemetria",4
"41955000","Lassance","MG",-17.9136,-44.5694,15,"Telemetria",6
"41972000","Lassance","MG",-17.7497,-44.5,60,"Telemetria",4
"41990000","Várzea da Palma","MG",-17.5961,-44.7133,15,"Telemetria",3
"420010102A","Abelardo Luz","SC",-26.565,-52.326,10,"CEMADEN",2
"420010103A","Abelardo Luz","SC",-26.6605,-52.144940000000005,10,"CEMADEN",2
"420050701A","Águas de Chapecó","SC",-27.07756,-52.9848,10,"CEMADEN",3
"420060601A","Águas Mornas","SC",-27.70011,-48.81745,10,"CEMADEN",4
"420070503A","Alfredo Wagner","SC",-27.701,-49.333999999999996,10,"CEMADEN",1
"420090301A","Angelina","SC",-27.5826,-48.9822,10,"CEMADEN",6
"420110901A","Anitápolis","SC",-27.90547,-49.13093,10,"CEMADEN",1
"420120802A","Antônio Carlos","SC",-27.5028,-48.78,10,"CEMADEN",7
"420120813H","Antãänio Carlos","SC",-27.5129,-48.7587,10,"CEMADEN",1
"420130701A","Araquari","SC",-26.51683,-48.71378,10,"CEMADEN",5
"420130702A","Araquari","SC",-26.41607,-48.75515,10,"CEMADEN",3
"420130703A","Araquari","SC",-26.39942,-48.79885,10,"CEMADEN",5
"420130704A","Araquari","SC",-26.37228,-48.72337,10,"CEMADEN",9
"420140601A","Araranguá","SC",-28.93715,-49.48683,10,"CEMADEN",7
"420140602A","Araranguá","SC",-28.9247,-49.47978,10,"CEMADEN",3
"420150501A","Armazém","SC",-28.26208,-49.01585,10,"CEMADEN",8
"420180202A","Atalanta","SC",-27.42093,-49.78439,10,"CEMADEN",10
"420200801A","Balneário Camboriú","SC",-26.986,-48.643,10,"CEMADEN",4
"420200802A","Balneário Camboriú","SC",-27.007,-48.596,10,"CEMADEN",3
"420207301A","Balneário Gaivota","SC",-29.13328,-49.60605,10,"CEMADEN",7
"420210701A","Barra Velha","SC",-26.642,-48.698,10,"CEMADEN",1
"420220602A","Benedito Novo","SC",-26.781999999999996,-49.365,10,"CEMADEN",1
"420220604A","Benedito Novo","SC",-26.781853,-49.364889,10,"CEMADEN",4
"420230501A","Biguaçu","SC",-27.5421,-48.65434,10,"CEMADEN",8
"420240401A","Blumenau","SC",-26.905,-49.034,10,"CEMADEN",4
"420240401G","Blumenau","SC",-26.846076,-49.045589,10,"CEMADEN",3
"420240402G","Blumenau","SC",-26.851792,-49.047081,10,"CEMADEN",2
"420240403G","Blumenau","SC",-26.872147,-49.083515999999996,10,"CEMADEN",1
"420240404A","Blumenau","SC",-26.951,-49.133,10,"CEMADEN",4
"420240404G","Blumenau","SC",-26.890746,-49.054907,10,"CEMADEN",4
"420240405A","Blumenau","SC",-26.857,-49.153999999999996,10,"CEMADEN",2
"420240406A","Blumenau","SC",-26.891,-49.055,10,"CEMADEN",4
"420240406G","Blumenau","SC",-26.918433,-49.049418,10,"CEMADEN",2
"420240407A","Blumenau","SC",-26.883000000000003,-49.14,10,"CEMADEN",4
"420240407G","Blumenau","SC",-26.966863,-49.06047,10,"CEMADEN",5
"420240408G","Blumenau","SC",-26.958264,-49.075746,10,"CEMADEN",5
"420240409A","Blumenau","SC",-26.904,-49.103,10,"CEMADEN",4
"420240409G","Blumenau","SC",-26.95126,-49.080397,10,"CEMADEN",4
"420240410A","Blumenau","SC",-26.877,-49.066,10,"CEMADEN",2
"420240410G","Blumenau","SC",-26.953951,-49.087109,10,"CEMADEN",1
"420240411G","Blumenau","SC",-26.953875,-49.127871,10,"CEMADEN",4
"420240412A","Blumenau","SC",-26.901999999999997,-49.048,10,"CEMADEN",3
"420240412G","Blumenau","SC",-26.943553,-49.130207,10,"CEMADEN",4
"420240413A","Blumenau","SC",-26.767,-49.08,10,"CEMADEN",2
"420240413G","Blumenau","SC",-26.905402,-49.101902,10,"CEMADEN",5
"420240415A","Blumenau","SC",-26.938,-49.057,10,"CEMADEN",5
"420240416A","Blumenau","SC",-26.833000000000002,-49.108000000000004,10,"CEMADEN",1
"420240418G","Blumenau","SC",-26.946475,-49.133401,10,"CEMADEN",3
"420240419A","Blumenau","SC",-26.965,-49.06,10,"CEMADEN",1
"420240420A","Blumenau","SC",-26.936999999999998,-49.15,10,"CEMADEN",1
"420240421A","Blumenau","SC",-27,-49.068000000000005,10,"CEMADEN",1
"420240422A","Blumenau","SC",-26.999000000000002,-49.1,10,"CEMADEN",1
"420240423A","Blumenau","SC",-26.913,-49.069,10,"CEMADEN",6
"420243801A","Bocaina do Sul","SC",-27.74404,-49.94548,10,"CEMADEN",3
"420245301A","Bombinhas","SC",-27.14472,-48.51068,10,"CEMADEN",4
"420270101A","Botuverá","SC",-27.197,-49.073,10,"CEMADEN",1
"420270102A","Botuverá","SC",-27.203,-49.029,10,"CEMADEN",2
"420270103A","Botuverá","SC",-27.2034,-49.15148,10,"CEMADEN",5
"420280001A","Braço do Norte","SC",-28.27112,-49.1612,10,"CEMADEN",6
"420290901H","Brusque","SC",-27.08255,-48.90837,10,"CEMADEN",1
"420290902A","Brusque","SC",-27.143,-48.907,10,"CEMADEN",3
"420290903A","Brusque","SC",-27.134,-48.886,10,"CEMADEN",2
"420290906A","Brusque","SC",-27.074,-48.905,10,"CEMADEN",2
"420290907A","Brusque","SC",-27.06,-48.907,10,"CEMADEN",4
"420290908A","Brusque","SC",-27.098,-48.925,10,"CEMADEN",2
"420290910A","Brusque","SC",-27.131,-48.939,10,"CEMADEN",4
"420290911A","Brusque","SC",-27.146,-48.88399999999999,10,"CEMADEN",1
"420290912A","Brusque","SC",-27.12,-48.923,10,"CEMADEN",3
"420290913A","Brusque","SC",-27.07,-48.865,10,"CEMADEN",1
"420300601A","Caçador","SC",-26.77705,-51.00946,10,"CEMADEN",7
"420320402A","Camboriú","SC",-27.002,-48.665,10,"CEMADEN",2
"420320405A","Camboriú","SC",-27.031,-48.641,10,"CEMADEN",6
"420320417H","Camboriú","SC",-27.0184,-48.6524,10,"CEMADEN",1
"420350101A","Campo Erê","SC",-26.3985,-53.0854,10,"CEMADEN",6
"420370901A","Canelinha","SC",-27.26681,-48.76795,10,"CEMADEN",7
"420380802A","Canoinhas","SC",-26.17522,-50.39492,10,"CEMADEN",5
"420390701A","Capinzal","SC",-27.343,-51.614,10,"CEMADEN",4
"420419401A","Chapadão do Lageado","SC",-27.58463,-49.54288,10,"CEMADEN",6
"420420201A","Chapecó","SC",-27.11325,-52.61169,10,"CEMADEN",2
"420420202A","Chapecó","SC",-27.06972,-52.60851,10,"CEMADEN",7
"420430101A","Concórdia","SC",-27.2164,-52.0149,10,"CEMADEN",6
"420430102A","Concórdia","SC",-27.2235,-52.03517,10,"CEMADEN",7
"420430103A","Concórdia","SC",-27.23612,-52.02296,10,"CEMADEN",1
"420430104A","Concórdia","SC",-27.2261,-52.0004,10,"CEMADEN",2
"420450901A","Corupá","SC",-26.411,-49.235,10,"CEMADEN",3
"420450902H","Corupá","SC",-26.429000000000002,-49.2401,10,"CEMADEN",1
"420450903A","Corupá","SC",-26.43862,-49.22865,10,"CEMADEN",9
"420455802A","Correia Pinto","SC",-27.580594,-50.358817,10,"CEMADEN",7
"420460802A","Criciúma","SC",-28.67737,-49.32561,10,"CEMADEN",3
"420460803A","Criciúma","SC",-28.674979999999998,-49.41612,10,"CEMADEN",2
"420460803H","Criciúma","SC",-28.6807,-49.38,10,"CEMADEN",3
"420460804A","Criciúma","SC",-28.73562,-49.405029999999996,10,"CEMADEN",3
"420460805A","Criciúma","SC",-28.77301,-49.36763,10,"CEMADEN",3
"420480601A","Curitibanos","SC",-27.30408,-50.56729,10,"CEMADEN",8
"420500101A","Dionísio Cerqueira","SC",-26.26219,-53.63747,10,"CEMADEN",3
"420520901A","Erval Velho","SC",-27.278192,-51.440086,10,"CEMADEN",4
"420540702A","Florianópolis","SC",-27.599,-48.573,10,"CEMADEN",1
"420540703A","Florianópolis","SC",-27.706,-48.5,10,"CEMADEN",4
"420540705A","Florianópolis","SC",-27.754,-48.51,10,"CEMADEN",2
"420540707A","Florianópolis","SC",-27.432,-48.458,10,"CEMADEN",1
"420540708A","Florianópolis","SC",-27.491,-48.418,10,"CEMADEN",1
"420545601A","Forquilhinha","SC",-28.75365,-49.47339,10,"CEMADEN",3
"420550601A","Fraiburgo","SC",-27.03318,-50.93099,10,"CEMADEN",6
"420550602A","Fraiburgo","SC",-27.049,-50.934,10,"CEMADEN",6
"420560501A","Galvão","SC",-26.43919,-52.68857,10,"CEMADEN",5
"420560502A","Galvão","SC",-26.45139,-52.68987,10,"CEMADEN",3
"420570402A","Garopaba","SC",-28.102,-48.674,10,"CEMADEN",3
"420570403A","Garopaba","SC",-28.0529,-48.6479,10,"CEMADEN",6
"420580301A","Garuva","SC",-26.0324,-48.85023,10,"CEMADEN",3
"420580302A","Garuva","SC",-26.11388,-49.00358,10,"CEMADEN",4
"420590202A","Gaspar","SC",-27,-48.91,10,"CEMADEN",2
"420590206A","Gaspar","SC",-26.914,-48.908,10,"CEMADEN",3
"420590209A","Gaspar","SC",-26.953000000000003,-48.988,10,"CEMADEN",2
"420600901A","Governador Celso Ramos","SC",-27.36677,-48.56375,10,"CEMADEN",7
"420610801A","Grão Pará","SC",-28.1883,-49.2137,10,"CEMADEN",7
"420630601A","Guabiruba","SC",-27.08188,-48.98972,10,"CEMADEN",6
"420630602A","Guabiruba","SC",-27.12835,-49.02327,10,"CEMADEN",5
"420630603A","Guabiruba","SC",-27.0679,-48.96227,10,"CEMADEN",9
"420650401A","Guaramirim","SC",-26.475,-49.016,10,"CEMADEN",9
"420650402A","Guaramirim","SC",-26.5405,-49.0169,10,"CEMADEN",7
"420650403A","Guaramirim","SC",-26.47323,-48.95957,10,"CEMADEN",8
"420650404A","Guaramirim","SC",-26.46237,-48.91975,10,"CEMADEN",5
"420650405A","Guaramirim","SC",-26.5011,-48.9244,10,"CEMADEN",1
"420670202A","Herval D'oeste","SC",-27.172553,-51.497377,10,"CEMADEN",5
"420700701A","Içara","SC",-28.72264,-49.30026,10,"CEMADEN",5
"420710601A","Ilhota","SC",-26.904,-48.83,10,"CEMADEN",3
"420710603A","Ilhota","SC",-26.939,-48.845,10,"CEMADEN",4
"420710606A","Ilhota","SC",-26.852,-48.771,10,"CEMADEN",5
"420730401A","Imbituba","SC",-28.15302,-48.69196,10,"CEMADEN",3
"420730402A","Imbituba","SC",-28.23814,-48.66014,10,"CEMADEN",3
"420750202A","Indaial","SC",-26.88128,-49.23332,10,"CEMADEN",9
"420750203A","Indaial","SC",-26.87525,-49.19488,10,"CEMADEN",4
"420750204A","Indaial","SC",-26.89003,-49.19313,10,"CEMADEN",5
"420750205A","Indaial","SC",-26.9136,-49.2507,10,"CEMADEN",3
"420770001A","Ipumirim","SC",-27.0757,-52.13426,10,"CEMADEN",1
"420780901A","Irani","SC",-27.02329,-51.8937,10,"CEMADEN",4
"420790801A","Irineópolis","SC",-26.23987,-50.804159999999996,10,"CEMADEN",1
"420800501A","Itá","SC",-27.27476,-52.34034,10,"CEMADEN",9
"420810401A","Itaiópolis","SC",-26.3014,-49.9066,10,"CEMADEN",5
"420820302A","Itajaí","SC",-27.036,-48.856,10,"CEMADEN",2
"420820303A","Itajaí","SC",-26.956,-48.644,10,"CEMADEN",2
"420820304A","Itajaí","SC",-26.91,-48.653,10,"CEMADEN",7
"420820305A","Itajaí","SC",-26.927,-48.649,10,"CEMADEN",6
"420820306A","Itajaí","SC",-26.909000000000002,-48.677,10,"CEMADEN",5
"420820307A","Itajaí","SC",-27.031,-48.801,10,"CEMADEN",1
"420820308A","Itajaí","SC",-26.954,-48.708999999999996,10,"CEMADEN",2
"420820309A","Itajaí","SC",-26.925,-48.68600000000001,10,"CEMADEN",1
"420820311A","Itajaí","SC",-26.910999999999998,-48.718999999999994,10,"CEMADEN",1
"420820314A","Itajaí","SC",-26.871,-48.699,10,"CEMADEN",7
"420820315A","Itajaí","SC",-26.919,-48.668,10,"CEMADEN",2
"420820316A","Itajaí","SC",-26.894,-48.688,10,"CEMADEN",9
"420830201A","Itapema","SC",-27.133000000000003,-48.61,10,"CEMADEN",4
"420830203A","Itapema","SC",-27.116,-48.61600000000001,10,"CEMADEN",1
"420830205A","Itapema","SC",-27.06,-48.602,10,"CEMADEN",3
"420840101A","Itapiranga","SC",-27.17259,-53.71102,10,"CEMADEN",7
"420845001A","Itapoá","SC",-26.18108,-48.60197,10,"CEMADEN",5
"420850001A","Ituporanga","SC",-27.414,-49.605,10,"CEMADEN",2
"420850002A","Ituporanga","SC",-27.415,-49.599,10,"CEMADEN",2
"420850003A","Ituporanga","SC",-27.417,-49.583,10,"CEMADEN",1
"420850004A","Ituporanga","SC",-27.423,-49.606,10,"CEMADEN",1
"420850005A","Ituporanga","SC",-27.447,-49.501999999999995,10,"CEMADEN",1
"420870801A","Jacinto Machado","SC",-28.99982,-49.75406,10,"CEMADEN",4
"420890601A","Jaraguá do Sul","SC",-26.4799,-49.082,10,"CEMADEN",8
"420890602A","Jaraguá do Sul","SC",-26.5051,-49.0896,10,"CEMADEN",2
"420890603A","Jaraguá do Sul","SC",-26.4548,-49.1663,10,"CEMADEN",5
"420890604A","Jaraguá do Sul","SC",-26.42641,-49.07919,10,"CEMADEN",7
"420890605A","Jaraguá do Sul","SC",-26.51601,-49.12951,10,"CEMADEN",5
"420890606A","Jaraguá do Sul","SC",-26.48459,-49.04547,10,"CEMADEN",8
"420890607A","Jaraguá do Sul","SC",-26.47651,-49.10422,10,"CEMADEN",6
"420900301A","Joaçaba","SC",-27.18104,-51.51372,10,"CEMADEN",1
"420910206A","Joinville","SC",-26.301,-48.841,10,"CEMADEN",2
"420910208A","Joinville","SC",-26.3309,-48.875,10,"CEMADEN",7
"420915104A","José Boiteux","SC",-26.964653,-49.621818,10,"CEMADEN",7
"420930001A","Lages","SC",-27.807,-50.305,10,"CEMADEN",5
"420930002A","Lages","SC",-27.816,-50.327,10,"CEMADEN",6
"420930004A","Lages","SC",-27.840999999999998,-50.346000000000004,10,"CEMADEN",1
"420940902A","Laguna","SC",-28.482490999999996,-48.883162,10,"CEMADEN",1
"420940903A","Laguna","SC",-28.433452,-48.850601,10,"CEMADEN",7
"420940904A","Laguna","SC",-28.49195,-48.77085,10,"CEMADEN",2
"420940905A","Laguna","SC",-28.522679999999998,-48.8114,10,"CEMADEN",5
"420980501A","Leoberto Leal","SC",-27.50424,-49.28839,10,"CEMADEN",8
"420985401A","Lindóia do Sul","SC",-27.05239,-52.08314,10,"CEMADEN",4
"421000101A","Luiz Alves","SC",-26.695,-48.903999999999996,10,"CEMADEN",1
"421000103A","Luiz Alves","SC",-26.67,-48.845,10,"CEMADEN",1
"421000104A","Luiz Alves","SC",-26.767,-48.963,10,"CEMADEN",3
"421010005H","Mafra","SC",-26.1203,-49.7959,10,"CEMADEN",3
"421020908H","Major Gercino","SC",-27.4219,-48.9588,10,"CEMADEN",2
"421040701A","Maracajá","SC",-28.84704,-49.45364,10,"CEMADEN",3
"421050601A","Maravilha","SC",-26.76057,-53.17418,10,"CEMADEN",5
"421060501A","Massaranduba","SC",-26.6081,-48.8948,10,"CEMADEN",4
"421080301A","Meleiro","SC",-28.703490000000002,-49.34789,10,"CEMADEN",2
"421085201A","Mirim Doce","SC",-27.213,-50.122,10,"CEMADEN",5
"421085202A","Mirim Doce","SC",-27.192,-50.177,10,"CEMADEN",1
"421100901A","Mondaí","SC",-27.10304,-53.39507,10,"CEMADEN",8
"421110801A","Monte Castelo","SC",-26.45387,-50.23787,10,"CEMADEN",5
"421120701A","Morro da Fumaça","SC",-28.65704,-49.21527,10,"CEMADEN",5
"421125601A","Morro Grande","SC",-28.80268,-49.71978,10,"CEMADEN",3
"421130604A","Navegantes","SC",-26.835,-48.63,10,"CEMADEN",6
"421150401A","Nova Trento","SC",-27.286,-48.928,10,"CEMADEN",4
"421150402A","Nova Trento","SC",-27.297,-48.947,10,"CEMADEN",4
"421150407H","Nova Trento","SC",-27.2964,-48.9706,10,"CEMADEN",2
"421160301A","Nova Veneza","SC",-28.636999999999997,-49.5,10,"CEMADEN",2
"421160306H","Nova Veneza","SC",-28.6371,-49.5001,10,"CEMADEN",2
"421170201A","Orleans","SC",-28.3574,-49.2908,10,"CEMADEN",5
"421170202A","Orleans","SC",-28.2156,-49.45675,10,"CEMADEN",5
"421175101A","Otacílio Costa","SC",-27.48299,-50.1188,10,"CEMADEN",2
"421190001A","Palhoça","SC",-27.64086,-48.67921,10,"CEMADEN",4
"421190002A","Palhoça","SC",-27.63478,-48.64643,10,"CEMADEN",4
"421190003A","Palhoça","SC",-27.73015,-48.6398,10,"CEMADEN",6
"421190004A","Palhoça","SC",-27.67986,-48.69472,10,"CEMADEN",2
"421190005A","Palhoça","SC",-27.887418,-48.585601000000004,10,"CEMADEN",1
"421210601A","Palmitos","SC",-27.06812,-53.15862,10,"CEMADEN",6
"421220501A","Papanduva","SC",-26.411279999999998,-50.14322,10,"CEMADEN",1
"421220502A","Papanduva","SC",-26.6898,-50.143409999999996,10,"CEMADEN",1
"421250201A","Penha","SC",-26.77475,-48.65118,10,"CEMADEN",6
"421270001A","Petrolândia","SC",-27.532740000000004,-49.69894,10,"CEMADEN",1
"421280901A","Balneário Piçarras","SC",-26.735,-48.693999999999996,10,"CEMADEN",3
"421280915H","Balneário Piçarras","SC",-26.7613,-48.6831,10,"CEMADEN",2
"421320301A","Pomerode","SC",-26.767,-49.177,10,"CEMADEN",2
"421320302A","Pomerode","SC",-26.66602,-49.15249,10,"CEMADEN",2
"421320304A","Pomerode","SC",-26.73,-49.141999999999996,10,"CEMADEN",1
"421320306A","Pomerode","SC",-26.774,-49.163,10,"CEMADEN",3
"421320307A","Pomerode","SC",-26.742,-49.174,10,"CEMADEN",1
"421320308A","Pomerode","SC",-26.723,-49.182,10,"CEMADEN",4
"421330202A","Ponte Alta","SC",-27.481593,-50.380142,10,"CEMADEN",8
"421340101A","Ponte Serrada","SC",-26.85814,-52.03214,10,"CEMADEN",9
"421350001A","Porto Belo","SC",-27.15488,-48.54205,10,"CEMADEN",2
"421360902A","Porto União","SC",-26.236529,-51.084179,10,"CEMADEN",4
"421380701A","Praia Grande","SC",-29.18163,-49.99022,10,"CEMADEN",4
"421380702A","Praia Grande","SC",-29.14258,-49.892520000000005,10,"CEMADEN",1
"421380703A","Praia Grande","SC",-29.195,-49.963,10,"CEMADEN",3
"421400301A","Presidente Getúlio","SC",-27.073,-49.678000000000004,10,"CEMADEN",2
"421410201A","Presidente Nereu","SC",-27.27812,-49.39028,10,"CEMADEN",5
"421420101A","Quilombo","SC",-26.72645,-52.71834,10,"CEMADEN",4
"421420102A","Quilombo","SC",-26.68023,-52.74678,10,"CEMADEN",5
"421430001A","Rancho Queimado","SC",-27.6782,-49.04174,10,"CEMADEN",4
"421450802A","Rio do Campo","SC",-26.942,-50.194,10,"CEMADEN",1
"421450803A","Rio do Campo","SC",-26.896,-50.093,10,"CEMADEN",1
"42145499","Jequitaí","MG",-17.2097,-44.4603,15,"Telemetria",1
"421460701A","Rio do Oeste","SC",-27.19567,-49.79585,10,"CEMADEN",4
"421480502A","Rio do Sul","SC",-27.221,-49.659,10,"CEMADEN",3
"421480503A","Rio do Sul","SC",-27.177,-49.64,10,"CEMADEN",2
"421480505A","Rio do Sul","SC",-27.176,-49.604,10,"CEMADEN",1
"421480506A","Rio do Sul","SC",-27.223,-49.627,10,"CEMADEN",3
"421490401A","Rio Fortuna","SC",-28.136,-49.108000000000004,10,"CEMADEN",1
"421490402A","Rio Fortuna","SC",-28.04433,-49.28515,10,"CEMADEN",5
"421500001A","Rio Negrinho","SC",-26.229,-49.496,10,"CEMADEN",2
"421505901A","Rio Rufino","SC",-27.8941,-49.748870000000004,10,"CEMADEN",3
"421510901A","Rodeio","SC",-26.952,-49.353,10,"CEMADEN",4
"421510903A","Rodeio","SC",-26.846,-49.326,10,"CEMADEN",2
"421510904A","Rodeio","SC",-26.924,-49.369,10,"CEMADEN",2
"421530701A","Salete","SC",-26.89216,-49.99184,10,"CEMADEN",5
"421530703A","Salete","SC",-26.97143,-50.00102,10,"CEMADEN",9
"421530704A","Salete","SC",-26.9991,-50.05146,10,"CEMADEN",1
"421560401A","Santa Rosa de Lima","SC",-28.0383,-49.1278,10,"CEMADEN",2
"421560402A","Santa Rosa de Lima","SC",-27.9857,-49.2853,10,"CEMADEN",3
"421565301A","Santa Rosa do Sul","SC",-29.09768,-49.81655,10,"CEMADEN",7
"421567901A","Santa Terezinha","SC",-26.65671,-49.99276,10,"CEMADEN",8
"421567902A","Santa Terezinha","SC",-26.774890000000003,-50.00846,10,"CEMADEN",3
"421570301A","Santo Amaro da Imperatriz","SC",-27.71627,-48.80865,10,"CEMADEN",7
"421580201A","São Bento do Sul","SC",-26.229,-49.41,10,"CEMADEN",7
"421610701A","São Domingos","SC",-26.55964,-52.53216,10,"CEMADEN",6
"421620601A","São Francisco do Sul","SC",-26.2426,-48.6385,10,"CEMADEN",5
"421620602A","São Francisco do Sul","SC",-26.22188,-48.50107,10,"CEMADEN",5
"421620603A","São Francisco do Sul","SC",-26.38688,-48.5885,10,"CEMADEN",3
"421630501A","São João Batista","SC",-27.27716,-48.85201,10,"CEMADEN",1
"421630503A","São João Batista","SC",-27.314,-48.851000000000006,10,"CEMADEN",1
"421630504A","São João Batista","SC",-27.265,-48.834,10,"CEMADEN",1
"421640401A","São João do Sul","SC",-29.22411,-49.80934,10,"CEMADEN",7
"421660201A","São Josãò","SC",-27.570999999999998,-48.643,10,"CEMADEN",1
"421660203A","São Josãò","SC",-27.559,-48.631,10,"CEMADEN",1
"421660204A","São José","SC",-27.614,-48.653999999999996,10,"CEMADEN",3
"421660205A","São José","SC",-27.594,-48.607,10,"CEMADEN",1
"421660206A","São Josãò","SC",-27.598000000000003,-48.643,10,"CEMADEN",1
"421660207A","São José","SC",-27.546,-48.643,10,"CEMADEN",5
"421660208A","São Josãò","SC",-27.576999999999998,-48.667,10,"CEMADEN",2
"421670101A","São Josãò do Cedro","SC",-26.45164,-53.50752,10,"CEMADEN",5
"421680001A","São Josãò do Cerrito","SC",-27.65962,-50.57888,10,"CEMADEN",6
"421710501A","São Martinho","SC",-28.16515,-48.98225,10,"CEMADEN",6
"421720401A","São Miguel do Oeste","SC",-26.73799,-53.52583,10,"CEMADEN",7
"421725301A","São Pedro de Alcântara","SC",-27.56629,-48.8035,10,"CEMADEN",5
"421740201A","Schroeder","SC",-26.412,-49.075,10,"CEMADEN",2
"421740203A","Schroeder","SC",-26.392,-49.09,10,"CEMADEN",1
"421740204A","Schroeder","SC",-26.386,-49.06,10,"CEMADEN",1
"421740205A","Schroeder","SC",-26.412,-49.077,10,"CEMADEN",3
"421750101A","Seara","SC",-27.151059999999998,-52.30892,10,"CEMADEN",2
"421750102A","Seara","SC",-27.084020000000002,-52.28532,10,"CEMADEN",1
"421770901A","Sombrio","SC",-29.04585,-49.71132,10,"CEMADEN",4
"421770902A","Sombrio","SC",-29.11587,-49.63667,10,"CEMADEN",4
"421770903A","Sombrio","SC",-29.0692,-49.6267,10,"CEMADEN",7
"421780801A","Taió","SC",-27.067,-50.034,10,"CEMADEN",3
"421780802A","Taió","SC",-27.156999999999996,-50.037,10,"CEMADEN",1
"421790701A","Tangará","SC",-27.10531,-51.24585,10,"CEMADEN",5
"421800401A","Tijucas","SC",-27.28061,-48.70088,10,"CEMADEN",4
"421800402A","Tijucas","SC",-27.238,-48.6427,10,"CEMADEN",7
"421810301A","Timbé do Sul","SC",-28.8312,-49.85072,10,"CEMADEN",7
"421820202A","Timbó","SC",-26.816,-49.251000000000005,10,"CEMADEN",2
"421820205A","Timbó","SC",-26.842,-49.253,10,"CEMADEN",1
"421820206A","Timbó","SC",-26.83,-49.287,10,"CEMADEN",1
"421830101A","Três Barras","SC",-26.13026,-50.309779999999996,10,"CEMADEN",2
"421860801A","Trombudo Central","SC",-27.300619,-49.791784,10,"CEMADEN",8
"421870701A","Tubarão","SC",-28.4825,-49.00306,10,"CEMADEN",3
"421870702A","Tubarão","SC",-28.4444,-49.01939,10,"CEMADEN",5
"421880601A","Turvo","SC",-28.92801,-49.67958,10,"CEMADEN",3
"421890502A","Urubici","SC",-28.014,-49.595,10,"CEMADEN",1
"421890503A","Urubici","SC",-27.991,-49.588,10,"CEMADEN",1
"421920001A","Vidal Ramos","SC",-27.408,-49.39,10,"CEMADEN",2
"421920002A","Vidal Ramos","SC",-27.391,-49.362,10,"CEMADEN",2
"421930901A","Videira","SC",-27.003770000000003,-51.16095,10,"CEMADEN",1
"421930902A","Videira","SC",-27.02053,-51.14116,10,"CEMADEN",3
"421930903A","Videira","SC",-27.00089,-51.14152,10,"CEMADEN",5
"421930904A","Videira","SC",-27.00514,-51.0703,10,"CEMADEN",9
"421950701A","Xanxerê","SC",-26.8394,-52.4117,10,"CEMADEN",5
"421970501A","Xaxim","SC",-26.95455,-52.52973,10,"CEMADEN",6
"42210000","Buritizeiro","MG",-16.6572,-45.0808,15,"Telemetria",6
"42251001","Guarda-mor","MG",-17.6133,-46.8592,15,"Telemetria",2
"42255500","Paracatu","MG",-17.2656,-46.9556,15,"Telemetria",5
"42450300","Brasília","DF",-15.6406,-47.3567,15,"Telemetria",1
"42450360","Brasília","DF",-15.8372,-47.3689,15,"Telemetria",1
"42450510","Brasília","DF",-15.8458,-47.3853,15,"Telemetria",2
"42454000","Brasília","DF",-16.0358,-47.415,15,"Telemetria",2
"42459080","Unaí","MG",-16.2106,-47.3233,60,"Telemetria",1
"42470500","Unaí","MG",-16.1917,-47.1692,60,"Telemetria",1
"42480300","Unaí","MG",-16.19,-47.0256,60,"Telemetria",2
"42550900","Dom Bosco","MG",-16.8406,-46.3572,15,"Telemetria",1
"42690002","Brasilândia de Minas","MG",-17.0303,-46.0136,15,"Telemetria",5
"42980500","Santa Fé de Minas","MG",-16.5871,-45.1336,15,"Telemetria",5
"430005901A","Água Santa","RS",-28.176,-52.034,10,"CEMADEN",3
"430040601A","Alegrete","RS",-29.78926,-55.76866,10,"CEMADEN",5
"430040602A","Alegrete","RS",-29.788379,-55.794184,10,"CEMADEN",4
"430057001A","Alto Feliz","RS",-29.38202,-51.31758,10,"CEMADEN",6
"430060401A","Alvorada","RS",-29.993,-51.066,10,"CEMADEN",5
"430060402A","Alvorada","RS",-30.03555,-51.07962,10,"CEMADEN",8
"430060403A","Alvorada","RS",-30.023,-51.051,10,"CEMADEN",6
"430060404A","Alvorada","RS",-29.995,-51.081,10,"CEMADEN",6
"430120601A","Arroio do Tigre","RS",-29.33448,-53.0845,10,"CEMADEN",8
"430130501A","Arroio Grande","RS",-32.238669,-53.085622,10,"CEMADEN",5
"430235201A","Bom Princípio","RS",-29.489,-51.356,10,"CEMADEN",8
"430280801A","Caçapava do Sul","RS",-30.33862,-53.27022,10,"CEMADEN",6
"430300401A","Cachoeira do Sul","RS",-29.8908,-53.0043,10,"CEMADEN",4
"430300402A","Cachoeira do Sul","RS",-30.2557,-52.8021,10,"CEMADEN",8
"430300403A","Cachoeira do Sul","RS",-30.27,-52.8673,10,"CEMADEN",6
"430310302H","Cachoeirinha","RS",-29.9635,-51.093,10,"CEMADEN",2
"430350901A","Camaquã","RS",-30.851,-51.817,10,"CEMADEN",9
"430390501A","Campo Bom","RS",-29.664,-51.035,10,"CEMADEN",2
"430390502A","Campo Bom","RS",-29.671,-51.088,10,"CEMADEN",1
"430390503A","Campo Bom","RS",-29.695,-51.042,10,"CEMADEN",2
"430420002A","Candelária","RS",-29.66286,-52.78729,10,"CEMADEN",7
"430450701A","Canguçu","RS",-31.35449,-52.89736,10,"CEMADEN",7
"430450702A","Canguçu","RS",-31.403,-52.809,10,"CEMADEN",4
"430450703A","Canguçu","RS",-31.55013,-52.74328,10,"CEMADEN",6
"430450704A","Canguçu","RS",-31.46143,-52.6245,10,"CEMADEN",8
"430460601A","Canoas","RS",-29.966,-51.19,10,"CEMADEN",9
"430460602A","Canoas","RS",-29.897,-51.199,10,"CEMADEN",4
"430460603A","Canoas","RS",-29.92687,-51.1358,10,"CEMADEN",7
"430460604A","Canoas","RS",-29.877,-51.143,10,"CEMADEN",6
"430460605A","Canoas","RS",-29.924,-51.17,10,"CEMADEN",3
"430466301A","Capão do Leão","RS",-31.7644166,-52.76451,10,"CEMADEN",6
"430510801A","Caxias do Sul","RS",-29.125,-51.179,10,"CEMADEN",8
"430510802A","Caxias do Sul","RS",-29.214,-51.282,10,"CEMADEN",10
"430510803A","Caxias do Sul","RS",-29.103,-51.08,10,"CEMADEN",3
"430620501A","Cruzeiro do Sul","RS",-29.51322,-51.98482,10,"CEMADEN",7
"430660102A","Dom Pedrito","RS",-30.976079,-54.669905,10,"CEMADEN",4
"430676701A","Eldorado do Sul","RS",-29.986,-51.333,10,"CEMADEN",1
"430676702A","Eldorado do Sul","RS",-29.997,-51.309,10,"CEMADEN",1
"430676704A","Eldorado do Sul","RS",-30.099,-51.661,10,"CEMADEN",3
"430680902A","Encantado","RS",-29.221429999999998,-51.89438,10,"CEMADEN",4
"430690801A","Encruzilhada do Sul","RS",-30.55,-52.543,10,"CEMADEN",3
"430693201A","Entre-ijuís","RS",-28.372,-54.167,10,"CEMADEN",7
"430700501A","Erechim","RS",-27.636,-52.311,10,"CEMADEN",5
"430700502A","Erechim","RS",-27.662,-52.261,10,"CEMADEN",11
"430700503A","Erechim","RS",-27.641,-52.236999999999995,10,"CEMADEN",3
"430700504A","Erechim","RS",-27.635,-52.274,10,"CEMADEN",3
"430780701A","Estrela","RS",-29.4844,-51.9482,10,"CEMADEN",1
"430780702A","Estrela","RS",-29.4824,-51.9687,10,"CEMADEN",4
"430800301A","Faxinal do Soturno","RS",-29.5809,-53.4467,10,"CEMADEN",4
"430830001A","Fontoura Xavier","RS",-28.98485,-52.34445,10,"CEMADEN",8
"430920901A","Gravataí","RS",-29.886,-50.998,10,"CEMADEN",11
"430920902A","Gravataí","RS",-29.851999999999997,-50.908,10,"CEMADEN",3
"430920903A","Gravataí","RS",-29.945327000000002,-50.953972,10,"CEMADEN",1
"430920904A","Gravataí","RS",-29.917,-51.058,10,"CEMADEN",6
"430960501A","Horizontina","RS",-27.649278,-54.318156,10,"CEMADEN",4
"431010803A","Igrejinha","RS",-29.555,-50.788999999999994,10,"CEMADEN",1
"431010805A","Igrejinha","RS",-29.569000000000003,-50.806999999999995,10,"CEMADEN",1
"431010806A","Igrejinha","RS",-29.601,-50.821,10,"CEMADEN",4
"431010807A","Igrejinha","RS",-29.587185,-50.80357,10,"CEMADEN",2
"431010807H","Igrejinha","RS",-29.5987,-50.816,10,"CEMADEN",1
"431020701A","Ijuí","RS",-28.381,-53.933,10,"CEMADEN",6
"431020702A","Ijuí","RS",-28.404,-53.908,10,"CEMADEN",5
"431020703A","Ijuí","RS",-28.38866,-53.91609,10,"CEMADEN",10
"431050401A","Iraí","RS",-27.196,-53.249,10,"CEMADEN",3
"431060301A","Itaqui","RS",-29.121572,-56.557725,10,"CEMADEN",4
"431065201A","Itati","RS",-29.35487,-50.1719,10,"CEMADEN",5
"431065203A","Itati","RS",-29.495,-50.102,10,"CEMADEN",3
"431075101A","Ivorá","RS",-29.52168,-53.58115,10,"CEMADEN",3
"431100701A","Jaguarão","RS",-32.558556,-53.368358,10,"CEMADEN",5
"431123901A","Lagoa Bonita do Sul","RS",-29.49,-53.013,10,"CEMADEN",6
"431140301A","Lajeado","RS",-29.487,-51.987,10,"CEMADEN",6
"431140302A","Lajeado","RS",-29.465999999999998,-51.963,10,"CEMADEN",5
"431140303A","Lajeado","RS",-29.452,-52.003,10,"CEMADEN",6
"431177501A","Maquinãò","RS",-29.677,-50.205,10,"CEMADEN",7
"431244301A","Morrinhos do Sul","RS",-29.3726,-49.945,10,"CEMADEN",3
"431310201A","Nova Palma","RS",-29.47,-53.465,10,"CEMADEN",5
"431320101A","Nova Petrópolis","RS",-29.37557,-51.11443,10,"CEMADEN",8
"431337501A","Nova Santa Rita","RS",-29.857,-51.276,10,"CEMADEN",1
"431340904A","Novo Hamburgo","RS",-29.678,-51.15528,10,"CEMADEN",4
"431340904H","Novo Hamburgo","RS",-29.6979,-51.1345,10,"CEMADEN",1
"431405001A","Parobãò","RS",-29.634,-50.846,10,"CEMADEN",4
"431405003A","Parobãò","RS",-29.629,-50.815,10,"CEMADEN",1
"431410001A","Passo Fundo","RS",-28.252,-52.395,10,"CEMADEN",11
"431410002A","Passo Fundo","RS",-28.245,-52.37,10,"CEMADEN",9
"431410003A","Passo Fundo","RS",-28.248466,-52.413899,10,"CEMADEN",7
"431410004A","Passo Fundo","RS",-28.259,-52.454,10,"CEMADEN",6
"431410005A","Passo Fundo","RS",-28.245,-52.431999999999995,10,"CEMADEN",4
"431420901A","Pedro Osório","RS",-31.867047,-52.826981,10,"CEMADEN",7
"431440701A","Pelotas","RS",-31.75227,-52.37773,10,"CEMADEN",4
"431440702A","Pelotas","RS",-31.77,-52.342,10,"CEMADEN",4
"431440703A","Pelotas","RS",-31.746,-52.317,10,"CEMADEN",8
"431440704A","Pelotas","RS",-31.693,-52.16,10,"CEMADEN",4
"431440705A","Pelotas","RS",-31.65,-52.36,10,"CEMADEN",6
"431447201A","Pinhal Grande","RS",-29.3494,-53.33125,10,"CEMADEN",2
"431490201A","Porto Alegre","RS",-30.029,-51.228,10,"CEMADEN",2
"431490202A","Porto Alegre","RS",-30.11142,-51.11248,10,"CEMADEN",7
"431490203A","Porto Alegre","RS",-30.151,-51.138,10,"CEMADEN",6
"431490204A","Porto Alegre","RS",-29.986,-51.157,10,"CEMADEN",7
"431490205A","Porto Alegre","RS",-30.03932,-51.22765,10,"CEMADEN",5
"431490215A","Porto Alegre","RS",-30.002,-51.202,10,"CEMADEN",1
"431490216A","Porto Alegre","RS",-30.104,-51.17100000000001,10,"CEMADEN",3
"431490217A","Porto Alegre","RS",-30.164,-51.228,10,"CEMADEN",2
"431490220A","Porto Alegre","RS",-30.051,-51.195,10,"CEMADEN",6
"431490221A","Porto Alegre","RS",-30.159,-51.2,10,"CEMADEN",7
"431530501A","Quaraí","RS",-30.371764,-56.46519,10,"CEMADEN",5
"431540401A","Redentora","RS",-27.662,-53.643,10,"CEMADEN",8
"431575001A","Riozinho","RS",-29.64072,-50.45962,10,"CEMADEN",6
"431600602A","Rolante","RS",-29.668913,-50.662014,10,"CEMADEN",1
"431640202A","Rosário do Sul","RS",-30.242917,-54.942017,10,"CEMADEN",3
"431640203A","Rosário do Sul","RS",-30.433369,-55.282094,10,"CEMADEN",5
"431690702A","Santa Maria","RS",-29.697,-53.726,10,"CEMADEN",5
"431690703A","Santa Maria","RS",-29.681,-53.791,10,"CEMADEN",6
"431690705A","Santa Maria","RS",-29.677,-53.8566,10,"CEMADEN",5
"431690707A","Santa Maria","RS",-29.727,-53.807,10,"CEMADEN",11
"431690712H","Santa Maria","RS",-29.7005,-53.8356,10,"CEMADEN",3
"431720201A","Santa Rosa","RS",-27.845,-54.479,10,"CEMADEN",4
"431720202A","Santa Rosa","RS",-27.86,-54.445,10,"CEMADEN",8
"431800201A","São Borja","RS",-28.632,-56.042,10,"CEMADEN",7
"431800202A","São Borja","RS",-28.661,-56.005,10,"CEMADEN",2
"431820001A","São Francisco de Paula","RS",-29.441672,-50.582842,10,"CEMADEN",3
"431840801A","São Jerônimo","RS",-29.959,-51.723,10,"CEMADEN",2
"431870503A","São Leopoldo","RS",-29.773,-51.16,10,"CEMADEN",1
"431880402A","São Lourenço do Sul","RS",-31.298817,-52.158103,10,"CEMADEN",3
"431880403A","São Lourenço do Sul","RS",-31.369142,-51.989183,10,"CEMADEN",5
"431950501A","São Sebastião do Caí","RS",-29.58673,-51.37198,10,"CEMADEN",4
"431950508H","São Sebastião do Caí","RS",-29.5837,-51.3866,10,"CEMADEN",2
"43200000","São Romão","MG",-16.3719,-45.0664,15,"Telemetria",1
"432000801A","Sapucaia do Sul","RS",-29.823,-51.136,10,"CEMADEN",1
"432000803A","Sapucaia do Sul","RS",-29.81,-51.169,10,"CEMADEN",7
"432000805A","Sapucaia do Sul","RS",-29.833,-51.15,10,"CEMADEN",7
"432000814H","Sapucaia do Sul","RS",-29.8126,-51.162,10,"CEMADEN",1
"432026301A","Segredo","RS",-29.3399,-52.982,10,"CEMADEN",5
"432040401A","Serafina Corrêa","RS",-28.710219,-51.929817,10,"CEMADEN",8
"432080002A","Soledade","RS",-28.830164,-52.510442,10,"CEMADEN",7
"432130301A","Taquari","RS",-29.8005,-51.8649,10,"CEMADEN",7
"432143602A","Terra de Areia","RS",-29.581,-50.065,10,"CEMADEN",1
"432145101A","Teutãänia","RS",-29.4524,-51.8097,10,"CEMADEN",7
"432150101A","Torres","RS",-29.332959999999996,-49.728012,10,"CEMADEN",1
"432170901A","Três Coroas","RS",-29.42525,-50.7719,10,"CEMADEN",1
"432170902A","Três Coroas","RS",-29.516,-50.803,10,"CEMADEN",4
"432170903A","Três Coroas","RS",-29.515,-50.775,10,"CEMADEN",1
"432170906H","Três Coroas","RS",-29.5154,-50.773999999999994,10,"CEMADEN",2
"432183202A","Três Forquilhas","RS",-29.538,-50.063,10,"CEMADEN",1
"432240001A","Uruguaiana","RS",-29.780456,-57.107014,10,"CEMADEN",4
"432240002A","Uruguaiana","RS",-29.512278000000002,-56.848075,10,"CEMADEN",1
"432240003A","Uruguaiana","RS",-29.753131,-57.095619,10,"CEMADEN",2
"432250901A","Vacaria","RS",-28.478,-50.965,10,"CEMADEN",5
"432250902A","Vacaria","RS",-28.514,-50.909,10,"CEMADEN",1
"432250903A","Vacaria","RS",-28.51772,-50.94647,10,"CEMADEN",8
"432250904A","Vacaria","RS",-28.503,-50.94,10,"CEMADEN",10
"432260801A","Venâncio Aires","RS",-29.5371,-52.3016,10,"CEMADEN",6
"432260802A","Venâncio Aires","RS",-29.6,-52.195,10,"CEMADEN",8
"432260803A","Venâncio Aires","RS",-29.608,-52.187,10,"CEMADEN",5
"432260804A","Venâncio Aires","RS",-29.69514,-51.97012,10,"CEMADEN",5
"432300202A","Viamão","RS",-30.095,-51.019,10,"CEMADEN",6
"432300203A","Viamão","RS",-30.129,-51.092,10,"CEMADEN",4
"432300204A","Viamão","RS",-30.078,-51.105,10,"CEMADEN",10
"432300205A","Viamão","RS",-30.048,-51.084,10,"CEMADEN",5
"432300206A","Viamão","RS",-30.092,-51.063,10,"CEMADEN",1
"43300001","Buritis","MG",-15.5242,-46.2844,15,"Telemetria",1
"43429998","Arinos","MG",-15.9178,-46.1192,15,"Telemetria",3
"43980002","São Romão","MG",-16.2681,-45.2369,15,"Telemetria",2
"44190900","São Francisco","MG",-15.9494,-44.8681,60,"Telemetria",1
"44200000","São Francisco","MG",-15.9494,-44.8678,15,"Telemetria",3
"44630500","Capitão Enéas","MG",-16.1758,-43.7711,15,"Telemetria",1
"44670000","Jaíba","MG",-15.3431,-43.6756,15,"Telemetria",1
"44940000","Gameleiras","MG",-14.9228,-43.5014,15,"Telemetria",3
"45154000","Cocos","BA",-14.2347,-44.6217,15,"Telemetria",1
"45298000","Carinhanha","BA",-14.3042,-43.7631,15,"Telemetria",1
"45586000","Correntina","BA",-13.3406,-44.6858,30,"Telemetria",2
"45588000","Correntina","BA",-13.3408,-44.6414,30,"Telemetria",3
"45590000","Correntina","BA",-13.3406,-44.6386,15,"Telemetria",4
"45600000","Correntina","BA",-13.3344,-44.6208,30,"Telemetria",5
"45701000","Correntina","BA",-13.2211,-45.1525,15,"Telemetria",1
"45740001","Correntina","BA",-13.2853,-44.5617,15,"Telemetria",2
"45770000","Correntina","BA",-13.4528,-44.5689,15,"Telemetria",3
"45840000","Jaborandi","BA",-13.7122,-44.6383,15,"Telemetria",3
"45863000","Jaborandi","BA",-14.3972,-45.5197,15,"Telemetria",3
"45880000","Coribe","BA",-13.5586,-44.3031,15,"Telemetria",1
"45910010","Santa Maria da Vitória","BA",-13.4006,-44.1989,15,"Telemetria",2
"46150001","Ibotirama","BA",-12.1825,-43.2231,60,"Telemetria",2
"46360001","Morpará","BA",-11.5583,-43.2825,60,"Telemetria",1
"46409990","São Desidério","BA",-12.76,-45.1489,60,"Telemetria",1
"46411000","São Desidério","BA",-12.6422,-45.0836,60,"Telemetria",1
"46413000","São Desidério","BA",-12.5169,-45.0967,60,"Telemetria",1
"46415000","São Desidério","BA",-12.4306,-45.0856,15,"Telemetria",1
"46450500","São Desidério","BA",-12.4675,-45.2186,30,"Telemetria",3
"46455000","São Desidério","BA",-12.4106,-45.1222,15,"Telemetria",5
"46543000","Barreiras","BA",-12.1358,-45.1033,15,"Telemetria",4
"46590000","Barreiras","BA",-11.8561,-45.12,15,"Telemetria",3
"46675000","Cotegipe","BA",-11.6106,-44.1567,15,"Telemetria",5
"46870000","Mansidão","BA",-11.2356,-43.9494,15,"Telemetria",4
"46902010","Mansidão","BA",-11.345,-43.8261,60,"Telemetria",1
"46998000","Barra","BA",-11.0928,-43.1403,15,"Telemetria",2
"47221000","Gentio do Ouro","BA",-11.5483,-42.3361,15,"Telemetria",1
"48020000","Petrolina","PE",-9.4064,-40.5036,15,"Telemetria",2
"48570000","Petrolina","PE",-9.4064,-40.5033,60,"Telemetria",1
"49208080","Delmiro Gouvéia","AL",-9.3575,-38.2075,60,"Telemetria",1
"49340200","Traipu","AL",-9.9725,-37.0025,60,"Telemetria",1
"49705000","Propriá","SE",-10.2139,-36.8239,15,"Telemetria",1
"500110201A","Aquidauana","MS",-20.4826,-55.7851,10,"CEMADEN",2
"500190401A","Bataguassu","MS",-21.7237,-52.4185,10,"CEMADEN",7
"500210001A","Bela Vista","MS",-22.1048,-56.5356,10,"CEMADEN",1
"500270401A","Campo Grande","MS",-20.4786,-54.6169,10,"CEMADEN",5
"500270402A","Campo Grande","MS",-20.52545,-54.59831,10,"CEMADEN",2
"500270403A","Campo Grande","MS",-20.4401,-54.6574,10,"CEMADEN",3
"500310801A","Corguinho","MS",-19.83127,-54.83133,10,"CEMADEN",3
"500320701A","Corumbá","MS",-18.995820000000002,-57.64711,10,"CEMADEN",2
"500320702A","Corumbá","MS",-19.0399,-57.6424,10,"CEMADEN",4
"500330601A","Coxim","MS",-18.50332,-54.76058,10,"CEMADEN",2
"500348801A","Dois Irmãos do Buriti","MS",-20.69134,-55.28645,10,"CEMADEN",6
"500370201A","Dourados","MS",-22.23083,-54.83056,10,"CEMADEN",3
"500460101A","Itaquiraí","MS",-23.4842,-54.1859,10,"CEMADEN",3
"500470001A","Ivinhema","MS",-22.3041,-53.835,10,"CEMADEN",6
"500540001A","Maracaju","MS",-21.63528,-55.1584,10,"CEMADEN",8
"500568101A","Mundo Novo","MS",-23.93883,-54.29135,10,"CEMADEN",3
"500660601A","Ponta Porã","MS",-22.51966,-55.73208,10,"CEMADEN",6
"500750501A","Rochedo","MS",-19.95344,-54.89065,10,"CEMADEN",2
"500769501A","São Gabriel do Oeste","MS",-19.40076,-54.57602,10,"CEMADEN",4
"50080000","Santa Rosa de Lima","SE",-10.6642,-37.1903,15,"Telemetria",1
"500830501A","Três Lagoas","MS",-20.764329999999998,-51.69839,10,"CEMADEN",4
"500830502A","Três Lagoas","MS",-20.80873,-51.71331,10,"CEMADEN",2
"50090000","Maruim","SE",-10.7303,-37.0858,15,"Telemetria",1
"50169500","Pedra Mole","SE",-10.6392,-37.6969,15,"Telemetria",1
"50185000","Laranjeiras","SE",-10.8,-37.2711,15,"Telemetria",2
"50187000","São Cristovão","SE",-10.9169,-37.2058,15,"Telemetria",2
"50191000","Itaporanga D''ajuda","SE",-10.9431,-37.3469,15,"Telemetria",3
"50192000","São Cristovão","SE",-10.9953,-37.2161,15,"Telemetria",1
"50195000","Salgado","SE",-11.0547,-37.4758,15,"Telemetria",1
"50290000","Indiaroba","SE",-11.5397,-37.5681,15,"Telemetria",1
"50380400","Saúde","BA",-10.8489,-40.2681,15,"Telemetria",1
"50465000","Queimadas","BA",-10.9733,-39.6328,15,"Telemetria",1
"50595000","Conde","BA",-11.7347,-37.8033,15,"Telemetria",2
"50660000","Esplanada","BA",-12.0536,-37.755,15,"Telemetria",4
"50785000","Mata de São João","BA",-12.3761,-38.1331,15,"Telemetria",2
"50795000","Camaçari","BA",-12.5119,-38.0667,15,"Telemetria",3
"510130801A","Arenápolis","MT",-14.464520000000002,-56.841530000000006,10,"CEMADEN",1
"510160501A","Barão de Melgaço","MT",-16.19154,-55.96536,10,"CEMADEN",2
"510180301A","Barra do Garças","MT",-15.89114,-52.25498,10,"CEMADEN",1
"510250401A","Cáceres","MT",-16.09949,-57.70939,10,"CEMADEN",3
"510263701A","Campo Novo do Parecis","MT",-13.6557,-57.89973,10,"CEMADEN",7
"510300701A","Chapada dos Guimarães","MT",-15.46445,-55.73732,10,"CEMADEN",2
"510330401A","Comodoro","MT",-13.65223,-59.784130000000005,10,"CEMADEN",1
"510335301A","Confresa","MT",-10.63265,-51.58387,10,"CEMADEN",2
"510340301A","Cuiabá","MT",-15.61462,-55.99056,10,"CEMADEN",1
"510340301H","Cuiabá","MT",-15.619291,-56.077172,10,"CEMADEN",3
"510340302A","Cuiabá","MT",-15.64783,-56.04497,10,"CEMADEN",4
"510340303A","Cuiabá","MT",-15.59662,-56.09607,10,"CEMADEN",5
"510621601A","Nova Canaã do Norte","MT",-10.64537,-55.70692,10,"CEMADEN",4
"510623201A","Nova Olímpia","MT",-14.78521,-57.27809,10,"CEMADEN",6
"510630701A","Paranatinga","MT",-14.46402,-54.06773,10,"CEMADEN",4
"510675201A","Pontes e Lacerda","MT",-15.2243,-59.32018,10,"CEMADEN",6
"510700801A","Poxorãòo","MT",-15.82148,-54.40745,10,"CEMADEN",3
"510730501A","São José do Rio Claro","MT",-13.46313,-56.72118,10,"CEMADEN",5
"510760201A","Rondonópolis","MT",-16.48967,-54.6168,10,"CEMADEN",7
"510780001A","Santo Antãänio do Leverger","MT",-15.86396,-56.07458,10,"CEMADEN",4
"510860001A","Vila Rica","MT",-10.0182,-51.11016,10,"CEMADEN",5
"51108000","Mucugê","BA",-12.9986,-41.3906,15,"Telemetria",4
"51124600","Itaeté","BA",-13.0403,-40.7772,15,"Telemetria",1
"51151000","Utinga","BA",-12.1797,-41.1492,15,"Telemetria",1
"51193000","Lençóis","BA",-12.4892,-41.3289,15,"Telemetria",1
"51240000","Itaeté","BA",-12.9861,-40.9581,15,"Telemetria",1
"51280000","Iaçu","BA",-12.7622,-40.2136,15,"Telemetria",5
"51346050","Rafael Jambeiro","BA",-12.4881,-39.6981,30,"Telemetria",1
"51351000","Rafael Jambeiro","BA",-12.5867,-39.5217,30,"Telemetria",2
"51890000","Nilo Peçanha","BA",-13.5967,-39.1203,15,"Telemetria",2
"520025801A","Águas Lindas de Goiás","GO",-15.733,-48.275,10,"CEMADEN",2
"520025802A","Águas Lindas de Goiás","GO",-15.755,-48.325,10,"CEMADEN",4
"520025803A","Águas Lindas de Goiás","GO",-15.754,-48.262,10,"CEMADEN",8
"520030801A","Alexânia","GO",-16.091,-48.497,10,"CEMADEN",7
"520110801A","Anápolis","GO",-16.350452,-48.958235,10,"CEMADEN",8
"520110801H","Anápolis","GO",-16.324916,-48.948508,10,"CEMADEN",1
"520140501A","Aparecida de Goiânia","GO",-16.759,-49.339,10,"CEMADEN",5
"520140502A","Aparecida de Goiânia","GO",-16.737,-49.254,10,"CEMADEN",3
"520140503A","Aparecida de Goiânia","GO",-16.738,-49.22,10,"CEMADEN",5
"520140504A","Aparecida de Goiânia","GO",-16.819000000000003,-49.255,10,"CEMADEN",4
"520140505A","Aparecida de Goiânia","GO",-16.84,-49.315,10,"CEMADEN",1
"520140506A","Aparecida de Goiânia","GO",-16.806335,-49.35444,10,"CEMADEN",6
"520140507A","Aparecida de Goiânia","GO",-16.763,-49.289,10,"CEMADEN",7
"520140508A","Aparecida de Goiânia","GO",-16.799,-49.277,10,"CEMADEN",3
"520140509A","Aparecida de Goiânia","GO",-16.793,-49.199,10,"CEMADEN",4
"520450801A","Caldas Novas","GO",-17.744,-48.627,10,"CEMADEN",6
"520510901A","Catalão","GO",-18.1671,-47.9516,10,"CEMADEN",7
"520540601A","Ceres","GO",-15.31,-49.603,10,"CEMADEN",3
"520549701A","Cidade Ocidental","GO",-16.097,-47.918,10,"CEMADEN",6
"520790701A","Flores de Goiás","GO",-14.451,-47.035,10,"CEMADEN",5
"520800401A","Formosa","GO",-15.535,-47.307,10,"CEMADEN",2
"520800402A","Formosa","GO",-15.548,-47.33,10,"CEMADEN",3
"52080120","Contendas do Sincora","BA",-14.0306,-40.9817,60,"Telemetria",1
"520870701A","Goiânia","GO",-16.6467,-49.298,10,"CEMADEN",5
"520870702A","Goiânia","GO",-16.6066,-49.336,10,"CEMADEN",5
"520870703A","Goiânia","GO",-16.6126,-49.2417,10,"CEMADEN",4
"520890501A","Goiás","GO",-15.928564,-50.145662,10,"CEMADEN",3
"521150301A","Itumbiara","GO",-18.437,-49.213,10,"CEMADEN",6
"521150302A","Itumbiara","GO",-18.423,-49.246,10,"CEMADEN",3
"521150303A","Itumbiara","GO",-18.405,-49.219,10,"CEMADEN",3
"521180001A","Jaraguá","GO",-15.758,-49.334,10,"CEMADEN",3
"521190901A","Jataí","GO",-17.887,-51.725,10,"CEMADEN",9
"521310301A","Mineiros","GO",-17.551985,-52.55145,10,"CEMADEN",7
"521310302A","Mineiros","GO",-17.537,-52.537,10,"CEMADEN",6
"521460601A","Niquelândia","GO",-14.458,-48.437,10,"CEMADEN",8
"521460602A","Niquelândia","GO",-14.466,-48.458,10,"CEMADEN",11
"521523101A","Novo Gama","GO",-16.068,-48.032,10,"CEMADEN",5
"521523102A","Novo Gama","GO",-16.094,-48.074,10,"CEMADEN",5
"521523103A","Novo Gama","GO",-16.092,-48.03,10,"CEMADEN",5
"521570201A","Palmeiras de Goiás","GO",-16.817,-49.923,10,"CEMADEN",6
"521730201A","Pirenópolis","GO",-15.857,-48.945,10,"CEMADEN",4
"521800301A","Porangatu","GO",-13.441,-49.149,10,"CEMADEN",4
"521830001A","Posse","GO",-14.093,-46.362,10,"CEMADEN",8
"521880501A","Rio Verde","GO",-17.755,-50.911,10,"CEMADEN",5
"521880502A","Rio Verde","GO",-17.801,-50.927,10,"CEMADEN",4
"522060301A","Silvânia","GO",-16.667,-48.613,10,"CEMADEN",6
"522160101A","Uruaçu","GO",-14.526,-49.14,10,"CEMADEN",3
"522170001A","Uruana","GO",-15.5,-49.688,10,"CEMADEN",5
"52269510","Tanhaçu","BA",-14.0958,-41.2919,60,"Telemetria",1
"52370010","Anagé","BA",-14.6097,-41.1375,60,"Telemetria",1
"52405100","Manoel Vitorino","BA",-13.8781,-40.8969,30,"Telemetria",1
"52568080","Jequié","BA",-13.8689,-40.2358,60,"Telemetria",1
"52697080","Gongogi","BA",-14.2292,-39.4631,60,"Telemetria",1
"52790020","Gongogi","BA",-14.3258,-39.4636,30,"Telemetria",2
"530010802A","Brasília","DF",-15.8184,-48.1533,10,"CEMADEN",2
"530010803A","Brasília","DF",-15.781966,-47.998073,10,"CEMADEN",4
"530010804A","Brasília","DF",-15.6237,-47.8469,10,"CEMADEN",3
"530010805A","Brasília","DF",-15.8768,-47.9627,10,"CEMADEN",4
"53050000","Itajuípe","BA",-14.6744,-39.3769,15,"Telemetria",1
"53140000","Itapé","BA",-14.9339,-39.4675,15,"Telemetria",2
"53460500","Rio Pardo de Minas","MG",-15.6686,-42.4533,15,"Telemetria",3
"53470000","Rio Pardo de Minas","MG",-15.7,-42.3667,15,"Telemetria",2
"53540001","São João do Paraíso","MG",-15.4936,-41.4503,15,"Telemetria",6
"53620000","Cândido Sales","BA",-15.5133,-41.2367,15,"Telemetria",2
"53780000","Itapetinga","BA",-15.2414,-40.2333,15,"Telemetria",1
"53880000","Camacan","BA",-15.6039,-39.5167,15,"Telemetria",1
"53950000","Mascote","BA",-15.5686,-39.3044,15,"Telemetria",2
"54010020","Bocaiúva","MG",-17.3156,-43.2125,60,"Telemetria",4
"54095080","Grão Mogol","MG",-16.6269,-43.3078,60,"Telemetria",1
"54110003","Grão Mogol","MG",-16.5914,-42.9183,15,"Telemetria",3
"54110005","Grão Mogol","MG",-16.5925,-42.9164,60,"Telemetria",2
"54195040","Coronel Murta","MG",-16.6164,-42.3114,15,"Telemetria",1
"54200500","Coronel Murta","MG",-16.6353,-42.2014,30,"Telemetria",2
"54502000","Araçuaí","MG",-16.8514,-42.0781,30,"Telemetria",1
"54530800","Araçuaí","MG",-16.7597,-42,30,"Telemetria",6
"54710500","Jequitinhonha","MG",-16.4272,-41.0131,30,"Telemetria",4
"54730006","Joaima","MG",-16.6222,-41.0281,15,"Telemetria",2
"54790000","Salto da Divisa","MG",-16.08,-40.0525,30,"Telemetria",1
"54945000","Itapebi","BA",-15.9478,-39.5225,30,"Telemetria",3
"55354000","Jucuruçu","BA",-17.0656,-40.0675,30,"Telemetria",1
"55357000","Itamaraju","BA",-17.0822,-40.0772,30,"Telemetria",1
"55510950","Teófilo Otoni","MG",-17.5956,-41.4931,30,"Telemetria",3
"55559000","Novo Oriente de Minas","MG",-17.4278,-41.2328,30,"Telemetria",2
"55560500","Teófilo Otoni","MG",-17.4903,-41.2372,30,"Telemetria",2
"55566000","Carlos Chagas","MG",-17.595,-40.9867,30,"Telemetria",3
"55611000","Carlos Chagas","MG",-17.7381,-41.1208,30,"Telemetria",3
"55660001","Umburatiba","MG",-17.3203,-40.6764,15,"Telemetria",3
"55664000","Carlos Chagas","MG",-17.6306,-40.6036,30,"Telemetria",1
"55718000","Nanuque","MG",-17.8783,-40.2014,15,"Telemetria",1
"55741100","Mucuri","BA",-18.0194,-39.9697,30,"Telemetria",1
"56083000","Viçosa","MG",-20.7772,-42.8806,15,"Telemetria",1
"56092000","Piranga","MG",-20.6864,-43.3103,60,"Telemetria",4
"56093000","Porto Firme","MG",-20.6694,-43.0875,60,"Telemetria",1
"56094000","Guaraciaba","MG",-20.5725,-43.0042,60,"Telemetria",3
"56096000","Ponte Nova","MG",-20.545,-42.9622,60,"Telemetria",1
"56097000","Ponte Nova","MG",-20.5461,-42.9694,60,"Telemetria",1
"56110005","Ponte Nova","MG",-20.3839,-42.9028,15,"Telemetria",4
"56148500","Mariana","MG",-20.3622,-43.2122,60,"Telemetria",4
"56194900","Ouro Preto","MG",-20.4944,-43.5217,60,"Telemetria",2
"56208000","Ouro Preto","MG",-20.4942,-43.4489,60,"Telemetria",1
"56209080","Ouro Preto","MG",-20.4678,-43.4703,60,"Telemetria",2
"56212000","Ouro Preto","MG",-20.4764,-43.4467,60,"Telemetria",4
"56230050","Diogo de Vasconcelos","MG",-20.4522,-43.2728,60,"Telemetria",2
"56230100","Diogo de Vasconcelos","MG",-20.4494,-43.2544,60,"Telemetria",4
"56337200","Rio Doce","MG",-20.2975,-42.8922,60,"Telemetria",2
"56338000","Rio Doce","MG",-20.2594,-42.895,60,"Telemetria",1
"56338500","Rio Doce","MG",-20.1975,-42.8511,60,"Telemetria",1
"56415003","Urucânia","MG",-20.4925,-42.6678,60,"Telemetria",1
"56440000","Matipó","MG",-20.2836,-42.3392,60,"Telemetria",2
"56443000","Abre Campo","MG",-20.1886,-42.3486,60,"Telemetria",1
"56445000","Abre Campo","MG",-20.1733,-42.3769,60,"Telemetria",1
"56510700","Raul Soares","MG",-19.9961,-42.3803,60,"Telemetria",1
"56539000","Córrego Novo","MG",-19.7769,-42.4764,15,"Telemetria",2
"56565060","Bom Jesus do Galho","MG",-19.8292,-42.3183,60,"Telemetria",1
"56565080","Bom Jesus do Galho","MG",-19.8228,-42.3189,60,"Telemetria",2
"56568000","Bom Jesus do Galho","MG",-19.8011,-42.3017,60,"Telemetria",1
"56568050","Bom Jesus do Galho","MG",-19.7978,-42.3022,60,"Telemetria",1
"56610100","Rio Piracicaba","MG",-19.93,-43.1731,15,"Telemetria",1
"56650500","São Gonçalo do Rio Abaixo","MG",-19.8411,-43.3528,15,"Telemetria",1
"56661000","Nova Era","MG",-19.7667,-43.0261,15,"Telemetria",5
"56696000","Timóteo","MG",-19.5247,-42.6408,15,"Telemetria",4
"56719998","Belo Oriente","MG",-19.3297,-42.3761,15,"Telemetria",2
"56777000","Itabira","MG",-19.4503,-43.2408,60,"Telemetria",1
"56787100","Ferros","MG",-19.3317,-43.0703,60,"Telemetria",2
"56795000","Guanhães","MG",-18.6331,-43.2078,15,"Telemetria",2
"56800800","Guanhães","MG",-19.0025,-42.9467,60,"Telemetria",1
"56810500","Guanhães","MG",-19.0711,-42.8711,15,"Telemetria",1
"56811000","Dores de Guanhães","MG",-19.0786,-42.8667,30,"Telemetria",3
"56825000","Açucena","MG",-19.1881,-42.4228,15,"Telemetria",3
"56830800","Belo Oriente","MG",-19.3272,-42.3972,30,"Telemetria",2
"56845150","Virginópolis","MG",-18.8981,-42.6825,60,"Telemetria",1
"56846200","Governador Valadares","MG",-18.9706,-42.0883,30,"Telemetria",3
"56850000","Governador Valadares","MG",-18.8831,-41.9508,15,"Telemetria",4
"56860001","São Pedro do Suaçuí","MG",-18.3631,-42.6022,15,"Telemetria",2
"56891900","Mathias Lobato","MG",-18.5747,-41.9178,15,"Telemetria",2
"56892100","Frei Inocêncio","MG",-18.5725,-41.9147,15,"Telemetria",1
"56920000","Galiléia","MG",-18.9711,-41.6417,15,"Telemetria",1
"56927500","Inhapim","MG",-19.5458,-42.1228,60,"Telemetria",2
"56960150","Santana do Manhuaçu","MG",-19.9667,-41.8514,60,"Telemetria",1
"56962080","Reduto","MG",-20.2564,-41.9644,60,"Telemetria",1
"56972000","Ipanema","MG",-19.8322,-41.8003,60,"Telemetria",1
"56975000","Ipanema","MG",-19.8011,-41.7869,30,"Telemetria",1
"56978200","Ipanema","MG",-19.6136,-41.8031,30,"Telemetria",2
"56978300","Ipanema","MG",-19.6111,-41.8033,30,"Telemetria",2
"56979000","Alvarenga","MG",-19.4975,-41.6628,30,"Telemetria",2
"56979600","Pocrane","MG",-19.4439,-41.5878,30,"Telemetria",1
"56983500","São José do Mantimento","MG",-20.0536,-41.7328,60,"Telemetria",1
"56990005","Aimorés","MG",-19.4917,-41.1614,60,"Telemetria",1
"56991300","Laranja da Terra","ES",-19.9694,-41.0678,60,"Telemetria",1
"56991350","Barra de São Francisco","ES",-19.9689,-41.0964,60,"Telemetria",1
"56992380","Baixo Guandu","ES",-19.5328,-41.0089,60,"Telemetria",1
"56992480","Colatina","ES",-19.5081,-40.8639,60,"Telemetria",1
"56994500","Colatina","ES",-19.5333,-40.6297,15,"Telemetria",1
"56998200","Linhares","ES",-19.4153,-40.0756,15,"Telemetria",1
"57120080","Santa Leopoldina","ES",-20.1019,-40.5153,60,"Telemetria",1
"57370010","Muniz Freire","ES",-20.4567,-41.4792,15,"Telemetria",1
"57410000","Alegre","ES",-20.5861,-41.4969,30,"Telemetria",1
"57413000","Alegre","ES",-20.6464,-41.4764,30,"Telemetria",1
"57420000","Ibitirama","ES",-20.5406,-41.6656,15,"Telemetria",1
"57420010","Ibitirama","ES",-20.5406,-41.6656,15,"Telemetria",1
"57435000","Alegre","ES",-20.715,-41.5056,30,"Telemetria",2
"57440000","Alegre","ES",-20.7642,-41.5233,60,"Telemetria",1
"57480000","Castelo","ES",-20.5728,-41.2356,15,"Telemetria",2
"57555500","Cachoeiro do Itapemirim","ES",-20.7833,-41.1356,60,"Telemetria",1
"57735000","São Pedro de Rates","ES",-20.8019,-41.7694,60,"Telemetria",1
"57774000","Bom Jesus do Norte","ES",-21.0936,-41.71,30,"Telemetria",2
"57779000","Bom Jesus de Itabapoana","RJ",-21.1697,-41.5756,30,"Telemetria",1
"57830000","Santo Eduardo","RJ",-21.2061,-41.4639,15,"Telemetria",1
"57836000","Mimoso do Sul","ES",-21.2067,-41.3467,30,"Telemetria",1
"58041000","São Luís do Paraitinga","SP",-23.2375,-45.3064,60,"Telemetria",1
"58087300","Paraibuna","SP",-23.4144,-45.6081,60,"Telemetria",1
"58095000","Santa Branca","SP",-23.3731,-45.8694,60,"Telemetria",1
"58105300","Guararema","SP",-23.4153,-46.0244,60,"Telemetria",1
"58116900","Santa Isabel","SP",-23.3303,-46.2811,60,"Telemetria",1
"58120000","São José dos Campos","SP",-22.9475,-45.9194,60,"Telemetria",1
"58128200","São José dos Campos","SP",-23.1992,-46.0183,60,"Telemetria",1
"58183000","Pindamonhangaba","SP",-22.9117,-45.47,15,"Telemetria",1
"58204000","Guaratinguetá","SP",-22.8119,-45.1825,15,"Telemetria",1
"58212150","Guaratinguetá","SP",-22.7469,-45.1883,30,"Telemetria",1
"58218000","Cachoeira Paulista","SP",-22.6617,-45.0125,60,"Telemetria",1
"58230150","Cruzeiro","SP",-22.5833,-44.9556,30,"Telemetria",1
"58230600","Queluz","SP",-22.545,-44.7919,30,"Telemetria",2
"58235000","Queluz","SP",-22.5403,-44.7739,60,"Telemetria",2
"58240080","Itatiaia","RJ",-22.5303,-44.5669,60,"Telemetria",1
"58300000","Barra Mansa","RJ",-22.5375,-44.1758,60,"Telemetria",1
"58305000","Volta Redonda","RJ",-22.5008,-44.0908,60,"Telemetria",2
"58318000","Barra do Piraí","RJ",-22.4819,-43.8386,60,"Telemetria",2
"58336000","Rio Claro","RJ",-22.7792,-44.2269,60,"Telemetria",1
"58338500","Rio Claro","RJ",-22.7847,-44.1878,60,"Telemetria",1
"58351000","Piraí","RJ",-22.6828,-43.8731,60,"Telemetria",2
"58351500","Piraí","RJ",-22.63,-43.895,60,"Telemetria",2
"58358000","Barra do Piraí","RJ",-22.5314,-43.818600000000004,60,"Telemetria",2
"58370000","Barra do Piraí","RJ",-22.45,-43.7972,60,"Telemetria",2
"58380001","Paraíba do Sul","RJ",-22.1628,-43.2864,15,"Telemetria",1
"58429500","Areal","RJ",-22.2094,-43.1386,60,"Telemetria",1
"58434500","Paraíba do Sul","RJ",-22.2183,-43.1653,60,"Telemetria",1
"58440000","Três Rios","RJ",-22.1403,-43.1542,60,"Telemetria",1
"58487000","Juiz de Fora","MG",-21.7869,-43.3103,60,"Telemetria",1
"58489000","Juiz de Fora","MG",-21.7964,-43.2972,60,"Telemetria",2
"58490100","Matias Barbosa","MG",-21.8578,-43.3339,60,"Telemetria",1
"58512030","Juiz de Fora","MG",-21.7497,-43.6803,60,"Telemetria",1
"58512040","Juiz de Fora","MG",-21.7767,-43.6044,60,"Telemetria",1
"58512080","Juiz de Fora","MG",-21.9106,-43.5361,60,"Telemetria",1
"58519030","Simão Pereira","MG",-21.9244,-43.3492,30,"Telemetria",1
"58520000","Belmiro Braga","MG",-21.9667,-43.3744,15,"Telemetria",3
"58530000","Resende","RJ",-22.2708,-44.39,15,"Telemetria",1
"58544000","Santa Rita do Jacutinga","MG",-22.1569,-44.0853,60,"Telemetria",2
"58548400","Rio Preto","MG",-22.0397,-43.78,60,"Telemetria",1
"58550001","Rio Preto","MG",-22.0861,-43.82,15,"Telemetria",2
"58585000","Rio das Flores","RJ",-22.0844,-43.5589,15,"Telemetria",2
"58586000","Rio das Flores","RJ",-22.0847,-43.56,30,"Telemetria",3
"58650500","Carmo","RJ",-21.9225,-42.6169,60,"Telemetria",1
"58680001","Itaocara","RJ",-21.6658,-42.0811,15,"Telemetria",1
"58712000","Rio Pomba","MG",-21.2336,-43.3192,60,"Telemetria",1
"58729800","Guarani","MG",-21.3258,-43.0844,60,"Telemetria",4
"58730001","Guarani","MG",-21.3556,-43.0503,15,"Telemetria",2
"58730080","Guarani","MG",-21.3594,-43.0494,60,"Telemetria",3
"58731000","Guarani","MG",-21.3375,-42.9658,60,"Telemetria",1
"58731700","Astolfo Dutra","MG",-21.2725,-42.9383,60,"Telemetria",1
"58732000","Astolfo Dutra","MG",-21.3014,-42.9081,60,"Telemetria",5
"58735000","Astolfo Dutra","MG",-21.3094,-42.8619,15,"Telemetria",2
"58736000","Astolfo Dutra","MG",-21.2931,-42.82,15,"Telemetria",1
"58737050","Ervália","MG",-20.9011,-42.6547,60,"Telemetria",1
"58737100","Ervália","MG",-20.9069,-42.6614,60,"Telemetria",2
"58753080","Santos Dumont","MG",-21.4383,-43.5147,60,"Telemetria",1
"58753120","Santos Dumont","MG",-21.4864,-43.4589,60,"Telemetria",3
"58753140","Santos Dumont","MG",-21.4914,-43.4719,60,"Telemetria",2
"58753180","Santos Dumont","MG",-21.4947,-43.4189,60,"Telemetria",1
"58764900","Leopoldina","MG",-21.4758,-42.8453,60,"Telemetria",1
"58770000","Cataguases","MG",-21.3894,-42.6964,15,"Telemetria",1
"58787000","Cataguases","MG",-21.45,-42.5792,60,"Telemetria",2
"58788200","Laranjal","MG",-21.3636,-42.4772,60,"Telemetria",5
"58788600","Recreio","MG",-21.4453,-42.3919,60,"Telemetria",3
"58790002","Santo Antônio de Pádua","RJ",-21.5422,-42.1806,15,"Telemetria",3
"58829400","Cordeiro","RJ",-22.0944,-42.2783,60,"Telemetria",1
"58846000","Santa Maria Madalena","RJ",-22.0242,-42.1344,15,"Telemetria",1
"58846030","Santa Maria Madalena","RJ",-22.0183,-42.1297,60,"Telemetria",1
"58847500","São Sebastião do Alto","RJ",-21.8978,-42.0469,60,"Telemetria",1
"58848200","Santa Maria Madalena","RJ",-21.9119,-41.9581,60,"Telemetria",2
"58857100","Cantagalo","RJ",-21.9525,-42.3561,60,"Telemetria",1
"58858000","Cantagalo","RJ",-21.9344,-42.3242,60,"Telemetria",1
"58880001","São Fidélis","RJ",-21.6453,-41.7522,15,"Telemetria",2
"58910001","Muriaé","MG",-21.0506,-42.5142,15,"Telemetria",1
"58918120","Muriaé","MG",-20.9994,-42.3681,60,"Telemetria",2
"58918140","Muriaé","MG",-21.0444,-42.3375,60,"Telemetria",3
"58920000","Patrocínio do Muriaé","MG",-21.1506,-42.2144,15,"Telemetria",4
"58921500","Eugenópolis","MG",-21.1208,-42.1969,15,"Telemetria",1
"58927000","Carangola","MG",-20.7053,-42.0739,30,"Telemetria",1
"58929000","Carangola","MG",-20.7025,-42.0381,30,"Telemetria",1
"58930000","Carangola","MG",-20.74,-42.0239,15,"Telemetria",2
"58930500","Tombos","MG",-20.8953,-42.0056,30,"Telemetria",2
"58933000","Tombos","MG",-20.9144,-42.0353,60,"Telemetria",2
"58934000","Porciúncula","RJ",-20.9614,-42.0378,15,"Telemetria",1
"58940000","Itaperuna","RJ",-21.2078,-41.8922,15,"Telemetria",3
"58974000","Campo dos Goytacazes","RJ",-21.7514,-41.3244,15,"Telemetria",3
"59139400","Trajano de Morais","RJ",-22.1789,-42.1081,60,"Telemetria",1
"59245002","Cachoeiras de Macacu","RJ",-22.5644,-42.8492,15,"Telemetria",2
"59307000","Piraí","RJ",-22.7022,-43.8808,60,"Telemetria",1
"59310000","Piraí","RJ",-22.6861,-43.8222,60,"Telemetria",1
"59311000","Paracambi","RJ",-22.6717,-43.755,60,"Telemetria",1
"60018100","Cristalina","GO",-16.5006,-47.4786,15,"Telemetria",1
"60018500","Unaí","MG",-16.5114,-47.4528,60,"Telemetria",2
"60018740","Cristalina","GO",-16.6344,-47.4261,15,"Telemetria",1
"60018800","Paracatu","MG",-16.7578,-47.2342,60,"Telemetria",2
"60018920","Unaí","MG",-16.6853,-47.1992,15,"Telemetria",1
"60020500","Cristalina","GO",-17.3422,-47.4956,15,"Telemetria",1
"60022000","Paracatu","MG",-17.4342,-47.4822,15,"Telemetria",2
"60026100","Cristalina","GO",-17.1822,-47.5908,15,"Telemetria",2
"60038000","Catalão","GO",-18.0453,-47.6753,15,"Telemetria",1
"60150050","Estrela do Sul","MG",-18.7378,-47.6908,15,"Telemetria",1
"60180070","Araguari","MG",-18.6875,-48.0969,60,"Telemetria",1
"60182000","Unaí","MG",-16.6658,-47.2314,15,"Telemetria",1
"60183000","Paracatu","MG",-16.8611,-47.1306,15,"Telemetria",2
"60191000","Ipameri","GO",-17.9092,-48.0831,30,"Telemetria",1
"60229800","Santa Juliana","MG",-19.5164,-47.4983,60,"Telemetria",1
"60335080","Nova Ponte","MG",-19.1333,-47.6944,60,"Telemetria",1
"60335500","Uberaba","MG",-19.2375,-47.8017,60,"Telemetria",1
"60351080","Indianópolis","MG",-18.9097,-48.0408,60,"Telemetria",1
"60431500","Anápolis","GO",-16.3331,-48.9533,15,"Telemetria",3
"60434600","Brasília","DF",-15.6344,-48.1842,15,"Telemetria",1
"60435200","Brasília","DF",-15.725,-48.1683,15,"Telemetria",1
"60435500","Brasília","GO",-15.7778,-48.2314,15,"Telemetria",1
"60439500","Santo Antônio do Descoberto","GO",-16.0714,-48.3686,30,"Telemetria",3
"60444500","Abadiania","GO",-16.1544,-48.6664,30,"Telemetria",1
"60444700","Gameleira de Goiás","GO",-16.3269,-48.5953,30,"Telemetria",4
"60454000","Luziânia","GO",-16.7933,-47.9322,30,"Telemetria",7
"60472240","Planaltina","DF",-15.6397,-47.5742,15,"Telemetria",1
"60477100","Brasília","DF",-15.6689,-47.9536,15,"Telemetria",1
"60477380","Brasília","DF",-15.7219,-47.8681,15,"Telemetria",1
"60478480","Valparaíso de Goiás","GO",-16.0647,-47.9425,15,"Telemetria",2
"60479230","Brasília","DF",-15.7972,-47.7842,15,"Telemetria",3
"60480310","Brasília","DF",-15.8753,-47.7228,15,"Telemetria",1
"60500000","Cristalina","GO",-16.5375,-47.8006,60,"Telemetria",2
"60500040","Luziânia","GO",-16.6472,-47.8356,60,"Telemetria",2
"60500200","Luziânia","GO",-16.7875,-47.8856,60,"Telemetria",1
"60510100","Orizona","GO",-17.0169,-47.9275,60,"Telemetria",2
"60540000","Orizona","GO",-17.1314,-48.1372,60,"Telemetria",3
"60544990","Pires do Rio","GO",-17.3283,-48.2392,60,"Telemetria",3
"60564000","Caldas Novas","GO",-17.5331,-48.5069,60,"Telemetria",1
"60591000","Morrinhos","GO",-17.7478,-48.8444,60,"Telemetria",2
"60622000","Centralina","MG",-18.525,-49.2156,60,"Telemetria",1
"60640000","Goiânia","GO",-16.6136,-49.2797,15,"Telemetria",1
"60650000","Goiânia","GO",-16.6811,-49.1964,15,"Telemetria",4
"60651500","Aparecida de Goiânia","GO",-16.7797,-49.2422,15,"Telemetria",2
"60670100","Piracanjuba","GO",-17.3878,-49.2178,30,"Telemetria",1
"60680000","Itumbiara","GO",-18.3489,-49.6017,15,"Telemetria",3
"60765000","Edéia","GO",-17.7322,-50.1808,15,"Telemetria",4
"60772000","Paraúna","GO",-17.9808,-50.2469,15,"Telemetria",6
"60775510","Montividiu","GO",-17.3422,-50.9967,60,"Telemetria",2
"60781000","Paraúna","GO",-17.3258,-50.6819,15,"Telemetria",2
"60783000","Paraúna","GO",-17.3661,-50.6419,30,"Telemetria",2
"60787000","Acreuna","GO",-17.4736,-50.5331,30,"Telemetria",3
"60790001","Acreuna","GO",-17.5408,-50.5556,30,"Telemetria",1
"60791800","Acreuna","GO",-17.6539,-50.4767,60,"Telemetria",1
"60798000","Maurilândia","GO",-17.9678,-50.3325,15,"Telemetria",5
"60805100","Castelândia","GO",-18.0708,-50.1722,30,"Telemetria",1
"60842001","Prata","MG",-19.0394,-49.0092,60,"Telemetria",1
"60842600","Ituiutaba","MG",-18.9411,-49.355,60,"Telemetria",1
"60845500","Ituiutaba","MG",-18.8622,-49.7339,60,"Telemetria",2
"60850001","Prata","MG",-19.3597,-49.1803,15,"Telemetria",3
"60854900","Ituiutaba","MG",-19.0531,-49.6775,30,"Telemetria",3
"60855010","Ituiutaba","MG",-19.0303,-49.7014,15,"Telemetria",1
"60890000","Jataí","GO",-18.0856,-51.6175,30,"Telemetria",1
"60895500","Rio Verde","GO",-17.8669,-51.3808,30,"Telemetria",1
"60896000","Rio Verde","GO",-17.9772,-51.205,30,"Telemetria",1
"60897000","Rio Verde","GO",-18.0167,-51.2019,30,"Telemetria",2
"60901000","Aparecida do Rio Doce","GO",-18.3019,-51.1494,30,"Telemetria",1
"60906000","São Simão","GO",-19,-50.7056,60,"Telemetria",3
"60908000","São Simão","GO",-19.1164,-50.6417,30,"Telemetria",2
"60910100","Serranópolis","GO",-18.3753,-52.015,30,"Telemetria",4
"60910200","Jataí","GO",-18.4997,-51.5708,60,"Telemetria",5
"60910300","Itarumã","GO",-18.5756,-51.4736,60,"Telemetria",5
"60920500","Caçu","GO",-18.8131,-51.1694,30,"Telemetria",3
"60920700","Caçu","GO",-18.9444,-50.9672,60,"Telemetria",5
"60921500","Caçu","GO",-19.1617,-50.7619,30,"Telemetria",1
"60921600","Itarumã","GO",-19.1494,-50.7422,30,"Telemetria",1
"60927000","Limeira do Oeste","MG",-19.22,-50.6764,60,"Telemetria",4
"60931000","Serranópolis","GO",-18.3658,-52.4758,60,"Telemetria",2
"60935000","Chapadão do Céu","GO",-18.4653,-52.3764,60,"Telemetria",3
"60941000","Aporé","GO",-18.58,-52.0986,60,"Telemetria",2
"60943000","Aporé","GO",-18.6792,-51.8672,60,"Telemetria",4
"60944000","Aporé","GO",-18.7317,-51.7989,60,"Telemetria",3
"60955000","Itajá","GO",-19.1978,-50.9556,60,"Telemetria",2
"60959500","Cassilândia","MS",-18.7667,-52.4431,60,"Telemetria",1
"60959600","Aporé","MS",-18.7444,-52.4117,60,"Telemetria",2
"60959800","Indaiá do Sul","MS",-18.8,-52.3606,60,"Telemetria",2
"60960700","Aporé","GO",-18.74,-52.2836,60,"Telemetria",2
"60960800","Aporé","GO",-18.7506,-52.2394,30,"Telemetria",2
"60961050","Aporé","GO",-18.8297,-52.1717,30,"Telemetria",4
"60968000","Cassilândia","MS",-19.1075,-51.7208,15,"Telemetria",2
"60975000","Lagoa Santa","GO",-19.2964,-51.1319,60,"Telemetria",6
"61061080","Itutinga","MG",-21.325,-44.6161,60,"Telemetria",1
"61078600","Itumirim","MG",-21.3375,-44.8725,60,"Telemetria",3
"61089200","Barbacena","MG",-21.2731,-43.89,60,"Telemetria",1
"61089390","Barbacena","MG",-21.2486,-43.8986,60,"Telemetria",1
"61106900","Conceição da Barra de Minas","MG",-21.0939,-44.5839,60,"Telemetria",2
"61135000","Ibituruna","MG",-21.1425,-44.7397,15,"Telemetria",2
"61150001","Ribeirão Vermelho","MG",-21.1903,-45.0569,15,"Telemetria",1
"61176000","Lavras","MG",-21.2331,-45.1736,60,"Telemetria",3
"61198080","Santana do Jacaré","MG",-20.8178,-45.0603,60,"Telemetria",1
"61198100","Santana do Jacaré","MG",-20.8242,-45.0639,60,"Telemetria",1
"61203000","Cana Verde","MG",-20.4517,-45.1531,60,"Telemetria",5
"61271000","Itajubá","MG",-22.4458,-45.4242,15,"Telemetria",3
"61300100","Maria da Fé","MG",-22.3369,-45.4167,60,"Telemetria",1
"61305000","Santa Rita do Sapucaí","MG",-22.2508,-45.7089,15,"Telemetria",3
"61370000","Pouso Alegre","MG",-22.3542,-45.8539,15,"Telemetria",1
"61410000","Careaçu","MG",-22.0536,-45.6992,60,"Telemetria",3
"61424900","Paraguaçu","MG",-21.5861,-45.6631,60,"Telemetria",4
"61481100","Delfim Moreira","MG",-22.4667,-45.3608,60,"Telemetria",1
"61487080","Cristina","MG",-22.1597,-45.2828,60,"Telemetria",1
"61510020","Três Corações","MG",-21.7036,-45.2478,15,"Telemetria",1
"61511000","Três Corações","MG",-21.7031,-45.2481,60,"Telemetria",2
"61537000","Varginha","MG",-21.6108,-45.4889,60,"Telemetria",5
"61568050","Machado","MG",-21.6858,-45.905,15,"Telemetria",1
"61661000","Passos","MG",-20.6717,-46.3175,60,"Telemetria",1
"61684000","Fortaleza de Minas","MG",-20.8533,-46.7031,30,"Telemetria",2
"61684500","Passos","MG",-20.8389,-46.7044,30,"Telemetria",2
"61685000","Itaú de Minas","MG",-20.7706,-46.7197,30,"Telemetria",4
"61689000","Itaú de Minas","MG",-20.8017,-46.7053,30,"Telemetria",3
"61696000","Itaú de Minas","MG",-20.6689,-46.8014,60,"Telemetria",2
"61730080","Ibiraci","MG",-20.2842,-47.0636,60,"Telemetria",3
"61734080","Rifaina","SP",-20.0211,-47.4358,60,"Telemetria",1
"61740040","Conquista","MG",-19.9564,-47.6086,30,"Telemetria",2
"61774600","Patrocinio Paulista","SP",-20.8411,-47.2942,15,"Telemetria",2
"61776900","Batatais","SP",-20.7694,-47.4667,15,"Telemetria",1
"61783450","São Joaquim da Barra","SP",-20.55,-47.8153,60,"Telemetria",5
"61784500","Guará","SP",-20.4375,-47.8906,60,"Telemetria",7
"61787000","Miguelópolis","SP",-20.2497,-48.1561,60,"Telemetria",3
"61795100","Conceição das Alagoas","MG",-19.9094,-48.3911,60,"Telemetria",5
"61800400","Caldas","MG",-21.9083,-46.2858,60,"Telemetria",1
"61802502","Botelhos","MG",-21.7217,-46.4556,15,"Telemetria",1
"61806300","Poços de Caldas","MG",-21.7678,-46.6075,30,"Telemetria",3
"61806380","Poços de Caldas","MG",-21.8528,-46.6094,30,"Telemetria",3
"61807002","Poços de Caldas","MG",-21.7286,-46.6033,15,"Telemetria",3
"61807500","Poços de Caldas","MG",-21.7217,-46.5819,30,"Telemetria",3
"61810800","Caconde","SP",-21.5308,-46.6178,15,"Telemetria",2
"61811080","Caconde","SP",-21.575,-46.6236,15,"Telemetria",1
"61817004","São José do Rio Pardo","SP",-21.5739,-46.8803,15,"Telemetria",2
"61819080","São José do Rio Pardo","SP",-21.6253,-47.0094,15,"Telemetria",2
"61826000","Mococa","SP",-21.4203,-46.9622,15,"Telemetria",1
"61828000","Santa Rosa de Viterbo","SP",-21.4569,-47.2711,60,"Telemetria",1
"61828500","Santa Rosa de Viterbo","SP",-21.4239,-47.325,60,"Telemetria",1
"61829600","Santa Rosa de Viterbo","SP",-21.4142,-47.3353,60,"Telemetria",1
"61833000","Ribeirão Preto","SP",-21.1017,-47.7586,15,"Telemetria",1
"61834000","Ribeirão Preto","SP",-21.1036,-47.7572,15,"Telemetria",1
"61861010","Inconfidentes","MG",-22.3183,-46.3219,60,"Telemetria",1
"61869700","Jacutinga","MG",-22.2661,-46.6922,15,"Telemetria",2
"61872200","Espirito Santo do Pinhal","SP",-22.2758,-46.7453,60,"Telemetria",1
"61874000","Itapira","SP",-22.3161,-46.8106,15,"Telemetria",1
"61878500","Mogi Guaçu","SP",-22.6056,-46.5064,30,"Telemetria",1
"61880000","Itapira","SP",-22.3858,-46.7947,15,"Telemetria",4
"61884080","Mogi Guaçu","SP",-22.3797,-46.9006,15,"Telemetria",2
"61890000","Pirassununga","SP",-22.025,-47.2872,60,"Telemetria",1
"61890800","Andradas","MG",-22.0981,-46.5672,15,"Telemetria",1
"61895020","São João da Boa Vista","SP",-21.9389,-46.8161,15,"Telemetria",1
"61895050","São João da Boa Vista","SP",-21.9297,-46.8164,15,"Telemetria",5
"61898500","Pirassununga","SP",-21.9269,-47.3253,60,"Telemetria",5
"61899000","Pirassununga","SP",-21.9108,-47.3989,60,"Telemetria",3
"61902000","Porto Ferreira","SP",-21.8461,-47.4742,60,"Telemetria",3
"61909100","São Carlos","SP",-21.7833,-47.7906,30,"Telemetria",1
"61924950","Guaíra","SP",-20.4872,-48.4242,60,"Telemetria",2
"61939000","Planura","MG",-20.0421,-48.7333,15,"Telemetria",1
"61991000","Riolândia","SP",-20.1664,-49.6533,15,"Telemetria",1
"61997000","Pedranópolis","SP",-20.1772,-50.0275,15,"Telemetria",2
"62019700","Auriflama","SP",-20.5233,-50.5922,60,"Telemetria",3
"62265060","São Bernardo do Campo","SP",-23.8183,-46.5233,30,"Telemetria",1
"62335000","Santana de Parnaíba","SP",-23.4411,-46.9089,30,"Telemetria",2
"62344000","Mairiporã","SP",-23.2647,-46.4808,10,"Telemetria",2
"62344010","Mairiporã","SP",-23.2647,-46.4808,10,"Telemetria",2
"62345500","Mairiporã","SP",-23.3097,-46.5767,10,"Telemetria",1
"62346000","Mairiporã","SP",-23.3164,-46.6039,15,"Telemetria",4
"62346500","Mairiporã","SP",-23.3292,-46.6783,10,"Telemetria",2
"62350050","Franco da Rocha","SP",-23.3289,-46.6783,10,"Telemetria",1
"62350700","Mairiporã","SP",-23.395,-46.6586,10,"Telemetria",2
"62358010","Caieiras","SP",-23.3336,-46.7278,10,"Telemetria",1
"62358020","Franco da Rocha","SP",-23.3336,-46.7278,10,"Telemetria",2
"62360060","Caieiras","SP",-23.3678,-46.7547,30,"Telemetria",4
"62365160","São Paulo","SP",-23.3981,-46.6583,10,"Telemetria",1
"62373000","Pirapora do Bom Jesus","SP",-23.3828,-47.0286,30,"Telemetria",2
"62376000","Cabreuva","SP",-23.355,-47.0828,15,"Telemetria",1
"62379050","Salto","SP",-23.2033,-47.3017,30,"Telemetria",3
"62400600","Indaiatuba","SP",-23.1083,-47.1806,30,"Telemetria",4
"62472800","Ibiuna","SP",-23.7197,-47.1872,30,"Telemetria",1
"62473200","Ibiuna","SP",-23.6411,-47.1633,30,"Telemetria",2
"62510100","Votorantim","SP",-23.5903,-47.4161,60,"Telemetria",1
"62557000","Cerquilho","SP",-23.1461,-47.7956,30,"Telemetria",2
"62560000","Laranjal Paulista","SP",-22.9575,-47.8208,15,"Telemetria",2
"62580600","Extrema","MG",-22.8667,-46.3589,10,"Telemetria",2
"62590000","Extrema","MG",-22.8714,-46.3619,15,"Telemetria",1
"62596240","Vargem","SP",-22.9481,-46.44,10,"Telemetria",1
"62638300","Limeira","SP",-22.6239,-47.275,60,"Telemetria",1
"62653510","Nazaré Paulista","SP",-23.1739,-46.39,10,"Telemetria",1
"62654500","Piracaia","SP",-23.095,-46.2647,15,"Telemetria",1
"62663800","Joanópolis","SP",-22.9347,-46.2117,15,"Telemetria",1
"62664500","Piracaia","SP",-23.0064,-46.2397,15,"Telemetria",1
"62671200","Atibaia","SP",-23.1058,-46.5958,15,"Telemetria",2
"62693000","Americana","SP",-22.6967,-47.2878,60,"Telemetria",1
"62705000","Piracicaba","SP",-22.7253,-47.6594,15,"Telemetria",3
"62726800","Macatuba","SP",-22.5953,-48.6997,30,"Telemetria",1
"62729080","Barra Bonita","SP",-22.5194,-48.5344,15,"Telemetria",1
"62741000","Pederneiras","SP",-22.2619,-48.81,15,"Telemetria",1
"62744080","Boraceia","SP",-22.1533,-48.7525,15,"Telemetria",2
"62750750","Brotas","SP",-22.4344,-48.015,60,"Telemetria",1
"62752000","Bocaina","SP",-22.0775,-48.4842,15,"Telemetria",2
"62758000","Iacanga","SP",-21.9531,-49.0269,15,"Telemetria",2
"62760043","Brotas","SP",-22.1678,-47.9036,60,"Telemetria",3
"62760800","São Carlos","SP",-22.1244,-47.9319,15,"Telemetria",1
"62774000","Araraquara","SP",-21.8881,-48.1422,30,"Telemetria",1
"62776450","Araraquara","SP",-21.9247,-48.23,30,"Telemetria",2
"62776580","Boa Esperança do Sul","SP",-21.8558,-48.3869,30,"Telemetria",1
"62776780","Gavião Peixoto","SP",-21.8503,-48.4892,30,"Telemetria",1
"62776800","Gavião Peixoto","SP",-21.8494,-48.4917,15,"Telemetria",4
"62780700","Ibitinga","SP",-21.8194,-48.8281,15,"Telemetria",2
"62790080","Ibitinga","SP",-21.7575,-48.9914,15,"Telemetria",1
"62800000","Ibitinga","SP",-21.6997,-49.0106,15,"Telemetria",2
"62815200","Pirajuí","SP",-21.8083,-49.193600000000004,15,"Telemetria",2
"62817900","Cafelândia","SP",-21.7211,-49.5606,15,"Telemetria",2
"62823000","Promissão","SP",-21.3572,-49.8444,15,"Telemetria",2
"62824000","José Bonifácio","SP",-21.2039,-49.8792,15,"Telemetria",1
"62829580","Buritama","SP",-21.1156,-50.2025,15,"Telemetria",1
"62835100","Penápolis","SP",-21.0697,-49.8997,15,"Telemetria",3
"62871000","Lourdes","SP",-20.9033,-50.2569,30,"Telemetria",1
"62885700","Pereira Barreto","SP",-20.6264,-51.08,30,"Telemetria",1
"63000100","Costa Rica","MS",-18.5478,-53.1228,60,"Telemetria",2
"63001100","Costa Rica","MS",-18.5589,-53.1375,60,"Telemetria",1
"63001117","Costa Rica","MS",-18.8814,-53.0739,30,"Telemetria",2
"63001120","Chapadão do Sul","MS",-18.9478,-53.0239,30,"Telemetria",2
"63001130","Costa Rica","MS",-19.0531,-52.9936,60,"Telemetria",1
"63001205","Costa Rica","MS",-18.975,-53.175,60,"Telemetria",1
"63001223","Paraíso das Águas","MS",-19.0614,-52.9947,15,"Telemetria",6
"63001225","Água Clara","MS",-19.2525,-52.8844,15,"Telemetria",4
"63001228","Chapadão do Sul","MS",-19.245,-52.8808,15,"Telemetria",3
"63001230","Chapadão do Sul","MS",-19.245,-52.8794,15,"Telemetria",2
"63001260","Água Clara","MS",-19.3011,-52.6881,60,"Telemetria",1
"63001263","Chapadão do Sul","MS",-19.3044,-52.6719,60,"Telemetria",1
"63001560","Água Clara","MS",-19.4764,-52.5397,60,"Telemetria",2
"63001602","Chapadão do Sul","MS",-19.0578,-52.5317,60,"Telemetria",1
"63001605","Cassilândia","MS",-19.0656,-52.5017,30,"Telemetria",4
"63001608","Cassilândia","MS",-19.1411,-52.3814,30,"Telemetria",1
"63001638","Cassilândia","MS",-19.2033,-52.3522,30,"Telemetria",2
"63001642","Cassilândia","MS",-19.2067,-52.3378,30,"Telemetria",3
"63001650","Cassilândia","MS",-19.23,-52.3653,30,"Telemetria",3
"63001675","Cassilândia","MS",-19.2878,-52.4006,30,"Telemetria",4
"63001740","Inocência","MS",-19.5481,-52.505,30,"Telemetria",2
"63001850","Três Lagoas","MS",-19.8083,-52.2753,60,"Telemetria",1
"63007080","Três Lagoas","MS",-20.7814,-51.6333,60,"Telemetria",1
"63170100","Lucélia","SP",-21.4592,-50.9211,60,"Telemetria",4
"63250700","Camapuã","MS",-19.6106,-53.4783,60,"Telemetria",2
"63250800","Camapuã","MS",-19.7394,-53.4519,60,"Telemetria",5
"63250850","Camapuã","MS",-19.7936,-53.4861,60,"Telemetria",5
"63250900","Água Clara","MS",-19.8789,-53.3636,60,"Telemetria",3
"63270000","Água Clara","MS",-20.0775,-53.1769,60,"Telemetria",1
"63749990","Rancharia","SP",-21.9522,-50.9286,60,"Telemetria",1
"63850000","Camapuã","MS",-19.8808,-53.9408,60,"Telemetria",6
"63905000","Ribas do Rio Pardo","MS",-20.4364,-53.7547,30,"Telemetria",3
"63910000","Ribas do Rio Pardo","MS",-20.4408,-53.7175,60,"Telemetria",3
"63920080","Ribas do Rio Pardo","MS",-20.6744,-53.5667,60,"Telemetria",5
"63921000","Ribas do Rio Pardo","MS",-20.6808,-53.5564,60,"Telemetria",3
"63968000","Bataguassu","MS",-21.6633,-52.8672,60,"Telemetria",1
"63970000","Bataguassu","MS",-21.6633,-52.8675,15,"Telemetria",1
"64007000","Pilar do Sul","SP",-23.8122,-47.67,60,"Telemetria",2
"64080000","Campina do Monte Alegre","SP",-23.5928,-48.4914,60,"Telemetria",1
"64098000","Ribeirão Branco","SP",-24.2133,-48.7061,60,"Telemetria",5
"64099000","Ribeirão Branco","SP",-24.1886,-48.7297,60,"Telemetria",3
"64101000","Ribeirão Branco","SP",-24.1683,-48.7142,30,"Telemetria",1
"64105800","Itapeva","SP",-24.0625,-48.7244,60,"Telemetria",3
"64182000","Nova Campina","SP",-24.1336,-48.9664,60,"Telemetria",4
"64198000","Itaberá","SP",-23.7858,-49.0558,60,"Telemetria",2
"64215080","Piraju","SP",-23.21,-49.2292,60,"Telemetria",2
"64220050","Piraju","SP",-23.1792,-49.3922,60,"Telemetria",2
"64221500","Piraju","SP",-23.1789,-49.3922,60,"Telemetria",5
"64230200","Senges","PR",-24.2411,-49.485,60,"Telemetria",1
"64230300","Senges","PR",-24.1822,-49.4908,60,"Telemetria",2
"64230400","Senges","PR",-24.1503,-49.4853,60,"Telemetria",2
"64230450","Senges","PR",-24.1092,-49.4697,60,"Telemetria",4
"64230500","Senges","PR",-24.1,-49.4667,15,"Telemetria",2
"64232000","Itararé","SP",-24.0244,-49.4617,60,"Telemetria",2
"64240000","Jaguariaiva","PR",-24.2642,-49.7317,15,"Telemetria",2
"64241300","Jaguariaiva","PR",-24.1364,-49.6511,60,"Telemetria",1
"64241500","Jaguariaiva","PR",-24.1189,-49.6261,60,"Telemetria",1
"64241520","Jaguariaiva","PR",-24.0717,-49.6222,60,"Telemetria",2
"64242000","Senges","PR",-23.9767,-49.5958,15,"Telemetria",1
"64247000","Santana do Itararé","PR",-23.7233,-49.5558,60,"Telemetria",2
"64250010","Itaporanga","SP",-23.7331,-49.4303,60,"Telemetria",4
"64270080","Ribeirão Claro","PR",-23.1281,-49.7317,60,"Telemetria",5
"64278500","Ourinhos","SP",-23.0714,-49.8464,60,"Telemetria",4
"64309000","Itatinga","SP",-22.9542,-48.7392,60,"Telemetria",1
"64314950","Águas de Santa Barbara","SP",-22.8886,-49.2011,60,"Telemetria",1
"64320010","Santa Cruz do Rio Pardo","SP",-22.9072,-49.6253,60,"Telemetria",3
"64328050","São Pedro do Turvo","SP",-22.7739,-49.7408,60,"Telemetria",2
"64332080","Salto Grande","SP",-22.9044,-50.0017,60,"Telemetria",2
"64345075","Nossa Senhora Aparecida","PR",-22.9378,-50.2492,60,"Telemetria",1
"64362001","Santo Antônio da Platina","PR",-23.3433,-50.1628,60,"Telemetria",2
"64370000","Andirá","PR",-23.0858,-50.2853,60,"Telemetria",1
"64390000","Santa Mariana","PR",-23.1225,-50.4503,60,"Telemetria",4
"64441020","Fernandes Pinheiro","PR",-25.4642,-50.5331,15,"Telemetria",3
"64444000","Ponta Grossa","PR",-25.0756,-50.3889,15,"Telemetria",3
"64450001","Ponta Grossa","PR",-25.0222,-50.0569,60,"Telemetria",2
"64452190","Ponta Grossa","PR",-25.0356,-50.1025,60,"Telemetria",1
"64461000","Tibagi","PR",-24.69,-50.4922,30,"Telemetria",1
"64464995","Tibagi","PR",-24.5122,-50.4111,15,"Telemetria",4
"64474800","Castro","PR",-24.7822,-50.0175,60,"Telemetria",3
"64477000","Castro","PR",-24.7506,-50.0881,60,"Telemetria",3
"64478100","Castro","PR",-24.7364,-50.1189,60,"Telemetria",4
"64478200","Castro","PR",-24.7211,-50.1347,60,"Telemetria",2
"64480995","Tibagi","PR",-24.4875,-50.3622,15,"Telemetria",5
"64482000","Telêmaco Borba","PR",-24.3603,-50.5939,60,"Telemetria",2
"64489000","Telêmaco Borba","PR",-24.0633,-50.7014,15,"Telemetria",7
"64490800","Ortigueira","PR",-24.045,-50.7128,15,"Telemetria",7
"64491000","Curiúva","PR",-24.0322,-50.6925,15,"Telemetria",6
"64497000","Londrina","PR",-23.7489,-50.9406,60,"Telemetria",1
"64497010","Tamarana","PR",-23.7494,-50.9081,60,"Telemetria",5
"64501000","Londrina","PR",-23.6372,-50.9233,15,"Telemetria",2
"64504210","Londrina","PR",-23.4502,-50.9662,15,"Telemetria",3
"64507000","Jataizinho","PR",-23.2497,-50.9839,60,"Telemetria",3
"64508500","Cornélio Procópio","PR",-23.17,-50.7881,15,"Telemetria",4
"64515920","Florestópolis","PR",-22.9408,-51.3244,15,"Telemetria",2
"64516080","Porecatu","PR",-22.6628,-51.3594,60,"Telemetria",3
"64535080","Teodoro Sampaio","SP",-22.5406,-52.0003,60,"Telemetria",6
"64541000","Maringá","PR",-23.3258,-51.845,15,"Telemetria",3
"64545840","Santa Fé","PR",-23.1239,-51.5917,60,"Telemetria",2
"64546900","Santa Fé","PR",-23.0336,-51.7531,15,"Telemetria",1
"64547500","Santa Fé","PR",-22.9864,-51.8222,60,"Telemetria",3
"64560000","Itaguajé","PR",-22.6106,-52.0017,60,"Telemetria",2
"64562000","Teodoro Sampaio","SP",-22.525,-52.0289,60,"Telemetria",4
"64565500","Santo Antônio do Caiuá","PR",-22.7231,-52.2786,15,"Telemetria",4
"64571080","Diamante do Norte","PR",-22.6042,-52.8753,60,"Telemetria",1
"64575001","Nova Londrina","PR",-22.7183,-53.1767,60,"Telemetria",1
"64618500","Navirai","MS",-23.2669,-53.7128,60,"Telemetria",1
"64618700","Prudentópolis","PR",-25.345,-50.9689,60,"Telemetria",1
"64620005","Prudentópolis","PR",-25.1761,-50.9408,60,"Telemetria",1
"64638000","Manoel Ribas","PR",-24.5736,-51.5572,60,"Telemetria",1
"64645000","Grandes Rios","PR",-24.3419,-51.4244,15,"Telemetria",2
"64670011","Campo Mourão","PR",-24.1047,-52.3283,60,"Telemetria",2
"64671600","Campo Mourão","PR",-24.0561,-52.2903,60,"Telemetria",2
"64682000","Japurá","PR",-23.4414,-52.6047,15,"Telemetria",2
"64725000","Japorã","MS",-23.7361,-54.5392,60,"Telemetria",2
"64763900","Marquinho","PR",-25.1183,-52.3875,60,"Telemetria",1
"64767000","Guaraniaçú","PR",-24.9467,-52.5964,15,"Telemetria",2
"64773500","Mato Rico","PR",-24.7247,-52.3931,30,"Telemetria",1
"64773750","Laranjal","PR",-24.7644,-52.4308,30,"Telemetria",1
"64773890","Nova Cantu","PR",-24.7436,-52.4753,60,"Telemetria",1
"64781000","Braganey","PR",-24.8536,-53.1864,30,"Telemetria",1
"64785000","Campina da Lagoa","PR",-24.5544,-52.9014,15,"Telemetria",4
"64815000","Mariluz","PR",-24.1331,-53.3167,15,"Telemetria",2
"64849000","Marechal Cândido Rondon","PR",-24.3939,-54.1383,15,"Telemetria",2
"64850050","Marechal Cândido Rondon","PR",-24.4717,-53.9986,60,"Telemetria",2
"64850100","Marechal Cândido Rondon","PR",-24.4192,-54.0286,60,"Telemetria",1
"64863100","Ouro Verde do Oeste","PR",-24.7792,-53.7608,15,"Telemetria",5
"64864100","Ouro Verde do Oeste","PR",-24.7428,-53.855,15,"Telemetria",3
"64864150","Ouro Verde do Oeste","PR",-24.7328,-53.8928,15,"Telemetria",3
"64864200","Ouro Verde do Oeste","PR",-24.7175,-53.943600000000004,15,"Telemetria",1
"65006090","São José dos Pinhais","PR",-25.4864,-49.1811,15,"Telemetria",1
"65010000","São José dos Pinhais","PR",-25.5192,-49.1456,15,"Telemetria",5
"65017006","São José dos Pinhais","PR",-25.5986,-49.2608,15,"Telemetria",2
"65025000","Araucária","PR",-25.6003,-49.5133,15,"Telemetria",3
"65026950","Araucária","PR",-25.5378,-49.5444,15,"Telemetria",3
"65028000","Balsa Nova","PR",-25.5886,-49.6319,15,"Telemetria",1
"65031500","Porto Amazonas","PR",-25.5436,-49.8747,30,"Telemetria",1
"65060001","São Mateus do Sul","PR",-25.8756,-50.3894,60,"Telemetria",1
"65094400","Rio Negrinho","SC",-26.4669,-49.5967,60,"Telemetria",1
"65141000","Mangueirinha","PR",-25.9736,-52.1683,60,"Telemetria",5
"65155001","Lapa","PR",-25.9439,-49.7961,60,"Telemetria",2
"65175001","São Mateus do Sul","PR",-26.0914,-50.3339,60,"Telemetria",1
"65220001","São Mateus do Sul","PR",-26.0192,-50.5925,60,"Telemetria",1
"65258000","Timbó Grande","SC",-26.6144,-50.6761,60,"Telemetria",1
"65259000","Timbó Grande","SC",-26.5936,-50.7283,60,"Telemetria",2
"65260001","Timbó Grande","SC",-26.5875,-50.7283,60,"Telemetria",1
"65271000","Irineópolis","SC",-26.4597,-50.8122,60,"Telemetria",3
"65275000","Porto União","SC",-26.4631,-50.8883,60,"Telemetria",2
"65280000","Porto União","SC",-26.4406,-50.8344,60,"Telemetria",2
"65293000","Porto União","SC",-26.4472,-50.9861,60,"Telemetria",6
"65310001","Porto União","SC",-26.2281,-51.0803,60,"Telemetria",2
"65365801","Porto Vitória","PR",-26.1653,-51.2281,60,"Telemetria",3
"65370001","General Carneiro","PR",-26.3869,-51.2719,60,"Telemetria",1
"65764001","Cruz Machado","PR",-25.8075,-51.2886,60,"Telemetria",1
"65774400","Pinhão","PR",-26.0094,-51.6647,60,"Telemetria",6
"65775800","Coronel Domingos Soares","PR",-26.1239,-51.8739,60,"Telemetria",3
"65775901","Coronel Domingos Soares","PR",-26.0931,-51.8797,60,"Telemetria",2
"65803001","Mangueirinha","PR",-25.7883,-52.1147,60,"Telemetria",5
"65808500","Guarapuava","PR",-25.4431,-51.4464,15,"Telemetria",2
"65809000","Guarapuava","PR",-25.3978,-51.4358,15,"Telemetria",3
"65810100","Guarapuava","PR",-25.4433,-51.4583,60,"Telemetria",1
"65812950","Guarapuava","PR",-25.4633,-51.6628,60,"Telemetria",1
"65813100","Guarapuava","PR",-25.4878,-51.7378,15,"Telemetria",4
"65819300","Pinhão","PR",-25.6119,-51.6531,15,"Telemetria",1
"65824991","Pinhão","PR",-25.6558,-51.9522,15,"Telemetria",2
"65825497","Foz do Jordão","PR",-25.7019,-52.005,15,"Telemetria",6
"65826612","Reserva do Iguaçu","PR",-25.7542,-52.0872,60,"Telemetria",2
"65855080","Virmond","PR",-25.4878,-52.2156,60,"Telemetria",4
"65855090","Virmond","PR",-25.4936,-52.2128,60,"Telemetria",1
"65883051","Saudade do Iguaçu","PR",-25.6103,-52.6164,60,"Telemetria",3
"65889700","Espigão Alto do Iguaçu","PR",-25.4103,-52.7406,60,"Telemetria",5
"65894991","Quedas do Iguaçu","PR",-25.5331,-53.0106,60,"Telemetria",2
"65927001","Coronel Vivida","PR",-26.0289,-52.6281,15,"Telemetria",1
"65928100","Itapejara D''oeste","PR",-25.9783,-52.7364,60,"Telemetria",1
"65945200","Itapejara D''oeste","PR",-26.01,-52.7939,60,"Telemetria",1
"65945600","Itapejara D''oeste","PR",-25.9922,-52.7858,60,"Telemetria",1
"65948000","Marmeleiro","PR",-26.1525,-53.02,15,"Telemetria",1
"65950200","Francisco Beltrão","PR",-26.0817,-53.0739,15,"Telemetria",2
"65954400","Bom Sucesso do Sul","PR",-26.0617,-52.9222,60,"Telemetria",2
"65954900","Francisco Beltrão","PR",-26.0389,-52.9331,60,"Telemetria",2
"65955000","Itapejara D''oeste","PR",-25.915,-52.8494,15,"Telemetria",1
"65956000","Verê","PR",-25.8831,-52.8631,15,"Telemetria",3
"65957000","Verê","PR",-25.8181,-52.9014,60,"Telemetria",2
"65960001","Verê","PR",-25.7739,-52.9244,60,"Telemetria",2
"65962000","Dois Vizinhos","PR",-25.6822,-52.9844,15,"Telemetria",1
"65963071","Cruzeiro do Iguaçu","PR",-25.5711,-53.1133,15,"Telemetria",3
"65970001","Três Barras do Paraná","PR",-25.3939,-53.1039,60,"Telemetria",1
"65973501","Nova Prata do Iguaçu","PR",-25.5419,-53.4844,60,"Telemetria",4
"65984000","Capanema","PR",-25.5853,-53.7278,30,"Telemetria",1
"66005100","Alto Paraguai","MT",-14.4772,-56.3922,60,"Telemetria",2
"66005960","Nortelândia","MT",-14.4253,-56.8247,60,"Telemetria",3
"66007000","Alto Paraguai","MT",-14.8144,-56.8382,15,"Telemetria",2
"66010000","Barra do Bugres","MT",-15.0761,-57.1819,15,"Telemetria",2
"66025500","Nova Marilândia","MT",-14.355,-57.6164,60,"Telemetria",1
"66028000","Tangará da Serra","MT",-14.5564,-57.8122,60,"Telemetria",2
"66028500","Tangará da Serra","MT",-14.5928,-57.7731,60,"Telemetria",1
"66030000","Tangará da Serra","MT",-14.61,-57.7281,15,"Telemetria",1
"66051000","Tangará da Serra","MT",-14.7106,-58.1025,30,"Telemetria",2
"66052500","Tangará da Serra","MT",-14.7606,-58.0242,60,"Telemetria",5
"66052900","Barra do Bugres","MT",-14.8261,-57.9031,60,"Telemetria",1
"66053200","Tangará da Serra","MT",-14.9756,-57.7461,60,"Telemetria",1
"66056000","Lambari D''oeste","MT",-15.2307,-57.6982,15,"Telemetria",2
"66070004","Cáceres","MT",-16.0761,-57.7022,15,"Telemetria",7
"66071353","Araputanga","MT",-15.0231,-58.7217,60,"Telemetria",2
"66071355","Araputanga","MT",-15.0369,-58.7358,60,"Telemetria",1
"66071363","Araputanga","MT",-15.0528,-58.7508,60,"Telemetria",2
"66071380","Jauru","MT",-15.1322,-58.7297,60,"Telemetria",2
"66071390","Jauru","MT",-15.2622,-58.7222,60,"Telemetria",2
"66071397","Indiavaí","MT",-15.2919,-58.7075,60,"Telemetria",2
"66071450","Indiavaí","MT",-15.3922,-58.6375,15,"Telemetria",1
"66120000","Cáceres","MT",-17.1433,-57.3594,15,"Telemetria",1
"66162000","Chapada dos Guimarães","MT",-14.81,-55.2761,60,"Telemetria",3
"66164600","Chapada dos Guimarães","MT",-15.5175,-55.4028,60,"Telemetria",3
"66165000","Chapada dos Guimarães","MT",-15.3669,-55.4367,60,"Telemetria",2
"66170100","Chapada dos Guimarães","MT",-15.3569,-55.3986,60,"Telemetria",2
"66170600","Chapada dos Guimarães","MT",-15.3422,-55.4611,60,"Telemetria",2
"66171500","Chapada dos Guimarães","MT",-15.0919,-55.4417,60,"Telemetria",5
"66174000","Chapada dos Guimarães","MT",-15.2136,-55.6411,60,"Telemetria",3
"66201200","Santo Antônio do Leverger","MT",-16.1111,-55.3758,60,"Telemetria",1
"66201300","Santo Antônio do Leverger","MT",-15.965,-55.3469,60,"Telemetria",1
"66259650","Cuiabá","MT",-15.6175,-56.0511,15,"Telemetria",2
"66260001","Cuiabá","MT",-15.6156,-56.1086,15,"Telemetria",5
"66280000","Barão de Melgaço","MT",-16.1928,-55.9669,15,"Telemetria",2
"66384000","Jaciara","MT",-15.9964,-55.0961,60,"Telemetria",4
"66385500","Jaciara","MT",-15.9767,-55.0836,60,"Telemetria",1
"66386000","Jaciara","MT",-15.9872,-55.0711,60,"Telemetria",7
"66400050","Juscimeira","MT",-16.0964,-55.0425,60,"Telemetria",1
"66400060","Juscimeira","MT",-16.1039,-54.9908,60,"Telemetria",1
"66400390","Juscimeira","MT",-16.2189,-54.9431,60,"Telemetria",1
"66420000","Poxoréo","MT",-15.7975,-54.3608,60,"Telemetria",2
"66420160","Poxoréo","MT",-15.8342,-54.4056,60,"Telemetria",2
"66420250","Poxoréo","MT",-15.8508,-54.3753,60,"Telemetria",1
"66425000","Tangará da Serra","MT",-14.4194,-57.8183,60,"Telemetria",4
"66450010","Rondonópolis","MT",-16.4806,-54.6536,15,"Telemetria",3
"66452500","Rondonópolis","MT",-16.7483,-54.7217,15,"Telemetria",1
"66453000","Rondonópolis","MT",-16.7128,-54.7478,60,"Telemetria",1
"66454900","Rondonópolis","MT",-16.6669,-54.7356,60,"Telemetria",1
"66460000","Santo Antônio do Leverger","MT",-16.6081,-55.2064,15,"Telemetria",2
"66483800","Itiquira","MT",-17.5164,-54.4178,60,"Telemetria",2
"66522000","Itiquira","MT",-17.1386,-54.8192,60,"Telemetria",2
"66523000","Itiquira","MT",-17.0908,-54.8311,60,"Telemetria",3
"66525100","Itiquira","MT",-17.0953,-54.9361,60,"Telemetria",1
"66600000","Paiaguás","MS",-17.2017,-56.0086,15,"Telemetria",1
"66810000","Corumbá","MS",-18.3939,-57.3911,15,"Telemetria",4
"66825000","Ladário","MS",-19.0017,-57.5942,15,"Telemetria",1
"66830000","Alto Taquari","MT",-17.9319,-53.3753,60,"Telemetria",1
"66861000","São Gabriel do Oeste","MS",-19.4133,-54.4589,60,"Telemetria",2
"66870000","Coxim","MS",-18.5078,-54.7619,15,"Telemetria",5
"66900000","Bonito","MS",-20.7619,-56.0911,15,"Telemetria",1
"66910000","Miranda","MS",-20.2408,-56.3992,15,"Telemetria",3
"66941000","Dois Irmãos do Buriti","MS",-20.4481,-55.4281,15,"Telemetria",2
"66945000","Aquidauana","MS",-20.4783,-55.8014,15,"Telemetria",1
"67100000","Porto Murtinho","MS",-21.7003,-57.8911,15,"Telemetria",4
"70120000","São José dos Ausentes","RS",-28.4456,-49.8975,60,"Telemetria",5
"70305000","São Joaquim","SC",-28.0894,-50.0614,60,"Telemetria",1
"70305100","Lages","SC",-28.1964,-50.1731,60,"Telemetria",1
"70371000","Anita Garibaldi","SC",-27.7769,-50.9481,60,"Telemetria",2
"70600000","Campo Belo do Sul","SC",-28.02,-50.7822,60,"Telemetria",6
"70710000","Vacaria","RS",-28.2628,-50.7608,60,"Telemetria",4
"70719960","Vacaria","RS",-28.2858,-50.84,60,"Telemetria",1
"70720000","Vacaria","RS",-28.2869,-50.8333,60,"Telemetria",2
"70840080","Pinhal da Serra","RS",-27.78,-51.1917,60,"Telemetria",4
"70841500","Esmeralda","RS",-28.0819,-51.2583,30,"Telemetria",2
"70842000","Esmeralda","RS",-27.9631,-51.3375,60,"Telemetria",4
"70843500","Lagoa Vermelha","RS",-27.8572,-51.3814,60,"Telemetria",2
"70844200","Barracão","RS",-27.8197,-51.3753,60,"Telemetria",4
"70845000","Barracão","RS",-27.7381,-51.3133,60,"Telemetria",2
"71200000","Bocaina do Sul","SC",-27.8028,-49.7786,15,"Telemetria",6
"71300000","Bocaina do Sul","SC",-27.7022,-49.84,15,"Telemetria",2
"71325000","Bocaina do Sul","SC",-27.6556,-49.9522,60,"Telemetria",2
"71350001","Otacílio Costa","SC",-27.5078,-50.1128,15,"Telemetria",3
"71380500","Campos Novos","SC",-27.5322,-51.4233,60,"Telemetria",2
"71380600","Campos Novos","SC",-27.5411,-51.44,60,"Telemetria",1
"71383300","Ponte Alta","SC",-27.4858,-50.3917,60,"Telemetria",1
"71386500","Curitibanos","SC",-27.4881,-50.5225,60,"Telemetria",1
"71491100","Curitibanos","SC",-27.2008,-50.5625,60,"Telemetria",1
"71491800","Curitibanos","SC",-27.1922,-50.6175,60,"Telemetria",1
"71491900","Curitibanos","SC",-27.1961,-50.6175,60,"Telemetria",2
"71496300","Fraiburgo","SC",-27.0967,-50.7211,30,"Telemetria",1
"71497000","Curitibanos","SC",-27.225,-50.7339,60,"Telemetria",1
"71540000","São José do Cerrito","SC",-27.5169,-50.8322,30,"Telemetria",3
"71621000","Lages","SC",-27.8117,-50.4794,60,"Telemetria",1
"71647000","São José do Cerrito","SC",-27.6711,-50.7097,60,"Telemetria",2
"71655000","São José do Cerrito","SC",-27.6339,-50.7806,60,"Telemetria",1
"71700000","Abdon Batista","SC",-27.6264,-50.9858,30,"Telemetria",2
"71840000","Celso Ramos","SC",-27.6064,-51.3256,60,"Telemetria",2
"71900000","Campos Novos","SC",-27.5828,-51.3539,60,"Telemetria",4
"72080000","Barracão","RS",-27.6433,-51.4889,60,"Telemetria",1
"72428000","Sananduva","RS",-27.8786,-51.7542,60,"Telemetria",4
"72700000","Piratuba","SC",-27.5206,-51.8108,60,"Telemetria",2
"72715000","Rio das Antas","SC",-26.8958,-51.0756,15,"Telemetria",7
"72810000","Tangará","SC",-27.0881,-51.2581,15,"Telemetria",9
"72815000","Tangará","SC",-27.0881,-51.2578,15,"Telemetria",2
"72849000","Joaçaba","SC",-27.1594,-51.4811,15,"Telemetria",2
"72870250","Lacerdópolis","SC",-27.2644,-51.5467,60,"Telemetria",1
"72870900","Marcelino Ramos","RS",-27.5619,-51.8578,60,"Telemetria",5
"72880000","Ouro","SC",-27.3394,-51.6114,60,"Telemetria",6
"73170300","Arabuta","SC",-27.1703,-52.1617,30,"Telemetria",1
"73203000","Irati","SC",-26.6556,-52.9108,60,"Telemetria",5
"73204000","Jardinópolis","SC",-26.7169,-52.8914,60,"Telemetria",2
"73204800","Itá","SC",-27.2567,-52.3456,60,"Telemetria",1
"73249000","Ponte Serrada","SC",-26.9361,-51.8958,60,"Telemetria",6
"73250500","Ponte Serrada","SC",-26.9406,-51.9528,60,"Telemetria",1
"73310000","Xavantina","SC",-26.9408,-52.2611,15,"Telemetria",1
"73335000","Arvoredo","SC",-27.0719,-52.4636,15,"Telemetria",1
"73390000","Pontão","RS",-27.9453,-52.5811,60,"Telemetria",4
"73420080","Entre Rios do Sul","RS",-27.5539,-52.7425,60,"Telemetria",3
"73437000","Trindade do Sul","RS",-27.4964,-52.8031,30,"Telemetria",2
"73445000","Cruzaltense","RS",-27.6694,-52.5842,60,"Telemetria",2
"73448000","São Valentim","RS",-27.5703,-52.6781,60,"Telemetria",1
"73510000","Guatambu","SC",-27.1458,-52.7775,60,"Telemetria",1
"73552000","Água Doce","SC",-26.6822,-51.5617,60,"Telemetria",1
"73560000","Água Doce","SC",-26.6764,-51.7217,60,"Telemetria",1
"73582000","Passos Maia","SC",-26.6808,-52.0442,60,"Telemetria",4
"73582900","Abelardo Luz","SC",-26.6264,-52.2267,15,"Telemetria",2
"73600600","Ipuaçu","SC",-26.6561,-52.5433,30,"Telemetria",1
"73620000","Água Doce","SC",-26.6992,-51.8247,60,"Telemetria",3
"73674500","Ponte Serrada","SC",-26.8489,-51.8753,60,"Telemetria",2
"73690030","Passos Maia","SC",-26.7758,-52.0422,60,"Telemetria",1
"73691000","Passos Maia","SC",-26.7947,-52.1378,60,"Telemetria",2
"73693500","Faxinal dos Guedes","SC",-26.7611,-52.3378,30,"Telemetria",4
"73693800","Bom Jesus","SC",-26.7528,-52.3842,60,"Telemetria",2
"73698500","Bom Jesus","SC",-26.7497,-52.3997,60,"Telemetria",1
"73712000","Marema","SC",-26.7983,-52.5911,60,"Telemetria",1
"73770000","Coronel Freitas","SC",-26.8175,-52.7344,15,"Telemetria",2
"73819000","Águas Frias","SC",-26.8544,-52.9006,15,"Telemetria",2
"73892000","Saudades","SC",-26.9044,-53.0303,60,"Telemetria",2
"73960000","São Carlos","SC",-27.0419,-52.9544,15,"Telemetria",6
"74040080","Águas de Chapecó","SC",-27.14,-53.0433,60,"Telemetria",2
"74100000","Iraí","RS",-27.1756,-53.2297,15,"Telemetria",2
"74120700","Carazinho","RS",-28.2472,-52.8011,60,"Telemetria",1
"74120900","Almirante Tamandaré do Sul","RS",-28.1025,-53.0153,60,"Telemetria",2
"74201000","Anchieta","SC",-26.4628,-53.3164,60,"Telemetria",1
"74295000","Caibi","SC",-27.0133,-53.2953,15,"Telemetria",2
"74300000","Guaraciaba","SC",-26.5881,-53.4536,15,"Telemetria",4
"74315000","Barra Bonita","SC",-26.7219,-53.3756,60,"Telemetria",2
"74324000","Flor do Sertão","SC",-26.7931,-53.3969,60,"Telemetria",2
"74329000","Itapiranga","SC",-27.1717,-53.7097,15,"Telemetria",1
"74350000","Redentora","RS",-27.6139,-53.5714,60,"Telemetria",1
"74351000","Erval Seco","RS",-27.5589,-53.5764,60,"Telemetria",2
"74356000","Erval Seco","RS",-27.4303,-53.5611,60,"Telemetria",1
"74359000","Seberi","RS",-27.6028,-53.3917,60,"Telemetria",1
"74400080","Paraíso","SC",-26.6678,-53.6508,60,"Telemetria",4
"74423080","Bandeirante","SC",-26.8347,-53.6658,30,"Telemetria",1
"74462000","Santo Augusto","RS",-27.8203,-53.7328,60,"Telemetria",1
"74463000","Campo Novo","RS",-27.7089,-53.775,60,"Telemetria",3
"74468500","Bom Progresso","RS",-27.5353,-53.815,60,"Telemetria",3
"74500000","Tiradentes do Sul","RS",-27.3019,-54.1397,15,"Telemetria",1
"74549990","Inhacorá","RS",-27.8969,-54.1072,60,"Telemetria",2
"74660000","Giruá","RS",-27.8317,-54.3539,60,"Telemetria",1
"74690001","Três de Maio","RS",-27.7714,-54.3889,60,"Telemetria",1
"74720000","Porto Maua","RS",-27.5781,-54.6831,15,"Telemetria",1
"74761000","Tuparendi","RS",-27.7661,-54.6236,15,"Telemetria",2
"74800000","Porto Lucena","RS",-27.8525,-55.0256,15,"Telemetria",2
"75060000","Panambi","RS",-28.3969,-53.4583,60,"Telemetria",1
"75155010","Bozano","RS",-28.2869,-53.7803,30,"Telemetria",1
"75181000","Ijuí","RS",-28.3128,-53.9131,60,"Telemetria",1
"75187000","Ijuí","RS",-28.3603,-53.9008,60,"Telemetria",2
"75188000","Ijuí","RS",-28.5383,-53.8633,60,"Telemetria",2
"75199000","Augusto Pestana","RS",-28.4864,-53.9503,60,"Telemetria",1
"75230000","Entre-ijuis","RS",-28.3553,-54.2675,15,"Telemetria",1
"75270000","Jóia","RS",-28.7778,-53.9817,60,"Telemetria",2
"75287000","Eugênio de Castro","RS",-28.5433,-54.1553,60,"Telemetria",2
"75288000","Entre-ijuis","RS",-28.4417,-54.2886,60,"Telemetria",1
"75290000","Entre-ijuis","RS",-28.4122,-54.3025,60,"Telemetria",4
"75305000","Cerro Largo","RS",-28.1997,-54.6431,30,"Telemetria",1
"75307000","Caibaté","RS",-28.2925,-54.6967,30,"Telemetria",3
"75318000","Rolador","RS",-28.2275,-54.7547,30,"Telemetria",3
"75326000","Salvador das Missões","RS",-28.1744,-54.8192,30,"Telemetria",4
"75342000","Roque Gonzales","RS",-28.1325,-55.0517,60,"Telemetria",4
"75343000","Quinze de Novembro","RS",-28.1589,-55.0625,60,"Telemetria",2
"75344000","Roque Gonzales","RS",-28.1239,-55.0533,60,"Telemetria",1
"75550000","Garruchos","RS",-28.1822,-55.6433,15,"Telemetria",2
"75650010","Itacurubi","RS",-28.7425,-55.1625,15,"Telemetria",4
"75780000","São Borja","RS",-28.6244,-56.0369,15,"Telemetria",3
"75881800","Entre-ijuis","RS",-28.4208,-54.2978,60,"Telemetria",2
"75900000","Itaqui","RS",-29.1175,-56.5544,15,"Telemetria",4
"76084040","Quevedos","RS",-29.4208,-54.0528,60,"Telemetria",2
"76115800","Quevedos","RS",-29.4611,-54.1942,60,"Telemetria",2
"76150050","Alegrete","RS",-29.4683,-56.4756,15,"Telemetria",1
"76251000","Dom Pedrito","RS",-30.9703,-54.6933,15,"Telemetria",1
"76290000","Rosário do Sul","RS",-30.5183,-55.0431,15,"Telemetria",5
"76300000","Rosário do Sul","RS",-30.2808,-54.9031,15,"Telemetria",1
"76431000","Jaguari","RS",-29.3803,-54.5103,60,"Telemetria",2
"76750000","Alegrete","RS",-29.7683,-55.7875,15,"Telemetria",3
"77150000","Uruguaiana","RS",-29.7486,-57.0886,15,"Telemetria",4
"77500000","Quaraí","RS",-30.3844,-56.4656,15,"Telemetria",4
"79400000","Bagé","RS",-31.5339,-54.2944,15,"Telemetria",2
"80360200","Cubatão","SP",-23.8789,-46.4478,30,"Telemetria",2
"81019000","Castro","PR",-24.8939,-49.5858,60,"Telemetria",1
"81019350","Campo Largo","PR",-25.2344,-49.5964,15,"Telemetria",4
"81030000","Rio Branco do Sul","PR",-25.15,-49.4219,30,"Telemetria",2
"81139500","Cerro Azul","PR",-24.8433,-49.2733,15,"Telemetria",1
"81167000","Barra do Chapeu","SP",-24.4822,-49.0664,30,"Telemetria",1
"81168000","Barra do Chapeu","SP",-24.4842,-49.1136,30,"Telemetria",1
"81169550","Ribeira","SP",-24.6114,-49.1267,30,"Telemetria",1
"81200000","Adrianópolis","PR",-24.6556,-48.9997,15,"Telemetria",2
"81301001","Campina Grande do Sul","PR",-25.1383,-48.8744,60,"Telemetria",5
"81303001","Bocaiúva do Sul","PR",-25.0881,-48.8272,60,"Telemetria",2
"81335000","Adrianópolis","PR",-24.7586,-48.5086,15,"Telemetria",1
"81337000","Barra do Turvo","SP",-24.8739,-48.4847,15,"Telemetria",7
"81350000","Iporanga","SP",-24.5864,-48.5922,15,"Telemetria",3
"81429500","Juquitiba","SP",-23.8864,-47.1369,15,"Telemetria",2
"81495200","Ibiuna","SP",-24.0103,-47.2936,30,"Telemetria",4
"81498080","Tapiraí","SP",-24.0814,-47.4767,60,"Telemetria",1
"81499085","Juquiá","SP",-24.1511,-47.5547,60,"Telemetria",1
"81501000","Juquiá","SP",-24.1094,-47.6861,30,"Telemetria",2
"81545000","Juquiá","SP",-24.2886,-47.6172,15,"Telemetria",2
"81595000","Pedro de Toledo","SP",-24.2461,-47.2608,15,"Telemetria",2
"81630000","Miracatu","SP",-24.2811,-47.4606,15,"Telemetria",2
"81679000","Juquiá","SP",-24.3206,-47.625,15,"Telemetria",1
"81699000","Cajati","SP",-24.8003,-48.1736,15,"Telemetria",2
"81710000","Jacupiranga","SP",-24.6897,-48.0014,15,"Telemetria",4
"81870000","Iguape","SP",-24.5708,-47.6242,15,"Telemetria",1
"82002000","Guaraqueçaba","PR",-25.16,-48.2425,15,"Telemetria",1
"82230001","Tijucas do Sul","PR",-25.8203,-49.065,60,"Telemetria",1
"82230015","São José dos Pinhais","PR",-25.8081,-48.9944,60,"Telemetria",4
"82230815","Morretes","PR",-25.7122,-48.9706,60,"Telemetria",1
"82430000","Schroeder","SC",-26.2947,-49.0614,60,"Telemetria",1
"82549000","Schroeder","SC",-26.4392,-49.0628,15,"Telemetria",2
"82569300","Guaramirim","SC",-26.5336,-48.8531,60,"Telemetria",1
"83020000","Taió","SC",-26.9914,-50.1711,60,"Telemetria",2
"83029900","Taió","SC",-27.0397,-50.1242,15,"Telemetria",2
"83030000","Taió","SC",-27.0972,-50.0386,15,"Telemetria",6
"83035000","Salete","SC",-26.9689,-50.0017,15,"Telemetria",1
"83040000","Mirim Doce","SC",-27.2006,-50.0708,15,"Telemetria",3
"83059000","Rio do Oeste","SC",-27.1986,-49.7856,60,"Telemetria",7
"83105000","Alfredo Wagner","SC",-27.6839,-49.3631,15,"Telemetria",1
"83250000","Ituporanga","SC",-27.3986,-49.6058,15,"Telemetria",4
"83270000","Aurora","SC",-27.2936,-49.6506,60,"Telemetria",5
"83300200","Rio do Sul","SC",-27.2078,-49.6292,15,"Telemetria",1
"83349600","José Boiteux","SC",-26.8992,-49.6628,60,"Telemetria",3
"83372100","Presidente Getúlio","SC",-26.9989,-49.6539,60,"Telemetria",1
"83441000","Ibirama","SC",-27.0536,-49.5164,60,"Telemetria",4
"83461000","Apiuna","SC",-27.0969,-49.4658,60,"Telemetria",6
"83500000","Apiuna","SC",-27.0375,-49.3919,15,"Telemetria",1
"83610500","Benedito Novo","SC",-26.7758,-49.3719,60,"Telemetria",1
"83629000","Benedito Novo","SC",-26.7592,-49.4067,60,"Telemetria",3
"83662000","Benedito Novo","SC",-26.8047,-49.3567,60,"Telemetria",1
"83669000","Rio dos Cedros","SC",-26.615,-49.4056,60,"Telemetria",1
"83674000","Rio dos Cedros","SC",-26.6072,-49.3392,60,"Telemetria",3
"83677000","Timbó","SC",-26.8297,-49.2719,15,"Telemetria",3
"83695000","Indaial","SC",-26.9075,-49.1942,60,"Telemetria",4
"83750000","Blumenau","SC",-26.8808,-49.1014,60,"Telemetria",4
"83800002","Blumenau","SC",-26.9186,-49.0656,15,"Telemetria",3
"83880000","Luiz Alves","SC",-26.7239,-48.9311,15,"Telemetria",2
"83892990","Vidal Ramos","SC",-27.33,-49.33,15,"Telemetria",1
"83900000","Brusque","SC",-27.1006,-48.9167,15,"Telemetria",1
"84015900","Angelina","SC",-27.5489,-49.0064,60,"Telemetria",4
"84017200","Angelina","SC",-27.5278,-49.0986,60,"Telemetria",1
"84017280","Angelina","SC",-27.5161,-49.0731,60,"Telemetria",1
"84022000","Angelina","SC",-27.4783,-48.9761,60,"Telemetria",2
"84030000","Major Gercino","SC",-27.4167,-48.9544,60,"Telemetria",3
"84034500","Major Gercino","SC",-27.3997,-49.0325,60,"Telemetria",4
"84072000","Leoberto Leal","SC",-27.3914,-49.2619,60,"Telemetria",1
"84075000","Nova Trento","SC",-27.3194,-49.1008,60,"Telemetria",2
"84079000","Nova Trento","SC",-27.2967,-48.9703,60,"Telemetria",4
"84095500","São João Batista","SC",-27.275,-48.85,15,"Telemetria",6
"84100000","Santo Amaro da Imperatriz","SC",-27.7044,-48.8033,15,"Telemetria",6
"84110000","Camboriu","SC",-27.0239,-48.7044,60,"Telemetria",1
"84140000","São José","SC",-27.5808,-48.73,30,"Telemetria",1
"84150100","Palhoça","SC",-27.6925,-48.7097,15,"Telemetria",1
"84249998","Orleans","SC",-28.3586,-49.295,15,"Telemetria",1
"84422100","Camboriu","SC",-27.0892,-48.6931,60,"Telemetria",1
"84520002","Anitápolis","SC",-28.0017,-49.1139,60,"Telemetria",3
"84531000","Santa Rosa de Lima","SC",-28.0492,-49.13,60,"Telemetria",2
"84534000","Santa Rosa de Lima","SC",-28.0817,-49.1481,60,"Telemetria",1
"84536000","Rio Fortuna","SC",-28.1278,-49.1203,60,"Telemetria",3
"84538500","Rio Fortuna","SC",-28.1569,-49.1214,60,"Telemetria",5
"84559800","Braço do Norte","SC",-28.2389,-49.1631,15,"Telemetria",3
"84580000","Tubarão","SC",-28.4206,-49.1064,15,"Telemetria",3
"84580500","Tubarão","SC",-28.47,-48.9917,15,"Telemetria",5
"84597100","São Bonifácio","SC",-28.0881,-48.9392,60,"Telemetria",1
"84598002","São Martinho","SC",-28.1656,-48.9717,15,"Telemetria",3
"84820000","Forquilhinha","SC",-28.7492,-49.4744,15,"Telemetria",3
"84853000","Meleiro","SC",-28.8536,-49.5897,15,"Telemetria",4
"84949800","Ermo","SC",-28.9725,-49.6372,15,"Telemetria",3
"85040000","Nicolau Vergueiro","RS",-28.4733,-52.4047,60,"Telemetria",2
"85050100","Tio Hugo","RS",-28.5628,-52.5536,60,"Telemetria",2
"85050300","Tio Hugo","RS",-28.5992,-52.5975,60,"Telemetria",1
"85076000","Victor Graeff","RS",-28.6728,-52.7311,60,"Telemetria",2
"85080001","Espumoso","RS",-28.7197,-52.8492,60,"Telemetria",1
"85110000","Tapera","RS",-28.6428,-52.9269,60,"Telemetria",1
"85130000","Soledade","RS",-28.84,-52.7019,60,"Telemetria",1
"85140000","Alto Alegre","RS",-28.7492,-52.9794,60,"Telemetria",1
"85170100","Carazinho","RS",-28.2622,-53.1217,30,"Telemetria",1
"85180000","Ibiruba","RS",-28.5461,-53.165,60,"Telemetria",1
"85290000","Salto do Jacuí","RS",-29.0508,-53.2653,60,"Telemetria",1
"85310000","Salto do Jacuí","RS",-29.1194,-53.4058,60,"Telemetria",1
"85350000","Júlio de Castilhos","RS",-29.1289,-53.3178,60,"Telemetria",1
"85365000","Pinhal Grande","RS",-29.2597,-53.2353,60,"Telemetria",1
"85365500","Nicolau Vergueiro","RS",-28.555,-52.4936,60,"Telemetria",1
"85380500","Arroio do Tigre","RS",-29.2311,-53.1175,60,"Telemetria",2
"85500010","Lagoa dos Tres Cantos","RS",-28.5272,-52.8878,60,"Telemetria",1
"85500100","Lagoa dos Tres Cantos","RS",-28.5794,-52.92,60,"Telemetria",2
"85623010","São Sepé","RS",-30.1942,-53.5633,15,"Telemetria",1
"85642000","Cachoeira do Sul","RS",-30.0078,-53.0156,15,"Telemetria",1
"85800000","Sinimbu","RS",-29.5014,-52.5519,15,"Telemetria",2
"85900000","Rio Pardo","RS",-29.995,-52.3756,15,"Telemetria",4
"86060010","Cambará do Sul","RS",-28.9489,-50.0556,60,"Telemetria",3
"86099000","Bom Jesus","RS",-28.8047,-50.4936,60,"Telemetria",4
"86100600","Bom Jesus","RS",-28.7575,-50.5211,60,"Telemetria",7
"86102000","São Francisco de Paula","RS",-28.8644,-50.5622,60,"Telemetria",5
"86110000","São Francisco de Paula","RS",-28.8161,-50.6214,60,"Telemetria",2
"86117000","Vila Maria","RS",-28.79,-50.6789,60,"Telemetria",3
"86125050","Muitos Capões","RS",-28.5486,-51.3017,60,"Telemetria",2
"86125120","Muitos Capões","RS",-28.5719,-51.3111,60,"Telemetria",2
"86125130","Muitos Capões","RS",-28.5919,-51.3247,60,"Telemetria",1
"86125200","Muitos Capões","RS",-28.6364,-51.3806,60,"Telemetria",1
"86160000","Jaquirana","RS",-28.8681,-50.4561,15,"Telemetria",2
"86163000","Monte Alegre dos Campos","RS",-28.7869,-50.7447,60,"Telemetria",1
"86280500","São Marcos","RS",-29.0367,-51.0956,60,"Telemetria",2
"86305000","Nova Roma do Sul","RS",-29.0058,-51.3853,60,"Telemetria",2
"86321000","Nova Padua","RS",-29.0633,-51.3236,60,"Telemetria",3
"86350000","Muitos Capões","RS",-28.4725,-51.36,60,"Telemetria",1
"86404200","Muitos Capões","RS",-28.5981,-51.3992,60,"Telemetria",1
"86406000","André da Rocha","RS",-28.6189,-51.4011,60,"Telemetria",1
"86410050","Antônio Prado","RS",-28.8086,-51.4467,60,"Telemetria",2
"86410800","Protásio Alves","RS",-28.7983,-51.4744,60,"Telemetria",2
"86447000","Nova Roma do Sul","RS",-28.9714,-51.4611,60,"Telemetria",1
"86448000","Veranópolis","RS",-29.0292,-51.5219,60,"Telemetria",1
"86450000","Bento Gonçalves","RS",-29.075,-51.5239,60,"Telemetria",3
"86470800","Cotiporã","RS",-29.0658,-51.6744,60,"Telemetria",4
"86471000","Cotiporã","RS",-29.0797,-51.6814,60,"Telemetria",1
"86472000","Santa Tereza","RS",-29.0978,-51.6997,15,"Telemetria",2
"86472600","Santa Tereza","RS",-29.1781,-51.7322,15,"Telemetria",1
"86479000","São Domingos do Sul","RS",-28.5792,-51.8686,60,"Telemetria",1
"86488000","Serafina Corrêa","RS",-28.6847,-51.8506,60,"Telemetria",1
"86490500","Serafina Corrêa","RS",-28.7117,-51.8525,60,"Telemetria",1
"86500000","Guaporé","RS",-28.8489,-51.8325,15,"Telemetria",1
"86505500","Dois Lajeados","RS",-28.9414,-51.7694,60,"Telemetria",2
"86510000","Muçum","RS",-29.1672,-51.8686,15,"Telemetria",3
"86520000","Marau","RS",-28.3511,-52.2147,60,"Telemetria",2
"86720000","Encantado","RS",-29.2344,-51.855,15,"Telemetria",1
"86743800","São José do Herval","RS",-29.0533,-52.2194,60,"Telemetria",2
"86780000","Travesseiro","RS",-29.2239,-52.1622,15,"Telemetria",1
"86879300","Estrela","RS",-29.4733,-51.9622,15,"Telemetria",2
"86881000","Bom Retiro do Sul","RS",-29.6081,-51.9511,15,"Telemetria",1
"86895000","Venancio Aires","RS",-29.6922,-51.97,15,"Telemetria",2
"86950000","Taquari","RS",-29.8069,-51.8758,15,"Telemetria",1
"87010000","Triunfo","RS",-29.9419,-51.6942,15,"Telemetria",1
"87070000","São Francisco de Paula","RS",-29.2994,-50.5697,60,"Telemetria",1
"87100000","São Francisco de Paula","RS",-29.3153,-50.6806,60,"Telemetria",2
"87120000","São Francisco de Paula","RS",-29.2683,-50.7467,60,"Telemetria",2
"87150000","Caxias do Sul","RS",-29.3075,-50.9958,15,"Telemetria",2
"87160000","Caxias do Sul","RS",-29.3356,-51.1889,15,"Telemetria",3
"87165001","Feliz","RS",-29.455,-51.3061,15,"Telemetria",1
"87168000","São Vendelino","RS",-29.3828,-51.3689,15,"Telemetria",1
"87170000","São Sebastião do Caí","RS",-29.59,-51.3833,15,"Telemetria",4
"87189000","Picada Café","RS",-29.4614,-51.14,15,"Telemetria",2
"87200000","Santa Maria do Herval","RS",-29.5011,-51.0022,60,"Telemetria",1
"87230000","São Sebastião do Caí","RS",-29.5906,-51.3136,15,"Telemetria",2
"87242000","Guaíba","RS",-30.1075,-51.3111,15,"Telemetria",1
"87270000","Montenegro","RS",-29.7011,-51.4411,15,"Telemetria",2
"87309010","Três Forquilhas","RS",-29.5097,-50.0911,15,"Telemetria",1
"87317030","Maquiné","RS",-29.6519,-50.2092,15,"Telemetria",1
"87350000","Rolante","RS",-29.645,-50.5106,15,"Telemetria",1
"87376000","Taquara","RS",-29.6858,-50.8122,15,"Telemetria",2
"87380000","Campo Bom","RS",-29.6917,-51.0461,15,"Telemetria",6
"87382000","São Leopoldo","RS",-29.7589,-51.1483,15,"Telemetria",4
"87399000","Gravataí","RS",-29.9644,-50.9778,15,"Telemetria",6
"87401750","Alvorada","RS",-29.9683,-51.0367,15,"Telemetria",3
"87409000","Dom Pedrito","RS",-31.1475,-54.7594,15,"Telemetria",2
"87450004","Porto Alegre","RS",-30.0211,-51.2211,15,"Telemetria",4
"87510015","Capivari do Sul","RS",-30.1544,-50.5528,15,"Telemetria",1
"87510049","Barão do Triunfo","RS",-30.3106,-51.8475,60,"Telemetria",1
"87550050","Bagé","RS",-30.9083,-53.8206,15,"Telemetria",3
"87795000","Encruzilhada do Sul","RS",-30.7956,-52.6242,60,"Telemetria",1
"87905000","Cristal","RS",-31.0119,-52.0525,15,"Telemetria",2
"87920500","São Lourenço do Sul","RS",-31.29,-52.1175,15,"Telemetria",1
"88060200","Rio Grande","RS",-32.5408,-52.5394,15,"Telemetria",1
"88150900","Santa Vitória do Palmar","RS",-32.8336,-52.6436,15,"Telemetria",1
"88260000","Jaguarão","RS",-32.5194,-53.4558,15,"Telemetria",7
"A001","Brasilia","DF",-15.78944444,-47.92583332,60,"INMET subdiário",17
"A002","Goiania","GO",-16.64277777,-49.22027777,60,"INMET subdiário",10
"A003","Morrinhos","GO",-17.74499999,-49.10166666,60,"INMET subdiário",14
"A005","Porangatu","GO",-13.30944444,-49.11749999,60,"INMET subdiário",3
"A009","Palmas","TO",-10.14777777,-48.31444444,60,"INMET subdiário",9
"A010","Parana","TO",-12.615,-47.87194443,60,"INMET subdiário",4
"A011","Sao Simao","GO",-18.96916666,-50.63333333,60,"INMET subdiário",4
"A012","Luziania","GO",-16.26055555,-47.96694443,60,"INMET subdiário",7
"A013","Aragarcas","GO",-15.90277777,-52.24527777,60,"INMET subdiário",9
"A014","Goias","GO",-15.93972221,-50.14138888,60,"INMET subdiário",11
"A015","Itapaci","GO",-14.97972221,-49.53944444,60,"INMET subdiário",2
"A016","Jatai","GO",-17.9236111,-51.71749999,60,"INMET subdiário",11
"A017","Posse","GO",-14.08916666,-46.36638888,60,"INMET subdiário",4
"A018","Peixe","TO",-12.01527777,-48.54444444,60,"INMET subdiário",6
"A019","Gurupi","TO",-11.74499999,-49.05166666,60,"INMET subdiário",11
"A020","Pedro Afonso","TO",-8.9686111,-48.17722221,60,"INMET subdiário",10
"A021","Araguaina","TO",-7.10388888,-48.20111111,60,"INMET subdiário",7
"A022","Goianesia","GO",-15.22027777,-48.98999999,60,"INMET subdiário",6
"A023","Caiaponia","GO",-16.96694443,-51.81749999,60,"INMET subdiário",6
"A024","Alto Paraiso de Goias","GO",-14.13305554,-47.52333332,60,"INMET subdiário",6
"A025","Rio Verde","GO",-17.78527777,-50.965,60,"INMET subdiário",8
"A026","Mineiros","GO",-17.45472222,-52.60111111,60,"INMET subdiário",7
"A027","Parauna","GO",-16.9625,-50.42555554,60,"INMET subdiário",9
"A028","Ipora","GO",-16.42305554,-51.14888888,60,"INMET subdiário",7
"A029","Edeia","GO",-17.33694444,-49.91472222,60,"INMET subdiário",2
"A031","Sao Miguel do Araguaia","GO",-12.82055554,-50.33583333,60,"INMET subdiário",3
"A032","Monte Alegre de Goias","GO",-13.25361111,-46.89027777,60,"INMET subdiário",2
"A033","Pires do Rio","GO",-17.30416666,-48.28416666,60,"INMET subdiário",9
"A034","Catalao","GO",-18.154779,-47.927614,60,"INMET subdiário",9
"A035","Itumbiara","GO",-18.40972222,-49.19194444,60,"INMET subdiário",7
"A036","Cristalina","GO",-16.78499999,-47.61305555,60,"INMET subdiário",13
"A037","Silvania","GO",-16.67972221,-48.61805554,60,"INMET subdiário",4
"A038","Dianopolis","TO",-11.59444444,-46.84722221,60,"INMET subdiário",6
"A039","Formoso do Araguaia","TO",-11.88749999,-49.60833333,60,"INMET subdiário",4
"A040","Mateiros","TO",-10.43444444,-45.92194443,60,"INMET subdiário",4
"A041","Marianopolis do To","TO",-9.57638888,-49.72333332,60,"INMET subdiário",3
"A042","Brazlandia","DF",-15.59972221,-48.1311111,60,"INMET subdiário",4
"A043","Campos Lindos","TO",-8.15472222,-46.63944444,60,"INMET subdiário",4
"A044","Araguatins","TO",-5.6436111,-48.11194444,60,"INMET subdiário",7
"A045","Aguas Emendadas","DF",-15.59638888,-47.62583332,60,"INMET subdiário",11
"A046","Gama (ponte Alta)","DF",-15.93527777,-48.13749999,60,"INMET subdiário",7
"A047","Paranoa (coopa-df)","DF",-16.01222222,-47.5575,60,"INMET subdiário",7
"A048","Santa Fe do Araguaia","TO",-7.124191,-48.781267,60,"INMET subdiário",3
"A049","Colinas do Tocantins","TO",-8.09277777,-48.4786111,60,"INMET subdiário",4
"A050","Rio Sono","TO",-9.793363,-47.132732,60,"INMET subdiário",3
"A051","Pium","TO",-10.47694443,-49.62944443,60,"INMET subdiário",4
"A052","Santa Rosa do Tocantins","TO",-11.42888888,-48.18499999,60,"INMET subdiário",6
"A053","Almas","TO",-11.28416666,-47.21222222,60,"INMET subdiário",4
"A054","Araguacu","TO",-12.59222221,-49.5286111,60,"INMET subdiário",3
"A055","Lagoa da Confusao","TO",-10.828286,-49.847882,60,"INMET subdiário",2
"A056","Cristalina (fazenda Santa Monica)","GO",-16.39944444,-47.62583332,60,"INMET subdiário",5
"A101","Manaus","AM",-3.10333333,-60.01638888,60,"INMET subdiário",11
"A102","Parque Estadual Chandless","AC",-9.35833333,-69.92638888,60,"INMET subdiário",3
"A104","Rio Branco","AC",-9.95920402,-67.86898266,60,"INMET subdiário",5
"A108","Cruzeiro do Sul","AC",-7.61055555,-72.6811111,60,"INMET subdiário",3
"A109","Eirunepe","AM",-6.65027777,-69.8686111,60,"INMET subdiário",1
"A110","Boca do Acre","AM",-8.77666666,-67.33249999,60,"INMET subdiário",7
"A111","Labrea","AM",-7.26055555,-64.7886111,60,"INMET subdiário",8
"A112","Humaita","AM",-7.5525,-63.07138888,60,"INMET subdiário",6
"A113","Apui","AM",-7.20555555,-59.8886111,60,"INMET subdiário",2
"A117","Coari","AM",-4.09749999,-63.14527777,60,"INMET subdiário",6
"A119","Manacapuru","AM",-3.29472221,-60.62833332,60,"INMET subdiário",9
"A120","Autazes","AM",-3.58333333,-59.12944443,60,"INMET subdiário",4
"A121","Itacoatiara","AM",-3.13333333,-58.48277777,60,"INMET subdiário",1
"A122","Maues","AM",-3.39888888,-57.67388888,60,"INMET subdiário",6
"A123","Parintins","AM",-2.63916666,-56.75611111,60,"INMET subdiário",3
"A124","Urucara","AM",-2.53472221,-57.75805555,60,"INMET subdiário",5
"A125","Rio Urubu","AM",-2.6336111,-59.60055555,60,"INMET subdiário",10
"A126","Presidente Figueiredo","AM",-2.05666666,-60.02583332,60,"INMET subdiário",8
"A128","Barcelos","AM",-0.98722221,-62.92416666,60,"INMET subdiário",3
"A133","Manicore","AM",-5.7886111,-61.28833333,60,"INMET subdiário",4
"A134","S, G. da Cachoeira","AM",-0.12527777,-67.06111111,60,"INMET subdiário",8
"A136","Porto Walter","AC",-8.26722221,-72.74777777,60,"INMET subdiário",2
"A137","Marechal Thaumaturgo","AC",-8.95,-72.78666666,60,"INMET subdiário",1
"A138","Feijo","AC",-8.14277777,-70.3436111,60,"INMET subdiário",6
"A140","Epitaciolandia","AC",-11.02388888,-68.73527777,60,"INMET subdiário",3
"A144","Novo Aripuana","AM",-8.0911110999999991,-60.38055554,60,"INMET subdiário",2
"A201","Belem","PA",-1.411228,-48.439512,60,"INMET subdiário",10
"A202","Castanhal","PA",-1.30083333,-47.94805555,60,"INMET subdiário",5
"A203","Sao Luis","MA",-2.52666666,-44.21361111,60,"INMET subdiário",5
"A204","Balsas","MA",-7.45555555,-46.02749999,60,"INMET subdiário",2
"A205","Carolina","MA",-7.33722221,-47.45972222,60,"INMET subdiário",5
"A206","Chapadinha","MA",-3.74277777,-43.35222222,60,"INMET subdiário",7
"A207","Grajau","MA",-5.81611111,-46.16222222,60,"INMET subdiário",5
"A209","Medicilandia","PA",-3.51083333,-52.96333333,60,"INMET subdiário",9
"A210","Pacaja","PA",-3.8436111,-50.63805555,60,"INMET subdiário",1
"A211","Placas","PA",-3.86416666,-54.21638888,60,"INMET subdiário",4
"A212","Paragominas","PA",-2.90055555,-47.49499999,60,"INMET subdiário",1
"A213","Tome Acu","PA",-2.59249999,-48.36055555,60,"INMET subdiário",4
"A214","Rondon do Para","PA",-4.82749999,-48.1736111,60,"INMET subdiário",7
"A215","Salinopolis","PA",-0.61888888,-47.35666666,60,"INMET subdiário",3
"A216","Sao Felix do Xingu","PA",-6.63972221,-51.95694444,60,"INMET subdiário",3
"A217","Farol de Santana","MA",-2.27083332,-43.62416666,60,"INMET subdiário",3
"A218","Preguicas","MA",-2.59222221,-42.7075,60,"INMET subdiário",6
"A219","Turiacu","MA",-1.66111111,-45.37249999,60,"INMET subdiário",7
"A220","Bacabal","MA",-4.24305555,-44.79499999,60,"INMET subdiário",2
"A221","Barra do Corda","MA",-5.50666666,-45.23694444,60,"INMET subdiário",6
"A222","Colinas","MA",-6.03305554,-44.23333333,60,"INMET subdiário",3
"A223","Alto Parnaiba","MA",-9.10833333,-45.93194443,60,"INMET subdiário",7
"A225","Imperatriz","MA",-5.55583333,-47.45972222,60,"INMET subdiário",7
"A226","Braganca","PA",-1.05583333,-46.78277777,60,"INMET subdiário",3
"A227","Soure","PA",-0.72777777,-48.51583333,60,"INMET subdiário",5
"A228","Breves","PA",-1.68027777,-50.47805554,60,"INMET subdiário",2
"A229","Tucurui","PA",-3.82277777,-49.67499999,60,"INMET subdiário",1
"A230","Serra dos Carajas","PA",-6.07749999,-50.14222221,60,"INMET subdiário",3
"A231","Itaituba","PA",-4.27694443,-55.99305555,60,"INMET subdiário",2
"A232","Obidos","PA",-1.88083332,-55.51972221,60,"INMET subdiário",3
"A233","Santana do Araguaia","PA",-9.34055555,-50.35027777,60,"INMET subdiário",3
"A234","Tucuma","PA",-6.74333333,-51.14194444,60,"INMET subdiário",3
"A235","Novo Repartimento","PA",-4.24388888,-49.93944444,60,"INMET subdiário",4
"A236","Cameta","PA",-2.23972221,-49.49972221,60,"INMET subdiário",3
"A237","Caxias","MA",-4.82138888,-43.3436111,60,"INMET subdiário",6
"A238","Buriticupu","MA",-4.32055554,-46.44944444,60,"INMET subdiário",1
"A239","Monte Alegre","PA",-2,-54.07638888,60,"INMET subdiário",2
"A240","Maraba","PA",-5.36638888,-49.05111111,60,"INMET subdiário",2
"A241","Conceicao do Araguaia","PA",-8.30361111,-49.28277777,60,"INMET subdiário",4
"A242","Oiapoque","AP",3.81361111,-51.8625,60,"INMET subdiário",5
"A244","Porto Grande","AP",0.69416666,-51.40388888,60,"INMET subdiário",3
"A245","Porto de Moz","PA",-1.82194443,-52.11166666,60,"INMET subdiário",3
"A247","Xinguara","PA",-7.11055555,-49.9261111,60,"INMET subdiário",3
"A248","Capitao Poco","PA",-1.73472221,-47.0575,60,"INMET subdiário",4
"A249","Macapa","AP",0.03499999,-51.08888888,60,"INMET subdiário",1
"A250","Santarem","PA",-2.5025,-54.72027777,60,"INMET subdiário",1
"A252","Dom Eliseu","PA",-4.28055554,-47.56388888,60,"INMET subdiário",2
"A253","Altamira","PA",-3.26999999,-52.39472221,60,"INMET subdiário",4
"A254","Redencao","PA",-8.04333333,-50.00694444,60,"INMET subdiário",2
"A255","Ze Doca","MA",-3.26916666,-45.65111111,60,"INMET subdiário",3
"A256","Santa Maria das Barreiras","PA",-8.72972221,-49.85638888,60,"INMET subdiário",1
"A301","Recife","PE",-8.05928,-34.959239,60,"INMET subdiário",8
"A303","Maceio","AL",-9.55111111,-35.77027777,60,"INMET subdiário",14
"A304","Natal","RN",-5.83722221,-35.20805555,60,"INMET subdiário",7
"A305","Fortaleza","CE",-3.81583333,-38.53777777,60,"INMET subdiário",7
"A306","Sobral","CE",-3.74805555,-40.34583333,60,"INMET subdiário",5
"A307","Petrolina","PE",-9.38833333,-40.52333332,60,"INMET subdiário",12
"A308","Parnaiba","PI",-3.08666666,-41.78305554,60,"INMET subdiário",7
"A309","Arco Verde","PE",-8.4336111,-37.05555555,60,"INMET subdiário",7
"A310","Areia","PB",-6.97555554,-35.71805554,60,"INMET subdiário",15
"A312","Teresina","PI",-5.03472221,-42.80138888,60,"INMET subdiário",7
"A313","Campina Grande","PB",-7.22555554,-35.90472222,60,"INMET subdiário",10
"A314","Guaramiranga","CE",-4.22916666,-38.95888888,60,"INMET subdiário",8
"A315","Barbalha","CE",-7.30083333,-39.2711111,60,"INMET subdiário",2
"A316","Caico","RN",-6.46749999,-37.08499999,60,"INMET subdiário",9
"A317","Macau","RN",-5.15111111,-36.57305554,60,"INMET subdiário",6
"A318","Mossoro","RN",-4.90416666,-37.36694443,60,"INMET subdiário",8
"A319","Iguatu","CE",-6.39638888,-39.26888888,60,"INMET subdiário",6
"A320","Joao Pessoa","PB",-7.16527777,-34.81555555,60,"INMET subdiário",6
"A321","Patos","PB",-7.07972221,-37.27277777,60,"INMET subdiário",5
"A322","Garanhuns","PE",-8.9108333300000009,-36.49333333,60,"INMET subdiário",8
"A323","Pao de Acucar","AL",-9.74916666,-37.43083332,60,"INMET subdiário",6
"A324","Taua","CE",-6.01749999,-40.28138888,60,"INMET subdiário",5
"A325","Quixeramobim","CE",-5.17444443,-39.28944444,60,"INMET subdiário",5
"A326","Bom Jesus do Piaui","PI",-9.07999999,-44.32777777,60,"INMET subdiário",4
"A327","Palmeira dos Indios","AL",-9.42027777,-36.62027777,60,"INMET subdiário",6
"A328","Surubim","PE",-7.83972221,-35.80111111,60,"INMET subdiário",7
"A329","Cabrobo","PE",-8.50388888,-39.31527777,60,"INMET subdiário",11
"A330","Paulistana","PI",-8.13222221,-41.14305555,60,"INMET subdiário",8
"A331","Sao Joao do Piaui","PI",-8.36444444,-42.2525,60,"INMET subdiário",5
"A332","Morada Nova","CE",-5.0911111,-38.36472222,60,"INMET subdiário",9
"A333","Sao Goncalo","PB",-6.835777,-38.311583,60,"INMET subdiário",9
"A334","Monteiro","PB",-7.89444444,-37.12472221,60,"INMET subdiário",6
"A335","Piripiri","PI",-4.2761111,-41.79444444,60,"INMET subdiário",7
"A336","Alvorada do Gurgueia","PI",-8.37638888,-43.85944444,60,"INMET subdiário",4
"A337","Caracol","PI",-9.2858333300000009,-43.32444443,60,"INMET subdiário",2
"A338","Esperantina","PI",-3.90083333,-42.23694444,60,"INMET subdiário",4
"A339","Jaguaruana","CE",-4.83777777,-37.69972221,60,"INMET subdiário",4
"A340","Apodi","RN",-5.62666666,-37.815,60,"INMET subdiário",7
"A341","Caruaru","PE",-8.36527777,-36.02833332,60,"INMET subdiário",7
"A342","Crateus","CE",-5.18666666,-40.67222221,60,"INMET subdiário",11
"A343","Picos","PI",-7.0711111,-41.40416666,60,"INMET subdiário",6
"A344","Calcanhar","RN",-5.16,-35.48749999,60,"INMET subdiário",2
"A345","Sao Raimundo Nonato","PI",-9.03305554,-42.70111111,60,"INMET subdiário",2
"A346","Urucui","PI",-7.44138888,-44.34499999,60,"INMET subdiário",5
"A347","Campos Sales","CE",-7.07777777,-40.36277777,60,"INMET subdiário",3
"A348","Cabaceiras","PB",-7.48333333,-36.28638888,60,"INMET subdiário",9
"A349","Ibimirim","PE",-8.50944444,-37.71166666,60,"INMET subdiário",6
"A350","Serra Talhada","PE",-7.95416666,-38.29499999,60,"INMET subdiário",7
"A351","Floresta","PE",-8.59888888,-38.58416666,60,"INMET subdiário",5
"A352","Camaratuba","PB",-6.56194444,-35.13527777,60,"INMET subdiário",4
"A353","Arapiraca","AL",-9.80444444,-36.61916666,60,"INMET subdiário",7
"A354","Oeiras","PI",-6.97416666,-42.14694444,60,"INMET subdiário",10
"A355","Coruripe","AL",-10.1286111,-36.28638888,60,"INMET subdiário",4
"A356","Sao Luis do Quitunde","AL",-9.28749999,-35.56583333,60,"INMET subdiário",5
"A357","Palmares","PE",-8.66666666,-35.56805554,60,"INMET subdiário",2
"A358","Jaguaribe","CE",-5.90555555,-38.62777777,60,"INMET subdiário",3
"A359","Itapipoca","CE",-3.48416666,-39.5886111,60,"INMET subdiário",6
"A360","Acarau","CE",-3.1211111,-40.08722221,60,"INMET subdiário",4
"A361","Castelo do Piaui","PI",-5.34916666,-41.51222222,60,"INMET subdiário",1
"A362","Sao Pedro do Piaui","PI",-5.91111111,-42.7186111,60,"INMET subdiário",3
"A363","Valenca do Piaui","PI",-6.4236111,-41.74888888,60,"INMET subdiário",9
"A364","Gilbues","PI",-9.87527777,-45.34583333,60,"INMET subdiário",5
"A365","Canto do Buriti","PI",-8.11805554,-42.97583332,60,"INMET subdiário",8
"A366","Ouricuri","PE",-7.88583333,-40.10277777,60,"INMET subdiário",5
"A368","Tiangua","CE",-3.73222221,-41.01194444,60,"INMET subdiário",3
"A369","Quixada","CE",-4.97888888,-39.05722222,60,"INMET subdiário",2
"A370","Salgueiro","PE",-8.05805555,-39.0961111,60,"INMET subdiário",2
"A371","Piranhas","AL",-9.62222221,-37.76722221,60,"INMET subdiário",3
"A372","Ipanguacu","RN",-5.53499999,-36.87222221,60,"INMET subdiário",2
"A373","Itaporanga","PB",-7.31833332,-38.14083333,60,"INMET subdiário",2
"A374","Corrente","PI",-10.42916666,-45.17305554,60,"INMET subdiário",2
"A375","Baixa Grande do Ribeiro","PI",-8.333531,-45.094625,60,"INMET subdiário",2
"A376","Campo Maior","PI",-4.86416666,-42.14555555,60,"INMET subdiário",1
"A401","Salvador","BA",-13.005515,-38.50576,60,"INMET subdiário",10
"A402","Barreiras","BA",-12.12472221,-45.02694443,60,"INMET subdiário",8
"A404","Luiz Eduardo Magalhaes","BA",-12.1525,-45.82972221,60,"INMET subdiário",4
"A405","Caravelas","BA",-17.73944444,-39.25861111,60,"INMET subdiário",4
"A406","Cruz das Almas","BA",-12.67555554,-39.08944444,60,"INMET subdiário",9
"A407","Itirucu","BA",-13.52777777,-40.11972221,60,"INMET subdiário",11
"A408","Itaberaba","BA",-12.52416666,-40.29972221,60,"INMET subdiário",11
"A409","Aracaju","SE",-10.9525,-37.05444444,60,"INMET subdiário",10
"A410","Ilheus","BA",-14.65888888,-39.18138888,60,"INMET subdiário",7
"A412","Macajuba","BA",-12.13166666,-40.35416666,60,"INMET subdiário",7
"A413","Feira de Santana","BA",-12.1961111,-38.96749999,60,"INMET subdiário",7
"A414","Vitoria da Conquista","BA",-14.88638888,-40.80138888,60,"INMET subdiário",8
"A415","Santa Rita de Cassia","BA",-11.00333333,-44.53638888,60,"INMET subdiário",3
"A416","Correntina","BA",-13.33249999,-44.61749999,60,"INMET subdiário",6
"A417","Itabaianinha","SE",-11.27249999,-37.79499999,60,"INMET subdiário",9
"A418","Bom Jesus da Lapa","BA",-13.25111111,-43.40527777,60,"INMET subdiário",3
"A419","Poco Verde","SE",-10.73805555,-38.10833333,60,"INMET subdiário",4
"A420","Carira","SE",-10.39944444,-37.74722221,60,"INMET subdiário",2
"A421","Brejo Grande","SE",-10.47388888,-36.48194443,60,"INMET subdiário",6
"A423","Remanso","BA",-9.62555554,-42.07722221,60,"INMET subdiário",7
"A424","Irece","BA",-11.32888888,-41.86444444,60,"INMET subdiário",7
"A425","Lencois","BA",-12.55777777,-41.38888888,60,"INMET subdiário",8
"A426","Guanambi","BA",-14.20805555,-42.74972221,60,"INMET subdiário",3
"A427","Porto Seguro","BA",-16.38888888,-39.18249999,60,"INMET subdiário",8
"A428","Senhor do Bonfim","BA",-10.44305555,-40.14833333,60,"INMET subdiário",6
"A429","Barra","BA",-11.08472221,-43.13888888,60,"INMET subdiário",8
"A430","Piata","BA",-13.15555555,-41.77416666,60,"INMET subdiário",8
"A431","Conde","BA",-12.035833330000001,-37.68388888,60,"INMET subdiário",8
"A432","Buritirama","BA",-10.72305554,-43.65111111,60,"INMET subdiário",1
"A433","Brumado","BA",-14.18194443,-41.67222221,60,"INMET subdiário",9
"A434","Amargosa","BA",-13.00944444,-39.61694443,60,"INMET subdiário",9
"A435","Uaua","BA",-9.8336111,-39.49555555,60,"INMET subdiário",3
"A436","Queimadas","BA",-10.98472221,-39.61694443,60,"INMET subdiário",3
"A437","Una","BA",-15.28027777,-39.09138888,60,"INMET subdiário",7
"A438","Marau","BA",-13.90694444,-38.97222221,60,"INMET subdiário",5
"A439","Ibotirama","BA",-12.19305555,-43.21333333,60,"INMET subdiário",7
"A440","Jacobina","BA",-11.205,-40.465,60,"INMET subdiário",5
"A441","Serrinha","BA",-11.66472222,-39.02305554,60,"INMET subdiário",6
"A442","Euclides da Cunha","BA",-10.53722221,-38.99666666,60,"INMET subdiário",6
"A443","Delfino","BA",-10.455,-41.20694444,60,"INMET subdiário",4
"A444","Valenca","BA",-13.3436111,-39.12666666,60,"INMET subdiário",1
"A445","Ipiau","BA",-14.17138888,-39.69249999,60,"INMET subdiário",3
"A446","Itapetinga","BA",-15.24472221,-40.22944443,60,"INMET subdiário",6
"A447","Belmonte","BA",-16.08805555,-39.21527777,60,"INMET subdiário",2
"A448","Curaca","BA",-9.00138888,-39.9125,60,"INMET subdiário",2
"A450","Jeremoabo","BA",-10.08083332,-38.34583333,60,"INMET subdiário",7
"A451","Itabaiana","SE",-10.67166666,-37.47138888,60,"INMET subdiário",2
"A452","Formosa do Rio Preto","BA",-11.05222222,-45.20083333,60,"INMET subdiário",1
"A453","Nossa Senhora da Gloria","SE",-10.20777777,-37.43194443,60,"INMET subdiário",1
"A454","Macaubas","BA",-13.03888888,-42.61722221,60,"INMET subdiário",1
"A455","Itamaraju","BA",-17.00694444,-39.55805555,60,"INMET subdiário",2
"A458","Ribeira do Amparo","BA",-11.05861111,-38.44416666,60,"INMET subdiário",4
"A502","Barbacena","MG",-21.22833332,-43.76777777,60,"INMET subdiário",16
"A505","Araxa","MG",-19.60583333,-46.94972221,60,"INMET subdiário",11
"A506","Montes Claros","MG",-16.68638888,-43.84388888,60,"INMET subdiário",10
"A507","Uberlandia","MG",-18.91694443,-48.25555555,60,"INMET subdiário",14
"A508","Almenara","MG",-16.16666666,-40.68777777,60,"INMET subdiário",11
"A509","Monte Verde","MG",-22.86166666,-46.04333333,60,"INMET subdiário",13
"A510","Vicosa","MG",-20.762607,-42.864013,60,"INMET subdiário",13
"A511","Timoteo","MG",-19.57388888,-42.62249999,60,"INMET subdiário",11
"A512","Ituiutaba","MG",-18.95277777,-49.52499999,60,"INMET subdiário",9
"A513","Ouro Branco","MG",-20.55666666,-43.75611111,60,"INMET subdiário",9
"A514","Sao Joao Del Rei","MG",-21.10638888,-44.25083333,60,"INMET subdiário",12
"A515","Varginha","MG",-21.56638888,-45.40416666,60,"INMET subdiário",7
"A516","Passos","MG",-20.745237,-46.633916,60,"INMET subdiário",10
"A517","Muriae","MG",-21.105,-42.37583332,60,"INMET subdiário",12
"A518","Juiz de Fora","MG",-21.769965,-43.364329,60,"INMET subdiário",13
"A519","Campina Verde","MG",-19.53921,-49.518133,60,"INMET subdiário",9
"A520","Conceicao das Alagoas","MG",-19.98583333,-48.15166666,60,"INMET subdiário",8
"A521","Belo Horizonte - Pampulha","MG",-19.88388888,-43.96944443,60,"INMET subdiário",17
"A522","Serra dos Aimores","MG",-17.79888888,-40.25,60,"INMET subdiário",6
"A523","Patrocinio","MG",-18.99666666,-46.98583333,60,"INMET subdiário",10
"A524","Formiga","MG",-20.455,-45.45388888,60,"INMET subdiário",10
"A525","Sacramento","MG",-19.87527777,-47.43416666,60,"INMET subdiário",9
"A526","Montalvania","MG",-14.40833333,-44.40416666,60,"INMET subdiário",4
"A527","Teofilo Otoni","MG",-17.89277777,-41.51555555,60,"INMET subdiário",11
"A528","Tres Marias","MG",-18.200855,-45.459836,60,"INMET subdiário",12
"A529","Passa Quatro","MG",-22.39583333,-44.96194444,60,"INMET subdiário",7
"A530","Caldas","MG",-21.91805554,-46.38305554,60,"INMET subdiário",10
"A531","Maria da Fe","MG",-22.31444444,-45.37305554,60,"INMET subdiário",13
"A532","Governador Valadares","MG",-18.83027777,-41.97694443,60,"INMET subdiário",9
"A533","Guanhaes","MG",-18.78694444,-42.94305555,60,"INMET subdiário",8
"A534","Aimores","MG",-19.53277777,-41.09083333,60,"INMET subdiário",6
"A535","Florestal","MG",-19.88527777,-44.41694443,60,"INMET subdiário",10
"A536","Dores do Indaia","MG",-19.48194443,-45.59388888,60,"INMET subdiário",15
"A537","Diamantina","MG",-18.231052,-43.648269,60,"INMET subdiário",16
"A538","Curvelo","MG",-18.74777777,-44.45388888,60,"INMET subdiário",15
"A539","Mocambinho","MG",-15.08583333,-44.01611111,60,"INMET subdiário",8
"A540","Mantena","MG",-18.78062,-40.986505,60,"INMET subdiário",12
"A541","Capelinha","MG",-17.70555555,-42.38916666,60,"INMET subdiário",10
"A542","Unai","MG",-16.55416666,-46.88194443,60,"INMET subdiário",11
"A543","Espinosa","MG",-14.91222222,-42.80861111,60,"INMET subdiário",6
"A544","Buritis","MG",-15.52416666,-46.43555555,60,"INMET subdiário",10
"A545","Pirapora","MG",-17.258064,-44.835556,60,"INMET subdiário",11
"A546","Guarda-mor","MG",-17.56138888,-47.19916666,60,"INMET subdiário",6
"A547","Sao Romao","MG",-16.36277777,-45.12388888,60,"INMET subdiário",10
"A548","Chapada Gaucha","MG",-15.30027777,-45.61749999,60,"INMET subdiário",7
"A549","Aguas Vermelhas","MG",-15.75166666,-41.45777777,60,"INMET subdiário",4
"A550","Itaobim","MG",-16.57555554,-41.48555555,60,"INMET subdiário",8
"A551","Rio Pardo de Minas","MG",-15.72305554,-42.43583333,60,"INMET subdiário",14
"A552","Salinas","MG",-16.16027777,-42.31027777,60,"INMET subdiário",14
"A553","Joao Pinheiro","MG",-17.78444444,-46.11944443,60,"INMET subdiário",6
"A554","Caratinga","MG",-19.73583333,-42.13722221,60,"INMET subdiário",13
"A555","Ibirite (rola Moca)","MG",-20.03138888,-44.01111111,60,"INMET subdiário",12
"A556","Manhuacu","MG",-20.26333333,-42.18277777,60,"INMET subdiário",1
"A557","Coronel Pacheco","MG",-21.54666666,-43.26111111,60,"INMET subdiário",6
"A559","Januaria","MG",-15.44805555,-44.36638888,60,"INMET subdiário",3
"A560","Pompeu","MG",-19.23249999,-44.96416666,60,"INMET subdiário",1
"A561","Sao Sebastiao do Paraiso","MG",-20.91,-47.11416666,60,"INMET subdiário",2
"A562","Patos de Minas","MG",-18.52055554,-46.44055555,60,"INMET subdiário",5
"A563","Nova Porteirinha (janauba)","MG",-15.80277777,-43.29694444,60,"INMET subdiário",4
"A564","Divinopolis","MG",-20.17333332,-44.87499999,60,"INMET subdiário",8
"A565","Bambui","MG",-20.0311111,-46.00888888,60,"INMET subdiário",4
"A566","Aracuai","MG",-16.84888888,-42.03527777,60,"INMET subdiário",3
"A567","Machado","MG",-21.68083332,-45.94444444,60,"INMET subdiário",3
"A568","Uberaba","MG",-19.71,-47.96194444,60,"INMET subdiário",4
"A569","Sete Lagoas","MG",-19.45527777,-44.17333332,60,"INMET subdiário",7
"A570","Oliveira","MG",-20.715,-44.86444444,60,"INMET subdiário",6
"A571","Paracatu","MG",-17.24444444,-46.88166666,60,"INMET subdiário",1
"A601","Seropedica-ecologia Agricola","RJ",-22.75777777,-43.68472221,60,"INMET subdiário",11
"A602","Rio de Janeiro-marambaia","RJ",-23.05027777,-43.59555555,60,"INMET subdiário",8
"A603","Duque de Caxias - Xerem","RJ",-22.58972221,-43.28222221,60,"INMET subdiário",9
"A604","Cambuci","RJ",-21.58749999,-41.95833333,60,"INMET subdiário",13
"A606","Arraial do Cabo","RJ",-22.97527777,-42.02138888,60,"INMET subdiário",8
"A607","Campos dos Goytacazes","RJ",-21.71472222,-41.34388888,60,"INMET subdiário",14
"A608","Macae","RJ",-22.3761111,-41.81194444,60,"INMET subdiário",6
"A609","Resende","RJ",-22.45138888,-44.44499999,60,"INMET subdiário",10
"A610","Pico do Couto","RJ",-22.46472222,-43.29138888,60,"INMET subdiário",9
"A611","Valenca","RJ",-22.35805555,-43.69555555,60,"INMET subdiário",9
"A612","Vitoria","ES",-20.27083332,-40.30583333,60,"INMET subdiário",15
"A613","Santa Teresa","ES",-19.98833333,-40.57944443,60,"INMET subdiário",12
"A614","Linhares","ES",-19.35694444,-40.0686111,60,"INMET subdiário",12
"A615","Alfredo Chaves","ES",-20.63638888,-40.74194444,60,"INMET subdiário",10
"A616","Sao Mateus","ES",-18.6761111,-39.86416666,60,"INMET subdiário",12
"A617","Alegre","ES",-20.75055555,-41.48888888,60,"INMET subdiário",12
"A618","Teresopolis-parque Nacional","RJ",-22.4486111,-42.98694444,60,"INMET subdiário",5
"A619","Paraty","RJ",-23.2236111,-44.72694443,60,"INMET subdiário",8
"A620","Campos dos Goytacazes - Sao Tome","RJ",-22.04166666,-41.05166666,60,"INMET subdiário",4
"A621","Rio de Janeiro - Vila Militar","RJ",-22.86138888,-43.41138888,60,"INMET subdiário",10
"A622","Presidente Kennedy","ES",-21.10083333,-41.03944444,60,"INMET subdiário",5
"A623","Nova Venecia","ES",-18.69527777,-40.39055555,60,"INMET subdiário",5
"A624","Nova Friburgo - Salinas","RJ",-22.33472221,-42.67694443,60,"INMET subdiário",8
"A625","Tres Rios","RJ",-22.09833333,-43.20833333,60,"INMET subdiário",6
"A626","Rio Claro","RJ",-22.653579,-44.040916,60,"INMET subdiário",7
"A627","Niteroi","RJ",-22.86749999,-43.10194444,60,"INMET subdiário",5
"A628","Angra dos Reis","RJ",-22.97555554,-44.30333333,60,"INMET subdiário",4
"A629","Carmo","RJ",-21.9386111,-42.60083333,60,"INMET subdiário",5
"A630","Santa Maria Madalena","RJ",-21.95055555,-42.01027777,60,"INMET subdiário",5
"A632","Marilandia","ES",-19.40722222,-40.53972221,60,"INMET subdiário",5
"A633","Venda Nova do Imigrante","ES",-20.38555555,-41.18999999,60,"INMET subdiário",6
"A634","Vila Velha","ES",-20.46694443,-40.40388888,60,"INMET subdiário",4
"A635","Itatiaia","RJ",-22.37388888,-44.70305555,60,"INMET subdiário",3
"A636","Rio de Janeiro - Jacarepagua","RJ",-22.93999999,-43.40277777,60,"INMET subdiário",7
"A652","Rio de Janeiro - Forte de Copacabana","RJ",-22.98833333,-43.19055555,60,"INMET subdiário",2
"A657","Afonso Claudio","ES",-20.10416666,-41.10694444,60,"INMET subdiário",4
"A659","Silva Jardim","RJ",-22.64583333,-42.41555555,60,"INMET subdiário",6
"A667","Saquarema - Sampaio Correia","RJ",-22.8711111,-42.60888888,60,"INMET subdiário",3
"A701","Sao Paulo - Mirante","SP",-23.4962888,-46.6200666,60,"INMET subdiário",17
"A702","Campo Grande","MS",-20.44722221,-54.72249999,60,"INMET subdiário",15
"A703","Ponta Pora","MS",-22.5525,-55.71638888,60,"INMET subdiário",13
"A704","Tres Lagoas","MS",-20.79499999,-51.71333333,60,"INMET subdiário",8
"A705","Bauru","SP",-22.35805555,-49.02888888,60,"INMET subdiário",11
"A706","Campos do Jordao","SP",-22.75027777,-45.60388888,60,"INMET subdiário",10
"A707","Presidente Prudente","SP",-22.11999999,-51.40861111,60,"INMET subdiário",8
"A708","Franca","SP",-20.58444444,-47.38249999,60,"INMET subdiário",11
"A709","Ivinhema","MS",-22.30055555,-53.82277777,60,"INMET subdiário",8
"A710","Paranaiba","MS",-19.69555555,-51.18166666,60,"INMET subdiário",3
"A711","Sao Carlos","SP",-21.98027777,-47.88388888,60,"INMET subdiário",11
"A712","Iguape","SP",-24.67166666,-47.54583333,60,"INMET subdiário",9
"A713","Ipero","SP",-23.4261111,-47.58555555,60,"INMET subdiário",6
"A714","Itapeva","SP",-23.98194443,-48.88583333,60,"INMET subdiário",9
"A715","Sao Miguel Arcanjo","SP",-23.89083333,-47.99916666,60,"INMET subdiário",6
"A716","Ourinhos","SP",-23.00055555,-49.84333333,60,"INMET subdiário",8
"A717","Nhumirim","MS",-18.9886111,-56.62277777,60,"INMET subdiário",6
"A718","Rancharia","SP",-22.37277777,-50.97472221,60,"INMET subdiário",9
"A719","Aquidauana","MS",-20.47555554,-55.78388888,60,"INMET subdiário",9
"A720","Coxim","MS",-18.51222222,-54.7361111,60,"INMET subdiário",6
"A721","Dourados","MS",-22.19388888,-54.91138888,60,"INMET subdiário",6
"A722","Miranda","MS",-20.39555555,-56.43166666,60,"INMET subdiário",10
"A723","Porto Murtinho","MS",-21.70583333,-57.88666666,60,"INMET subdiário",2
"A724","Corumba","MS",-18.99666666,-57.63749999,60,"INMET subdiário",6
"A725","Avare","SP",-23.10166666,-48.9411111,60,"INMET subdiário",6
"A726","Piracicaba","SP",-22.70305555,-47.62333332,60,"INMET subdiário",11
"A727","Lins","SP",-21.66611111,-49.73472221,60,"INMET subdiário",2
"A728","Taubate","SP",-23.04166666,-45.52083332,60,"INMET subdiário",9
"A729","Votuporanga","SP",-20.403221,-49.966031,60,"INMET subdiário",10
"A730","Chapadao do Sul","MS",-18.80222222,-52.6025,60,"INMET subdiário",2
"A731","Maracaju","MS",-21.60916666,-55.17749999,60,"INMET subdiário",2
"A732","Sao Gabriel do Oeste","MS",-19.42027777,-54.55305555,60,"INMET subdiário",4
"A733","Jales","SP",-20.165,-50.59499999,60,"INMET subdiário",8
"A734","Valparaiso","SP",-21.31916666,-50.930277769999996,60,"INMET subdiário",10
"A735","Jose Bonifacio","SP",-21.08555555,-49.92027777,60,"INMET subdiário",4
"A736","Ariranha","SP",-21.13305554,-48.84055555,60,"INMET subdiário",2
"A737","Ibitinga","SP",-21.85555555,-48.79972221,60,"INMET subdiário",5
"A738","Casa Branca","SP",-21.78055554,-47.07527777,60,"INMET subdiário",3
"A739","Itapira","SP",-22.415,-46.805277769999996,60,"INMET subdiário",8
"A740","Sao Luiz do Paraitinga","SP",-23.22833332,-45.41694443,60,"INMET subdiário",5
"A741","Barra Bonita","SP",-22.4711111,-48.5575,60,"INMET subdiário",8
"A742","Cassilandia","MS",-19.12249999,-51.72083332,60,"INMET subdiário",10
"A743","Rio Brilhante","MS",-21.77499999,-54.52805554,60,"INMET subdiário",8
"A744","Braganca Paulista","SP",-22.94916666,-46.5261111,60,"INMET subdiário",3
"A746","Barra do Turvo","SP",-24.96277777,-48.41638888,60,"INMET subdiário",5
"A747","Pradopolis","SP",-21.33833333,-48.11388888,60,"INMET subdiário",4
"A748","Barretos","SP",-20.55916666,-48.54499999,60,"INMET subdiário",8
"A749","Juti","MS",-22.85722222,-54.60555555,60,"INMET subdiário",7
"A750","Amambai","MS",-23.0025,-55.32944443,60,"INMET subdiário",4
"A751","Sete Quedas","MS",-23.96694443,-55.02416666,60,"INMET subdiário",8
"A752","Itaquirai","MS",-23.44944444,-54.18194443,60,"INMET subdiário",8
"A753","Ituverava","SP",-20.35972222,-47.77527777,60,"INMET subdiário",7
"A754","Sidrolandia","MS",-20.98166666,-54.97194443,60,"INMET subdiário",5
"A755","Barueri","SP",-23.52388888,-46.86944443,60,"INMET subdiário",5
"A756","Agua Clara","MS",-20.44444444,-52.87583332,60,"INMET subdiário",9
"A757","Bela Vista","MS",-22.101536,-56.540763,60,"INMET subdiário",3
"A758","Jardim","MS",-21.4786111,-56.13777777,60,"INMET subdiário",7
"A759","Bataguassu","MS",-21.75,-52.47138888,60,"INMET subdiário",5
"A760","Costa Rica","MS",-18.49277777,-53.17138888,60,"INMET subdiário",4
"A761","Sonora","MS",-17.63527777,-54.76055555,60,"INMET subdiário",4
"A762","Dracena","SP",-21.45777777,-51.55222222,60,"INMET subdiário",5
"A763","Marilia","SP",-22.23527777,-49.965,60,"INMET subdiário",5
"A764","Bebedouro","SP",-20.94805555,-48.47138888,60,"INMET subdiário",3
"A765","Bertioga","SP",-23.84472221,-46.14333333,60,"INMET subdiário",2
"A766","Registro","SP",-24.53305554,-47.86416666,60,"INMET subdiário",2
"A767","Sao Sebastiao","SP",-23.810722,-45.402528,60,"INMET subdiário",2
"A768","Tupa","SP",-21.92722221,-50.49027777,60,"INMET subdiário",5
"A769","Cachoeira Paulista","SP",-22.68888888,-45.00555555,60,"INMET subdiário",4
"A770","Sao Simao","SP",-21.46111111,-47.57944443,60,"INMET subdiário",3
"A771","Sao Paulo - Interlagos","SP",-23.72444443,-46.67749999,60,"INMET subdiário",5
"A801","Porto Alegre - Jardim Botanico","RS",-30.05351111,-51.17472221,60,"INMET subdiário",19
"A802","Rio Grande","RS",-32.07888888,-52.16777777,60,"INMET subdiário",10
"A803","Santa Maria","RS",-29.72499999,-53.72055554,60,"INMET subdiário",14
"A804","Santana do Livramento","RS",-30.75055555,-55.40138888,60,"INMET subdiário",10
"A805","Santo Augusto","RS",-27.85444444,-53.7911111,60,"INMET subdiário",11
"A806","Florianopolis","SC",-27.6025,-48.61999999,60,"INMET subdiário",16
"A807","Curitiba","PR",-25.4486111,-49.23055554,60,"INMET subdiário",10
"A808","Torres","RS",-29.35027777,-49.73333333,60,"INMET subdiário",7
"A809","Uruguaiana","RS",-29.83999999,-57.08194443,60,"INMET subdiário",13
"A810","Santa Rosa","RS",-27.89055555,-54.47999999,60,"INMET subdiário",4
"A811","Cangucu","RS",-31.40333333,-52.70083333,60,"INMET subdiário",8
"A812","Cacapava do Sul","RS",-30.54527777,-53.46694443,60,"INMET subdiário",11
"A813","Rio Pardo","RS",-29.87222221,-52.38194443,60,"INMET subdiário",12
"A814","Urussanga","SC",-28.53249999,-49.31527777,60,"INMET subdiário",9
"A815","Sao Joaquim","SC",-28.27555554,-49.93472221,60,"INMET subdiário",9
"A816","Novo Horizonte","SC",-26.40638888,-52.85027777,60,"INMET subdiário",7
"A817","Indaial","SC",-26.91361111,-49.26805554,60,"INMET subdiário",8
"A818","Ivai","PR",-25.01083333,-50.85388888,60,"INMET subdiário",3
"A819","Castro","PR",-24.77999999,-50.04638888,60,"INMET subdiário",3
"A820","Mal, Candido Rondon","PR",-24.53333333,-54.01916666,60,"INMET subdiário",10
"A821","Joaquim Tavora","PR",-23.50527777,-49.94638888,60,"INMET subdiário",8
"A822","Nova Tebas","PR",-24.43388888,-51.95388888,60,"INMET subdiário",5
"A823","Inacio Martins","PR",-25.56777777,-51.07805554,60,"INMET subdiário",13
"A824","Icaraima","PR",-23.39027777,-53.63583333,60,"INMET subdiário",3
"A825","Goioere","PR",-24.18388888,-53.04888888,60,"INMET subdiário",1
"A826","Alegrete","RS",-29.70916666,-55.52555554,60,"INMET subdiário",8
"A827","Bage","RS",-31.34777777,-54.01333333,60,"INMET subdiário",8
"A828","Erechim","RS",-27.65777777,-52.30583333,60,"INMET subdiário",8
"A829","Sao Jose dos Ausentes","RS",-28.7486111,-50.05777777,60,"INMET subdiário",9
"A830","Sao Borja","RS",-28.65,-56.01638888,60,"INMET subdiário",4
"A831","Quarai","RS",-30.3686111,-56.43722221,60,"INMET subdiário",10
"A832","Sao Gabriel","RS",-30.34138888,-54.31083333,60,"INMET subdiário",10
"A833","Santiago","RS",-29.191599,-54.885653,60,"INMET subdiário",8
"A834","Tramandai","RS",-30.01027777,-50.13583333,60,"INMET subdiário",7
"A835","Maringa","PR",-23.40527777,-51.93277777,60,"INMET subdiário",7
"A836","Jaguarao","RS",-32.53472221,-53.37583332,60,"INMET subdiário",10
"A837","Soledade","RS",-28.859211,-52.542387,60,"INMET subdiário",10
"A838","Camaqua","RS",-30.80805555,-51.83416666,60,"INMET subdiário",7
"A839","Passo Fundo","RS",-28.22666666,-52.40361111,60,"INMET subdiário",11
"A840","Bento Goncalves","RS",-29.164581,-51.534202,60,"INMET subdiário",12
"A841","Joacaba","SC",-27.16916666,-51.55888888,60,"INMET subdiário",12
"A842","Nova Fatima","PR",-23.41527777,-50.57777777,60,"INMET subdiário",2
"A843","Dois Vizinhos","PR",-25.69916666,-53.09527777,60,"INMET subdiário",9
"A844","Lagoa Vermelha","RS",-28.222381,-51.512845,60,"INMET subdiário",14
"A845","Bom Jardim da Serra - Morro da Igreja","SC",-28.126944430000002,-49.47972221,60,"INMET subdiário",2
"A846","Foz do Iguacu","PR",-25.60194444,-54.48305554,60,"INMET subdiário",3
"A847","Ilha do Mel","PR",-25.49444444,-48.32583332,60,"INMET subdiário",4
"A848","Dionisio Cerqueira","SC",-26.286562,-53.633114,60,"INMET subdiário",11
"A849","Diamante do Norte","PR",-22.63944444,-52.89027777,60,"INMET subdiário",3
"A850","Paranapoema","PR",-22.65833333,-52.13444444,60,"INMET subdiário",4
"A851","Itapoa","SC",-26.08138888,-48.64166666,60,"INMET subdiário",7
"A852","Sao Luiz Gonzaga","RS",-28.41722221,-54.9625,60,"INMET subdiário",8
"A853","Cruz Alta","RS",-28.60344,-53.673597,60,"INMET subdiário",10
"A854","Frederico Westphalen","RS",-27.39555555,-53.42944443,60,"INMET subdiário",13
"A855","Planalto","PR",-25.72194443,-53.74805555,60,"INMET subdiário",6
"A856","Palmeira das Missoes","RS",-27.92027777,-53.31805554,60,"INMET subdiário",7
"A857","Sao Miguel do Oeste","SC",-26.78638888,-53.51416666,60,"INMET subdiário",5
"A858","Xanxere","SC",-26.9386111,-52.39805555,60,"INMET subdiário",8
"A859","Cacador","SC",-26.81916666,-50.98555555,60,"INMET subdiário",8
"A860","Curitibanos","SC",-27.2886111,-50.60416666,60,"INMET subdiário",10
"A861","Rio do Campo","SC",-26.93749999,-50.14555555,60,"INMET subdiário",4
"A862","Rio Negrinho","SC",-26.2486111,-49.57416666,60,"INMET subdiário",5
"A863","Ituporanga","SC",-27.41833332,-49.64694444,60,"INMET subdiário",7
"A864","Major Vieira","SC",-26.3936111,-50.36333333,60,"INMET subdiário",3
"A865","Lages","SC",-27.80222222,-50.33555555,60,"INMET subdiário",4
"A866","Laguna - Farol de Santa Marta","SC",-28.60444444,-48.81333333,60,"INMET subdiário",2
"A867","Ararangua","SC",-28.931353,-49.49792,60,"INMET subdiário",10
"A868","Itajai","SC",-26.95083333,-48.76194444,60,"INMET subdiário",9
"A869","Cidade Gaucha","PR",-23.35916666,-52.93194443,60,"INMET subdiário",7
"A870","Rancho Queimado","SC",-27.6786111,-49.04194444,60,"INMET subdiário",6
"A871","Japira","PR",-23.77333332,-50.18055554,60,"INMET subdiário",8
"A872","Ventania","PR",-24.28027777,-50.21027777,60,"INMET subdiário",6
"A873","Morretes","PR",-25.50888888,-48.80861111,60,"INMET subdiário",8
"A874","Sao Mateus do Sul","PR",-25.83555555,-50.36888888,60,"INMET subdiário",8
"A875","General Carneiro","PR",-26.3986111,-51.35361111,60,"INMET subdiário",4
"A876","Clevelandia","PR",-26.41722221,-52.3486111,60,"INMET subdiário",5
"A878","Mostardas","RS",-31.24833333,-50.90638888,60,"INMET subdiário",4
"A879","Canela","RS",-29.36888888,-50.82722221,60,"INMET subdiário",11
"A880","Vacaria","RS",-28.51361111,-50.88277777,60,"INMET subdiário",12
"A881","Dom Pedrito","RS",-31.0025,-54.61805554,60,"INMET subdiário",3
"A882","Teutonia","RS",-29.44916666,-51.82333332,60,"INMET subdiário",4
"A883","Ibiruba","RS",-28.65333333,-53.11194444,60,"INMET subdiário",6
"A884","Campo Bom","RS",-29.67416666,-51.06416666,60,"INMET subdiário",9
"A886","Tupancireta","RS",-29.08944444,-53.82666666,60,"INMET subdiário",7
"A887","Capao do Leao (pelotas)","RS",-31.8025,-52.40722222,60,"INMET subdiário",4
"A889","Sao Vicente do Sul","RS",-29.70222222,-54.69444444,60,"INMET subdiário",4
"A893","Encruzilhada do Sul","RS",-30.54305555,-52.52472221,60,"INMET subdiário",3
"A894","Serafina Correa","RS",-28.70472222,-51.87083332,60,"INMET subdiário",7
"A895","Chapeco","SC",-27.0853111,-52.6357111,60,"INMET subdiário",4
"A897","Cambara do Sul","RS",-29.04916666,-50.14972221,60,"INMET subdiário",5
"A898","Campos Novos","SC",-27.3886111,-51.21583333,60,"INMET subdiário",6
"A899","Santa Vitoria do Palmar - Barra do Chui","RS",-33.74222221,-53.37222221,60,"INMET subdiário",5
"A901","Cuiaba","MT",-15.60694444,-56.06083333,60,"INMET subdiário",6
"A902","Tangara da Serra","MT",-14.65,-57.43166666,60,"INMET subdiário",8
"A903","S,j. do Rio Claro","MT",-13.45388888,-56.67722221,60,"INMET subdiário",3
"A904","Sorriso","MT",-12.555,-55.72277777,60,"INMET subdiário",5
"A905","Campo Novo dos Parecis","MT",-13.785833330000001,-57.8386111,60,"INMET subdiário",3
"A906","Guaranta do Norte","MT",-9.9525,-54.89777777,60,"INMET subdiário",2
"A907","Rondonopolis","MT",-16.4625,-54.58027777,60,"INMET subdiário",3
"A908","Agua Boa","MT",-14.01638888,-52.21166666,60,"INMET subdiário",7
"A909","Alto Araguaia","MT",-17.33944444,-53.22444443,60,"INMET subdiário",5
"A910","Apiacas","MT",-9.56333333,-57.3936111,60,"INMET subdiário",5
"A911","Sapezal","MT",-13.30388888,-58.76333333,60,"INMET subdiário",3
"A913","Comodoro","MT",-13.70805555,-59.7625,60,"INMET subdiário",8
"A914","Juara","MT",-11.28027777,-57.52666666,60,"INMET subdiário",7
"A915","Paranatinga","MT",-14.42138888,-54.0361111,60,"INMET subdiário",3
"A916","Querencia","MT",-12.60305555,-52.1625,60,"INMET subdiário",5
"A917","Sinop","MT",-11.98222221,-55.56611111,60,"INMET subdiário",3
"A919","Cotriguacu","MT",-9.90638888,-58.57222221,60,"INMET subdiário",3
"A920","Juina","MT",-11.37499999,-58.77472221,60,"INMET subdiário",8
"A921","Sao Felix do Araguaia","MT",-11.61888888,-50.72777777,60,"INMET subdiário",3
"A922","Vila Bela da Santissima Trindade","MT",-15.06277777,-59.87305554,60,"INMET subdiário",2
"A923","Primavera do Leste","MT",-15.57999999,-54.3811111,60,"INMET subdiário",3
"A924","Alta Floresta","MT",-10.07722221,-56.17916666,60,"INMET subdiário",3
"A925","Porto Velho","RO",-8.7936111,-63.84583333,60,"INMET subdiário",3
"A926","Carlinda","MT",-9.97055554,-55.82749999,60,"INMET subdiário",6
"A927","Brasnorte (novo Mundo)","MT",-12.52194443,-58.23138888,60,"INMET subdiário",2
"A928","Nova Maringa","MT",-13.0386111,-57.09222221,60,"INMET subdiário",10
"A929","Nova Ubirata","MT",-13.41111111,-54.75222222,60,"INMET subdiário",3
"A930","Gaucha do Norte","MT",-13.18472221,-53.2575,60,"INMET subdiário",3
"A931","Santo Antonio do Leste","MT",-14.92499999,-53.88444444,60,"INMET subdiário",2
"A932","Guiratinga","MT",-16.34166666,-53.76611111,60,"INMET subdiário",8
"A933","Itiquira","MT",-17.17499999,-54.50166666,60,"INMET subdiário",2
"A934","Alto Taquari","MT",-17.8411111,-53.28944444,60,"INMET subdiário",3
"A935","Porto Estrela","MT",-15.32472221,-57.22583332,60,"INMET subdiário",2
"A936","Salto do Ceu","MT",-15.12472221,-58.12722221,60,"INMET subdiário",5
"A937","Pontes e Lacerda","MT",-15.23444444,-59.3461111,60,"INMET subdiário",6
"A938","Vilhena","RO",-12.73499999,-60.15777777,60,"INMET subdiário",7
"A939","Cacoal","RO",-11.44583333,-61.43416666,60,"INMET subdiário",7
"A940","Ariquemes","RO",-9.94888888,-62.96194444,60,"INMET subdiário",3
"A941","Caceres","MT",-16.07444443,-57.69277777,60,"INMET subdiário",1
"A942","Sao Jose do Xingu","MT",-10.48416666,-52.37249999,60,"INMET subdiário",1
"A943","Serra Nova Dourada","MT",-11.98777777,-51.4261111,60,"INMET subdiário",1
"A944","Rosario Oeste","MT",-14.82888888,-56.44194444,60,"INMET subdiário",1
"B803","Campina da Lagoa","PR",-24.57083332,-52.80027777,60,"INMET subdiário",3
"B804","Laranjeiras do Sul","PR",-25.37138888,-52.40083333,60,"INMET subdiário",4
"B806","Colombo","PR",-25.322464,-49.157733,60,"INMET subdiário",4
"B807","Porto Alegre- Belem Novo","RS",-30.1861111,-51.17805554,60,"INMET subdiário",2
"F501","Belo Horizonte - Cercadinho","MG",-19.97999999,-43.95861111,60,"INMET subdiário",10
"S701","Angelica","MS",-22.148083,-53.763736,60,"INMET subdiário",2
"S702","Aral Moreira","MS",-22.955028,-55.626,60,"INMET subdiário",2
"S704","Bonito","MS",-21.246756,-56.450442,60,"INMET subdiário",1
"S710","Itapora","MS",-22.092833,-54.798833,60,"INMET subdiário",1
"S715","Ribas do Rio Pardo","MS",-20.466694,-53.763028,60,"INMET subdiário",1
"S716","Santa Rita do Pardo","MS",-21.305889,-52.820375,60,"INMET subdiário",1
"S717","Selviria","MS",-20.351444,-51.430222,60,"INMET subdiário",1
