"gauge_code","estado","n_anos_aceitos","na_mediano_pct","na_max_pct"
"110018901A","RO",1,1.6222677595628416,1.6222677595628416
"120070801A","AC",2,8.279395497001603,9.513509411050395
"130002901A","AM",1,14.244672754946727,14.244672754946727
"130006001A","AM",1,6.132039573820395,6.132039573820395
"130014401A","AM",4,3.2330160274804336,12.794901065449011
"130020101A","AM",1,7.673135464231355,7.673135464231355
"130063101A","AM",4,10.218324516971498,19.339802130898022
"130063102A","AM",2,12.76701464264624,13.510273972602741
"130160501A","AM",2,6.888993895085294,8.534456587735276
"130165401A","AM",1,7.55517503805175,7.55517503805175
"130220701A","AM",1,9.859208523592084,9.859208523592084
"130340301A","AM",2,3.4246575342465753,3.512176560121766
"130340302A","AM",1,4.800228310502283,4.800228310502283
"130353602A","AM",1,2.792998477929985,2.792998477929985
"130356901A","AM",1,1.4649923896499237,1.4649923896499237
"130390801A","AM",1,3.426560121765601,3.426560121765601
"130406201A","AM",1,13.647260273972602,13.647260273972602
"130406202A","AM",2,5.01617199391172,6.01027397260274
"130420301A","AM",2,7.30696014339064,10.363539769277475
"140010001A","RR",2,6.591514459665144,11.204337899543379
"140010002A","RR",2,6.8141171993911716,12.300228310502282
"140010003A","RR",2,12.822808281558002,14.349954462659381
"140010004A","RR",2,7.107435374404273,10.877732240437158
"140010005A","RR",2,5.37174792690737,9.897260273972602
"140070401A","RR",1,14.558667273831208,14.558667273831208
"150010703A","PA",1,6.678082191780822,6.678082191780822
"150040402A","PA",1,0.9969558599695586,0.9969558599695586
"150050302A","PA",4,7.922374429223744,17.76904978749241
"150060202A","PA",3,3.5803734061930785,4.796423135464231
"150060203A","PA",2,4.5640969259176085,4.807838660578387
"150100601A","PA",5,5.235920852359208,12.515179113539771
"150120401A","PA",5,1.2842465753424657,1.950152207001522
"150140203A","PA",3,2.994672754946728,10.435692541856925
"150140204A","PA",5,2.212709284627093,5.28422890103218
"150140207A","PA",1,1.552511415525114,1.552511415525114
"150140210A","PA",3,2.657914764079148,5.1693302891933035
"150295401A","PA",2,1.269215614109506,1.2880517503805176
"150350701A","PA",1,0.3491196114146934,0.3491196114146934
"150350702A","PA",2,0.9550989345509893,1.6552511415525113
"150360601A","PA",3,7.454337899543378,18.47108378870674
"150380401A","PA",1,2.6445966514459665,2.6445966514459665
"150390301A","PA",3,0.9931506849315069,2.212355798421372
"150420801A","PA",3,1.0083713850837137,1.2728310502283104
"150420802A","PA",1,0.020928462709284626,0.020928462709284626
"150420803A","PA",1,0.020928462709284626,0.020928462709284626
"150420804A","PA",1,0.020928462709284626,0.020928462709284626
"150420806A","PA",4,1.5458523592085236,2.031963470319635
"150480202A","PA",2,6.019786910197869,6.4193302891933035
"150497601A","PA",2,0.64117199391172,1.2614155251141552
"150553601A","PA",1,0.020928462709284626,0.020928462709284626
"150553602A","PA",2,0.9693683409436835,1.9178082191780823
"150553603A","PA",2,0.8171613394216135,1.6133942161339423
"150553604A","PA",4,1.3632039573820396,1.6355494839101397
"150600501A","PA",1,5.69634703196347,5.69634703196347
"150619502A","PA",6,5.408299960076852,9.853500761035008
"150680702A","PA",1,6.560121765601218,6.560121765601218
"150680703A","PA",1,5.441400304414003,5.441400304414003
"150680704A","PA",6,2.7996575342465753,5.6316590563165905
"150745801A","PA",2,6.252853881278539,10.165525114155251
"150780501A","PA",4,3.0156012176560125,3.8337138508371384
"150805001A","PA",2,8.92123287671233,13.759512937595128
"150810001A","PA",2,0.9138969982783143,1.605191256830601
"160030303A","AP",1,8.337138508371385,8.337138508371385
"160030305A","AP",1,3.9497716894977173,3.9497716894977173
"160060002A","AP",1,0.9665144596651446,0.9665144596651446
"160060003A","AP",1,5.918949771689498,5.918949771689498
"170210901A","TO",3,1.9767884322678846,2.0053272450532726
"170210903A","TO",3,1.8340943683409434,1.904490106544901
"170220801A","TO",2,4.810692541856926,5.462328767123288
"170730601A","TO",1,2.804341226472374,2.804341226472374
"170820501A","TO",1,3.595890410958904,3.595890410958904
"171820401A","TO",1,6.295537340619307,6.295537340619307
"171830301A","TO",3,1.719939117199391,2.037671232876712
"171886501A","TO",2,1.492579908675799,1.9406392694063925
"172030901A","TO",1,9.503424657534246,9.503424657534246
"172210701A","TO",1,15.038051750380518,15.038051750380518
"210050102A","MA",2,3.2429604261796046,3.4779299847792995
"210083201A","MA",4,4.815150106877594,7.106164383561644
"210090701A","MA",4,2.2735920852359213,11.3603500761035
"210130101A","MA",5,2.134703196347032,6.898782343987824
"210140001A","MA",3,2.6560121765601217,2.7587519025875187
"210177201A","MA",5,1.2766362252663623,1.8816590563165907
"210180601A","MA",3,2.1194824961948253,3.3124048706240488
"210220001A","MA",4,2.2421993911719937,4.737442922374429
"210232501A","MA",5,5.714936247723133,17.728310502283104
"210300001A","MA",3,1.2788403157255617,2.1537290715372905
"210300002A","MA",1,2.1004566210045663,2.1004566210045663
"210300003A","MA",4,1.9121004566210045,2.0757229832572297
"210315801A","MA",2,11.562094530528732,12.75875190258752
"210320802A","MA",1,1.158675799086758,1.158675799086758
"210330701A","MA",3,1.1624809741248097,2.726407914764079
"210330702A","MA",2,2.9328386605783865,3.7290715372907153
"210340601A","MA",4,3.93331118846221,5.9322678843226795
"210340602A","MA",1,1.4554794520547945,1.4554794520547945
"210350501A","MA",7,3.1819216757741344,9.113394216133942
"210355401A","MA",1,2.0053272450532726,2.0053272450532726
"210360401A","MA",4,5.522733321689082,15.953196347031964
"210390101A","MA",2,1.995814307458143,2.9813546423135464
"210400801A","MA",1,0.5574581430745814,0.5574581430745814
"210410701A","MA",1,2.2184170471841704,2.2184170471841704
"210420601A","MA",1,1.5410958904109588,1.5410958904109588
"210510401A","MA",5,1.8954918032786885,11.493531202435312
"210515301A","MA",3,1.708523592085236,5.718731026108075
"210530201A","MA",4,5.529870624048707,8.363691560412873
"210530202A","MA",1,2.617960426179604,2.617960426179604
"210530203A","MA",1,1.9463470319634704,1.9463470319634704
"210530204A","MA",1,4.8363774733637745,4.8363774733637745
"210540101A","MA",1,1.0502283105022832,1.0502283105022832
"210545001A","MA",5,2.9185692541856927,5.873287671232877
"210570801A","MA",2,4.170471841704718,4.535768645357686
"210580701A","MA",4,4.168569254185693,5.978673345476624
"210594801A","MA",3,1.799847792998478,2.6617199391171997
"210596302A","MA",1,3.0117960426179606,3.0117960426179606
"210630001A","MA",1,3.1145357686453576,3.1145357686453576
"210635902A","MA",1,1.9863013698630139,1.9863013698630139
"210660701A","MA",4,2.0757229832572297,3.1697108066971085
"210675501A","MA",1,4.149543378995434,4.149543378995434
"210680501A","MA",3,1.0407153729071539,6.371765601217656
"210690401A","MA",2,7.052686599130007,8.483227079538555
"210760501A","MA",2,1.9549086757990868,2.3249619482496193
"210780301A","MA",3,2.513318112633181,2.8881278538812785
"210845401A","MA",3,4.463470319634704,7.957650273224044
"210890001A","MA",1,10.48896499238965,10.48896499238965
"210910601A","MA",3,4.005388585306617,12.815829528158297
"210930401A","MA",1,8.551533090467517,8.551533090467517
"210960101A","MA",2,9.735540334855404,13.822298325722985
"210975901A","MA",3,2.6940639269406392,7.3182301153612626
"210980901A","MA",2,3.3407253536941393,5.714936247723133
"211000501A","MA",2,10.545091324200914,11.021689497716896
"211010401A","MA",2,6.96494924353952,7.253718882817243
"211060901A","MA",1,1.4231354642313545,1.4231354642313545
"211080701A","MA",6,2.6845509893455097,10.117960426179605
"211130002A","MA",1,1.1700913242009132,1.1700913242009132
"211130004A","MA",2,1.5372907153729072,1.8778538812785388
"211130005A","MA",2,1.6771308980213089,2.3268645357686455
"211130006A","MA",5,2.4238964992389653,3.95738203957382
"211130007A","MA",3,2.6297814207650276,8.835616438356164
"211130008A","MA",5,2.8881278538812785,19.666438979963573
"211130009A","MA",2,2.7054794520547945,3.3713850837138506
"211130010A","MA",5,1.9140030441400304,11.371765601217657
"211150801A","MA",1,1.8036529680365299,1.8036529680365299
"211153202A","MA",2,6.360807528840315,10.082726168791742
"211172201A","MA",2,1.5572678843226788,2.9490106544901065
"211210001A","MA",4,2.3468417047184174,5.110350076103501
"211220901A","MA",4,1.3926940639269407,5.4965753424657535
"211227401A","MA",2,6.0315091365787525,6.036910197869102
"211245601A","MA",2,3.4775219161447546,5.853445658773528
"211270401A","MA",3,4.393074581430746,6.076864535768645
"211280301A","MA",1,2.2964231354642313,2.2964231354642313
"220030101A","PI",1,5.100837138508371,5.100837138508371
"220120001A","PI",1,1.2385844748858448,1.2385844748858448
"220150701A","PI",6,1.8626331811263317,5.821190042501518
"220194501A","PI",4,1.9197108066971078,3.7100456621004563
"220200001A","PI",4,4.760219390173916,15.496575342465754
"220208301A","PI",1,4.237062404870624,4.237062404870624
"220220801A","PI",1,2.692161339421613,2.692161339421613
"220265301A","PI",2,2.180365296803653,4.044901065449011
"220270301A","PI",1,1.2138508371385084,1.2138508371385084
"220390901A","PI",4,1.0140791476407915,2.106164383561644
"220390902A","PI",1,1.982496194824962,1.982496194824962
"220580501A","PI",3,3.670091324200913,5.986262902246509
"220610001A","PI",1,1.5468036529680365,1.5468036529680365
"220620901A","PI",3,1.4764079147640792,2.471461187214612
"220750402A","PI",3,2.8063165905631657,6.487173649058894
"220770201A","PI",2,4.761225266362253,5.57648401826484
"220770202A","PI",1,2.026255707762557,2.026255707762557
"220770203A","PI",2,1.7456240487062402,2.083333333333333
"220830401A","PI",2,2.854832572298326,5.572678843226789
"220915301A","PI",1,14.046372191863995,14.046372191863995
"221005201A","PI",3,6.546803652968036,9.727914389799636
"221100101A","PI",2,10.587650023704368,15.43759512937595
"221100103A","PI",2,2.2450532724505328,3.687214611872146
"221100104A","PI",2,0.9008751902587517,0.9798325722983257
"221110001A","PI",3,1.438221007893139,1.5753424657534247
"221120901A","PI",5,3.6149162861491626,7.92427701674277
"230020001A","CE",4,2.925228310502283,8.185336976320583
"230020002A","CE",1,6.084474885844749,6.084474885844749
"230075401A","CE",1,1.1605783866057837,1.1605783866057837
"230075401H","CE",1,1.1111111111111112,1.1111111111111112
"230075402A","CE",3,1.5368852459016393,2.04337899543379
"230075403A","CE",5,4.988584474885845,11.767607771706132
"230210701A","CE",6,3.2676940639269403,5.574529447480267
"230230501A","CE",2,0.8511635934160076,1.567243472981178
"230240401A","CE",2,1.6257610350076106,2.1366057838660577
"230280002A","CE",1,0.3405631659056317,0.3405631659056317
"230370901A","CE",1,0.9950532724505327,0.9950532724505327
"230370903A","CE",1,4.640410958904109,4.640410958904109
"230370906A","CE",2,1.6352739726027397,2.014840182648402
"230390701A","CE",6,3.0707762557077625,6.710426179604262
"230400401A","CE",2,1.5363394216133943,1.8759512937595129
"230410301A","CE",4,1.7189878234398783,5.3772009714632665
"230410302A","CE",2,1.5477549467275495,2.041476407914764
"230420204H","CE",1,1.0739222829386763,1.0739222829386763
"230440001A","CE",2,0.7580693623108848,1.4704766241651488
"230440004A","CE",2,3.059360730593607,5.251141552511415
"230440005A","CE",3,0.04946727549467276,1.4761687917425623
"230440010A","CE",1,1.4742714025500911,1.4742714025500911
"230440011A","CE",1,0.05707762557077625,0.05707762557077625
"230440015A","CE",1,0.7286910197869102,0.7286910197869102
"230440016A","CE",4,1.2222799236469795,4.212328767123288
"230470701A","CE",4,4.026826484018264,4.528158295281583
"230470702A","CE",3,1.417427701674277,5.325342465753425
"230540702A","CE",6,0.6405585913782634,2.421993911719939
"230550602A","CE",2,3.6929223744292234,5.652587519025875
"230620701A","CE",2,1.85882800608828,2.414383561643836
"230700703A","CE",1,5.867579908675799,5.867579908675799
"230700704A","CE",4,0.9531963470319635,6.345129375951294
"230730401A","CE",4,0.426179604261796,1.5900121432908316
"230750201A","CE",3,1.0540334855403348,2.1270928462709286
"230760101A","CE",1,3.5654490106544903,3.5654490106544903
"230763501A","CE",1,1.0483257229832572,1.0483257229832572
"230765001A","CE",4,2.999429223744292,8.124620522161505
"230765002A","CE",2,1.8512176560121767,3.0669710806697106
"230765003A","CE",5,2.1727549467275495,5.31648451730419
"230765004A","CE",4,2.3240106544901065,3.7252663622526634
"230770001A","CE",4,3.6082572298325726,5.174180327868853
"230770002A","CE",2,0.7895738203957382,1.1681887366818875
"230780901A","CE",3,1.7770167427701673,4.813546423135464
"230810401A","CE",4,2.6785677154810323,4.528158295281583
"230820301A","CE",6,1.75513698630137,8.736681887366819
"230840101A","CE",1,6.263318112633182,6.263318112633182
"230870804A","CE",2,1.3029007701840625,2.354659987856709
"230870805A","CE",3,1.5976017000607166,2.077625570776256
"230880701A","CE",2,7.296423135464232,14.181887366818874
"230890601A","CE",1,1.5862173649058893,1.5862173649058893
"230980501A","CE",6,4.355022831050228,11.720173041894354
"230990401A","CE",3,1.9939117199391172,5.418943533697632
"231050601A","CE",1,2.9162871888281727,2.9162871888281727
"231140501A","CE",3,0.652701882210079,2.3154490106544903
"231150401A","CE",3,3.6967275494672753,11.757990867579908
"231180101A","CE",6,1.6552511415525113,5.871385083713851
"231290802A","CE",1,1.6032938676381299,1.6032938676381299
"231290803A","CE",1,1.605191256830601,1.605191256830601
"231310401A","CE",4,3.749363204997047,6.1434550989345516
"231410201A","CE",1,4.8382800608828,4.8382800608828
"231410202A","CE",4,1.7285007610350074,5.243531202435312
"240070301A","RN",1,0.020928462709284626,0.020928462709284626
"240100801A","RN",3,1.0483257229832572,5.3557838660578385
"240140401A","RN",5,4.986681887366819,17.80441400304414
"240200601A","RN",3,2.031963470319635,2.9185692541856927
"240220401A","RN",3,17.178462709284627,17.283105022831048
"240220402A","RN",6,0.6573439878234398,18.040334855403348
"240360801A","RN",1,17.08143074581431,17.08143074581431
"240420001A","RN",4,9.002059057148323,18.183028919330287
"240450701A","RN",1,8.904447480267152,8.904447480267152
"240470501A","RN",2,0.8111624705774718,1.601396478445659
"240650201C","RN",1,4.599271402550091,4.599271402550091
"240720301A","RN",1,9.282027929568914,9.282027929568914
"240750001A","RN",1,17.385844748858446,17.385844748858446
"240800302A","RN",3,1.5900121432908316,2.030060882800609
"240800303A","RN",2,0.8054703030000582,1.5900121432908316
"240800304A","RN",1,0.020928462709284626,0.020928462709284626
"240800305A","RN",1,0.11986301369863014,0.11986301369863014
"240800308A","RN",2,0.8463551413528957,1.605191256830601
"240810201A","RN",5,17.15563165905632,17.340182648401825
"240810202A","RN",6,0.6307077625570776,17.216514459665145
"240810203A","RN",2,8.619883287172195,17.20742258652095
"240810205A","RN",3,5.865677321156773,17.56468797564688
"240810206A","RN",8,1.5791476407914764,17.349695585996955
"240810207A","RN",2,17.80058023721004,18.913622526636225
"240810208A","RN",1,17.024353120243532,17.024353120243532
"240990201A","RN",3,0.04946727549467276,1.5976017000607166
"241220301A","RN",3,17.793715846994534,18.476027397260275
"241220302A","RN",1,18.67579908675799,18.67579908675799
"241440701A","RN",1,18.90601217656012,18.90601217656012
"241470401A","RN",2,18.019406392694066,18.084094368340946
"250030401A","PB",5,2.442922374429224,16.68753794778385
"250050201A","PB",5,10.589802130898022,19.051684881602917
"250180701A","PB",9,0.7648401826484018,17.11567732115677
"250180702A","PB",7,2.3972602739726026,16.967275494672755
"250180703A","PB",10,0.8901848316989796,16.727549467275495
"250300101A","PB",5,16.73325722983257,18.858447488584478
"250320901A","PB",2,17.415306264607295,18.143074581430746
"250320902A","PB",5,0.6659056316590563,16.68753794778385
"250320903A","PB",6,2.3195348953264965,17.180365296803654
"250400901A","PB",9,0.8561643835616438,5.437917425622343
"250400901C","PB",1,8.05365296803653,8.05365296803653
"250400902A","PB",8,0.9636605783866058,5.4360200364298725
"250400903A","PB",6,1.3660578386605784,5.253870673952641
"250400904A","PB",9,1.2252663622526636,5.527094717668488
"250400905A","PB",4,0.4528158295281583,4.474885844748858
"250400906A","PB",9,1.1725865209471766,5.403764420157862
"250400907A","PB",1,1.5994990892531875,1.5994990892531875
"250750701A","PB",9,0.9227549467275494,17.070015220700153
"250750702A","PB",9,0.8181126331811263,16.72564687975647
"250750703A","PB",6,0.7343701915479369,17.14041095890411
"250750704A","PB",3,16.73325722983257,17.70928462709285
"250750705A","PB",10,0.8095509893455098,16.73325722983257
"250750706A","PB",4,10.046613394216134,19.02891621129326
"250750707A","PB",8,2.9987794329249526,17.16704718417047
"250910701A","PB",3,16.73325722983257,17.161339421613395
"250930501A","PB",1,18.64345509893455,18.64345509893455
"250980001A","PB",7,0.7324961948249619,16.73325722983257
"251080801A","PB",1,2.2996357012750455,2.2996357012750455
"251080802A","PB",2,4.181791197777611,4.821156773211568
"251190501A","PB",3,16.68753794778385,19.018264840182646
"251210101C","PB",1,14.313904068002428,14.313904068002428
"251390101A","PB",2,3.4423708319817683,4.537671232876712
"251530201A","PB",10,1.7446727549467276,16.976788432267885
"251600301C","PB",2,3.755790935781953,4.100076103500761
"251620101A","PB",5,2.26027397260274,18.08970856102004
"260005401A","PE",1,17.737823439878234,17.737823439878234
"260005402A","PE",4,3.9259893455098935,7.659760170006072
"260040101A","PE",4,18.579086820370787,19.9486301369863
"260040102A","PE",1,18.262937595129376,18.262937595129376
"260050002A","PE",2,2.7397260273972606,5.036149162861491
"260070801A","PE",2,10.82790628041021,12.98952641165756
"260080701A","PE",3,4.8554033485540335,4.870598057073467
"260080702A","PE",3,4.006849315068493,14.065346083788707
"260090601A","PE",4,6.592530732506592,18.871765601217653
"260100301A","PE",3,17.857686453576864,17.874809741248097
"260105201A","PE",5,16.95966514459665,19.269406392694062
"260130001A","PE",8,4.103881278538813,17.29642313546423
"260130016H","PE",2,8.344746259284213,16.66856405585914
"260140901A","PE",4,11.67142313546423,18.418949771689498
"260140902A","PE",7,11.55130540376442,18.139269406392692
"260140903A","PE",1,18.120243531202433,18.120243531202433
"260140917H","PE",2,9.433026320167013,16.66856405585914
"260150802A","PE",4,11.180555555555555,18.28386605783866
"260190401A","PE",2,1.7617960426179604,2.8881278538812785
"260220901A","PE",2,18.244571907411565,18.962507589556772
"260230801A","PE",3,18.4855403348554,19.733637747336378
"260270401A","PE",5,7.718797564687975,18.02891933028919
"260280301A","PE",2,2.302130898021309,2.80441400304414
"260290202A","PE",1,16.723744292237445,16.723744292237445
"260290203A","PE",6,9.330289193302892,17.526636225266362
"260290204A","PE",3,1.3603500761035008,16.68753794778385
"260290205A","PE",5,1.8169710806697108,17.29280510018215
"260300901A","PE",1,6.046423135464232,6.046423135464232
"260310801A","PE",1,0.915144596651446,0.915144596651446
"260310802A","PE",1,3.6301369863013697,3.6301369863013697
"260320701A","PE",1,4.044901065449011,4.044901065449011
"260330601A","PE",1,5.755327245053272,5.755327245053272
"260345401A","PE",2,17.50380517503805,17.756849315068493
"260345402A","PE",5,1.2081430745814308,16.723744292237445
"260345403A","PE",4,17.147041424424646,18.019406392694066
"260345404A","PE",10,2.0253044140030445,17.461948249619482
"260345405A","PE",3,1.1472602739726028,4.52054794520548
"260345406A","PE",6,5.157914764079147,17.201293759512936
"260350401A","PE",2,4.974808909515849,6.583940497874924
"260360301A","PE",2,14.954745968177924,17.707382039573822
"260410601A","PE",6,2.1128234398782344,8.156876138433516
"260410602A","PE",2,4.700280085834768,8.378870673952642
"260410606A","PE",2,3.941719481664463,5.477549467275495
"260410607A","PE",3,4.661339421613394,5.352534911961142
"260415501A","PE",2,8.724606174780213,13.67638129933212
"260420501A","PE",1,17.283105022831048,17.283105022831048
"260420502A","PE",4,6.905459594447355,18.08599695585997
"260420503A","PE",4,8.531212831965135,17.71879756468798
"260420504A","PE",4,6.082600889121774,17.705479452054796
"260440301A","PE",3,13.014192471159683,18.59779299847793
"260450201A","PE",6,4.788999925144098,18.365677321156774
"260460101A","PE",3,8.735579842137218,18.2648401826484
"260470001A","PE",6,4.668949771689497,17.19939117199391
"260480901A","PE",5,7.043378995433789,17.70357686453577
"260490801A","PE",2,3.0023948690437576,4.779523375834851
"260510301A","PE",1,1.221461187214612,1.221461187214612
"260520201A","PE",3,17.201293759512936,19.143835616438356
"260520202A","PE",1,11.703096539162113,11.703096539162113
"260520202H","PE",1,19.651826484018265,19.651826484018265
"260540001A","PE",5,7.304948391013964,19.19330289193303
"260550901A","PE",3,5.920852359208523,18.687214611872147
"260570701A","PE",2,1.102385719989021,1.3907914764079148
"260590501A","PE",7,4.311263318112633,18.613013698630137
"260590502A","PE",1,18.679604261796044,18.679604261796044
"260590518H","PE",1,16.851217656012178,16.851217656012178
"260610102A","PE",3,18.36187214611872,18.39041095890411
"260620001A","PE",7,0.9969558599695586,19.001141552511417
"260620002A","PE",7,4.616347905282332,17.33447488584475
"260620003A","PE",3,4.7852155434122645,18.573059360730593
"260680403A","PE",7,1.067351598173516,17.035768645357685
"260680404A","PE",3,17.12138508371385,17.226396478445658
"260680405A","PE",7,5.431887366818874,18.613013698630137
"260680406A","PE",2,11.546803652968036,18.671993911719937
"260720801A","PE",7,1.1168188736681888,17.71879756468798
"260720802A","PE",1,17.226027397260275,17.226027397260275
"260720803A","PE",3,5.437595129375952,17.19558599695586
"260720804A","PE",4,11.011225266362253,17.562785388127857
"260720805A","PE",3,12.684046751669703,19.51674277016743
"260730702A","PE",2,2.273592085235921,3.139269406392694
"260730703A","PE",1,4.126712328767123,4.126712328767123
"260740601A","PE",1,0.3291476407914764,0.3291476407914764
"260760401A","PE",2,11.684741248097414,18.632039573820396
"260765301A","PE",4,16.051322558242052,18.021308980213092
"260765302A","PE",3,9.948011536126291,18.839421613394215
"260770301A","PE",2,4.185744525122473,4.823163327261688
"260775201A","PE",1,6.893074581430746,6.893074581430746
"260780201A","PE",3,5.989345509893456,18.087899543378995
"260790101A","PE",3,17.106164383561644,18.57496194824962
"260790102A","PE",4,10.821917808219178,17.07572298325723
"260790102G","PE",1,19.642313546423136,19.642313546423136
"260790103A","PE",2,8.532125138275486,16.68753794778385
"260790104A","PE",1,16.73325722983257,16.73325722983257
"260790106A","PE",4,16.910197869101978,17.952815829528156
"260790107A","PE",5,3.5177595628415297,16.68753794778385
"260790108A","PE",8,1.7579908675799087,17.300228310502284
"260790109A","PE",4,3.287671232876712,16.68753794778385
"260790110A","PE",3,0.48896499238964997,16.73325722983257
"260790115H","PE",1,16.68943533697632,16.68943533697632
"260795001A","PE",7,2.484779299847793,18.35806697108067
"260795002A","PE",2,11.297564687975648,17.926179604261797
"260820601A","PE",1,16.68753794778385,16.68753794778385
"260820602A","PE",2,16.941179895368084,17.660898603521556
"260840401A","PE",1,1.1796042617960425,1.1796042617960425
"260845301A","PE",5,5.135083713850838,18.457001522070016
"260850301A","PE",5,10.373026715239831,19.041095890410958
"260860201A","PE",3,5.77054794520548,17.96993911719939
"260870101A","PE",4,9.171423135464233,18.548325722983257
"260880001A","PE",2,1.6333713850837137,1.8778538812785388
"260890901A","PE",3,17.1315270188221,18.919330289193304
"260900601A","PE",1,3.1754185692541856,3.1754185692541856
"260910501A","PE",4,4.9286529680365305,8.858910139647845
"260920401A","PE",4,9.105755275261787,19.96385083713851
"260920402A","PE",7,3.4665144596651447,16.73325722983257
"260940201A","PE",7,2.6810109289617485,18.689117199391173
"260940202A","PE",10,3.3127115718907767,17.469558599695585
"260950101A","PE",4,1.4602359208523592,16.73325722983257
"260950102A","PE",7,0.928462709284627,17.631278538812786
"260950103A","PE",7,5.888508371385083,17.52283105022831
"260950104A","PE",1,18.300989345509894,18.300989345509894
"260960001A","PE",1,18.23201275045537,18.23201275045537
"260960001G","PE",3,2.848173515981735,6.801750380517505
"260960002A","PE",4,10.95890410958904,17.492389649923894
"260960003A","PE",5,2.745522161505768,16.73325722983257
"260960004A","PE",6,10.708713850837137,18.723363774733638
"260960005A","PE",8,2.153536733454766,17.851978691019788
"260970901C","PE",2,8.887937595129374,17.123287671232877
"260980801A","PE",1,1.3203957382039575,1.3203957382039575
"261000402A","PE",1,7.217668488160292,7.217668488160292
"261000403A","PE",1,18.443683409436833,18.443683409436833
"261010301A","PE",1,12.199391171993913,12.199391171993913
"261020201A","PE",2,17.550418569254184,17.89193302891933
"261050901A","PE",4,11.221461187214613,18.23820395738204
"261060801A","PE",1,5.204538554948391,5.204538554948391
"261060802A","PE",3,17.30798421372192,17.935692541856927
"261070702A","PE",4,17.34403460837887,18.49505327245053
"261070703A","PE",3,17.06240487062405,18.49505327245053
"261070704A","PE",6,1.938736681887367,18.496955859969557
"261070705A","PE",4,10.400466081958895,17.357305936073057
"261070706A","PE",3,0.4185692541856925,16.73325722983257
"261110101A","PE",1,2.7416286149162863,2.7416286149162863
"261110102A","PE",1,19.638508371385083,19.638508371385083
"261110103A","PE",2,2.180365296803653,2.692161339421613
"261110104A","PE",1,2.832952815829528,2.832952815829528
"261120001A","PE",3,5.194063926940639,5.4303278688524586
"261130901A","PE",2,17.55517503805175,17.63888888888889
"261130902A","PE",2,15.760660728098411,19.023224043715846
"261140802A","PE",1,19.126712328767123,19.126712328767123
"261150701A","PE",7,0.9189497716894977,16.73325722983257
"261150702A","PE",5,1.5011415525114156,16.73325722983257
"261150703A","PE",3,2.2773972602739727,16.788432267884325
"261160601A","PE",5,2.1194824961948253,17.270036429872494
"261160603A","PE",6,1.4297945205479452,18.41133942161339
"261160603G","PE",3,4.3493150684931505,4.436834094368341
"261160604A","PE",7,1.7294520547945205,16.727549467275495
"261160604G","PE",1,4.5605022831050235,4.5605022831050235
"261160605A","PE",3,17.0072298325723,17.212709284627092
"261160605G","PE",1,19.292237442922374,19.292237442922374
"261160606A","PE",3,1.2309741248097412,18.439878234398783
"261160606G","PE",2,18.54927701674277,18.78995433789954
"261160607A","PE",1,17.161339421613395,17.161339421613395
"261160608A","PE",3,0.3843226788432268,16.72945205479452
"261160610A","PE",5,16.72945205479452,18.2058599695586
"261160612A","PE",2,8.372307786677313,16.723744292237445
"261160613A","PE",5,5.41514875531269,17.566590563165907
"261160613G","PE",1,18.066939890710383,18.066939890710383
"261160614A","PE",8,3.888888888888889,18.453196347031962
"261160615A","PE",7,3.7157534246575343,17.414238008500305
"261160616A","PE",3,0.3310502283105023,16.727549467275495
"261160616G","PE",2,9.65479212931773,17.973967820279295
"261160617A","PE",7,5.431887366818874,17.338280060882802
"261160618A","PE",6,0.7290263118496892,17.368721461187214
"261160619A","PE",4,0.7172754946727549,16.72945205479452
"261160620A","PE",7,2.0034246575342465,17.281202435312025
"261160621A","PE",10,1.6343226788432266,17.662795992714024
"261160622A","PE",4,2.7777777777777777,16.68753794778385
"261160623A","PE",6,6.914003044140031,17.886225266362253
"261180401A","PE",6,9.828969858023305,18.689117199391173
"261180402A","PE",1,18.298421372191864,18.298421372191864
"261190301A","PE",6,3.7794901065449014,19.309729811778993
"261190303A","PE",3,4.931506849315069,19.020167427701672
"261200001A","PE",1,2.04337899543379,2.04337899543379
"261240601A","PE",4,0.6926848109056732,4.682267884322679
"261240601C","PE",1,18.314307458143077,18.314307458143077
"261290101A","PE",11,2.1537290715372905,16.73325722983257
"261290102A","PE",1,8.746194824961947,8.746194824961947
"261310701A","PE",4,6.625703853415509,10.788554948391015
"261320601A","PE",4,10.963967279653334,18.867960426179604
"261330501A","PE",3,5.262557077625571,18.39611872146119
"261330502A","PE",1,18.622526636225267,18.622526636225267
"261340401A","AL",3,15.648782343987824,18.801369863013697
"261350302A","PE",2,5.226735409337026,6.0109289617486334
"261370101A","PE",6,2.1339442406700435,17.26978691019787
"261370102A","PE",6,1.3384703196347032,7.969034608378871
"261370103A","PE",8,2.118531202435312,16.723744292237445
"261370104A","PE",6,1.2547564687975645,16.723744292237445
"261380001A","PE",2,2.090943683409437,2.9775494672754945
"261420401A","PE",6,4.778348554033485,16.986301369863014
"261420402A","PE",2,12.40582191780822,19.992389649923897
"261450101A","PE",1,0.3272450532724505,0.3272450532724505
"261470901A","PE",3,4.805936073059361,5.1760777170613235
"261470902A","PE",2,7.753995433789954,12.619863013698629
"261485701A","PE",3,7.583864602307225,19.524353120243532
"261485702A","PE",4,7.457004641065948,17.75875190258752
"261510201A","PE",2,0.886730543703371,1.2978142076502732
"261530001A","PE",4,12.083333333333334,18.736681887366817
"261530002A","PE",3,11.723967820279297,18.829908675799086
"261540901A","PE",1,15.066590563165905,15.066590563165905
"261550801A","PE",3,17.7130898021309,18.15639269406393
"261570601A","PE",1,4.472983257229832,4.472983257229832
"261630801A","PE",5,5.361491628614917,18.12785388127854
"261630802A","PE",3,7.350485731633273,19.225646879756468
"261640702A","PE",6,12.629375951293758,19.474885844748858
"261640704A","PE",6,12.024794978000681,17.631278538812786
"261640705A","PE",1,13.196347031963471,13.196347031963471
"261650601A","PE",7,1.552511415525114,18.43607305936073
"261650602A","PE",2,11.180555555555555,17.82724505327245
"270030001C","AL",1,16.746575342465754,16.746575342465754
"270060701A","AL",7,5.392380085003036,17.433409436834093
"270130801A","AL",2,8.61108252031506,16.68753794778385
"270135701A","AL",6,3.3022213489033616,16.68753794778385
"270210801A","AL",8,1.9082952815829528,17.699771689497716
"270230602A","AL",4,0.6887366818873668,1.9292237442922375
"270230603A","AL",3,0.91324200913242,18.746194824961947
"270240501C","AL",1,0.6811263318112634,0.6811263318112634
"270270201A","AL",7,2.4029680365296806,18.015601217656013
"270380901A","AL",4,2.9480593607305936,17.52853881278539
"270420301A","AL",6,7.354649591203599,18.78234398782344
"270430202A","AL",1,16.68753794778385,16.68753794778385
"270430203A","AL",5,2.4048706240487063,16.95966514459665
"270430205A","AL",4,11.905259458874998,18.85083713850837
"270430207A","AL",5,7.268897996357013,17.165144596651448
"270430209A","AL",6,6.618553555239498,17.461948249619482
"270430210A","AL",8,2.7806316590563167,18.692922374429223
"270430211A","AL",5,6.014079147640791,18.976407914764078
"270430212A","AL",3,17.612252663622527,18.108828006088277
"270430213A","AL",9,1.9729832572298327,17.18226788432268
"270430214A","AL",3,0.3481735159817352,16.744672754946727
"270430215A","AL",7,5.39193302891933,19.8896499238965
"270430216A","AL",5,0.8409436834094367,17.229832572298324
"270430217A","AL",7,4.563221007893139,17.364916286149164
"270430218A","AL",4,3.430866935316183,17.08219489981785
"270470801A","AL",3,17.197488584474886,17.686453576864537
"270510101A","AL",8,2.077625570776256,17.00152207001522
"270550701A","AL",1,17.174657534246577,17.174657534246577
"270644801A","AL",5,1.4878234398782344,18.453196347031962
"270660401A","AL",6,4.743150684931507,8.284001214329082
"270760201A","AL",4,8.471562034749773,19.22184170471842
"270760203H","AL",1,19.04490106544901,19.04490106544901
"270810501A","AL",4,6.458333333333334,17.304033485540334
"270830301A","AL",3,17.29642313546423,19.970021250758958
"270860001A","AL",2,2.589951842702797,4.474043715846995
"270860002A","AL",5,2.237442922374429,17.134703196347033
"270890701A","AL",8,1.9882039573820398,17.23744292237443
"270930101A","AL",2,17.825342465753423,18.917427701674278
"270930102A","AL",2,10.646879756468799,17.326864535768646
"270930103A","AL",4,11.320395738203956,19.208523592085236
"270940001A","AL",5,0.8124048706240486,17.821537290715373
"280020901C","SE",1,5.475865209471767,5.475865209471767
"280030801A","SE",7,3.961187214611872,16.68753794778385
"280030802A","SE",7,5.561263318112633,17.469558599695585
"280030803A","SE",7,2.16324200913242,16.68753794778385
"280030804A","SE",2,10.122880642263643,17.241575591985427
"280400301A","SE",10,1.712367754572448,16.683743169398905
"280540601A","SE",3,6.215753424657534,13.915452337583483
"290020701C","BA",1,1.9467213114754098,1.9467213114754098
"290100701C","BA",1,5.353881278538813,5.353881278538813
"290130401C","BA",1,0.7096651445966514,0.7096651445966514
"290280701U","BA",1,1.6571537290715372,1.6571537290715372
"290310201A","BA",3,2.2355403348554033,7.843806921675774
"290323501C","BA",1,15.523211567732115,15.523211567732115
"290340901A","BA",4,9.95814307458143,17.376331811263316
"290410001C","BA",1,12.31544901065449,12.31544901065449
"290490201A","BA",1,3.0783866057838662,3.0783866057838662
"290560202A","BA",6,2.6506630985353197,11.70662100456621
"290560203A","BA",3,6.360350076103501,11.317926533090468
"290570101H","BA",1,0.654490106544901,0.654490106544901
"290580001A","BA",4,5.598205225773719,16.55441400304414
"290650104A","BA",1,2.682648401826484,2.682648401826484
"290650105A","BA",1,1.8683409436834095,1.8683409436834095
"290687301C","BA",1,8.883181126331811,8.883181126331811
"291120401A","BA",6,2.439117199391172,12.249544626593806
"291180801A","BA",7,1.4231354642313545,7.555403764420158
"291340801C","BA",1,7.73755312689739,7.73755312689739
"291345701A","BA",7,3.430365296803653,8.354204614450516
"291360601A","BA",5,2.3972602739726026,10.363539769277475
"291360602A","BA",7,2.2792998477929984,10.498254401942926
"291420801C","BA",1,15.804794520547945,15.804794520547945
"291480202A","BA",6,1.644786910197869,7.931086824529447
"291480203A","BA",2,4.899162861491629,6.210045662100456
"291490101A","BA",2,5.091682885445517,5.293715846994536
"291640101A","BA",5,6.278538812785388,11.926988463873709
"291680701C","BA",1,0.8614146933819065,0.8614146933819065
"291710201A","BA",1,6.841704718417047,6.841704718417047
"291710201C","BA",3,0.73618700667881,8.99923896499239
"291750802A","BA",5,2.1442161339421615,8.855115361262902
"291760701A","BA",3,2.4010654490106544,6.316408621736491
"291760702A","BA",5,4.878234398782344,9.022085610200364
"291840701A","BA",1,4.30365296803653,4.30365296803653
"291840704A","BA",4,5.069444444444445,8.259335154826958
"291900901A","BA",1,3.578767123287671,3.578767123287671
"291915701A","BA",1,2.0681126331811264,2.0681126331811264
"291920701A","BA",1,2.0034246575342465,2.0034246575342465
"291920702A","BA",1,1.0787671232876712,1.0787671232876712
"291920703A","BA",3,0.020928462709284626,1.3127853881278537
"291920705A","BA",1,0.02087128111718276,0.02087128111718276
"291920706A","BA",4,4.506278538812785,8.614146933819065
"292060101A","BA",4,4.223744292237443,8.185336976320583
"292270601C","BA",2,7.630891263484458,8.034627092846272
"292300102A","BA",1,3.3143074581430745,3.3143074581430745
"292300103A","BA",3,7.968036529680365,11.012446873102611
"292390201A","BA",4,2.7083333333333335,19.79925622343655
"292490001C","BA",2,5.316151824404687,8.09805707346691
"292530301A","BA",1,2.353500761035008,2.353500761035008
"292530303A","BA",2,0.9836091565403265,1.9463470319634704
"292530304A","BA",2,0.02089987191323369,0.020928462709284626
"292550101A","BA",2,17.698446116226265,18.328779599271403
"292610301C","BA",2,0.03231539702738894,0.04375951293759513
"292680601C","BA",1,3.93455098934551,3.93455098934551
"292740801G","BA",1,11.99200913242009,11.99200913242009
"292740802G","BA",1,2.313546423135464,2.313546423135464
"292740803A","BA",3,1.0407153729071539,5.878111718275653
"292740803G","BA",2,2.1111443804010612,2.302130898021309
"292740804G","BA",2,2.005639144646555,2.1556316590563167
"292740806G","BA",1,5.981735159817352,5.981735159817352
"292740807G","BA",1,2.087138508371385,2.087138508371385
"292740809G","BA",3,9.486945962355799,11.076864535768644
"292740810A","BA",1,8.240361262902246,8.240361262902246
"292740811A","BA",1,2.1080669710806696,2.1080669710806696
"292740811G","BA",3,1.569140862173649,1.938736681887367
"292740812A","BA",1,4.103881278538813,4.103881278538813
"292740812G","BA",1,18.33904109589041,18.33904109589041
"292740813G","BA",1,7.539954337899543,7.539954337899543
"292740814G","BA",3,4.426608986035215,5.757229832572299
"292740815G","BA",1,10.232115677321158,10.232115677321158
"292740816A","BA",1,7.74923896499239,7.74923896499239
"292740817A","BA",4,1.1634322678843227,4.176153612629022
"292740818A","BA",1,0.2054794520547945,0.2054794520547945
"292740819A","BA",3,0.6090619307832423,0.9570015220700152
"292740820A","BA",3,2.1727549467275495,5.102079538554948
"292740821A","BA",2,1.6771308980213089,2.3401826484018264
"292770501A","BA",6,0.6478310502283104,11.934578020643595
"292805901A","BA",4,6.1377473363774735,10.30851548269581
"292860401A","BA",4,3.5977929984779298,5.018594414086217
"292860402A","BA",1,7.281202435312024,7.281202435312024
"292900801A","BA",5,3.124048706240487,7.891241651487553
"293070901A","BA",5,4.668949771689498,10.92706435944141
"293070902A","BA",2,2.5180745814307457,4.00875190258752
"293105301C","BA",2,0.6224008367226422,1.2029447480267152
"293120201A","BA",1,5.44710806697108,5.44710806697108
"293240801C","BA",1,7.090543412264724,7.090543412264724
"293280401C","BA",1,1.251902587519026,1.251902587519026
"293290301A","BA",6,6.150114155251142,17.000607164541588
"293290307H","BA",3,11.017884322678844,11.965372907153728
"293330701A","BA",2,7.499844050203358,11.919398907103824
"293330702A","BA",5,6.398401826484018,11.596842744383729
"293330703A","BA",2,2.0043759512937593,3.6168188736681888
"293330704A","BA",3,0.4452054794520548,0.5821917808219178
"293330705A","BA",1,1.8873668188736683,1.8873668188736683
"310060901A","MG",2,0.8780441400304415,1.7351598173515983
"310110201A","MG",3,6.97869101978691,10.004933211900426
"310170601A","MG",4,3.0602132561485806,4.467275494672755
"310230801A","MG",1,6.396098967820279,6.396098967820279
"310470001A","MG",1,6.1646174863387975,6.1646174863387975
"310560803A","MG",1,0.020928462709284626,0.020928462709284626
"310560805A","MG",1,1.9543108682452945,1.9543108682452945
"310560806A","MG",1,0.7876712328767124,0.7876712328767124
"310560807A","MG",1,0.020928462709284626,0.020928462709284626
"310560808A","MG",2,0.5402932687909109,1.0502283105022832
"310560809A","MG",1,0.032343987823439876,0.032343987823439876
"310560811A","MG",4,5.026636225266362,10.61778992106861
"310560812A","MG",1,0.032343987823439876,0.032343987823439876
"310560828H","MG",1,0,0
"310590502A","MG",2,0.02089987191323369,0.020928462709284626
"310630901A","MG",3,8.028919330289193,10.075136612021858
"310670503A","MG",1,1.0312024353120244,1.0312024353120244
"310710902A","MG",5,1.8378995433789953,7.9671372191864
"310900606A","MG",1,1.2785388127853883,1.2785388127853883
"310940201A","MG",2,7.840914052948075,9.466074681238617
"310945101A","MG",4,6.132990867579909,11.606329690346085
"311000402A","MG",4,1.5716022697973069,3.396118721461187
"311000403A","MG",1,1.1396499238964992,1.1396499238964992
"311050909A","MG",1,0.030358227079538558,0.030358227079538558
"311080601A","MG",3,7.288812785388128,7.7147844565877355
"311205901A","MG",1,4.269406392694064,4.269406392694064
"311230701A","MG",1,8.21190042501518,8.21190042501518
"311290101A","MG",1,3.7633181126331814,3.7633181126331814
"311300801A","MG",1,7.824833029751063,7.824833029751063
"311320602A","MG",2,0.20829174672089562,0.3862252663622527
"311330501A","MG",6,2.472412480974125,9.212328767123287
"311330502A","MG",9,3.921903460837887,12.40296803652968
"311330503A","MG",5,2.456240487062405,10.768645357686452
"311340402A","MG",6,5.78386605783866,11.983910139647845
"311340408H","MG",1,0.020928462709284626,0.020928462709284626
"311360201A","MG",6,2.4666787267842736,9.532483302975105
"311370102A","MG",3,7.832952815829527,8.221387370977535
"311410501A","MG",7,1.6514459665144599,8.094262295081968
"311450101A","MG",7,2.2754946727549465,7.828627808136004
"311530001A","MG",2,1.1339135705433707,2.2469558599695585
"311530004A","MG",2,0.02089987191323369,0.020928462709284626
"311530007A","MG",1,0.020928462709284626,0.020928462709284626
"311530008A","MG",1,0.020928462709284626,0.020928462709284626
"311570601A","MG",2,7.690141789555106,8.418715846994536
"311590401A","MG",2,0.02089987191323369,0.020928462709284626
"311600101A","MG",2,6.967353469571075,9.665300546448087
"311610001A","MG",5,7.388433515482696,15.469414086217364
"311750401A","MG",2,1.475456621004566,1.874048706240487
"311800702A","MG",4,0.9785173956799829,2.2926179604261794
"311820501A","MG",5,6.350561627200972,15.042501517911354
"311830401A","MG",4,1.0515642804268448,1.7751141552511416
"311830402A","MG",3,5.650684931506849,11.431769884638737
"311830404A","MG",1,11.91400304414003,11.91400304414003
"311830410H","MG",2,1.74088317488834,3.4608378870673953
"311860101A","MG",1,1.601978691019787,1.601978691019787
"311860102A","MG",4,1.2490487062404871,1.5924657534246576
"311860104A","MG",1,1.5943683409436835,1.5943683409436835
"312110001A","MG",5,3.818493150684932,9.543867638129932
"312170402A","MG",4,5.794330289193303,10.507741347905283
"312190201A","MG",1,1.8531202435312022,1.8531202435312022
"312250401A","MG",3,4.69558599695586,6.999619482496194
"312260301A","MG",3,5.629756468797565,12.16985428051002
"312370001A","MG",4,2.6004446648534905,7.543759512937595
"312400501A","MG",3,1.5943683409436835,1.6894977168949772
"312420301A","MG",3,0.020928462709284626,9.541970248937462
"312420302A","MG",6,1.3917427701674276,8.044930176077717
"312580401A","MG",3,3.673896499238965,6.409817351598174
"312670302A","MG",1,2.1423135464231353,2.1423135464231353
"312680201A","MG",3,7.265981735159817,10.348360655737705
"312690102A","MG",5,3.582572298325723,7.841909532483303
"312770102A","MG",2,1.55441400304414,2.151826484018265
"312770103A","MG",1,0.41286149162861496,0.41286149162861496
"312770104A","MG",1,0.6145357686453576,0.6145357686453576
"312770105A","MG",3,6.255692167577413,15.59931506849315
"312770106A","MG",6,1.4687975646879756,19.878946569520338
"312770108A","MG",2,1.3613013698630136,1.910197869101979
"312820401A","MG",4,5.483257229832573,9.710837887067395
"312870901A","MG",6,1.3774733637747336,8.105646630236794
"312880801A","MG",4,1.274374953215061,2.524733637747336
"312900401A","MG",1,3.7100456621004563,3.7100456621004563
"312930102A","MG",3,3.502663622526636,5.934170471841705
"313090301A","MG",2,5.0799086757990874,6.523972602739726
"313130701A","MG",2,5.316780821917808,6.171993911719939
"313130702A","MG",6,0.7144216133942162,16.700913242009133
"313130703A","MG",3,1.5981735159817352,16.813165905631656
"313130704A","MG",3,1.600076103500761,16.775114155251142
"313150553H","MG",1,0,0
"313170301A","MG",5,1.5943683409436835,18.99923896499239
"313170302A","MG",7,3.6415525114155254,19.084855403348556
"313170303A","MG",6,1.205289193302892,17.467656012176562
"313170304A","MG",4,1.2832952815829528,18.976407914764078
"313170305A","MG",6,0.900875190258752,17.59322678843227
"313170306A","MG",5,4.244672754946728,17.878614916286146
"313180201A","MG",6,3.0688736681887367,8.756451123254402
"313240401A","MG",7,1.591909532483303,7.93677899210686
"313240402A","MG",6,5.470890410958904,9.287720097146327
"313270101A","MG",4,2.664573820395738,7.60853066180935
"313300601A","MG",1,2.6316788099574984,2.6316788099574984
"313320401A","MG",5,6.162720097146327,17.93032786885246
"313330301C","MG",1,9.916286149162861,9.916286149162861
"313350101A","MG",5,3.3808980213089805,8.940497874924104
"313360001A","MG",1,1.1624809741248097,1.1624809741248097
"313460801A","MG",4,6.588660578386605,9.617865816636309
"313540701A","MG",3,1.03310502283105,7.062082574377657
"313620701A","MG",3,4.499619482496195,17.65981735159817
"313620702A","MG",3,0.8599695585996955,1.600076103500761
"313620703A","MG",7,1.5981735159817352,18.38660578386606
"313620704A","MG",8,1.1497658673719755,4.2656012176560125
"313670204A","MG",2,0.02089987191323369,0.020928462709284626
"313670207A","MG",2,0.7663606931656561,0.9733606557377049
"313670209A","MG",2,0.018997284394207815,0.02087128111718276
"313670212A","MG",1,0.3633942161339422,0.3633942161339422
"313670213A","MG",2,1.6312322737064484,2.950440194292653
"313670220A","MG",1,1.9216133942161338,1.9216133942161338
"313670222A","MG",3,8.090467516697025,11.135844748858448
"313670223A","MG",1,0.032343987823439876,0.032343987823439876
"313670224A","MG",2,0.4385464231354642,0.4661339421613394
"313670227A","MG",1,0.5060882800608828,0.5060882800608828
"313670228A","MG",1,2.267884322678843,2.267884322678843
"313700701A","MG",6,10.434569703321106,17.54566210045662
"313753601A","MG",2,5.424277016742771,6.992009132420092
"313770001A","MG",5,2.4181887366818873,8.133561643835616
"313770002A","MG",1,3.1487823439878238,3.1487823439878238
"313780901A","MG",7,2.591324200913242,8.613013698630137
"313920101A","MG",6,4.389557913516481,8.126517911353977
"313940901A","MG",4,4.465996706340295,7.968036529680365
"313940902A","MG",2,8.03063477805225,8.469945355191257
"313950801A","MG",2,1.6846996614849747,3.339041095890411
"313960701A","MG",1,1.432648401826484,1.432648401826484
"314000102A","MG",2,0.025643344894411592,0.030358227079538558
"314000103A","MG",1,0.030358227079538558,0.030358227079538558
"314000104A","MG",2,2.3059360730593608,2.7853881278538815
"314040701A","MG",3,1.8417047184170472,9.970780206435945
"314060501A","MG",1,13.875570776255708,13.875570776255708
"314080302A","MG",1,0.020928462709284626,0.020928462709284626
"314080303A","MG",2,1.1824581430745815,1.5049467275494672
"314080304A","MG",1,0.020928462709284626,0.020928462709284626
"314150401A","MG",2,8.16434873285592,8.24771689497717
"314220501A","MG",2,2.4743150684931505,3.71765601217656
"314310401A","MG",6,2.4829156997779274,8.953779599271403
"314315301A","MG",2,3.3133561643835616,3.9364535768645355
"314330202A","MG",1,0.9627092846270928,0.9627092846270928
"314390601A","MG",1,0.6621004566210046,0.6621004566210046
"314390607A","MG",1,0.030358227079538558,0.030358227079538558
"314400301A","MG",2,6.322298325722983,8.06697108066971
"314430001A","MG",4,6.964421613394216,8.253642987249545
"314430003A","MG",3,3.009259259259259,8.695734669095325
"314435901A","MG",1,3.1487823439878238,3.1487823439878238
"314467201A","MG",2,8.862315043541184,8.98224043715847
"314480502A","MG",1,0.4832572298325723,0.4832572298325723
"314490401A","MG",2,8.021137435436785,9.667047184170471
"314530701A","MG",2,4.7020345210469845,6.403688524590163
"314610702A","MG",4,2.1216579958579738,3.6320395738203954
"314610707A","MG",1,0.4718417047184171,0.4718417047184171
"314630501A","MG",4,5.253995433789954,7.891241651487553
"314780801A","MG",4,2.72355403348554,8.141697024893746
"314790701A","MG",4,4.653729071537291,9.695658773527626
"314800401A","MG",4,5.976027397260274,9.200440194292653
"314810301A","MG",3,7.300228310502282,9.086596842744383
"314820201A","MG",4,4.943873668188737,9.84934729811779
"314990301A","MG",4,1.4350292353885437,9.232695810564664
"314995201A","MG",3,1.1225266362252664,1.9581056466302367
"315000001A","MG",1,1.567732115677321,1.567732115677321
"315080201A","MG",4,5.640220700152207,10.697480267152399
"315110701A","MG",2,0.8358805133451439,0.9183363691560413
"315120602A","MG",1,6.938736681887367,6.938736681887367
"315250101A","MG",5,2.0528919330289197,9.08675799086758
"315250102A","MG",3,7.7910958904109595,8.22869101978691
"315250103A","MG",2,9.683325743776564,9.841757741347905
"315250104A","MG",5,2.012937595129376,9.159056316590563
"315250105A","MG",8,2.222222222222222,9.23896499238965
"315340001A","MG",3,3.6015981735159817,6.468797564687975
"315350901A","MG",2,4.843987823439878,5.934170471841705
"315390501A","MG",4,7.162290715372907,10.705069823922283
"315400201A","MG",4,5.432838660578387,8.301077717061323
"315430902A","MG",4,5.620243531202435,8.122723132969034
"315460602A","MG",3,5.867579908675799,9.589404978749242
"315460603A","MG",3,1.698163327261688,9.363615664845174
"315460604A","MG",4,2.0947488584474887,7.999392835458409
"315460605A","MG",1,6.612401335761992,6.612401335761992
"315460621H","MG",1,5.094489981785063,5.094489981785063
"315480401A","MG",2,4.177967828596618,7.0279295689131756
"315490301A","MG",2,4.9889587543977845,8.060109289617486
"315570201A","MG",3,3.3602762598664238,9.578020643594414
"315670003A","MG",1,0.030358227079538558,0.030358227079538558
"315680901A","MG",9,1.495433789954338,7.39602307225258
"315780702A","MG",1,2.9033485540334856,2.9033485540334856
"315780703A","MG",4,5.305365296803653,9.060033394049787
"315780704A","MG",3,3.3200152207001525,6.261415525114156
"315780724H","MG",1,0.020928462709284626,0.020928462709284626
"315960501A","MG",1,0.8314307458143074,0.8314307458143074
"315960502A","MG",1,14.212328767123289,14.212328767123289
"316020701A","MG",1,3.6891171993911716,3.6891171993911716
"316070201A","MG",1,0.020928462709284626,0.020928462709284626
"316070202A","MG",3,0.020928462709284626,0.020928462709284626
"316070205A","MG",4,0.5774353120243532,1.491628614916286
"316105601A","MG",3,3.0339253187613844,3.900304414003044
"316110601A","MG",2,5.662100456621005,6.910197869101979
"316110602A","MG",3,1.4477079538554949,4.5662100456621
"316230201A","MG",4,5.294901065449011,9.648224043715848
"316250002A","MG",1,0.020928462709284626,0.020928462709284626
"316250003A","MG",1,1.5886605783866057,1.5886605783866057
"316250004A","MG",1,0.837138508371385,0.837138508371385
"316290601A","MG",1,0.020928462709284626,0.020928462709284626
"316290602A","MG",3,0.020928462709284626,1.6507285974499089
"316330001A","MG",6,4.205669710806697,8.143594414086218
"316370654H","MG",1,0.020928462709284626,0.020928462709284626
"316400101A","MG",4,6.8407534246575334,8.758348512446872
"316410001A","MG",4,8.856952969699993,17.954993928354586
"316550301A","MG",4,11.840753424657535,14.403081360048573
"316600601A","MG",7,1.2538051750380519,7.991803278688526
"316750901A","MG",1,0.6773211567732116,0.6773211567732116
"316880401A","MG",2,0.02089987191323369,0.020928462709284626
"316880403A","MG",2,0.025643344894411592,0.030358227079538558
"316930701A","MG",1,1.8207762557077627,1.8207762557077627
"316930702A","MG",2,1.1024117116217949,1.4894505160898603
"316935601A","MG",4,2.838252509752061,7.1308980213089805
"316990101A","MG",1,0.02087128111718276,0.02087128111718276
"316990103A","MG",1,0.020928462709284626,0.020928462709284626
"316990106A","MG",1,0.020928462709284626,0.020928462709284626
"316990108A","MG",1,0.030358227079538558,0.030358227079538558
"316990110A","MG",2,0.7800192961881711,1.5296803652968036
"317010701A","MG",1,2.53234398782344,2.53234398782344
"317020601A","MG",6,1.5011415525114156,8.012674559805708
"317040401A","MG",6,2.996923630344919,9.875910746812385
"317100601A","MG",3,3.736681887366819,6.558219178082192
"317130301A","MG",3,9.164764079147641,14.414003044140031
"317130302A","MG",2,1.5182648401826486,2.134703196347032
"317130303A","MG",2,4.661960621636683,7.879857316332727
"317130304A","MG",3,1.8512176560121767,2.593226788432268
"317190701A","MG",3,12.488584474885844,15.224505327245053
"317200401A","MG",2,0.8076198110304331,1.5943683409436835
"320010203A","ES",2,0.9170471841704719,1.0407153729071539
"320016903A","ES",3,2.089041095890411,7.897640791476408
"320020107A","ES",1,1.093987823439878,1.093987823439878
"320030001A","ES",4,11.087328767123289,16.827944748026717
"320040902A","ES",4,3.873668188736682,7.777777777777778
"320050801A","ES",4,6.913051750380516,11.12629022465088
"320060702A","ES",1,0.02087128111718276,0.02087128111718276
"320060704A","ES",1,0.02087128111718276,0.02087128111718276
"320060705A","ES",4,3.122146118721461,9.923345476624165
"320060706A","ES",1,2.1366057838660577,2.1366057838660577
"320060707A","ES",1,0.02087128111718276,0.02087128111718276
"320070601A","ES",2,1.7827245053272451,2.3249619482496193
"320080501A","ES",1,8.676760777170612,8.676760777170612
"320090401A","ES",3,0.020928462709284626,0.42047184170471835
"320090402A","ES",1,1.552511415525114,1.552511415525114
"320090403A","ES",3,5.312024353120243,8.417047184170471
"320110001A","ES",1,10.55517607771706,10.55517607771706
"320110005H","ES",1,0.020928462709284626,0.020928462709284626
"320115901A","ES",2,10.118326908201713,19.17691256830601
"320120904A","ES",1,0.030358227079538558,0.030358227079538558
"320120908A","ES",2,1.7713089802130897,1.9273211567732116
"320120909A","ES",3,2.496194824961948,2.6160578386605784
"320130805A","ES",1,8.105646630236794,8.105646630236794
"320130806A","ES",1,1.9311263318112633,1.9311263318112633
"320130811A","ES",5,0.9227549467275494,4.514840182648402
"320140706A","ES",1,0.02087128111718276,0.02087128111718276
"320150601A","ES",4,2.5228310502283104,10.350258044930175
"320150602A","ES",3,0.4756468797564688,14.05441400304414
"320150603A","ES",1,7.929984779299848,7.929984779299848
"320170401A","ES",3,7.376331811263317,12.30646630236794
"320210801A","ES",3,0.020928462709284626,1.1263318112633183
"320220701A","ES",4,1.2832952815829528,3.6263318112633183
"320220702A","ES",6,0.3995433789954338,6.87044626593807
"320225601A","ES",1,0.02087128111718276,0.02087128111718276
"320230603A","ES",2,3.3162100456621006,4.286529680365296
"320240501A","ES",2,0.7391552511415524,0.8314307458143074
"320240503A","ES",1,0.5384322678843226,0.5384322678843226
"320245401A","ES",4,3.461425297968078,3.9383561643835616
"320250401A","ES",2,4.6118721461187215,8.318112633181126
"320255301A","ES",3,6.316590563165906,8.991727383120827
"320265201A","ES",1,2.7302130898021306,2.7302130898021306
"320290001A","ES",3,2.2825591985428053,5.292998477929984
"320300701A","ES",4,4.753614916286149,8.88737097753491
"320313001A","ES",1,3.4531963470319638,3.4531963470319638
"320316301A","ES",1,1.5943683409436835,1.5943683409436835
"320316310H","ES",1,9.813546423135463,9.813546423135463
"320320501A","ES",5,0.5859969558599696,7.244231936854888
"320330401A","ES",3,5.865677321156773,7.71689497716895
"320334602A","ES",3,3.1830289193302894,7.191780821917808
"320335301A","ES",1,3.35806697108067,3.35806697108067
"320340302A","ES",3,8.90220700152207,13.81468797564688
"320350201A","ES",2,5.041856925418569,7.581811263318112
"320360101A","ES",2,5.1151065449010655,7.692161339421613
"320380902A","ES",1,5.745814307458143,5.745814307458143
"320390802A","ES",1,13.54546144505161,13.54546144505161
"320390803A","ES",5,0.9550989345509895,3.898401826484018
"320390804A","ES",1,0.02087128111718276,0.02087128111718276
"320400501A","ES",5,1.7237442922374429,3.44558599695586
"320405401A","ES",2,4.467275494672754,6.6191019786910195
"320420301A","ES",1,0.4280821917808219,0.4280821917808219
"320425201A","ES",3,2.671232876712329,6.853120243531202
"320440101A","ES",4,3.5652930608578486,9.695585996955861
"320440102A","ES",3,4.223744292237443,5.852359208523592
"320450001A","ES",2,0.02089987191323369,0.020928462709284626
"320455902A","ES",1,0.02087128111718276,0.02087128111718276
"320455903A","ES",1,3.705601092896175,3.705601092896175
"320455904A","ES",1,2.0072298325722984,2.0072298325722984
"320465801A","ES",1,0.02087128111718276,0.02087128111718276
"320480702A","ES",3,1.2328767123287672,3.007361870066788
"320480717H","ES",1,1.5767304189435338,1.5767304189435338
"320490601A","ES",1,0.02087128111718276,0.02087128111718276
"320490602A","ES",5,1.4989374620522162,7.336377473363774
"320495502A","ES",1,1.6362252663622525,1.6362252663622525
"320500202A","ES",3,0.020928462709284626,5.0038051750380514
"320500204A","ES",5,2.28310502283105,10.477383120825744
"320500205A","ES",1,0.02087128111718276,0.02087128111718276
"320500206A","ES",5,1.3831811263318112,3.339041095890411
"320500207A","ES",1,9.984061930783241,9.984061930783241
"320500213A","ES",6,2.0681126331811264,5.629553734061931
"320503601A","ES",2,9.244163318944365,11.482999392835458
"320506901A","ES",3,6.830289193302892,11.454538554948392
"320510101A","ES",2,0.02089987191323369,0.020928462709284626
"320510104A","ES",4,0.9979071537290715,1.8531202435312022
"320515001A","ES",3,4.528158295281583,7.324961948249619
"320520002A","ES",2,0.4632384742703629,0.8961187214611872
"320520006A","ES",2,2.0110350076103503,2.0985540334855406
"320520007A","ES",1,0.02087128111718276,0.02087128111718276
"320520008A","ES",1,0.02087128111718276,0.02087128111718276
"320520009A","ES",1,0.030358227079538558,0.030358227079538558
"320530905A","ES",7,1.7465753424657535,8.727990285367335
"320530908A","ES",5,1.6229071537290716,9.115057680631452
"320530910A","ES",1,0.9037290715372907,0.9037290715372907
"330010001G","RJ",1,2.5057077625570776,2.5057077625570776
"330010002A","RJ",2,5.450772887192155,6.352459016393443
"330010003A","RJ",6,8.414193302891935,19.828767123287673
"330010004A","RJ",2,3.041286149162861,5.102739726027397
"330010005A","RJ",2,2.9309360730593608,5.220700152207002
"330010006A","RJ",1,0.7553272450532724,0.7553272450532724
"330010006G","RJ",1,4.893455098934551,4.893455098934551
"330010009A","RJ",1,0.9570015220700152,0.9570015220700152
"330010010A","RJ",1,2.1689497716894977,2.1689497716894977
"330010011A","RJ",1,1.9710806697108068,1.9710806697108068
"330010012A","RJ",4,1.9530060882800613,6.147540983606557
"330010013A","RJ",3,4.712709284627093,7.650304414003044
"330010014A","RJ",3,0.6451123254401943,2.941400304414003
"330010015A","RJ",4,2.6008371385083713,6.200532724505328
"330010016A","RJ",1,3.955479452054794,3.955479452054794
"330010017A","RJ",5,1.5900121432908316,5.450913242009133
"330010018A","RJ",1,0.011384335154826957,0.011384335154826957
"330010019A","RJ",3,5.083713850837138,5.633348512446873
"330010020A","RJ",2,0.6040715372907154,1.187214611872146
"330010021A","RJ",3,8.114535768645357,8.587583485124469
"330010022A","RJ",3,1.8759512937595129,7.612325440194293
"330010023A","RJ",1,0.020928462709284626,0.020928462709284626
"330010024A","RJ",3,0.9950532724505327,4.535768645357686
"330010025A","RJ",2,5.533306717901373,8.602762598664238
"330010026A","RJ",2,2.5266362252663623,5.03234398782344
"330010027A","RJ",1,2.106164383561644,2.106164383561644
"330010028A","RJ",1,5.273972602739726,5.273972602739726
"330010029A","RJ",5,5.297510625379478,12.492389649923897
"330015901A","RJ",4,2.3982115677321154,10.484972677595628
"330020902A","RJ",2,2.291666666666667,3.3333333333333335
"330020903A","RJ",1,5.062785388127853,5.062785388127853
"330020904A","RJ",4,1.9554363059443902,4.122907153729072
"330022503A","RJ",1,0.020928462709284626,0.020928462709284626
"330030801A","RJ",2,4.026187089852034,6.716757741347905
"330030803A","RJ",6,1.4331032554000216,7.8570886460230724
"330040705A","RJ",1,9.538175470552519,9.538175470552519
"330040706A","RJ",6,4.963850837138509,9.519201578627808
"330045603A","RJ",2,7.63603500761035,10.340563165905632
"330045604A","RJ",4,0.7328132927447997,1.938736681887367
"330045606A","RJ",2,7.082382039573821,7.311643835616438
"330060501A","RJ",2,8.89743493774484,11.816939890710383
"330070404A","RJ",3,2.969939117199391,10.374924104432301
"330090201A","RJ",2,4.270357686453577,7.136605783866059
"330095102A","RJ",2,1.3974427352346732,2.783469945355191
"330100902A","RJ",3,5.78386605783866,8.644505160898603
"330100904A","RJ",3,5.625951293759513,8.627428658166362
"330100905A","RJ",3,2.5076103500761038,5.83523592085236
"330100906A","RJ",2,5.722983257229833,7.981354642313547
"330110801A","RJ",3,0.02087128111718276,0.5270167427701674
"330110805A","RJ",1,0.01141552511415525,0.01141552511415525
"330115701A","RJ",1,6.530813600485732,6.530813600485732
"330120702A","RJ",1,0.020928462709284626,0.020928462709284626
"330150402A","RJ",3,1.3242009132420092,9.486945962355799
"330150403A","RJ",3,4.78310502283105,5.361491628614917
"330160301A","RJ",2,0.016143403115669003,0.02087128111718276
"330160302A","RJ",1,0.671613394216134,0.671613394216134
"330180103A","RJ",1,6.7736794171220405,6.7736794171220405
"330185001A","RJ",2,7.809921630028861,11.25721007893139
"330185004A","RJ",1,0.020928462709284626,0.020928462709284626
"330185015H","RJ",1,0.9455859969558601,0.9455859969558601
"330190002A","RJ",2,1.2766362252663623,2.53234398782344
"330190003A","RJ",1,0.020928462709284626,0.020928462709284626
"330190005A","RJ",2,0.8076198110304331,1.5943683409436835
"330190007A","RJ",3,0.030358227079538558,1.5981735159817352
"330190008A","RJ",6,4.4901065449010655,9.536278081360049
"330200702A","RJ",2,1.1310882800608828,1.600076103500761
"330200703A","RJ",2,4.152397260273973,6.70662100456621
"330200704A","RJ",7,1.095890410958904,7.595248937462053
"330205601A","RJ",3,2.5380517503805176,10.469793564055859
"330210601A","RJ",3,10.295233758348513,18.59208523592085
"330220501A","RJ",6,2.5062094010696074,11.099726775956285
"330220502A","RJ",1,14.735124468731026,14.735124468731026
"330225403A","RJ",3,2.3687214611872145,10.22503035822708
"330227004A","RJ",2,2.637937595129376,4.328386605783866
"330227005A","RJ",1,3.158295281582953,3.158295281582953
"330230401A","RJ",2,5.346270928462709,6.923515981735159
"330240301A","RJ",3,8.208105646630237,10.500380517503805
"330240302A","RJ",2,9.861404816561453,10.214992389649924
"330245201A","RJ",1,0.426179604261796,0.426179604261796
"330250207A","RJ",1,0.020928462709284626,0.020928462709284626
"330260101A","RJ",4,1.6067351598173518,11.446948998178506
"330260102A","RJ",2,0.6750858763546839,0.9373102610807529
"330270001A","RJ",7,1.038812785388128,3.5083713850837137
"330270003A","RJ",1,0.020928462709284626,0.020928462709284626
"330270005A","RJ",1,1.5943683409436835,1.5943683409436835
"330285803A","RJ",2,0.6192922374429224,0.9018264840182649
"330300501A","RJ",1,13.970476624165148,13.970476624165148
"330320302A","RJ",3,0.9969558599695586,2.085235920852359
"330320303A","RJ",2,0.47389764287080705,0.5824984820886461
"330330208A","RJ",2,0.8121111651737073,1.6032938676381299
"330330209A","RJ",1,0.6145357686453576,0.6145357686453576
"330330212A","RJ",1,0.020928462709284626,0.020928462709284626
"330330214A","RJ",5,2.0110350076103503,4.91248097412481
"330340102A","RJ",1,0.5384322678843226,0.5384322678843226
"330340103A","RJ",2,3.403729071537291,3.4075342465753424
"330340106A","RJ",2,0.025643344894411592,0.030358227079538558
"330340107A","RJ",1,1.7903348554033485,1.7903348554033485
"330340109A","RJ",1,0.5289193302891934,0.5289193302891934
"330340110A","RJ",2,9.28133395297386,12.820658773527626
"330340114A","RJ",1,0.01141552511415525,0.01141552511415525
"330340116A","RJ",2,0.5469653209238882,1.0730593607305936
"330340117A","RJ",1,0.01141552511415525,0.01141552511415525
"330340121A","RJ",1,2.3573059360730597,2.3573059360730597
"330340123A","RJ",1,0.020928462709284626,0.020928462709284626
"330350010A","RJ",1,1.2503794778384942,1.2503794778384942
"330370803A","RJ",1,1.8550228310502281,1.8550228310502281
"330390602A","RJ",2,0.8076198110304331,1.5943683409436835
"330390609A","RJ",2,5.477549467275495,8.963089802130899
"330390612A","RJ",1,2.2697869101978694,2.2697869101978694
"330390613A","RJ",2,0.8913622526636226,1.7617960426179604
"330390615A","RJ",1,0.020928462709284626,0.020928462709284626
"330390617A","RJ",2,4.6293385233425655,8.08287795992714
"330390622A","RJ",3,1.3165905631659056,3.4018264840182644
"330390626A","RJ",1,0.8276255707762556,0.8276255707762556
"330390628A","RJ",2,0.8076198110304331,1.5943683409436835
"330390629A","RJ",1,0.020928462709284626,0.020928462709284626
"330395501A","RJ",4,4.819254185692542,9.16249241044323
"330400302A","RJ",3,6.364155251141552,9.158697632058288
"330411001A","RJ",4,2.0795281582952816,6.716757741347905
"330414403A","RJ",5,3.3333333333333335,11.549408014571949
"330414404A","RJ",1,0.020928462709284626,0.020928462709284626
"330414405A","RJ",5,1.600076103500761,2.648755312689739
"330414406A","RJ",4,1.8835616438356164,10.678506375227686
"330420102A","RJ",3,1.9691780821917808,6.534608378870674
"330420118H","RJ",2,3.764269406392694,6.8112633181126325
"330430001A","RJ",4,4.640410958904109,8.534456587735276
"330430005A","RJ",5,3.732876712328767,8.5724043715847
"330440901A","RJ",2,2.17941400304414,2.713089802130898
"330440904A","RJ",2,1.5233592002062697,1.8366727383120827
"330455703A","RJ",5,4.93531202435312,10.261080752884032
"330455704A","RJ",2,2.0976027397260273,3.559741248097412
"330455710A","RJ",3,0.8770928462709284,4.69558599695586
"330455711A","RJ",6,3.8784246575342465,7.204386763812994
"330455712A","RJ",2,4.94482496194825,9.343607305936073
"330455713A","RJ",4,0.9370243531202435,4.71841704718417
"330455715A","RJ",1,0.671613394216134,0.671613394216134
"330455716A","RJ",3,1.0312024353120244,4.57572298325723
"330455718A","RJ",4,2.8291476407914766,4.866803278688525
"330455719A","RJ",5,2.1689497716894977,4.754857316332727
"330455720A","RJ",3,0.669710806697108,4.657534246575342
"330455721A","RJ",5,4.701293759512938,7.756527018822101
"330455722A","RJ",2,0.3158295281582953,0.610730593607306
"330455724A","RJ",3,0.7363013698630138,4.891552511415525
"330455725A","RJ",3,0.273972602739726,0.9798325722983257
"330455726A","RJ",3,2.3154490106544903,4.62138508371385
"330455727A","RJ",1,0.020928462709284626,0.020928462709284626
"330455728A","RJ",9,1.508751902587519,7.185412871888282
"330455729A","RJ",8,1.9279163651637263,6.902701882210079
"330455731A","RJ",5,1.0901826484018264,4.724499089253188
"330455732A","RJ",4,0.5555555555555555,5.44710806697108
"330455733A","RJ",4,2.5580289193302894,7.462431693989072
"330455734A","RJ",7,2.085235920852359,7.853293867638129
"330460704A","RJ",1,0.020928462709284626,0.020928462709284626
"330470601A","RJ",1,2.6293759512937593,2.6293759512937593
"330475502A","RJ",2,4.495814307458143,8.378995433789955
"330490402A","RJ",5,0.8257229832572299,2.402094717668488
"330490403A","RJ",1,0.020928462709284626,0.020928462709284626
"330490407A","RJ",3,0.020928462709284626,0.020928462709284626
"330510903A","RJ",2,0.7779581597092264,1.5349878567091682
"330510905A","RJ",4,1.7910834144272276,4.105783866057839
"330510906A","RJ",1,0.852359208523592,0.852359208523592
"330510907A","RJ",5,1.3869863013698631,4.2275494672754945
"330510908A","RJ",2,1.6818873668188739,2.332572298325723
"330515801A","RJ",1,0.030358227079538558,0.030358227079538558
"330515802A","RJ",1,8.000380517503805,8.000380517503805
"330550501A","RJ",4,4.873477929984779,8.938600485731634
"330550504A","RJ",2,4.697982425497584,8.667273831208258
"330555402A","RJ",1,0.020928462709284626,0.020928462709284626
"330555403A","RJ",1,0.9999241044323012,0.9999241044323012
"330555404A","RJ",3,3.203957382039574,9.536278081360049
"330570307A","RJ",1,0.4661339421613394,0.4661339421613394
"330580202G","RJ",1,2.0395738203957383,2.0395738203957383
"330580203A","RJ",2,2.7130898021308982,3.5521308980213093
"330580204A","RJ",4,0.8904109589041096,2.269277474195507
"330580205G","RJ",2,3.176463432891684,4.337899543378995
"330580219A","RJ",1,1.3261035007610351,1.3261035007610351
"330580225A","RJ",2,2.601788432267884,3.6815068493150687
"330600807A","RJ",2,0.43642810506441765,0.8519277474195506
"330610702A","RJ",2,3.07648401826484,4.442541856925419
"330630501A","RJ",4,4.540525114155251,9.177671523983
"330630502A","RJ",3,6.773211567732115,9.280130540376442
"350050101A","SP",5,1.8455098934550989,1.9273211567732116
"350050102A","SP",5,1.495433789954338,3.3770928462709286
"350060001A","SP",4,1.7104261796042617,9.536278081360049
"350190501A","SP",6,1.2203591419850122,5.840943683409437
"350190502A","SP",5,3.5654490106544903,9.145415907710989
"350190503A","SP",2,1.1510654490106544,1.5620243531202436
"350200201A","SP",3,1.1662861491628616,1.5924657534246576
"350250701A","SP",4,2.88664113248663,7.832952815829527
"350250702A","SP",2,0.8142658715306369,1.5981735159817352
"350250703A","SP",5,1.5981735159817352,6.15323315118397
"350250704A","SP",7,1.0464231354642313,3.417047184170472
"350270501A","SP",5,1.5900121432908316,4.22945205479452
"350270503A","SP",1,4.739345509893455,4.739345509893455
"350275401A","SP",2,2.5504185692541856,3.506468797564688
"350290301A","SP",6,2.501902587519026,9.39207650273224
"350315801A","SP",8,3.740565037303192,11.342592592592593
"350320801A","SP",2,4.930862256822284,8.80388585306618
"350320802A","SP",2,1.403158295281583,1.9577625570776258
"350330701A","SP",6,4.1029299847792995,9.014496053430479
"350350501A","SP",8,1.678082191780822,8.143594414086218
"350380201A","SP",8,1.4555756210960569,9.331360048573163
"350380202A","SP",1,9.232695810564664,9.232695810564664
"350380203A","SP",2,2.3316210045662102,2.8881278538812785
"350390101A","SP",1,2.8557838660578385,2.8557838660578385
"350410701A","SP",4,0.8837519025875189,1.3831811263318112
"350410702A","SP",3,0.7515220700152206,1.600076103500761
"350410703A","SP",2,3.7179341226472373,7.405510018214937
"350410704A","SP",2,3.2113312082574375,6.392304189435337
"350410705A","SP",3,3.498858447488584,3.6107316332726165
"350410706A","SP",5,5.279680365296803,8.452868852459016
"350450301A","SP",3,0.6906392694063926,3.7576103500761038
"350450302A","SP",7,1.5943683409436835,8.98413782635094
"350450303A","SP",7,1.5943683409436835,9.115057680631452
"350490901A","SP",3,5.057077625570776,6.798345476624165
"350535101A","SP",4,2.821537290715373,6.6381278538812785
"350540101A","SP",6,5.7343987823439875,11.228749241044323
"350570802A","SP",1,1.5981735159817352,1.5981735159817352
"350570803A","SP",2,0.8152171652901499,1.600076103500761
"350600301A","SP",8,1.9991308398000518,9.208029751062538
"350600302H","SP",1,2.393455098934551,2.393455098934551
"350600303A","SP",3,4.415905631659056,4.908675799086757
"350600304A","SP",2,6.345129375951293,11.955859969558599
"350600305A","SP",4,3.14117199391172,12.831050228310502
"350600307A","SP",2,1.3013698630136985,1.5981735159817352
"350635901A","SP",1,0.01141552511415525,0.01141552511415525
"350660701A","SP",5,2.945205479452055,5.690639269406392
"350700101A","SP",4,4.705098934550989,9.09798117789921
"350710001A","SP",3,2.049086757990868,18.11247723132969
"350715901A","SP",1,1.2750455373406193,1.2750455373406193
"350760501A","SP",2,4.106844324675,6.170309653916211
"350760502A","SP",3,1.1719939117199392,4.145738203957381
"350760503A","SP",4,1.3955479452054795,6.109593199757135
"350760504A","SP",3,7.4017152398299935,9.115296803652969
"350760505A","SP",3,1.7304189435336976,10.462204007285974
"350840501A","SP",2,3.0136986301369864,3.6415525114155254
"350840502A","SP",2,3.3723311791468094,6.253794778384942
"350840503A","SP",7,3.4075342465753424,11.040715372907153
"350850401A","SP",1,1.5943683409436835,1.5943683409436835
"350880101A","SP",6,2.567541856925419,9.177671523983
"350900701A","SP",1,0.02087128111718276,0.02087128111718276
"350900702A","SP",2,4.109822965790853,6.7736794171220405
"350900703H","SP",1,3.512176560121766,3.512176560121766
"350900705A","SP",5,1.5468036529680365,8.1644656952034
"350920501A","SP",1,10.22692774741955,10.22692774741955
"350920504A","SP",1,18.154219793564057,18.154219793564057
"350925402A","SP",1,0.08561643835616438,0.08561643835616438
"350950204A","SP",1,0.7724505327245054,0.7724505327245054
"350950206A","SP",1,0.030358227079538558,0.030358227079538558
"350950208A","SP",4,2.776826484018265,7.858986035215542
"350950230H","SP",1,0.5308219178082192,0.5308219178082192
"350960102A","SP",2,1.2732599121690744,1.7702641165755921
"350960103A","SP",3,2.207001522070015,6.268973891924712
"350970001A","SP",1,0.032343987823439876,0.032343987823439876
"350970001G","SP",2,2.3296430413121403,2.8328020643594414
"350970003G","SP",1,7.8557838660578385,7.8557838660578385
"350970004G","SP",1,1.5791476407914764,1.5791476407914764
"350970004H","SP",1,1.9596651445966513,1.9596651445966513
"350970006G","SP",1,2.8671993911719937,2.8671993911719937
"350970011A","SP",5,0.6126331811263318,6.836293260473589
"350970012A","SP",3,1.1244292237442923,6.1228749241044325
"350970013A","SP",1,1.3222983257229832,1.3222983257229832
"350995701A","SP",4,1.4859208523592085,9.30859137826351
"351030201A","SP",5,1.5924657534246576,9.412947783849424
"351040101A","SP",3,5.814307458143075,9.116955069823922
"351050003A","SP",1,0.020928462709284626,0.020928462709284626
"351050004A","SP",1,0.6678082191780822,0.6678082191780822
"351050005A","SP",1,8.092364905889497,8.092364905889497
"351050008A","SP",1,0.7077625570776256,0.7077625570776256
"351050010A","SP",1,0.020928462709284626,0.020928462709284626
"351050011A","SP",2,2.141362252663623,3.719558599695586
"351050012A","SP",1,2.846270928462709,2.846270928462709
"351050017A","SP",3,1.0749619482496193,8.576199149969641
"351050019A","SP",2,0.3272450532724505,0.6221461187214612
"351060901A","SP",9,1.6621129326047357,9.204234972677595
"351060902A","SP",1,0.030358227079538558,0.030358227079538558
"351160701A","SP",3,1.73421372191864,2.7016742770167426
"351170601A","SP",1,2.212709284627093,2.212709284627093
"351220901A","SP",1,3.4379756468797567,3.4379756468797567
"351230801A","SP",6,2.4942922374429224,9.213721918639951
"351240701A","SP",5,2.089041095890411,9.545765027322405
"351270401A","SP",1,3.3066971080669707,3.3066971080669707
"351300903A","SP",2,0.8161684590496628,1.601978691019787
"351300905A","SP",7,1.310882800608828,9.003111718275653
"351300906A","SP",1,6.103500761035008,6.103500761035008
"351300907A","SP",5,4.691780821917808,9.710837887067395
"351340501A","SP",1,6.031800242865817,6.031800242865817
"351350401A","SP",1,0.01141552511415525,0.01141552511415525
"351350403A","SP",1,0.020928462709284626,0.020928462709284626
"351350406A","SP",1,2.3116438356164384,2.3116438356164384
"351360301A","SP",6,2.9661339421613393,7.693913175470553
"351360302A","SP",6,1.462138508371385,7.752732240437159
"351380103A","SP",3,1.1232544019429267,1.9577625570776258
"351380105A","SP",1,0.45662100456621,0.45662100456621
"351380106A","SP",4,1.323249619482496,2.5722983257229832
"351380107A","SP",1,0.020928462709284626,0.020928462709284626
"351380108A","SP",2,0.2454337899543379,0.4699391171993912
"351490801A","SP",4,3.32572298325723,9.092289010321796
"351500401A","SP",1,1.5943683409436835,1.5943683409436835
"351500403A","SP",1,0.46865513054037644,0.46865513054037644
"351510303A","SP",2,5.102079538554948,9.071417729204615
"351510304A","SP",1,1.4230418943533698,1.4230418943533698
"351510305A","SP",6,2.1139280842711115,7.517455980570735
"351518601A","SP",6,2.667427701674277,9.171979356405586
"351518627H","SP",3,0.8044930176077717,3.104128718882817
"351550901A","SP",3,1.0521308980213089,1.5981735159817352
"351570701A","SP",1,2.5970319634703194,2.5970319634703194
"351570702A","SP",4,1.60160181234457,2.832952815829528
"351570703A","SP",1,6.204462659380692,6.204462659380692
"351570704A","SP",1,0.030358227079538558,0.030358227079538558
"351630901A","SP",5,1.9691780821917808,7.948163327261688
"351630902A","SP",1,1.7522831050228311,1.7522831050228311
"351630903A","SP",7,1.7408675799086757,7.895036429872496
"351630904A","SP",2,0.3480071695319843,0.5745814307458144
"351630905A","SP",3,5.922754946727549,9.522996357012751
"351630906A","SP",1,10.613995142683667,10.613995142683667
"351640802A","SP",1,0.030358227079538558,0.030358227079538558
"351640803A","SP",3,2.5837138508371384,8.06959623557984
"351640804A","SP",1,6.963470319634703,6.963470319634703
"351830501A","SP",6,4.223364814398949,7.652207001522069
"351830502A","SP",3,6.8436073059360725,9.583712811171829
"351840402A","SP",2,6.272776467799486,11.150956284153006
"351840403A","SP",1,5.20264116575592,5.20264116575592
"351870101G","SP",2,2.368721461187215,3.1659056316590566
"351870107A","SP",5,4.689878234398782,7.380843958712811
"351870108A","SP",1,0.7838660578386605,0.7838660578386605
"351870109A","SP",2,3.8964992389649926,4.769786910197869
"351870111A","SP",4,2.0318724996049276,4.402587519025875
"351870114A","SP",5,0.020928462709284626,0.9227549467275494
"351870115A","SP",1,0.020928462709284626,0.020928462709284626
"351870118A","SP",1,4.651826484018265,4.651826484018265
"351870119A","SP",1,0.49657534246575347,0.49657534246575347
"351870121A","SP",1,0.5597298117789921,0.5597298117789921
"351880001A","SP",4,5.313924341475992,17.740588949605343
"351880002A","SP",4,3.6843607305936077,6.006468797564688
"351880003A","SP",2,5.626148830168592,7.494687310261081
"351880006A","SP",5,2.083333333333333,7.940573770491803
"351880007A","SP",1,2.361111111111111,2.361111111111111
"351880008A","SP",2,1.2395357686453576,1.2728310502283104
"351907101A","SP",1,0.4337899543378996,0.4337899543378996
"351970901A","SP",2,3.657724505327245,6.4117199391172
"352020201A","SP",2,1.6638127853881277,2.0662100456621
"352030102A","SP",2,3.4845890410958904,3.885083713850837
"352040002A","SP",3,4.533866057838661,7.843806921675774
"352040003A","SP",3,1.7332572298325724,4.845890410958904
"352040004A","SP",1,0.020928462709284626,0.020928462709284626
"352040005A","SP",1,0.7971841704718418,0.7971841704718418
"352042601A","SP",1,0.020928462709284626,0.020928462709284626
"352100201A","SP",1,2.1706132361870067,2.1706132361870067
"352110101A","SP",1,10.8948087431694,10.8948087431694
"352120001A","SP",2,2.7119669635950796,3.215372907153729
"352140801A","SP",6,7.4039193302891935,19.277474195506983
"352210901A","SP",1,4.366438356164384,4.366438356164384
"352210905A","SP",2,1.540144596651446,3.0593607305936072
"352215801A","SP",4,1.2841218155051526,6.151065449010654
"352220801A","SP",2,1.2747336377473364,1.9406392694063925
"352220802A","SP",1,1.5011415525114156,1.5011415525114156
"352220803A","SP",7,2.4086757990867578,9.124544626593806
"352230701A","SP",5,2.7207001522070016,9.414845173041893
"352230703A","SP",6,1.3587333965449842,3.5388127853881275
"352230704A","SP",7,2.4257990867579906,9.414845173041893
"352230706A","SP",3,1.2138508371385084,1.5924657534246576
"352230707A","SP",5,1.2385844748858448,9.674787492410443
"352250501A","SP",1,0.6678809957498483,0.6678809957498483
"352250502A","SP",1,3.4722222222222223,3.4722222222222223
"352250503A","SP",5,1.7323163327261688,3.7728310502283104
"352260401A","SP",1,1.8531202435312022,1.8531202435312022
"352265301A","SP",6,6.21805888248455,13.673896499238966
"352310701A","SP",2,6.163949501376517,10.73353066180935
"352310702A","SP",7,1.5943683409436835,6.813524590163935
"352310705A","SP",2,2.594178082191781,2.808219178082192
"352310706A","SP",4,1.6191019786910197,2.5380517503805176
"352310707A","SP",5,2.747336377473364,4.147640791476408
"352310708A","SP",6,2.9062024353120246,9.354128718882817
"352390902A","SP",7,2.117579908675799,13.323820395738203
"352390903A","SP",5,3.982115677321157,13.46577109896782
"352390905A","SP",2,5.499863284011611,9.405358227079539
"352390906A","SP",5,1.5943683409436835,8.995522161505768
"352400601A","SP",1,0.4623287671232877,0.4623287671232877
"352440201A","SP",1,1.5829528158295283,1.5829528158295283
"352470901A","SP",1,1.5981735159817352,1.5981735159817352
"352490701A","SP",3,6.01027397260274,9.192850637522769
"352500302A","SP",6,2.472412480974125,9.19474802671524
"352520101A","SP",4,2.382039573820396,3.3770928462709286
"352530001A","SP",2,4.074391171993912,6.027397260273973
"352530002A","SP",2,0.9332191780821918,1.3299086757990868
"352530003A","SP",5,1.5924657534246576,8.913934426229508
"352530004A","SP",4,4.731735159817352,9.84934729811779
"352550803A","SP",1,4.594748858447488,4.594748858447488
"352550804A","SP",2,1.0007610350076104,1.5867579908675797
"352585401A","SP",7,3.603500761035008,9.384486945962356
"352590402A","SP",1,2.0662100456621,2.0662100456621
"352590403A","SP",6,1.6990106544901067,6.352459016393443
"352590404A","SP",3,6.078767123287672,9.175774134790528
"352620901A","SP",3,1.5981735159817352,1.7865296803652966
"352620902A","SP",4,2.8158295281582952,10.560868245294476
"352630802A","SP",3,2.7302130898021306,7.889344262295082
"352640701A","SP",3,1.7892380085003035,3.2248858447488584
"352660501A","SP",9,1.4802130898021308,9.1055707346690955
"352670401A","SP",4,1.8378995433789953,9.464177292046145
"352690201A","SP",3,2.760654490106545,8.16636308439587
"352690202A","SP",2,3.4573238183164072,5.320279295689131
"352690203A","SP",1,0.8253642987249544,0.8253642987249544
"352690204A","SP",9,3.4475561627200975,9.545765027322405
"352690205A","SP",3,0.7893139040680024,5.294901065449011
"352700901A","SP",7,1.5981735159817352,9.318078324225866
"352720701A","SP",1,3.4665144596651447,3.4665144596651447
"352720702A","SP",7,1.06544901065449,5.5726320582877955
"352730601A","SP",2,1.051179604261796,1.5981735159817352
"352840301A","SP",5,2.5742009132420094,5.549847792998478
"352840302A","SP",3,1.9615677321156773,6.607686453576865
"352840303A","SP",3,1.5943683409436835,4.286529680365296
"352850202A","SP",4,4.573820395738204,6.464404978749242
"352850203A","SP",6,4.204718417047184,6.52701882210079
"352850204A","SP",4,1.7925779333117082,5.762937595129376
"352900502A","SP",7,3.3124048706240488,9.31048876745598
"352900504A","SP",5,1.4439131754705525,9.189055859137826
"352940105A","SP",4,0.5251141552511416,1.5900121432908316
"352940108A","SP",2,2.413432267884323,4.805936073059361
"352940109A","SP",1,0.032343987823439876,0.032343987823439876
"352940110A","SP",2,0.8111624705774718,1.601396478445659
"353060701A","SP",1,2.789193302891933,2.789193302891933
"353060702A","SP",1,14.91917122040073,14.91917122040073
"353060704A","SP",9,1.173896499238965,7.876062537947784
"353060705A","SP",3,7.033621736490589,10.51912568306011
"353070601A","SP",2,1.4697488584474887,1.9482496194824963
"353080501A","SP",4,1.6381278538812785,9.301001821493625
"353090401A","SP",2,2.0424277016742773,3.582572298325723
"353110001A","SP",4,0.3215372907153729,1.03310502283105
"353110003A","SP",3,0.8504566210045661,2.2336377473363775
"353110004A","SP",7,0.654490106544901,3.9764079147640787
"353170401A","SP",1,2.5209284627092843,2.5209284627092843
"353180301A","SP",4,1.2233637747336379,1.8347753491196113
"353180302A","SP",8,1.4688599446066324,8.986035215543414
"353180303A","SP",5,2.5266362252663623,10.038051750380518
"353180304A","SP",4,0.8770928462709284,2.060502283105023
"353230601A","SP",5,1.643835616438356,7.834319975713417
"353240501A","SP",4,0.9788812785388127,8.955676988463873
"353340301A","SP",5,2.3249619482496193,9.361718275652702
"353440102A","SP",3,1.5924657534246576,2.996575342465753
"353440103A","SP",8,1.9197108066971078,9.263054037644201
"353440104A","SP",1,3.3618721461187215,3.3618721461187215
"353440105A","SP",5,1.3127853881278537,8.929113539769277
"353490601A","SP",1,0.030358227079538558,0.030358227079538558
"353560601A","SP",5,1.97869101978691,6.754705525197329
"353620801A","SP",1,0.020928462709284626,0.020928462709284626
"353650501A","SP",2,3.179223744292238,4.334094368340944
"353680201A","SP",1,9.371205221615057,9.371205221615057
"353710702A","SP",4,1.4982876712328768,9.058136004857316
"353710703A","SP",4,5.058980213089803,9.227003642987249
"353710704A","SP",8,3.539764079147641,9.314283545840924
"353750301A","SP",6,2.88527397260274,9.73740133576199
"353760201A","SP",3,0.5802891933028919,4.225646879756469
"353760203A","SP",6,3.5521308980213093,10.198466909532483
"353800601A","SP",3,1.7569823922282939,3.352359208523592
"353820401A","SP",2,2.519025875190259,3.4912480974124813
"353850101A","SP",5,1.2842465753424657,9.050546448087433
"353870901A","SP",5,2.178462709284627,9.033469945355192
"353910301A","SP",3,1.0787671232876712,2.4942922374429224
"353980601A","SP",5,3.0251141552511416,6.210154826958106
"354050701A","SP",8,2.4785075188595287,10.623482088646023
"354060601A","SP",1,0.8105022831050228,0.8105022831050228
"354075401A","SP",2,2.665525114155251,2.962328767123288
"354100001A","SP",3,6.257610350076104,8.19482392228294
"354100002A","SP",6,3.33238203957382,7.369459623557985
"354100002G","SP",2,4.266552511415525,4.320776255707762
"354165301A","SP",2,7.525011748218013,8.824757134183365
"354190101A","SP",2,3.862712715522619,6.6086065573770485
"354210701A","SP",3,7.049086757990867,9.832270795385549
"354230501A","SP",4,1.9113934842095632,7.826730418943534
"354280001A","SP",3,6.487823439878235,7.752732240437159
"354325301A","SP",2,0.7791095890410958,0.9988584474885844
"354330301A","SP",2,5.028109950844624,10.035291438979964
"354330301G","SP",1,1.643835616438356,1.643835616438356
"354330305A","SP",1,13.17732115677321,13.17732115677321
"354330306A","SP",1,0.020928462709284626,0.020928462709284626
"354330307A","SP",1,0.020928462709284626,0.020928462709284626
"354340201A","SP",4,3.8508371385083713,9.321873102610807
"354340202A","SP",5,3.272450532724505,9.338949605343048
"354340203A","SP",6,1.4849695585996956,9.375
"354340204A","SP",6,2.6379375951293755,9.217516697024895
"354340207A","SP",2,0.4356509552444877,0.8409436834094367
"354340208A","SP",1,0.030358227079538558,0.030358227079538558
"354390701A","SP",7,1.128234398782344,8.980343047965999
"354390702A","SP",3,2.2161505768063146,3.840315725561627
"354390703A","SP",3,2.528538812785388,7.896933819064966
"354390704A","SP",2,5.075781204514643,9.263054037644201
"354400401A","SP",3,2.6084474885844746,8.024058894960534
"354430101A","SP",2,7.298211359799053,11.19459623557984
"354500101A","SP",1,0.4718417047184171,0.4718417047184171
"354520901A","SP",2,2.289764079147641,4.179984779299848
"354530801A","SP",3,1.2309741248097412,1.600076103500761
"354580301A","SP",1,7.747040072859745,7.747040072859745
"354580328H","SP",1,0.09512937595129375,0.09512937595129375
"354600901A","SP",2,2.643814303299482,4.0220700152207005
"354680101A","SP",2,0.7599043715846995,1.4989374620522162
"354730402A","SP",3,1.5943683409436835,10.209851244687309
"354730403A","SP",1,1.5981735159817352,1.5981735159817352
"354730404A","SP",4,4.513888888888888,8.828551912568305
"354730405A","SP",3,6.006468797564688,15.416287188828173
"354730407A","SP",4,1.0559360730593608,3.3200152207001525
"354780901A","SP",4,0.8808980213089802,1.6032938676381299
"354780904A","SP",5,1.5976017000607166,3.5350076103500756
"354780905A","SP",2,0.9974730934617528,1.0113084395871281
"354780906G","SP",2,2.104285188512114,2.83675799086758
"354780908A","SP",1,0.020928462709284626,0.020928462709284626
"354780910A","SP",3,0.020928462709284626,1.6032938676381299
"354780911A","SP",1,0.8974650880388586,0.8974650880388586
"354780912A","SP",2,11.16531406209713,11.898782343987824
"354780915A","SP",1,0.020928462709284626,0.020928462709284626
"354780916A","SP",2,2.286910197869102,4.55289193302892
"354780919A","SP",1,5.346842744383728,5.346842744383728
"354850004G","SP",1,3.3238203957382044,3.3238203957382044
"354850005A","SP",2,9.854945895817218,14.917273831208258
"354850006A","SP",3,1.8531202435312022,1.8854642313546424
"354850007G","SP",3,4.8496955859969555,9.029680365296803
"354850010A","SP",2,0.33866057838660574,0.6563926940639269
"354850013A","SP",1,0.4737442922374429,0.4737442922374429
"354870803A","SP",1,4.826864535768646,4.826864535768646
"354870803G","SP",1,2.1556316590563167,2.1556316590563167
"354870805A","SP",2,1.8740123179546038,3.0270167427701673
"354870808A","SP",1,2.3116438356164384,2.3116438356164384
"354870809A","SP",1,1.6590563165905632,1.6590563165905632
"354870810A","SP",3,9.790528233151184,10.747716894977168
"354870811A","SP",1,0.4547184170471842,0.4547184170471842
"354870813A","SP",3,0.6373668188736682,4.440639269406392
"354870814A","SP",3,0.49332119004250147,1.5976017000607166
"354870816A","SP",1,0.578386605783866,0.578386605783866
"354870817A","SP",2,1.2747336377473364,1.9577625570776258
"354870818A","SP",2,3.799111190125674,6.509942319368549
"354870822A","SP",4,1.1948249619482496,6.109593199757135
"354880702A","SP",1,0.020928462709284626,0.020928462709284626
"354880703A","SP",1,1.5981735159817352,1.5981735159817352
"354890602A","SP",1,1.698163327261688,1.698163327261688
"354890603A","SP",4,1.495433789954338,8.847525804493017
"354960701A","SP",4,5.062785388127853,10.071341833636914
"354980501A","SP",3,6.4840182648401825,9.185261080752884
"354980502A","SP",1,6.065449010654491,6.065449010654491
"354980503A","SP",2,1.0920852359208524,1.5943683409436835
"354980504A","SP",6,1.445015220700152,9.192850637522769
"354990401A","SP",2,1.5843485665094692,3.1477686703096537
"354990404A","SP",1,0.020928462709284626,0.020928462709284626
"354990405A","SP",1,6.53158295281583,6.53158295281583
"354990410A","SP",1,6.97100789313904,6.97100789313904
"354995302A","SP",1,2.2659817351598175,2.2659817351598175
"355000101A","SP",1,1.6286149162861492,1.6286149162861492
"355030807A","SP",1,0.020928462709284626,0.020928462709284626
"355030808B","SP",1,1.4515027322404372,1.4515027322404372
"355030812A","SP",1,0.020928462709284626,0.020928462709284626
"355030819A","SP",4,0.278687484924853,1.601978691019787
"355030820A","SP",2,0.7439117199391171,1.4421613394216133
"355030826A","SP",1,1.4515027322404372,1.4515027322404372
"355030833A","SP",1,0.020928462709284626,0.020928462709284626
"355030834A","SP",6,1.4280010978865683,3.523592085235921
"355030837A","SP",1,0.020928462709284626,0.020928462709284626
"355030846A","SP",2,1.2062404870624048,1.600076103500761
"355030853A","SP",1,1.366120218579235,1.366120218579235
"355030862A","SP",2,0.025643344894411592,0.030358227079538558
"355030865A","SP",3,0.030358227079538558,4.33599695585997
"355030869A","SP",2,4.157153729071537,8.29337899543379
"355030871A","SP",3,0.030358227079538558,1.318685488767456
"355030873A","SP",1,1.5810502283105023,1.5810502283105023
"355030874A","SP",1,0.020928462709284626,0.020928462709284626
"355030880A","SP",1,15.313828172434729,15.313828172434729
"355030881A","SP",4,0.9750761035007611,2.657914764079148
"355030882A","SP",1,4.859208523592085,4.859208523592085
"355030894A","SP",1,0.020928462709284626,0.020928462709284626
"355040701A","SP",6,2.654109589041096,9.524893746205223
"355060501A","SP",3,3.8337138508371384,6.230974124809741
"355070406A","SP",2,2.1721415441940928,3.202054794520548
"355070409A","SP",3,1.5658295281582955,5.068493150684931
"355070412A","SP",1,0.020928462709284626,0.020928462709284626
"355070413A","SP",1,1.9444444444444444,1.9444444444444444
"355070418A","SP",2,2.6512557077625574,4.714611872146119
"355070420A","SP",1,0.76103500761035,0.76103500761035
"355100901A","SP",1,0.5422374429223744,0.5422374429223744
"355100902A","SP",1,0.8485540334855404,0.8485540334855404
"355100903A","SP",2,4.483348720379936,5.62765634486946
"355100904A","SP",1,0.7096651445966514,0.7096651445966514
"355100907A","SP",1,1.8550228310502281,1.8550228310502281
"355220504A","SP",6,0.8428462709284626,8.967061323618701
"355220505A","SP",3,3.0718731026108075,3.291476407914764
"355220507A","SP",3,5.566971080669711,9.01259866423801
"355220508A","SP",4,5.117009132420092,12.162264723740133
"355220509A","SP",8,1.8426560121765603,9.206132361870068
"355220510A","SP",7,1.713342440801457,8.91583181542198
"355240302A","SP",3,1.310882800608828,1.5943683409436835
"355240304A","SP",5,3.363774733637747,9.0657255616272
"355240315H","SP",1,0.020928462709284626,0.020928462709284626
"355250201A","SP",6,3.276255707762557,10.962709284627092
"355250202A","SP",4,5.987211596842744,10.165525114155251
"355250203A","SP",6,4.358656461311974,11.103500761035008
"355280901A","SP",5,1.5981735159817352,4.101978691019787
"355280902A","SP",1,0.8314307458143074,0.8314307458143074
"355280904A","SP",6,1.375570776255708,7.327717061323619
"355400301A","SP",4,1.341324200913242,3.3751902587519025
"355410201A","SP",6,2.272640791476408,15.28157255616272
"355450801A","SP",4,1.3003821809683027,3.3618721461187215
"355465601A","SP",2,8.876155587993113,9.845890410958905
"355495301A","SP",2,4.0641478695178455,6.783166363084396
"355540601A","SP",4,1.9672754946727549,7.358075288403157
"355540604A","SP",1,0.5403348554033486,0.5403348554033486
"355540606A","SP",1,10.900500910746812,10.900500910746812
"355540607A","SP",1,2.7378234398782344,2.7378234398782344
"355540609A","SP",1,11.71993911719939,11.71993911719939
"355540615A","SP",1,0.7591324200913242,0.7591324200913242
"355540616A","SP",2,5.426561681263568,10.832194899817852
"355540617A","SP",1,1.2138508371385084,1.2138508371385084
"355540619A","SP",2,6.377538342856667,10.369231936854888
"355540622A","SP",4,0.45662100456621013,1.756088280060883
"355620601A","SP",5,0.91324200913242,2.313546423135464
"355640401A","SP",5,1.801750380517504,3.9992389649923896
"355650301A","SP",5,0.8732876712328768,2.4657534246575343
"355650302A","SP",3,6.158925318761384,9.15144596651446
"355730301A","SP",3,3.000380517503805,3.2324961948249618
"410040002A","PR",3,2.030060882800609,8.4566636308439591
"410040003A","PR",7,2.1765601217656014,17.857686453576864
"410040004A","PR",7,2.0814307458143078,9.724124809741248
"410040005A","PR",1,9.678582270795385,9.678582270795385
"410040006A","PR",2,1.1881373148356082,2.3554033485540335
"410040008A","PR",5,2.313546423135464,10.530510018214937
"410120002A","PR",3,0.4155282331511839,1.9254185692541856
"410120004A","PR",4,2.8388633131222396,6.645738203957382
"410140801A","PR",3,0.5502428658166363,1.06544901065449
"410140802A","PR",5,1.067351598173516,5.306997571341833
"410140803A","PR",7,1.6685692541856927,5.0223891924711594
"410165501A","PR",5,1.5311930783242258,14.513129933211902
"410180402A","PR",2,2.463850837138508,4.018264840182648
"410180403A","PR",1,1.5810502283105023,1.5810502283105023
"410315601A","PR",1,3.028233151183971,3.028233151183971
"410330501A","PR",10,1.8978310502283107,7.938676381299333
"410400601A","PR",2,3.0872107651104956,3.5882800608828007
"410400602A","PR",10,1.4887747336377475,11.30654219793564
"410400603A","PR",4,6.045471841704718,11.031420765027322
"410410501A","PR",7,3.5178843226788428,10.44330289193303
"410420401A","PR",5,2.6769406392694064,6.841985428051002
"410420402A","PR",6,2.7720700152207005,6.1646174863387975
"410420403A","PR",4,1.6181506849315068,5.893290831815421
"410445101A","PR",7,2.1328006088280063,5.3772009714632665
"410460001A","PR",4,3.320859948765294,6.818873668188736
"410460002A","PR",1,5.694444444444445,5.694444444444445
"410480804A","PR",1,0.020928462709284626,0.020928462709284626
"410480805A","PR",3,3.322328476017001,4.714611872146119
"410480806A","PR",4,1.6713425614026334,4.570015220700152
"410520101A","PR",6,2.7958523592085234,6.041287188828172
"410580501A","PR",9,1.2880517503805176,8.735579842137218
"410650601A","PR",6,3.328428712228959,8.45856102003643
"410690201A","PR",3,4.450152207001522,5.974878567091682
"410690202A","PR",6,2.382039573820396,6.056466302367942
"410690203A","PR",4,1.8074581430745813,9.475561627200973
"410690204A","PR",3,5.405251141552511,7.069672131147541
"410690205A","PR",2,0.7847887608021227,1.5487062404870624
"410690206A","PR",4,0.976978691019787,4.313165905631659
"410690207A","PR",2,7.296410139647845,14.571948998178508
"410690208A","PR",5,1.643835616438356,2.7359208523592087
"410690209A","PR",2,4.474917034708187,7.616120218579235
"410690210A","PR",7,1.43455098934551,6.187386156648452
"410690211A","PR",1,1.5810502283105023,1.5810502283105023
"410720701A","PR",2,6.501365080553267,8.170157862780814
"410765201A","PR",4,1.8388508371385084,5.898982999392835
"410830401A","PR",7,1.4497716894977168,5.208333333333334
"410830402A","PR",5,4.9847792998477924,15.506088280060885
"410830403A","PR",7,1.8778538812785388,5.253870673952641
"410840301A","PR",4,2.4872692982675018,4.735540334855403
"410840302A","PR",3,2.808136004857316,4.809741248097413
"410850201A","PR",1,4.866818873668189,4.866818873668189
"410930201A","PR",8,1.6484335362760019,3.7423896499238967
"410940104A","PR",5,3.964992389649924,9.210426179604262
"410940105A","PR",3,6.0882800608828,13.607305936073057
"411070601A","PR",5,4.062024353120243,16.48592085235921
"411125801A","PR",2,0.02089987191323369,0.020928462709284626
"411155501A","PR",1,1.533090467516697,1.533090467516697
"411190201A","PR",5,1.0578386605783867,5.443609593199757
"411200901A","PR",7,1.5938069216757742,9.960045662100457
"411200903A","PR",6,1.74439464447605,8.041135397692775
"411620801A","PR",2,0.9684170471841705,1.9254185692541856
"411620803A","PR",3,0.5060882800608828,1.5924657534246576
"411705701A","PR",7,3.9440639269406392,5.899923896499239
"411820401A","PR",2,2.8063165905631657,4.282724505327245
"411820402A","PR",2,4.646797103076578,7.143670309653915
"411820403A","PR",3,0.6202435312024354,2.636986301369863
"411850101A","PR",4,4.258942161339421,9.678582270795385
"411850102A","PR",4,3.271499238964992,5.3942774741955075
"411850103A","PR",2,2.918436696858547,4.351217656012177
"411850104A","PR",4,2.411529680365297,7.6730418943533705
"411915201A","PR",3,1.6533485540334854,3.9764079147640787
"411915202A","PR",3,0.020928462709284626,3.5045662100456623
"411915203A","PR",4,1.6984960201611898,2.760654490106545
"411915205A","PR",2,0.8019120484733555,1.5829528158295283
"411915206A","PR",2,2.2018317863113506,3.4075342465753424
"411915207A","PR",2,1.6133656253378914,3.2058599695586
"411950901A","PR",4,0.17313546423135465,3.4912480974124813
"411950902A","PR",1,1.7854432301153613,1.7854432301153613
"411950903A","PR",5,1.3091985428051,8.266924711596843
"412060601A","PR",9,2.815725561627201,17.41628614916286
"412100001A","PR",5,2.0509893455098935,5.642835458409229
"412220601A","PR",7,1.7313546423135464,10.054265330904675
"412220602A","PR",2,0.8057172235114072,1.5905631659056316
"412220603A","PR",2,4.244459623557984,8.468047965998785
"412230501A","PR",3,0.020928462709284626,0.6392694063926941
"412230502A","PR",1,0.02087128111718276,0.02087128111718276
"412230503A","PR",5,0.4756468797564688,11.544901065449011
"412550602A","PR",8,2.087741514251732,10.678506375227686
"412550604A","PR",5,3.342846270928463,11.11111111111111
"412550606A","PR",3,1.8226788432267886,2.1689497716894977
"412550607A","PR",2,0.4642313546423135,0.9075342465753424
"412560501A","PR",1,4.353120243531203,4.353120243531203
"412560502A","PR",5,1.8550228310502281,6.528916211293261
"412570401A","PR",2,5.025027343197677,8.181126331811264
"412570402A","PR",9,1.708523592085236,7.826730418943534
"412570403A","PR",4,1.160492614217631,6.00076103500761
"412627201A","PR",1,5.1959665144596645,5.1959665144596645
"412790801A","PR",7,2.7398299939283546,6.662861491628615
"412810401A","PR",2,6.921732955726892,11.718275652701882
"412820301A","PR",2,0.7657914764079148,0.854261796042618
"412820302A","PR",5,3.5426179604261794,16.634322678843226
"420010103A","SC",1,1.5372907153729072,1.5372907153729072
"420050701A","SC",1,0.8181126331811263,0.8181126331811263
"420060601A","SC",3,2.591324200913242,6.238615664845173
"420090301A","SC",3,1.3793759512937593,12.102359208523591
"420120802A","SC",5,3.6073059360730597,8.554033485540335
"420130701A","SC",2,2.4001141552511416,4.463470319634704
"420130702A","SC",1,0.020928462709284626,0.020928462709284626
"420130703A","SC",2,6.195147258194642,7.403612629022466
"420130704A","SC",7,1.9596651445966513,4.771933819064966
"420140601A","SC",5,1.1453576864535768,1.9235159817351597
"420150501A","SC",6,3.285768645357687,7.881754705525197
"420180202A","SC",9,1.7237442922374429,6.424559805707347
"420200801A","SC",1,8.831811263318112,8.831811263318112
"420200802A","SC",1,0.8656773211567732,0.8656773211567732
"420207301A","SC",4,6.981274588084604,14.270264116575593
"420220604A","SC",1,3.8318112633181127,3.8318112633181127
"420230501A","SC",7,1.784627092846271,12.689738919247114
"420240401A","SC",3,1.8930745814307457,4.980646630236794
"420240401G","SC",1,1.3850837138508372,1.3850837138508372
"420240402G","SC",1,1.552511415525114,1.552511415525114
"420240404A","SC",1,16.70651183970856,16.70651183970856
"420240404G","SC",2,2.1328006088280063,2.410578386605784
"420240406A","SC",2,3.0688736681887367,4.535768645357686
"420240406G","SC",1,2.1746575342465753,2.1746575342465753
"420240407A","SC",1,0.532724505327245,0.532724505327245
"420240407G","SC",4,2.880574685397277,3.730974124809741
"420240408G","SC",4,1.8819215718076037,9.071537290715373
"420240409A","SC",2,4.393074581430747,5.5098934550989345
"420240409G","SC",3,1.7294520547945205,2.231735159817352
"420240411G","SC",2,1.7522831050228311,1.8835616438356164
"420240412A","SC",1,0.3424657534246575,0.3424657534246575
"420240412G","SC",3,1.9710806697108068,2.0377959927140257
"420240413G","SC",4,2.0214992389649926,4.141933028919331
"420240415A","SC",3,3.0441400304414,7.431506849315069
"420240418G","SC",2,5.623097412480974,9.379756468797565
"420240423A","SC",3,2.090943683409437,4.670852359208523
"420245301A","SC",3,5.834471766848816,16.32990867579909
"420270103A","SC",3,8.266742770167427,9.564738919247116
"420280001A","SC",5,3.0016697024893744,8.84703196347032
"420290907A","SC",1,1.3603500761035008,1.3603500761035008
"420290910A","SC",2,1.4659436834094368,2.077625570776256
"420290912A","SC",1,4.863013698630137,4.863013698630137
"420300601A","SC",5,5.893290831815421,14.607999392835458
"420320405A","SC",4,1.4123827257529258,1.9920091324200913
"420350101A","SC",4,4.32648401826484,7.623709775349119
"420370901A","SC",6,1.993911719939117,5.485352155434123
"420380802A","SC",2,7.206050228310502,14.391171993911719
"420390701A","SC",1,1.1986301369863013,1.1986301369863013
"420419401A","SC",1,6.777016742770167,6.777016742770167
"420420201A","SC",2,17.070966514459666,17.663622526636225
"420420202A","SC",7,5.138888888888888,17.47716894977169
"420430101A","SC",4,4.4456322620621975,9.191400304414003
"420430102A","SC",4,3.9952700426678645,9.625190258751902
"420450901A","SC",1,2.9337899543378994,2.9337899543378994
"420450903A","SC",7,1.552511415525114,7.815346083788707
"420455802A","SC",5,1.1643835616438356,6.7509107468123855
"420460802A","SC",1,4.041095890410959,4.041095890410959
"420460803A","SC",1,12.899543378995434,12.899543378995434
"420460803H","SC",1,5.477549467275495,5.477549467275495
"420460804A","SC",1,0.5764840182648402,0.5764840182648402
"420460805A","SC",1,3.0327245053272454,3.0327245053272454
"420480601A","SC",7,9.28462709284627,18.314307458143077
"420520901A","SC",2,5.947946037211701,6.610503946569521
"420540703A","SC",1,2.530441400304414,2.530441400304414
"420545601A","SC",1,4.547184170471842,4.547184170471842
"420550601A","SC",3,3.3162100456621006,18.92835458409229
"420550602A","SC",4,1.4069634703196345,4.155251141552512
"420560501A","SC",3,4.451275045537341,10.348173515981735
"420560502A","SC",1,3.262937595129376,3.262937595129376
"420570402A","SC",1,3.4855403348554033,3.4855403348554033
"420570403A","SC",2,3.806508408813035,5.971083788706739
"420580301A","SC",1,1.7579908675799085,1.7579908675799085
"420590202A","SC",1,1.9406392694063925,1.9406392694063925
"420590206A","SC",1,1.4764079147640792,1.4764079147640792
"420590209A","SC",1,0.020928462709284626,0.020928462709284626
"420600901A","SC",6,2.2003424657534247,8.192926533090468
"420610801A","SC",4,4.00025263867056,14.784456587735276
"420630601A","SC",4,1.5534627092846272,2.4657534246575343
"420630602A","SC",1,7.871004566210045,7.871004566210045
"420630603A","SC",7,1.8474124809741248,5.747716894977168
"420650401A","SC",8,1.3508371385083713,5.016697024893746
"420650402A","SC",3,8.270547945205479,9.895357686453575
"420650403A","SC",7,1.85882800608828,4.779523375834851
"420650404A","SC",3,0.6659056316590563,4.526255707762557
"420670202A","SC",4,4.9419710806697115,6.51183970856102
"420700701A","SC",2,4.63268884480708,7.720476624165149
"420710601A","SC",1,0.020928462709284626,0.020928462709284626
"420710603A","SC",1,0.4280821917808219,0.4280821917808219
"420710606A","SC",1,4.351217656012177,4.351217656012177
"420730401A","SC",1,3.422754946727549,3.422754946727549
"420730402A","SC",1,1.3508371385083713,1.3508371385083713
"420750202A","SC",7,2.9166666666666665,7.614222829386764
"420750203A","SC",1,1.28234398782344,1.28234398782344
"420750204A","SC",3,3.287671232876712,6.481481481481481
"420750205A","SC",2,0.5431887366818874,0.6621004566210046
"420780901A","SC",3,5.052747419550698,6.339421613394217
"420800501A","SC",9,3.8318112633181127,17.042349726775956
"420810401A","SC",3,1.5049467275494672,5.2663622526636225
"420820302A","SC",1,1.9178082191780823,1.9178082191780823
"420820304A","SC",4,1.1653348554033485,2.167047184170472
"420820305A","SC",4,3.4103881278538815,5.0982847601700065
"420820306A","SC",3,0.7496194824961948,1.605191256830601
"420820314A","SC",4,9.65142621287355,17.58371385083714
"420820316A","SC",7,1.6286149162861492,7.589556769884638
"420830201A","SC",1,0.7857686453576864,0.7857686453576864
"420830205A","SC",1,0.6126331811263318,0.6126331811263318
"420840101A","SC",6,3.3247716894977173,5.48155737704918
"420845001A","SC",3,0.3025114155251142,0.7210078931390407
"420870801A","SC",3,2.210806697108067,5.608682452944748
"420890601A","SC",7,1.5981735159817352,10.232619914996963
"420890603A","SC",3,1.874048706240487,5.001517911353977
"420890604A","SC",5,5.127473363774734,10.071341833636914
"420890605A","SC",3,4.939117199391172,7.866575591985428
"420890606A","SC",6,1.796042617960426,13.00228310502283
"420890607A","SC",3,4.530060882800608,5.17038554948391
"420910206A","SC",1,0.7382039573820396,0.7382039573820396
"420910208A","SC",4,2.4038933386564194,4.682267884322679
"420915104A","SC",5,2.8729071537290714,12.739071038251366
"420930001A","SC",3,0.2872907153729072,1.339421613394216
"420930002A","SC",4,0.8742389649923897,1.525875190258752
"420940903A","SC",6,5.987442922374429,13.25326350941105
"420940904A","SC",1,6.4833788706739535,6.4833788706739535
"420940905A","SC",4,7.722311633438964,17.418188736681888
"420980501A","SC",5,4.859208523592085,18.065068493150687
"420985401A","SC",2,4.95759205196663,8.735579842137218
"421000104A","SC",1,6.480213089802131,6.480213089802131
"421010005H","SC",2,3.5726980770350414,5.124848208864603
"421040701A","SC",2,2.2009012858580568,2.369839101396478
"421050601A","SC",2,5.495403119827666,7.105722525804493
"421060501A","SC",1,8.02130898021309,8.02130898021309
"421080301A","SC",1,4.699391171993912,4.699391171993912
"421085201A","SC",3,4.2218417047184165,8.854642313546425
"421100901A","SC",6,3.2248858447488584,4.900956284153005
"421110801A","SC",2,3.4650173416173864,5.954007285974499
"421120701A","SC",3,2.2469558599695585,3.2401065449010655
"421130604A","SC",4,4.185692541856925,7.860883424408015
"421150401A","SC",1,3.263509411050395,3.263509411050395
"421150402A","SC",1,0.8860807528840315,0.8860807528840315
"421150407H","SC",1,0.020928462709284626,0.020928462709284626
"421160301A","SC",1,0.020928462709284626,0.020928462709284626
"421160306H","SC",1,0.020928462709284626,0.020928462709284626
"421170201A","SC",2,3.9596796999110047,6.656041287188828
"421170202A","SC",2,4.1120244570867746,6.555479659987856
"421175101A","SC",1,1.295662100456621,1.295662100456621
"421190001A","SC",2,3.811834094368341,4.570015220700152
"421190003A","SC",4,3.913279437083614,13.323820395738203
"421210601A","SC",4,10.744415957614924,18.708143074581432
"421250201A","SC",4,2.0148401826484017,5.248178506375227
"421280901A","SC",1,5.656392694063927,5.656392694063927
"421280915H","SC",1,0.7494687310261081,0.7494687310261081
"421320301A","SC",1,4.853500761035008,4.853500761035008
"421320302A","SC",1,0.020928462709284626,0.020928462709284626
"421320306A","SC",1,1.4840182648401825,1.4840182648401825
"421320308A","SC",2,1.7931887366818875,1.9425418569254185
"421330202A","SC",7,1.8664383561643836,6.961520947176685
"421340101A","SC",8,1.8540715372907155,7.88554948391014
"421350001A","SC",1,8.010777170613235,8.010777170613235
"421360902A","SC",3,3.2382039573820394,6.7205525197328475
"421380701A","SC",1,11.206240487062406,11.206240487062406
"421380703A","SC",1,6.521326654523375,6.521326654523375
"421400301A","SC",1,0.020928462709284626,0.020928462709284626
"421410201A","SC",2,6.739838311250843,8.390255009107468
"421420101A","SC",3,3.5521308980213093,8.03354584092289
"421420102A","SC",3,4.412100456621005,8.718503339404979
"421430001A","SC",2,11.737062404870624,17.385844748858446
"421460701A","SC",2,1.1196727549467276,1.5144596651445967
"421480502A","SC",1,3.963089802130898,3.963089802130898
"421480506A","SC",1,0.02087128111718276,0.02087128111718276
"421505901A","SC",1,17.539954337899545,17.539954337899545
"421510901A","SC",3,6.093987823439878,9.304796599878568
"421530701A","SC",4,3.3437975646879754,6.157027929568913
"421530703A","SC",7,3.3849423193685486,7.7910958904109595
"421560402A","SC",1,4.2218417047184165,4.2218417047184165
"421565301A","SC",5,1.9292237442922375,17.63508371385084
"421567901A","SC",5,7.528840315725562,16.67235883424408
"421570301A","SC",4,4.082952815829528,6.100106253794778
"421580201A","SC",5,1.567732115677321,3.885083713850837
"421610701A","SC",4,3.6653348554033487,5.134335154826958
"421620601A","SC",3,2.7872647237401336,4.472983257229832
"421620602A","SC",4,2.618911719939117,4.6903460837887065
"421620603A","SC",1,0.9050546448087431,0.9050546448087431
"421640401A","SC",6,1.4421613394216133,6.819216757741348
"421660207A","SC",2,1.477359208523592,2.463850837138508
"421670101A","SC",2,3.8284791359965404,4.530060882800608
"421680001A","SC",5,3.886986301369863,6.6788099574984825
"421710501A","SC",1,4.130517503805175,4.130517503805175
"421720401A","SC",6,1.9558599695585999,7.840012143290832
"421725301A","SC",3,2.6617199391171997,6.048876745598057
"421740201A","SC",1,0.020928462709284626,0.020928462709284626
"421740205A","SC",1,5.1122526636225265,5.1122526636225265
"421770901A","SC",1,16.336520947176687,16.336520947176687
"421770902A","SC",2,3.524935852650315,5.9634942319368545
"421770903A","SC",4,1.5458523592085236,6.33158773527626
"421780801A","SC",1,0.5764840182648402,0.5764840182648402
"421790701A","SC",2,3.35806697108067,4.754566210045661
"421800401A","SC",2,5.840943683409437,6.242389649923896
"421800402A","SC",4,3.278158295281583,5.604887674559806
"421810301A","SC",5,5.498633879781421,16.693230115361263
"421830101A","SC",1,7.492389649923896,7.492389649923896
"421860801A","SC",7,1.1796042617960425,6.6199908925318764
"421870701A","SC",2,4.108294657783766,7.194899817850637
"421870702A","SC",3,1.830289193302892,11.953551912568305
"421880601A","SC",2,3.826961224642563,5.623861566484517
"421920001A","SC",1,0.020928462709284626,0.020928462709284626
"421930902A","SC",1,0.9627092846270928,0.9627092846270928
"421930903A","SC",3,6.240513054037644,9.42351598173516
"421930904A","SC",7,1.404109589041096,8.629326047358834
"421950701A","SC",3,2.6070127504553735,4.705098934550989
"421970501A","SC",3,1.1130136986301369,1.199149969641773
"430005901A","RS",2,0.016143403115669003,0.02087128111718276
"430040601A","RS",4,3.0584094368340944,5.193154219793564
"430040602A","RS",2,4.61798277898379,5.261460230722525
"430057001A","RS",4,3.9954337899543377,7.3542805100182145
"430060401A","RS",5,4.214231354642314,18.900304414003045
"430060402A","RS",5,1.9767884322678846,5.739602307225258
"430060403A","RS",5,3.139269406392694,17.142911353976928
"430060404A","RS",5,1.938736681887367,5.477762598664238
"430120601A","RS",8,4.546232876712328,8.321948998178506
"430130501A","RS",5,4.280821917808219,12.792197935640559
"430235201A","RS",6,5.523793780306244,14.265601217656013
"430280801A","RS",6,0.5178053081152114,5.825722983257229
"430300401A","RS",3,11.093987823439878,19.27130898021309
"430300402A","RS",6,4.945776255707762,10.245433789954337
"430300403A","RS",6,5.370053272450533,11.052130898021309
"430350901A","RS",8,2.2526636225266365,17.714992389649925
"430390501A","RS",1,0.28538812785388123,0.28538812785388123
"430390503A","RS",1,0.5859969558599696,0.5859969558599696
"430420002A","RS",7,3.744292237442922,9.954337899543379
"430450701A","RS",7,4.185692541856925,11.87214611872146
"430450702A","RS",4,7.620814307458143,12.488584474885844
"430450703A","RS",6,3.4503944490189715,6.029299847792998
"430450704A","RS",6,6.509313321855428,17.50380517503805
"430460601A","RS",6,1.5182648401826486,6.536505768063145
"430460602A","RS",2,1.6267123287671232,2.635083713850837
"430460603A","RS",5,1.5753424657534247,6.464404978749242
"430460604A","RS",4,1.9025875190258752,5.487249544626594
"430466301A","RS",6,4.929029846711747,13.548325722983257
"430510801A","RS",7,3.6377473363774735,7.73945051608986
"430510802A","RS",9,1.7626745598057072,7.328767123287672
"430510803A","RS",1,7.4244839101396485,7.4244839101396485
"430620501A","RS",5,2.256468797564688,5.671296296296297
"430660102A","RS",4,11.156773211567733,17.475266362252665
"430676701A","RS",1,18.858447488584478,18.858447488584478
"430676702A","RS",1,17.627473363774733,17.627473363774733
"430676704A","RS",3,9.8382800608828,10.633561643835616
"430680902A","RS",2,4.569227674227112,7.519353369763206
"430690801A","RS",3,10.52130898021309,11.965372907153728
"430693201A","RS",5,6.225266362252664,7.904523375834851
"430700501A","RS",3,2.0186453576864536,3.8261035007610347
"430700502A","RS",9,2.6084474885844746,7.204386763812994
"430700503A","RS",2,11.751771069857192,16.18531202435312
"430700504A","RS",2,13.685566742354302,19.918188736681888
"430780702A","RS",2,1.7323059360730593,2.897640791476408
"430800301A","RS",3,15.951293759512938,16.738964992389647
"430830001A","RS",7,1.2595129375951295,7.610428051001822
"430920901A","RS",10,3.1202435312024352,12.332572298325722
"430920904A","RS",2,2.2678557318827925,4.514840182648402
"430960501A","RS",2,4.654519217173608,7.756527018822101
"431010806A","RS",2,0.9075342465753424,1.4554794520547945
"431020701A","RS",4,5.323439878234399,7.306845780206436
"431020702A","RS",2,8.260639934792191,14.87173649058895
"431020703A","RS",9,1.5867579908675797,6.616196114146934
"431050401A","RS",1,4.6251902587519025,4.6251902587519025
"431060301A","RS",1,1.7598934550989345,1.7598934550989345
"431065201A","RS",3,7.920471841704718,13.803506375227686
"431065203A","RS",1,1.5905631659056316,1.5905631659056316
"431075101A","RS",3,8.514079147640793,15.302511415525114
"431100701A","RS",5,4.751062537947784,9.429223744292239
"431123901A","RS",6,7.388698630136986,9.733637747336378
"431140301A","RS",5,4.646118721461187,18.54642313546423
"431140302A","RS",3,1.4288432267884323,3.753805175038052
"431140303A","RS",5,1.2728310502283104,3.7861491628614914
"431177501A","RS",5,4.402587519025875,16.790334855403348
"431244301A","RS",1,11.225266362252663,11.225266362252663
"431310201A","RS",5,10.30851548269581,14.296042617960424
"431320101A","RS",5,1.4421613394216133,8.369383727990286
"431340904A","RS",2,3.9463667856043787,6.652246508803886
"431405001A","RS",2,0.8647260273972602,1.3318112633181125
"431410001A","RS",10,3.3476027397260273,15.154447480267152
"431410002A","RS",8,2.037671232876712,6.64275956284153
"431410003A","RS",5,1.234779299847793,6.866651487553127
"431410004A","RS",3,0.7096235579842137,1.4364535768645357
"431410005A","RS",3,1.4250380517503805,3.904109589041096
"431420901A","RS",7,2.5228310502283104,9.452054794520548
"431440701A","RS",3,0.4718417047184171,18.038479052823313
"431440702A","RS",4,6.965102594172884,9.841757741347905
"431440703A","RS",8,1.900684931506849,9.221311475409836
"431440704A","RS",1,1.36986301369863,1.36986301369863
"431440705A","RS",6,5.175038051750381,11.50875190258752
"431447201A","RS",2,5.4307593299565,9.851244687310261
"431490202A","RS",5,1.9292237442922375,5.43222525804493
"431490203A","RS",6,5.036149162861491,18.49505327245053
"431490204A","RS",4,1.1691114396453495,6.018518518518518
"431490205A","RS",4,2.4143835616438354,5.468275652701882
"431490216A","RS",1,0.3177321156773211,0.3177321156773211
"431490217A","RS",2,8.963089802130899,16.468797564687975
"431490220A","RS",3,1.6894977168949772,2.302130898021309
"431490221A","RS",7,3.8261035007610347,18.009893455098936
"431530501A","RS",3,4.602359208523592,5.20264116575592
"431540401A","RS",5,3.2305936073059356,9.099878567091682
"431575001A","RS",4,3.5245433789954337,9.033469945355192
"431640202A","RS",2,0.9579840057888565,1.366120218579235
"431640203A","RS",3,3.9231354642313545,7.610428051001822
"431690702A","RS",2,6.538644879440411,8.039238008500304
"431690703A","RS",5,3.4512937595129376,8.13221007893139
"431690705A","RS",4,12.532315397027388,18.314307458143077
"431690707A","RS",11,2.9661339421613397,16.73325722983257
"431690712H","RS",2,8.406582952815828,16.813165905631656
"431720201A","RS",2,1.641356014671757,2.167047184170472
"431720202A","RS",6,5.3072678843226795,7.322024893746206
"431800201A","RS",5,2.657914764079148,7.3125379477838495
"431820001A","RS",2,2.8144285791517993,4.6061643835616435
"431840801A","RS",2,18.158295281582955,19.495814307458144
"431880402A","RS",2,14.99644954296313,15.786278081360047
"431880403A","RS",5,7.8931390406800235,18.424657534246574
"431950501A","RS",2,7.243891446465553,7.389649923896499
"431950508H","RS",1,1.9634703196347032,1.9634703196347032
"432000803A","RS",4,0.4813546423135464,3.6853120243531206
"432000805A","RS",4,1.6837899543378998,3.5369101978691018
"432026301A","RS",5,3.3751902587519025,4.366438356164384
"432040401A","RS",7,3.3124048706240488,16.21508803885853
"432080002A","RS",5,4.385464231354643,16.577245053272453
"432130301A","RS",7,1.6229071537290716,8.067698846387371
"432145101A","RS",5,3.9726027397260277,7.313546423135464
"432170906H","RS",1,0.020928462709284626,0.020928462709284626
"432240001A","RS",3,4.948391013964785,5.445205479452055
"432240003A","RS",1,1.7579908675799085,1.7579908675799085
"432250901A","RS",3,7.720476624165149,8.028919330289193
"432250903A","RS",5,3.285768645357687,7.356177899210686
"432250904A","RS",8,2.5504185692541856,7.7508348512446865
"432260801A","RS",5,8.154490106544902,19.693683409436836
"432260802A","RS",8,1.1898865517212698,5.384322678843226
"432260803A","RS",5,1.4193302891933028,4.286529680365296
"432260804A","RS",5,8.49461141469338,11.999619482496195
"432300202A","RS",6,3.82683646480525,17.65981735159817
"432300203A","RS",4,10.755641743809834,16.788432267884325
"432300204A","RS",9,2.37062404870624,7.659760170006072
"432300205A","RS",3,1.1777016742770168,4.4063926940639275
"500110201A","MS",1,3.664383561643836,3.664383561643836
"500190401A","MS",4,3.3190639269406392,6.477686703096539
"500270401A","MS",3,1.3242009132420092,2.047282938676381
"500270403A","MS",2,3.9297945205479454,4.461567732115677
"500310801A","MS",1,1.925850030358227,1.925850030358227
"500320702A","MS",2,2.5390030441400304,3.7557077625570776
"500348801A","MS",3,3.2267884322678846,7.16643897996357
"500460101A","MS",1,4.136225266362253,4.136225266362253
"500470001A","MS",3,1.25,6.894977168949771
"500540001A","MS",7,3.6339421613394216,9.315068493150685
"500660601A","MS",3,0.8923135464231355,1.3073011536126289
"500750501A","MS",1,1.9463470319634704,1.9463470319634704
"500769501A","MS",1,3.4646118721461185,3.4646118721461185
"500830501A","MS",3,1.5410958904109588,1.5943683409436835
"510250401A","MT",1,1.5943683409436835,1.5943683409436835
"510263701A","MT",6,1.7342085235920852,6.946341833636915
"510335301A","MT",1,6.09779299847793,6.09779299847793
"510340301H","MT",2,0.4699781046485515,0.665983606557377
"510340302A","MT",1,0.8047945205479452,0.8047945205479452
"510340303A","MT",2,5.024096842744384,6.714860352155434
"510621601A","MT",1,3.9503642987249545,3.9503642987249545
"510623201A","MT",3,3.203957382039574,14.452054794520548
"510630701A","MT",1,3.6453576864535773,3.6453576864535773
"510675201A","MT",3,3.297662416514876,3.9992389649923896
"510700801A","MT",2,3.3437975646879754,3.6510654490106544
"510730501A","MT",2,3.785236856551139,6.221539162112933
"510760201A","MT",5,1.8417047184170472,6.758500303582271
"510780001A","MT",2,1.7713089802130897,2.1366057838660577
"510860001A","MT",2,6.40728316740275,9.488843351548269
"520025802A","GO",2,0.5971551638096664,0.8822859744990893
"520025803A","GO",5,1.463089802130898,6.883727990285367
"520030801A","GO",6,3.218226788432268,6.843882817243473
"520110801A","GO",5,1.7541856925418569,2.6331811263318112
"520140501A","GO",4,0.7485668213688649,3.3770928462709286
"520140502A","GO",1,0.8885083713850837,0.8885083713850837
"520140503A","GO",2,2.615083152431569,4.183743169398907
"520140504A","GO",3,1.9920091324200913,6.676912568306011
"520140506A","GO",3,1.4649923896499237,2.13089802130898
"520140507A","GO",3,0.5878995433789954,1.173896499238965
"520140508A","GO",1,2.178462709284627,2.178462709284627
"520450801A","GO",3,2.1765601217656014,15.636384335154826
"520510901A","GO",6,2.894786910197869,7.777398299939284
"520540601A","GO",2,1.3013620655238665,2.089025500910747
"520549701A","GO",3,2.6750380517503802,6.709168184578021
"520790701A","GO",3,3.0060882800608826,4.168569254185693
"520800401A","GO",1,0.6069254185692542,0.6069254185692542
"520800402A","GO",2,1.6324200913242006,1.82648401826484
"520870701A","GO",3,0.8519277474195506,0.8580669710806698
"520870702A","GO",1,1.2538051750380519,1.2538051750380519
"520870703A","GO",1,1.7370624048706242,1.7370624048706242
"520890501A","GO",2,10.734398782343987,17.07191780821918
"521150301A","GO",4,1.7123287671232876,3.3904109589041096
"521150303A","GO",1,1.799847792998478,1.799847792998478
"521180001A","GO",2,2.484779299847793,3.6719939117199387
"521190901A","GO",7,2.496964177292046,6.853369763205828
"521310301A","GO",5,1.5943683409436835,3.200895567698846
"521310302A","GO",4,1.523021308980213,1.906392694063927
"521460601A","GO",7,2.9490106544901065,13.447488584474886
"521460602A","GO",10,2.65225638562434,6.612401335761992
"521523101A","GO",4,0.8635642014122813,1.632420091324201
"521523102A","GO",4,0.8123138999093412,1.872146118721461
"521523103A","GO",4,0.8417676181683592,1.676179604261796
"521570201A","GO",4,4.48481984679492,18.618721461187214
"521730201A","GO",3,1.4592846270928463,3.6714480874316937
"521830001A","GO",7,3.0745814307458144,7.322024893746206
"521880501A","GO",2,2.1441875431461104,4.267503805175038
"521880502A","GO",3,1.6184729811778993,3.443683409436834
"522060301A","GO",4,1.7760654490106547,2.2635853066180935
"522170001A","GO",4,5.392884322678843,6.248102610807528
"530010802A","DF",1,1.9996194824961948,1.9996194824961948
"530010803A","DF",1,2.04337899543379,2.04337899543379
"530010804A","DF",1,1.7617960426179604,1.7617960426179604
"530010805A","DF",2,2.0367199391171993,3.017503805175038
