"gauge_code","estado","n_duracoes","n_duracoes_30anos","min_anos","med_anos","max_anos","passa"
"82807","AC",8,8,51,51,51,TRUE
"82915","AC",8,8,51,51,51,TRUE
"967000","AC",8,8,48,48,48,TRUE
"82704","AC",8,8,45,45,45,TRUE
"773000","AC",8,8,43,43,43,TRUE
"1068000","AC",8,8,40,40,40,TRUE
"872000","AC",8,8,39,39,39,TRUE
"1069000","AC",8,8,38,38,38,TRUE
"1168001","AC",8,8,37,37,37,TRUE
"872001","AC",8,8,37,37,37,TRUE
"972000","AC",8,8,37,37,37,TRUE
"969001","AC",8,8,32,32,32,TRUE
"771001","AC",8,8,31,31,31,TRUE
"870002","AC",8,8,31,31,31,TRUE
"869000","AC",8,8,30,30,30,TRUE
"1036005","AL",8,8,89,89,89,TRUE
"1036007","AL",8,8,85,85,85,TRUE
"937013","AL",8,8,85,85,85,TRUE
"937023","AL",8,8,84,84,84,TRUE
"937018","AL",8,8,82,82,82,TRUE
"937006","AL",8,8,80,80,80,TRUE
"1036009","AL",8,8,79,79,79,TRUE
"936026","AL",8,8,78,78,78,TRUE
"937022","AL",8,8,77,77,77,TRUE
"936010","AL",8,8,76,76,76,TRUE
"936028","AL",8,8,76,76,76,TRUE
"936050","AL",8,8,76,76,76,TRUE
"936057","AL",8,8,76,76,76,TRUE
"935005","AL",8,8,74,74,74,TRUE
"936070","AL",8,8,73,73,73,TRUE
"936041","AL",8,8,72,72,72,TRUE
"936053","AL",8,8,71,71,71,TRUE
"937019","AL",8,8,71,71,71,TRUE
"936034","AL",8,8,70,70,70,TRUE
"937004","AL",8,8,69,69,69,TRUE
"937007","AL",8,8,69,69,69,TRUE
"1036008","AL",8,8,66,66,66,TRUE
"936020","AL",8,8,66,66,66,TRUE
"936022","AL",8,8,64,64,64,TRUE
"936048","AL",8,8,61,61,61,TRUE
"1036004","AL",8,8,59,59,59,TRUE
"935012","AL",8,8,56,56,56,TRUE
"937012","AL",8,8,56,56,56,TRUE
"82994","AL",8,8,51,51,51,TRUE
"935016","AL",8,8,50,50,50,TRUE
"936051","AL",8,8,49,49,49,TRUE
"936076","AL",8,8,49,49,49,TRUE
"1036013","AL",8,8,47,47,47,TRUE
"937032","AL",8,8,47,47,47,TRUE
"82992","AL",8,8,46,46,46,TRUE
"935025","AL",8,8,45,45,45,TRUE
"82996","AL",8,8,44,44,44,TRUE
"82989","AL",8,8,42,42,42,TRUE
"935004","AL",8,8,39,39,39,TRUE
"935013","AL",8,8,38,38,38,TRUE
"835072","AL",8,8,37,37,37,TRUE
"937021","AL",8,8,36,36,36,TRUE
"82990","AL",8,8,35,35,35,TRUE
"835139","AL",8,8,35,35,35,TRUE
"937014","AL",8,8,35,35,35,TRUE
"1036062","AL",8,8,34,34,34,TRUE
"935011","AL",8,8,34,34,34,TRUE
"935056","AL",8,8,34,34,34,TRUE
"935057","AL",8,8,34,34,34,TRUE
"936045","AL",8,8,34,34,34,TRUE
"936110","AL",8,8,34,34,34,TRUE
"936111","AL",8,8,34,34,34,TRUE
"937005","AL",8,8,34,34,34,TRUE
"1036003","AL",8,8,33,33,33,TRUE
"935001","AL",8,8,33,33,33,TRUE
"935028","AL",8,8,33,33,33,TRUE
"936031","AL",8,8,33,33,33,TRUE
"936052","AL",8,8,33,33,33,TRUE
"936114","AL",8,8,33,33,33,TRUE
"935023","AL",8,8,32,32,32,TRUE
"936049","AL",8,8,32,32,32,TRUE
"936113","AL",8,8,32,32,32,TRUE
"937011","AL",8,8,32,32,32,TRUE
"935010","AL",8,8,30,30,30,TRUE
"935021","AL",8,8,30,30,30,TRUE
"936112","AL",8,8,30,30,30,TRUE
"937016","AL",8,8,30,30,30,TRUE
"82533","AM",8,8,67,67,67,TRUE
"8068000","AM",8,8,63,63,63,TRUE
"82331","AM",8,8,63,63,63,TRUE
"82106","AM",8,8,59,59,59,TRUE
"360000","AM",8,8,57,57,57,TRUE
"82067","AM",8,8,54,54,54,TRUE
"82113","AM",8,8,53,53,53,TRUE
"82212","AM",8,8,53,53,53,TRUE
"368001","AM",8,8,52,52,52,TRUE
"82410","AM",8,8,52,52,52,TRUE
"166000","AM",8,8,51,51,51,TRUE
"367000","AM",8,8,50,50,50,TRUE
"867001","AM",8,8,50,50,50,TRUE
"82240","AM",8,8,48,48,48,TRUE
"760001","AM",8,8,47,47,47,TRUE
"82317","AM",8,8,47,47,47,TRUE
"82425","AM",8,8,47,47,47,TRUE
"968001","AM",8,8,47,47,47,TRUE
"162000","AM",8,8,46,46,46,TRUE
"257000","AM",8,8,46,46,46,TRUE
"765000","AM",8,8,46,46,46,TRUE
"165000","AM",8,8,45,45,45,TRUE
"366000","AM",8,8,45,45,45,TRUE
"63000","AM",8,8,45,45,45,TRUE
"658000","AM",8,8,45,45,45,TRUE
"660000","AM",8,8,45,45,45,TRUE
"664001","AM",8,8,45,45,45,TRUE
"766001","AM",8,8,45,45,45,TRUE
"82336","AM",8,8,45,45,45,TRUE
"161002","AM",8,8,44,44,44,TRUE
"259000","AM",8,8,44,44,44,TRUE
"357001","AM",8,8,44,44,44,TRUE
"358002","AM",8,8,44,44,44,TRUE
"360001","AM",8,8,44,44,44,TRUE
"361000","AM",8,8,44,44,44,TRUE
"66000","AM",8,8,44,44,44,TRUE
"668000","AM",8,8,44,44,44,TRUE
"8067001","AM",8,8,44,44,44,TRUE
"8166000","AM",8,8,44,44,44,TRUE
"8167000","AM",8,8,44,44,44,TRUE
"760000","AM",8,8,43,43,43,TRUE
"8168000","AM",8,8,43,43,43,TRUE
"82727","AM",8,8,43,43,43,TRUE
"169000","AM",8,8,42,42,42,TRUE
"257001","AM",8,8,42,42,42,TRUE
"260006","AM",8,8,42,42,42,TRUE
"268000","AM",8,8,42,42,42,TRUE
"358003","AM",8,8,42,42,42,TRUE
"361001","AM",8,8,42,42,42,TRUE
"567001","AM",8,8,42,42,42,TRUE
"759000","AM",8,8,42,42,42,TRUE
"765001","AM",8,8,42,42,42,TRUE
"8067002","AM",8,8,42,42,42,TRUE
"8069003","AM",8,8,42,42,42,TRUE
"256002","AM",8,8,41,41,41,TRUE
"265000","AM",8,8,41,41,41,TRUE
"369000","AM",8,8,41,41,41,TRUE
"661001","AM",8,8,41,41,41,TRUE
"758000","AM",8,8,41,41,41,TRUE
"763001","AM",8,8,41,41,41,TRUE
"8062000","AM",8,8,41,41,41,TRUE
"162002","AM",8,8,40,40,40,TRUE
"572000","AM",8,8,40,40,40,TRUE
"82723","AM",8,8,40,40,40,TRUE
"160000","AM",8,8,39,39,39,TRUE
"260007","AM",8,8,39,39,39,TRUE
"359001","AM",8,8,39,39,39,TRUE
"362002","AM",8,8,39,39,39,TRUE
"363000","AM",8,8,39,39,39,TRUE
"459000","AM",8,8,39,39,39,TRUE
"466001","AM",8,8,39,39,39,TRUE
"560000","AM",8,8,39,39,39,TRUE
"65001","AM",8,8,39,39,39,TRUE
"770000","AM",8,8,39,39,39,TRUE
"771000","AM",8,8,39,39,39,TRUE
"82326","AM",8,8,39,39,39,TRUE
"266004","AM",8,8,38,38,38,TRUE
"463001","AM",8,8,38,38,38,TRUE
"967004","AM",8,8,38,38,38,TRUE
"261000","AM",8,8,37,37,37,TRUE
"462002","AM",8,8,37,37,37,TRUE
"563000","AM",8,8,37,37,37,TRUE
"670000","AM",8,8,36,36,36,TRUE
"764003","AM",8,8,36,36,36,TRUE
"772002","AM",8,8,36,36,36,TRUE
"257002","AM",8,8,35,35,35,TRUE
"257003","AM",8,8,35,35,35,TRUE
"462001","AM",8,8,35,35,35,TRUE
"661000","AM",8,8,35,35,35,TRUE
"8066002","AM",8,8,35,35,35,TRUE
"82610","AM",8,8,35,35,35,TRUE
"470002","AM",8,8,34,34,34,TRUE
"664000","AM",8,8,34,34,34,TRUE
"767002","AM",8,8,34,34,34,TRUE
"267001","AM",8,8,33,33,33,TRUE
"357003","AM",8,8,33,33,33,TRUE
"564001","AM",8,8,33,33,33,TRUE
"564002","AM",8,8,33,33,33,TRUE
"867002","AM",8,8,33,33,33,TRUE
"458001","AM",8,8,32,32,32,TRUE
"465000","AM",8,8,32,32,32,TRUE
"560001","AM",8,8,32,32,32,TRUE
"669001","AM",8,8,32,32,32,TRUE
"770001","AM",8,8,32,32,32,TRUE
"8069000","AM",8,8,32,32,32,TRUE
"967001","AM",8,8,32,32,32,TRUE
"259004","AM",8,8,31,31,31,TRUE
"367001","AM",8,8,31,31,31,TRUE
"470005","AM",8,8,31,31,31,TRUE
"560002","AM",8,8,31,31,31,TRUE
"67000","AM",8,8,31,31,31,TRUE
"762002","AM",8,8,31,31,31,TRUE
"8069004","AM",8,8,31,31,31,TRUE
"256000","AM",8,8,30,30,30,TRUE
"563002","AM",8,8,30,30,30,TRUE
"82098","AP",8,8,56,56,56,TRUE
"8052000","AP",8,8,52,52,52,TRUE
"8150000","AP",8,8,49,49,49,TRUE
"8250002","AP",8,8,46,46,46,TRUE
"52000","AP",8,8,44,44,44,TRUE
"8051010","AP",8,8,41,41,41,TRUE
"51002","AP",8,8,40,40,40,TRUE
"8050000","AP",8,8,39,39,39,TRUE
"8151000","AP",8,8,39,39,39,TRUE
"8250003","AP",8,8,39,39,39,TRUE
"8351002","AP",8,8,39,39,39,TRUE
"8251001","AP",8,8,38,38,38,TRUE
"83184","BA",8,8,101,101,101,TRUE
"82986","BA",8,8,94,94,94,TRUE
"83190","BA",8,8,94,94,94,TRUE
"1144027","BA",8,8,93,93,93,TRUE
"1240012","BA",8,8,91,91,91,TRUE
"83076","BA",8,8,90,90,90,TRUE
"1143010","BA",8,8,88,88,88,TRUE
"1241017","BA",8,8,84,84,84,TRUE
"1244011","BA",8,8,84,84,84,TRUE
"1343008","BA",8,8,83,83,83,TRUE
"1441000","BA",8,8,82,82,82,TRUE
"1539010","BA",8,8,81,81,81,TRUE
"1038004","BA",8,8,80,80,80,TRUE
"1039019","BA",8,8,80,80,80,TRUE
"1341011","BA",8,8,80,80,80,TRUE
"939014","BA",8,8,80,80,80,TRUE
"941011","BA",8,8,80,80,80,TRUE
"1039005","BA",8,8,79,79,79,TRUE
"1138014","BA",8,8,79,79,79,TRUE
"1739006","BA",8,8,79,79,79,TRUE
"939008","BA",8,8,79,79,79,TRUE
"940024","BA",8,8,79,79,79,TRUE
"1037055","BA",8,8,78,78,78,TRUE
"1145001","BA",8,8,78,78,78,TRUE
"942016","BA",8,8,78,78,78,TRUE
"1039015","BA",8,8,77,77,77,TRUE
"1137028","BA",8,8,77,77,77,TRUE
"1339041","BA",8,8,77,77,77,TRUE
"1340003","BA",8,8,77,77,77,TRUE
"1539006","BA",8,8,77,77,77,TRUE
"1040020","BA",8,8,76,76,76,TRUE
"1137033","BA",8,8,76,76,76,TRUE
"1138015","BA",8,8,76,76,76,TRUE
"1339034","BA",8,8,76,76,76,TRUE
"1443015","BA",8,8,76,76,76,TRUE
"1143002","BA",8,8,75,75,75,TRUE
"1240016","BA",8,8,75,75,75,TRUE
"1243006","BA",8,8,75,75,75,TRUE
"1344002","BA",8,8,75,75,75,TRUE
"1042007","BA",8,8,74,74,74,TRUE
"1140014","BA",8,8,74,74,74,TRUE
"1241008","BA",8,8,74,74,74,TRUE
"1339038","BA",8,8,74,74,74,TRUE
"82979","BA",8,8,74,74,74,TRUE
"1241016","BA",8,8,73,73,73,TRUE
"1441016","BA",8,8,73,73,73,TRUE
"1344017","BA",8,8,72,72,72,TRUE
"1439006","BA",8,8,72,72,72,TRUE
"938007","BA",8,8,72,72,72,TRUE
"1039012","BA",8,8,71,71,71,TRUE
"1140002","BA",8,8,71,71,71,TRUE
"940018","BA",8,8,71,71,71,TRUE
"1041007","BA",8,8,70,70,70,TRUE
"1138002","BA",8,8,70,70,70,TRUE
"1439023","BA",8,8,70,70,70,TRUE
"1444017","BA",8,8,70,70,70,TRUE
"942020","BA",8,8,69,69,69,TRUE
"1339000","BA",8,8,68,68,68,TRUE
"1342011","BA",8,8,68,68,68,TRUE
"1238031","BA",8,8,67,67,67,TRUE
"1240003","BA",8,8,67,67,67,TRUE
"1240010","BA",8,8,67,67,67,TRUE
"1243011","BA",8,8,67,67,67,TRUE
"1339020","BA",8,8,67,67,67,TRUE
"1339037","BA",8,8,67,67,67,TRUE
"1341013","BA",8,8,67,67,67,TRUE
"1342013","BA",8,8,67,67,67,TRUE
"1343013","BA",8,8,67,67,67,TRUE
"1740005","BA",8,8,67,67,67,TRUE
"1141002","BA",8,8,66,66,66,TRUE
"1442003","BA",8,8,66,66,66,TRUE
"839029","BA",8,8,66,66,66,TRUE
"1139017","BA",8,8,65,65,65,TRUE
"1239002","BA",8,8,65,65,65,TRUE
"1340000","BA",8,8,65,65,65,TRUE
"1144002","BA",8,8,64,64,64,TRUE
"1244009","BA",8,8,64,64,64,TRUE
"1341015","BA",8,8,64,64,64,TRUE
"1441012","BA",8,8,64,64,64,TRUE
"1739010","BA",8,8,64,64,64,TRUE
"83249","BA",8,8,64,64,64,TRUE
"1239007","BA",8,8,63,63,63,TRUE
"1241007","BA",8,8,63,63,63,TRUE
"1443018","BA",8,8,63,63,63,TRUE
"938020","BA",8,8,63,63,63,TRUE
"1038008","BA",8,8,62,62,62,TRUE
"1238000","BA",8,8,62,62,62,TRUE
"1238010","BA",8,8,62,62,62,TRUE
"1344013","BA",8,8,62,62,62,TRUE
"1739005","BA",8,8,62,62,62,TRUE
"839028","BA",8,8,62,62,62,TRUE
"1238042","BA",8,8,61,61,61,TRUE
"1439014","BA",8,8,61,61,61,TRUE
"1740006","BA",8,8,61,61,61,TRUE
"1140022","BA",8,8,60,60,60,TRUE
"1339044","BA",8,8,60,60,60,TRUE
"1341007","BA",8,8,60,60,60,TRUE
"1539014","BA",8,8,60,60,60,TRUE
"83236","BA",8,8,60,60,60,TRUE
"1040019","BA",8,8,59,59,59,TRUE
"1140000","BA",8,8,59,59,59,TRUE
"1144005","BA",8,8,59,59,59,TRUE
"1240013","BA",8,8,59,59,59,TRUE
"1339012","BA",8,8,59,59,59,TRUE
"1339027","BA",8,8,59,59,59,TRUE
"1540003","BA",8,8,59,59,59,TRUE
"940009","BA",8,8,59,59,59,TRUE
"940016","BA",8,8,59,59,59,TRUE
"1137027","BA",8,8,58,58,58,TRUE
"1140010","BA",8,8,58,58,58,TRUE
"1239014","BA",8,8,58,58,58,TRUE
"1739001","BA",8,8,58,58,58,TRUE
"83229","BA",8,8,58,58,58,TRUE
"83242","BA",8,8,58,58,58,TRUE
"1040004","BA",8,8,57,57,57,TRUE
"1042011","BA",8,8,57,57,57,TRUE
"1237000","BA",8,8,57,57,57,TRUE
"1440009","BA",8,8,57,57,57,TRUE
"1740008","BA",8,8,57,57,57,TRUE
"939012","BA",8,8,57,57,57,TRUE
"1238046","BA",8,8,56,56,56,TRUE
"1238051","BA",8,8,56,56,56,TRUE
"1241001","BA",8,8,56,56,56,TRUE
"1242008","BA",8,8,56,56,56,TRUE
"1442010","BA",8,8,56,56,56,TRUE
"1538001","BA",8,8,56,56,56,TRUE
"1639000","BA",8,8,56,56,56,TRUE
"83192","BA",8,8,56,56,56,TRUE
"1141012","BA",8,8,55,55,55,TRUE
"1145002","BA",8,8,55,55,55,TRUE
"1439044","BA",8,8,55,55,55,TRUE
"83498","BA",8,8,55,55,55,TRUE
"1037054","BA",8,8,54,54,54,TRUE
"1044007","BA",8,8,54,54,54,TRUE
"1140009","BA",8,8,54,54,54,TRUE
"1140016","BA",8,8,54,54,54,TRUE
"1142013","BA",8,8,54,54,54,TRUE
"1143009","BA",8,8,54,54,54,TRUE
"1145004","BA",8,8,54,54,54,TRUE
"1238033","BA",8,8,54,54,54,TRUE
"1244018","BA",8,8,54,54,54,TRUE
"1339030","BA",8,8,54,54,54,TRUE
"1342001","BA",8,8,54,54,54,TRUE
"1344015","BA",8,8,54,54,54,TRUE
"1442006","BA",8,8,54,54,54,TRUE
"1539002","BA",8,8,54,54,54,TRUE
"83186","BA",8,8,54,54,54,TRUE
"939000","BA",8,8,54,54,54,TRUE
"1040010","BA",8,8,53,53,53,TRUE
"1140004","BA",8,8,53,53,53,TRUE
"1142004","BA",8,8,53,53,53,TRUE
"1244019","BA",8,8,53,53,53,TRUE
"1245007","BA",8,8,53,53,53,TRUE
"1340016","BA",8,8,53,53,53,TRUE
"1340024","BA",8,8,53,53,53,TRUE
"1343017","BA",8,8,53,53,53,TRUE
"1442009","BA",8,8,53,53,53,TRUE
"1443002","BA",8,8,53,53,53,TRUE
"1539008","BA",8,8,53,53,53,TRUE
"83090","BA",8,8,53,53,53,TRUE
"83244","BA",8,8,53,53,53,TRUE
"938015","BA",8,8,53,53,53,TRUE
"940020","BA",8,8,53,53,53,TRUE
"1139011","BA",8,8,52,52,52,TRUE
"1238028","BA",8,8,52,52,52,TRUE
"1240023","BA",8,8,52,52,52,TRUE
"1242016","BA",8,8,52,52,52,TRUE
"1243000","BA",8,8,52,52,52,TRUE
"1244004","BA",8,8,52,52,52,TRUE
"1245001","BA",8,8,52,52,52,TRUE
"1245004","BA",8,8,52,52,52,TRUE
"1245005","BA",8,8,52,52,52,TRUE
"1439002","BA",8,8,52,52,52,TRUE
"1441004","BA",8,8,52,52,52,TRUE
"1539022","BA",8,8,52,52,52,TRUE
"1540004","BA",8,8,52,52,52,TRUE
"83339","BA",8,8,52,52,52,TRUE
"83344","BA",8,8,52,52,52,TRUE
"1038016","BA",8,8,51,51,51,TRUE
"1040018","BA",8,8,51,51,51,TRUE
"1138001","BA",8,8,51,51,51,TRUE
"1142014","BA",8,8,51,51,51,TRUE
"1142017","BA",8,8,51,51,51,TRUE
"1143001","BA",8,8,51,51,51,TRUE
"1144014","BA",8,8,51,51,51,TRUE
"1145014","BA",8,8,51,51,51,TRUE
"1342017","BA",8,8,51,51,51,TRUE
"1343001","BA",8,8,51,51,51,TRUE
"1444015","BA",8,8,51,51,51,TRUE
"83222","BA",8,8,51,51,51,TRUE
"83288","BA",8,8,51,51,51,TRUE
"1042001","BA",8,8,50,50,50,TRUE
"1139000","BA",8,8,50,50,50,TRUE
"1342009","BA",8,8,50,50,50,TRUE
"1343009","BA",8,8,50,50,50,TRUE
"940025","BA",8,8,50,50,50,TRUE
"1139002","BA",8,8,49,49,49,TRUE
"1143006","BA",8,8,49,49,49,TRUE
"1241018","BA",8,8,49,49,49,TRUE
"1344014","BA",8,8,49,49,49,TRUE
"1439001","BA",8,8,49,49,49,TRUE
"1439043","BA",8,8,49,49,49,TRUE
"1442017","BA",8,8,49,49,49,TRUE
"1539016","BA",8,8,49,49,49,TRUE
"940028","BA",8,8,49,49,49,TRUE
"1037052","BA",8,8,48,48,48,TRUE
"1039003","BA",8,8,48,48,48,TRUE
"1039011","BA",8,8,48,48,48,TRUE
"1042012","BA",8,8,48,48,48,TRUE
"1142020","BA",8,8,48,48,48,TRUE
"1145013","BA",8,8,48,48,48,TRUE
"1240001","BA",8,8,48,48,48,TRUE
"1240004","BA",8,8,48,48,48,TRUE
"1240022","BA",8,8,48,48,48,TRUE
"1243007","BA",8,8,48,48,48,TRUE
"1244008","BA",8,8,48,48,48,TRUE
"1342003","BA",8,8,48,48,48,TRUE
"1344010","BA",8,8,48,48,48,TRUE
"1344016","BA",8,8,48,48,48,TRUE
"83182","BA",8,8,48,48,48,TRUE
"939017","BA",8,8,48,48,48,TRUE
"1137041","BA",8,8,47,47,47,TRUE
"1140026","BA",8,8,47,47,47,TRUE
"1140035","BA",8,8,47,47,47,TRUE
"1240020","BA",8,8,47,47,47,TRUE
"1242015","BA",8,8,47,47,47,TRUE
"1341006","BA",8,8,47,47,47,TRUE
"1541001","BA",8,8,47,47,47,TRUE
"839027","BA",8,8,47,47,47,TRUE
"941012","BA",8,8,47,47,47,TRUE
"1038010","BA",8,8,46,46,46,TRUE
"1038015","BA",8,8,46,46,46,TRUE
"1244000","BA",8,8,46,46,46,TRUE
"1340031","BA",8,8,46,46,46,TRUE
"1441003","BA",8,8,46,46,46,TRUE
"1441011","BA",8,8,46,46,46,TRUE
"83179","BA",8,8,46,46,46,TRUE
"941004","BA",8,8,46,46,46,TRUE
"1039006","BA",8,8,45,45,45,TRUE
"1243017","BA",8,8,45,45,45,TRUE
"1343019","BA",8,8,45,45,45,TRUE
"1440002","BA",8,8,45,45,45,TRUE
"1138006","BA",8,8,44,44,44,TRUE
"1140006","BA",8,8,44,44,44,TRUE
"1239019","BA",8,8,44,44,44,TRUE
"1239022","BA",8,8,44,44,44,TRUE
"1243010","BA",8,8,44,44,44,TRUE
"1338003","BA",8,8,44,44,44,TRUE
"1338007","BA",8,8,44,44,44,TRUE
"1341001","BA",8,8,44,44,44,TRUE
"1344004","BA",8,8,44,44,44,TRUE
"83088","BA",8,8,44,44,44,TRUE
"83286","BA",8,8,44,44,44,TRUE
"1141017","BA",8,8,43,43,43,TRUE
"1145003","BA",8,8,43,43,43,TRUE
"1242006","BA",8,8,43,43,43,TRUE
"1339021","BA",8,8,43,43,43,TRUE
"1339035","BA",8,8,43,43,43,TRUE
"1439071","BA",8,8,43,43,43,TRUE
"83295","BA",8,8,43,43,43,TRUE
"1138003","BA",8,8,42,42,42,TRUE
"1345000","BA",8,8,42,42,42,TRUE
"1346006","BA",8,8,42,42,42,TRUE
"1442002","BA",8,8,42,42,42,TRUE
"1442007","BA",8,8,42,42,42,TRUE
"83398","BA",8,8,42,42,42,TRUE
"83408","BA",8,8,42,42,42,TRUE
"83446","BA",8,8,42,42,42,TRUE
"1137029","BA",8,8,41,41,41,TRUE
"1138026","BA",8,8,41,41,41,TRUE
"1139022","BA",8,8,41,41,41,TRUE
"1140033","BA",8,8,41,41,41,TRUE
"1144013","BA",8,8,41,41,41,TRUE
"1145012","BA",8,8,41,41,41,TRUE
"1145019","BA",8,8,41,41,41,TRUE
"1238025","BA",8,8,41,41,41,TRUE
"1238057","BA",8,8,41,41,41,TRUE
"1245014","BA",8,8,41,41,41,TRUE
"1245015","BA",8,8,41,41,41,TRUE
"1341029","BA",8,8,41,41,41,TRUE
"1440003","BA",8,8,41,41,41,TRUE
"1442015","BA",8,8,41,41,41,TRUE
"1442031","BA",8,8,41,41,41,TRUE
"1443026","BA",8,8,41,41,41,TRUE
"1039025","BA",8,8,40,40,40,TRUE
"1040025","BA",8,8,40,40,40,TRUE
"1040026","BA",8,8,40,40,40,TRUE
"1140023","BA",8,8,40,40,40,TRUE
"1140031","BA",8,8,40,40,40,TRUE
"1140032","BA",8,8,40,40,40,TRUE
"1141007","BA",8,8,40,40,40,TRUE
"1239004","BA",8,8,40,40,40,TRUE
"1241032","BA",8,8,40,40,40,TRUE
"1241033","BA",8,8,40,40,40,TRUE
"1243019","BA",8,8,40,40,40,TRUE
"1439089","BA",8,8,40,40,40,TRUE
"1440032","BA",8,8,40,40,40,TRUE
"1040014","BA",8,8,39,39,39,TRUE
"1040027","BA",8,8,39,39,39,TRUE
"1344001","BA",8,8,39,39,39,TRUE
"1344009","BA",8,8,39,39,39,TRUE
"1039017","BA",8,8,38,38,38,TRUE
"1346007","BA",8,8,38,38,38,TRUE
"1042013","BA",8,8,37,37,37,TRUE
"1340008","BA",8,8,37,37,37,TRUE
"1439034","BA",8,8,37,37,37,TRUE
"1442004","BA",8,8,37,37,37,TRUE
"940008","BA",8,8,37,37,37,TRUE
"1040011","BA",8,8,36,36,36,TRUE
"1137039","BA",8,8,36,36,36,TRUE
"1144009","BA",8,8,36,36,36,TRUE
"1238005","BA",8,8,36,36,36,TRUE
"1241026","BA",8,8,36,36,36,TRUE
"1243004","BA",8,8,36,36,36,TRUE
"1443017","BA",8,8,36,36,36,TRUE
"1137042","BA",8,8,35,35,35,TRUE
"1241027","BA",8,8,35,35,35,TRUE
"1243003","BA",8,8,35,35,35,TRUE
"1338009","BA",8,8,35,35,35,TRUE
"1339033","BA",8,8,35,35,35,TRUE
"1539012","BA",8,8,35,35,35,TRUE
"1540008","BA",8,8,35,35,35,TRUE
"1042009","BA",8,8,34,34,34,TRUE
"1144000","BA",8,8,34,34,34,TRUE
"1238019","BA",8,8,34,34,34,TRUE
"1339039","BA",8,8,34,34,34,TRUE
"83292","BA",8,8,34,34,34,TRUE
"942008","BA",8,8,34,34,34,TRUE
"1040003","BA",8,8,33,33,33,TRUE
"1138017","BA",8,8,33,33,33,TRUE
"1140020","BA",8,8,33,33,33,TRUE
"1143004","BA",8,8,33,33,33,TRUE
"1238026","BA",8,8,33,33,33,TRUE
"1241028","BA",8,8,33,33,33,TRUE
"1342004","BA",8,8,33,33,33,TRUE
"1344007","BA",8,8,33,33,33,TRUE
"1344008","BA",8,8,33,33,33,TRUE
"1440017","BA",8,8,33,33,33,TRUE
"1039016","BA",8,8,32,32,32,TRUE
"1040013","BA",8,8,32,32,32,TRUE
"1040022","BA",8,8,32,32,32,TRUE
"1137043","BA",8,8,32,32,32,TRUE
"1141005","BA",8,8,32,32,32,TRUE
"1141009","BA",8,8,32,32,32,TRUE
"1141014","BA",8,8,32,32,32,TRUE
"1239018","BA",8,8,32,32,32,TRUE
"1240018","BA",8,8,32,32,32,TRUE
"1242003","BA",8,8,32,32,32,TRUE
"1339029","BA",8,8,32,32,32,TRUE
"1340007","BA",8,8,32,32,32,TRUE
"1340015","BA",8,8,32,32,32,TRUE
"941009","BA",8,8,32,32,32,TRUE
"1039000","BA",8,8,31,31,31,TRUE
"1039013","BA",8,8,31,31,31,TRUE
"1140018","BA",8,8,31,31,31,TRUE
"1237001","BA",8,8,31,31,31,TRUE
"1239010","BA",8,8,31,31,31,TRUE
"1242009","BA",8,8,31,31,31,TRUE
"1341009","BA",8,8,31,31,31,TRUE
"1439013","BA",8,8,31,31,31,TRUE
"1440007","BA",8,8,31,31,31,TRUE
"1539005","BA",8,8,31,31,31,TRUE
"1640012","BA",8,8,31,31,31,TRUE
"1739020","BA",8,8,31,31,31,TRUE
"83297","BA",8,8,31,31,31,TRUE
"841013","BA",8,8,31,31,31,TRUE
"938013","BA",8,8,31,31,31,TRUE
"939003","BA",8,8,31,31,31,TRUE
"939007","BA",8,8,31,31,31,TRUE
"939009","BA",8,8,31,31,31,TRUE
"1038011","BA",8,8,30,30,30,TRUE
"1038014","BA",8,8,30,30,30,TRUE
"1038019","BA",8,8,30,30,30,TRUE
"1040006","BA",8,8,30,30,30,TRUE
"1040016","BA",8,8,30,30,30,TRUE
"1140001","BA",8,8,30,30,30,TRUE
"1140015","BA",8,8,30,30,30,TRUE
"1140019","BA",8,8,30,30,30,TRUE
"1141008","BA",8,8,30,30,30,TRUE
"1238037","BA",8,8,30,30,30,TRUE
"1239000","BA",8,8,30,30,30,TRUE
"1239026","BA",8,8,30,30,30,TRUE
"1242011","BA",8,8,30,30,30,TRUE
"1242013","BA",8,8,30,30,30,TRUE
"1339019","BA",8,8,30,30,30,TRUE
"1340019","BA",8,8,30,30,30,TRUE
"1341010","BA",8,8,30,30,30,TRUE
"1440022","BA",8,8,30,30,30,TRUE
"1441010","BA",8,8,30,30,30,TRUE
"1442001","BA",8,8,30,30,30,TRUE
"1540010","BA",8,8,30,30,30,TRUE
"1541006","BA",8,8,30,30,30,TRUE
"1739021","BA",8,8,30,30,30,TRUE
"1839003","BA",8,8,30,30,30,TRUE
"941008","BA",8,8,30,30,30,TRUE
"440007","CE",8,8,112,112,112,TRUE
"539023","CE",8,8,112,112,112,TRUE
"640002","CE",8,8,112,112,112,TRUE
"340014","CE",8,8,111,111,111,TRUE
"437006","CE",8,8,111,111,111,TRUE
"440023","CE",8,8,111,111,111,TRUE
"539037","CE",8,8,111,111,111,TRUE
"738006","CE",8,8,111,111,111,TRUE
"739006","CE",8,8,111,111,111,TRUE
"739038","CE",8,8,111,111,111,TRUE
"338009","CE",8,8,110,110,110,TRUE
"340031","CE",8,8,110,110,110,TRUE
"340018","CE",8,8,109,109,109,TRUE
"539029","CE",8,8,109,109,109,TRUE
"540020","CE",8,8,109,109,109,TRUE
"639034","CE",8,8,109,109,109,TRUE
"738008","CE",8,8,109,109,109,TRUE
"338016","CE",8,8,108,108,108,TRUE
"340030","CE",8,8,108,108,108,TRUE
"638008","CE",8,8,108,108,108,TRUE
"639033","CE",8,8,108,108,108,TRUE
"440000","CE",8,8,107,107,107,TRUE
"739007","CE",8,8,107,107,107,TRUE
"639029","CE",8,8,106,106,106,TRUE
"438051","CE",8,8,105,105,105,TRUE
"440014","CE",8,8,105,105,105,TRUE
"538009","CE",8,8,105,105,105,TRUE
"638014","CE",8,8,105,105,105,TRUE
"739010","CE",8,8,104,104,104,TRUE
"438010","CE",8,8,103,103,103,TRUE
"440017","CE",8,8,103,103,103,TRUE
"538010","CE",8,8,103,103,103,TRUE
"638011","CE",8,8,103,103,103,TRUE
"338001","CE",8,8,101,101,101,TRUE
"339028","CE",8,8,101,101,101,TRUE
"638007","CE",8,8,100,100,100,TRUE
"439008","CE",8,8,97,97,97,TRUE
"739005","CE",8,8,97,97,97,TRUE
"740006","CE",8,8,96,96,96,TRUE
"82397","CE",8,8,96,96,96,TRUE
"339014","CE",8,8,95,95,95,TRUE
"639030","CE",8,8,95,95,95,TRUE
"340045","CE",8,8,94,94,94,TRUE
"437000","CE",8,8,94,94,94,TRUE
"439030","CE",8,8,94,94,94,TRUE
"640003","CE",8,8,94,94,94,TRUE
"438019","CE",8,8,93,93,93,TRUE
"639014","CE",8,8,93,93,93,TRUE
"740008","CE",8,8,92,92,92,TRUE
"82583","CE",8,8,91,91,91,TRUE
"339023","CE",8,8,90,90,90,TRUE
"438022","CE",8,8,90,90,90,TRUE
"638010","CE",8,8,90,90,90,TRUE
"82392","CE",8,8,90,90,90,TRUE
"338008","CE",8,8,89,89,89,TRUE
"439018","CE",8,8,89,89,89,TRUE
"639013","CE",8,8,89,89,89,TRUE
"739011","CE",8,8,89,89,89,TRUE
"340049","CE",8,8,88,88,88,TRUE
"438036","CE",8,8,88,88,88,TRUE
"439001","CE",8,8,88,88,88,TRUE
"439020","CE",8,8,88,88,88,TRUE
"440018","CE",8,8,88,88,88,TRUE
"440022","CE",8,8,88,88,88,TRUE
"82686","CE",8,8,88,88,88,TRUE
"438008","CE",8,8,87,87,87,TRUE
"340005","CE",8,8,86,86,86,TRUE
"340023","CE",8,8,86,86,86,TRUE
"438021","CE",8,8,86,86,86,TRUE
"438073","CE",8,8,86,86,86,TRUE
"540003","CE",8,8,86,86,86,TRUE
"640019","CE",8,8,85,85,85,TRUE
"439003","CE",8,8,84,84,84,TRUE
"338007","CE",8,8,82,82,82,TRUE
"739016","CE",8,8,82,82,82,TRUE
"340015","CE",8,8,81,81,81,TRUE
"438007","CE",8,8,81,81,81,TRUE
"538018","CE",8,8,81,81,81,TRUE
"639018","CE",8,8,81,81,81,TRUE
"339018","CE",8,8,80,80,80,TRUE
"439036","CE",8,8,80,80,80,TRUE
"639021","CE",8,8,80,80,80,TRUE
"240001","CE",8,8,79,79,79,TRUE
"438032","CE",8,8,79,79,79,TRUE
"338002","CE",8,8,78,78,78,TRUE
"339034","CE",8,8,78,78,78,TRUE
"340039","CE",8,8,78,78,78,TRUE
"340041","CE",8,8,78,78,78,TRUE
"440020","CE",8,8,78,78,78,TRUE
"539011","CE",8,8,78,78,78,TRUE
"340012","CE",8,8,77,77,77,TRUE
"437009","CE",8,8,77,77,77,TRUE
"439006","CE",8,8,77,77,77,TRUE
"339026","CE",8,8,76,76,76,TRUE
"340007","CE",8,8,76,76,76,TRUE
"539010","CE",8,8,76,76,76,TRUE
"740009","CE",8,8,76,76,76,TRUE
"540016","CE",8,8,75,75,75,TRUE
"539001","CE",8,8,74,74,74,TRUE
"640015","CE",8,8,74,74,74,TRUE
"338005","CE",8,8,73,73,73,TRUE
"440002","CE",8,8,73,73,73,TRUE
"539003","CE",8,8,73,73,73,TRUE
"738007","CE",8,8,73,73,73,TRUE
"538000","CE",8,8,71,71,71,TRUE
"438009","CE",8,8,70,70,70,TRUE
"539016","CE",8,8,70,70,70,TRUE
"438011","CE",8,8,69,69,69,TRUE
"640017","CE",8,8,69,69,69,TRUE
"439015","CE",8,8,68,68,68,TRUE
"339004","CE",8,8,67,67,67,TRUE
"339024","CE",8,8,67,67,67,TRUE
"341010","CE",8,8,67,67,67,TRUE
"440025","CE",8,8,67,67,67,TRUE
"639002","CE",8,8,67,67,67,TRUE
"639006","CE",8,8,67,67,67,TRUE
"639024","CE",8,8,67,67,67,TRUE
"438024","CE",8,8,66,66,66,TRUE
"438033","CE",8,8,66,66,66,TRUE
"440032","CE",8,8,66,66,66,TRUE
"538015","CE",8,8,66,66,66,TRUE
"639032","CE",8,8,66,66,66,TRUE
"339016","CE",8,8,65,65,65,TRUE
"340038","CE",8,8,65,65,65,TRUE
"639026","CE",8,8,65,65,65,TRUE
"639039","CE",8,8,64,64,64,TRUE
"338026","CE",8,8,63,63,63,TRUE
"438045","CE",8,8,63,63,63,TRUE
"439013","CE",8,8,63,63,63,TRUE
"439022","CE",8,8,63,63,63,TRUE
"439023","CE",8,8,63,63,63,TRUE
"538003","CE",8,8,63,63,63,TRUE
"538024","CE",8,8,63,63,63,TRUE
"539005","CE",8,8,63,63,63,TRUE
"739003","CE",8,8,63,63,63,TRUE
"340008","CE",8,8,62,62,62,TRUE
"340020","CE",8,8,62,62,62,TRUE
"440005","CE",8,8,62,62,62,TRUE
"538008","CE",8,8,62,62,62,TRUE
"538020","CE",8,8,62,62,62,TRUE
"539024","CE",8,8,62,62,62,TRUE
"539038","CE",8,8,62,62,62,TRUE
"639015","CE",8,8,62,62,62,TRUE
"738001","CE",8,8,62,62,62,TRUE
"339030","CE",8,8,61,61,61,TRUE
"439009","CE",8,8,61,61,61,TRUE
"440009","CE",8,8,61,61,61,TRUE
"440026","CE",8,8,61,61,61,TRUE
"437010","CE",8,8,60,60,60,TRUE
"440011","CE",8,8,60,60,60,TRUE
"539021","CE",8,8,60,60,60,TRUE
"539034","CE",8,8,60,60,60,TRUE
"639010","CE",8,8,60,60,60,TRUE
"340011","CE",8,8,59,59,59,TRUE
"438017","CE",8,8,59,59,59,TRUE
"438035","CE",8,8,59,59,59,TRUE
"439025","CE",8,8,59,59,59,TRUE
"440004","CE",8,8,59,59,59,TRUE
"440021","CE",8,8,59,59,59,TRUE
"539014","CE",8,8,59,59,59,TRUE
"539018","CE",8,8,59,59,59,TRUE
"340016","CE",8,8,58,58,58,TRUE
"540017","CE",8,8,58,58,58,TRUE
"638009","CE",8,8,58,58,58,TRUE
"638013","CE",8,8,58,58,58,TRUE
"82586","CE",8,8,58,58,58,TRUE
"340035","CE",8,8,57,57,57,TRUE
"341016","CE",8,8,57,57,57,TRUE
"538019","CE",8,8,57,57,57,TRUE
"538023","CE",8,8,57,57,57,TRUE
"539019","CE",8,8,57,57,57,TRUE
"540114","CE",8,8,57,57,57,TRUE
"338014","CE",8,8,56,56,56,TRUE
"340001","CE",8,8,56,56,56,TRUE
"438049","CE",8,8,56,56,56,TRUE
"439019","CE",8,8,56,56,56,TRUE
"539017","CE",8,8,56,56,56,TRUE
"639012","CE",8,8,56,56,56,TRUE
"640011","CE",8,8,56,56,56,TRUE
"739000","CE",8,8,56,56,56,TRUE
"740011","CE",8,8,56,56,56,TRUE
"339021","CE",8,8,55,55,55,TRUE
"340010","CE",8,8,55,55,55,TRUE
"538017","CE",8,8,55,55,55,TRUE
"540011","CE",8,8,55,55,55,TRUE
"638005","CE",8,8,55,55,55,TRUE
"639009","CE",8,8,55,55,55,TRUE
"240000","CE",8,8,54,54,54,TRUE
"340013","CE",8,8,54,54,54,TRUE
"438038","CE",8,8,54,54,54,TRUE
"538022","CE",8,8,54,54,54,TRUE
"539030","CE",8,8,54,54,54,TRUE
"639019","CE",8,8,54,54,54,TRUE
"640008","CE",8,8,54,54,54,TRUE
"538021","CE",8,8,53,53,53,TRUE
"639028","CE",8,8,53,53,53,TRUE
"82588","CE",8,8,53,53,53,TRUE
"340009","CE",8,8,52,52,52,TRUE
"540002","CE",8,8,52,52,52,TRUE
"640013","CE",8,8,52,52,52,TRUE
"82487","CE",8,8,52,52,52,TRUE
"338018","CE",8,8,51,51,51,TRUE
"438028","CE",8,8,51,51,51,TRUE
"639044","CE",8,8,51,51,51,TRUE
"240007","CE",8,8,50,50,50,TRUE
"339037","CE",8,8,50,50,50,TRUE
"339078","CE",8,8,50,50,50,TRUE
"339084","CE",8,8,50,50,50,TRUE
"340017","CE",8,8,50,50,50,TRUE
"341018","CE",8,8,50,50,50,TRUE
"438053","CE",8,8,50,50,50,TRUE
"440029","CE",8,8,50,50,50,TRUE
"440030","CE",8,8,50,50,50,TRUE
"440078","CE",8,8,50,50,50,TRUE
"538029","CE",8,8,50,50,50,TRUE
"538030","CE",8,8,50,50,50,TRUE
"538032","CE",8,8,50,50,50,TRUE
"538066","CE",8,8,50,50,50,TRUE
"538069","CE",8,8,50,50,50,TRUE
"539012","CE",8,8,50,50,50,TRUE
"539033","CE",8,8,50,50,50,TRUE
"539051","CE",8,8,50,50,50,TRUE
"539058","CE",8,8,50,50,50,TRUE
"539073","CE",8,8,50,50,50,TRUE
"540019","CE",8,8,50,50,50,TRUE
"638056","CE",8,8,50,50,50,TRUE
"638091","CE",8,8,50,50,50,TRUE
"638093","CE",8,8,50,50,50,TRUE
"639020","CE",8,8,50,50,50,TRUE
"639084","CE",8,8,50,50,50,TRUE
"738060","CE",8,8,50,50,50,TRUE
"738062","CE",8,8,50,50,50,TRUE
"739065","CE",8,8,50,50,50,TRUE
"339020","CE",8,8,49,49,49,TRUE
"438100","CE",8,8,49,49,49,TRUE
"438101","CE",8,8,49,49,49,TRUE
"539036","CE",8,8,49,49,49,TRUE
"540015","CE",8,8,49,49,49,TRUE
"739035","CE",8,8,49,49,49,TRUE
"82683","CE",8,8,49,49,49,TRUE
"240002","CE",8,8,48,48,48,TRUE
"438005","CE",8,8,48,48,48,TRUE
"438020","CE",8,8,48,48,48,TRUE
"438111","CE",8,8,48,48,48,TRUE
"440077","CE",8,8,48,48,48,TRUE
"82784","CE",8,8,48,48,48,TRUE
"339036","CE",8,8,47,47,47,TRUE
"438015","CE",8,8,47,47,47,TRUE
"438031","CE",8,8,47,47,47,TRUE
"439010","CE",8,8,47,47,47,TRUE
"538007","CE",8,8,47,47,47,TRUE
"739013","CE",8,8,47,47,47,TRUE
"240009","CE",8,8,46,46,46,TRUE
"439005","CE",8,8,46,46,46,TRUE
"439024","CE",8,8,46,46,46,TRUE
"539060","CE",8,8,46,46,46,TRUE
"339000","CE",8,8,45,45,45,TRUE
"339040","CE",8,8,45,45,45,TRUE
"340003","CE",8,8,45,45,45,TRUE
"340019","CE",8,8,45,45,45,TRUE
"340102","CE",8,8,45,45,45,TRUE
"340113","CE",8,8,45,45,45,TRUE
"438114","CE",8,8,45,45,45,TRUE
"440034","CE",8,8,45,45,45,TRUE
"538011","CE",8,8,45,45,45,TRUE
"540007","CE",8,8,45,45,45,TRUE
"638085","CE",8,8,45,45,45,TRUE
"639022","CE",8,8,45,45,45,TRUE
"639023","CE",8,8,45,45,45,TRUE
"640042","CE",8,8,45,45,45,TRUE
"340000","CE",8,8,44,44,44,TRUE
"340067","CE",8,8,44,44,44,TRUE
"538054","CE",8,8,44,44,44,TRUE
"539002","CE",8,8,44,44,44,TRUE
"639001","CE",8,8,44,44,44,TRUE
"339009","CE",8,8,43,43,43,TRUE
"340109","CE",8,8,43,43,43,TRUE
"437024","CE",8,8,43,43,43,TRUE
"438110","CE",8,8,43,43,43,TRUE
"537041","CE",8,8,43,43,43,TRUE
"640012","CE",8,8,43,43,43,TRUE
"739046","CE",8,8,43,43,43,TRUE
"339031","CE",8,8,42,42,42,TRUE
"339051","CE",8,8,42,42,42,TRUE
"339053","CE",8,8,42,42,42,TRUE
"438067","CE",8,8,42,42,42,TRUE
"439031","CE",8,8,42,42,42,TRUE
"538014","CE",8,8,42,42,42,TRUE
"639003","CE",8,8,42,42,42,TRUE
"739004","CE",8,8,42,42,42,TRUE
"739060","CE",8,8,42,42,42,TRUE
"339007","CE",8,8,41,41,41,TRUE
"340029","CE",8,8,41,41,41,TRUE
"340103","CE",8,8,41,41,41,TRUE
"340107","CE",8,8,41,41,41,TRUE
"438095","CE",8,8,41,41,41,TRUE
"439029","CE",8,8,41,41,41,TRUE
"440047","CE",8,8,41,41,41,TRUE
"639027","CE",8,8,41,41,41,TRUE
"639063","CE",8,8,41,41,41,TRUE
"640010","CE",8,8,41,41,41,TRUE
"340080","CE",8,8,40,40,40,TRUE
"437008","CE",8,8,40,40,40,TRUE
"439012","CE",8,8,40,40,40,TRUE
"340066","CE",8,8,39,39,39,TRUE
"439021","CE",8,8,39,39,39,TRUE
"638004","CE",8,8,39,39,39,TRUE
"738000","CE",8,8,39,39,39,TRUE
"439072","CE",8,8,38,38,38,TRUE
"440003","CE",8,8,38,38,38,TRUE
"539006","CE",8,8,38,38,38,TRUE
"739054","CE",8,8,38,38,38,TRUE
"439027","CE",8,8,37,37,37,TRUE
"82777","CE",8,8,37,37,37,TRUE
"339001","CE",8,8,36,36,36,TRUE
"340002","CE",8,8,36,36,36,TRUE
"438042","CE",8,8,36,36,36,TRUE
"438072","CE",8,8,36,36,36,TRUE
"538025","CE",8,8,36,36,36,TRUE
"538059","CE",8,8,36,36,36,TRUE
"540052","CE",8,8,36,36,36,TRUE
"639072","CE",8,8,36,36,36,TRUE
"640014","CE",8,8,36,36,36,TRUE
"739014","CE",8,8,36,36,36,TRUE
"240012","CE",8,8,35,35,35,TRUE
"339074","CE",8,8,35,35,35,TRUE
"340108","CE",8,8,35,35,35,TRUE
"437022","CE",8,8,35,35,35,TRUE
"438084","CE",8,8,35,35,35,TRUE
"438103","CE",8,8,35,35,35,TRUE
"440055","CE",8,8,35,35,35,TRUE
"440071","CE",8,8,35,35,35,TRUE
"538079","CE",8,8,35,35,35,TRUE
"539022","CE",8,8,35,35,35,TRUE
"539042","CE",8,8,35,35,35,TRUE
"638058","CE",8,8,35,35,35,TRUE
"82294","CE",8,8,35,35,35,TRUE
"239001","CE",8,8,34,34,34,TRUE
"338034","CE",8,8,34,34,34,TRUE
"338040","CE",8,8,34,34,34,TRUE
"338048","CE",8,8,34,34,34,TRUE
"339070","CE",8,8,34,34,34,TRUE
"341029","CE",8,8,34,34,34,TRUE
"438003","CE",8,8,34,34,34,TRUE
"438089","CE",8,8,34,34,34,TRUE
"439016","CE",8,8,34,34,34,TRUE
"439017","CE",8,8,34,34,34,TRUE
"439061","CE",8,8,34,34,34,TRUE
"439063","CE",8,8,34,34,34,TRUE
"440044","CE",8,8,34,34,34,TRUE
"639078","CE",8,8,34,34,34,TRUE
"339017","CE",8,8,33,33,33,TRUE
"339045","CE",8,8,33,33,33,TRUE
"339075","CE",8,8,33,33,33,TRUE
"340064","CE",8,8,33,33,33,TRUE
"437019","CE",8,8,33,33,33,TRUE
"438061","CE",8,8,33,33,33,TRUE
"438069","CE",8,8,33,33,33,TRUE
"438071","CE",8,8,33,33,33,TRUE
"440042","CE",8,8,33,33,33,TRUE
"440043","CE",8,8,33,33,33,TRUE
"538043","CE",8,8,33,33,33,TRUE
"538044","CE",8,8,33,33,33,TRUE
"539053","CE",8,8,33,33,33,TRUE
"540005","CE",8,8,33,33,33,TRUE
"638092","CE",8,8,33,33,33,TRUE
"639038","CE",8,8,33,33,33,TRUE
"639045","CE",8,8,33,33,33,TRUE
"639058","CE",8,8,33,33,33,TRUE
"738049","CE",8,8,33,33,33,TRUE
"740043","CE",8,8,33,33,33,TRUE
"240004","CE",8,8,32,32,32,TRUE
"338003","CE",8,8,32,32,32,TRUE
"438064","CE",8,8,32,32,32,TRUE
"440001","CE",8,8,32,32,32,TRUE
"440006","CE",8,8,32,32,32,TRUE
"440075","CE",8,8,32,32,32,TRUE
"638000","CE",8,8,32,32,32,TRUE
"638001","CE",8,8,32,32,32,TRUE
"738005","CE",8,8,32,32,32,TRUE
"82493","CE",8,8,32,32,32,TRUE
"338037","CE",8,8,31,31,31,TRUE
"339025","CE",8,8,31,31,31,TRUE
"339048","CE",8,8,31,31,31,TRUE
"341015","CE",8,8,31,31,31,TRUE
"437001","CE",8,8,31,31,31,TRUE
"438002","CE",8,8,31,31,31,TRUE
"438013","CE",8,8,31,31,31,TRUE
"438023","CE",8,8,31,31,31,TRUE
"438030","CE",8,8,31,31,31,TRUE
"438034","CE",8,8,31,31,31,TRUE
"438047","CE",8,8,31,31,31,TRUE
"439028","CE",8,8,31,31,31,TRUE
"439054","CE",8,8,31,31,31,TRUE
"440035","CE",8,8,31,31,31,TRUE
"538005","CE",8,8,31,31,31,TRUE
"639008","CE",8,8,31,31,31,TRUE
"338015","CE",8,8,30,30,30,TRUE
"339012","CE",8,8,30,30,30,TRUE
"339019","CE",8,8,30,30,30,TRUE
"339022","CE",8,8,30,30,30,TRUE
"340025","CE",8,8,30,30,30,TRUE
"340026","CE",8,8,30,30,30,TRUE
"341014","CE",8,8,30,30,30,TRUE
"439004","CE",8,8,30,30,30,TRUE
"441015","CE",8,8,30,30,30,TRUE
"539004","CE",8,8,30,30,30,TRUE
"539026","CE",8,8,30,30,30,TRUE
"639051","CE",8,8,30,30,30,TRUE
"739009","CE",8,8,30,30,30,TRUE
"739052","CE",8,8,30,30,30,TRUE
"83377","DF",8,8,63,63,63,TRUE
"1547004","DF",8,8,62,62,62,TRUE
"1547008","DF",8,8,53,53,53,TRUE
"1548006","DF",8,8,53,53,53,TRUE
"1547009","DF",8,8,52,52,52,TRUE
"1547013","DF",8,8,51,51,51,TRUE
"1548005","DF",8,8,50,50,50,TRUE
"1548007","DF",8,8,49,49,49,TRUE
"1547014","DF",8,8,48,48,48,TRUE
"1547015","DF",8,8,46,46,46,TRUE
"1547019","DF",8,8,46,46,46,TRUE
"1547018","DF",8,8,45,45,45,TRUE
"1547021","DF",8,8,45,45,45,TRUE
"1547022","DF",8,8,45,45,45,TRUE
"1548010","DF",8,8,45,45,45,TRUE
"1548008","DF",8,8,44,44,44,TRUE
"1547016","DF",8,8,42,42,42,TRUE
"1547010","DF",8,8,41,41,41,TRUE
"1547017","DF",8,8,41,41,41,TRUE
"1547002","DF",8,8,39,39,39,TRUE
"1547011","DF",8,8,38,38,38,TRUE
"1547012","DF",8,8,38,38,38,TRUE
"1547025","DF",8,8,37,37,37,TRUE
"1547020","DF",8,8,36,36,36,TRUE
"1548000","DF",8,8,35,35,35,TRUE
"1839001","ES",8,8,91,91,91,TRUE
"2141014","ES",8,8,88,88,88,TRUE
"83648","ES",8,8,87,87,87,TRUE
"2041001","ES",8,8,85,85,85,TRUE
"2041002","ES",8,8,85,85,85,TRUE
"2041000","ES",8,8,79,79,79,TRUE
"1941003","ES",8,8,78,78,78,TRUE
"1941008","ES",8,8,78,78,78,TRUE
"2041010","ES",8,8,78,78,78,TRUE
"1940001","ES",8,8,77,77,77,TRUE
"1940007","ES",8,8,77,77,77,TRUE
"2040009","ES",8,8,77,77,77,TRUE
"2041003","ES",8,8,77,77,77,TRUE
"1840004","ES",8,8,76,76,76,TRUE
"1940000","ES",8,8,76,76,76,TRUE
"1940005","ES",8,8,76,76,76,TRUE
"2040005","ES",8,8,76,76,76,TRUE
"2040007","ES",8,8,76,76,76,TRUE
"2041011","ES",8,8,76,76,76,TRUE
"2040006","ES",8,8,75,75,75,TRUE
"2041014","ES",8,8,75,75,75,TRUE
"2140000","ES",8,8,75,75,75,TRUE
"2040011","ES",8,8,74,74,74,TRUE
"1940002","ES",8,8,73,73,73,TRUE
"1940003","ES",8,8,73,73,73,TRUE
"2040003","ES",8,8,73,73,73,TRUE
"2040004","ES",8,8,73,73,73,TRUE
"2040008","ES",8,8,73,73,73,TRUE
"2040010","ES",8,8,73,73,73,TRUE
"2040012","ES",8,8,73,73,73,TRUE
"2141016","ES",8,8,73,73,73,TRUE
"1840003","ES",8,8,72,72,72,TRUE
"2040001","ES",8,8,71,71,71,TRUE
"2041013","ES",8,8,71,71,71,TRUE
"2041015","ES",8,8,70,70,70,TRUE
"1940010","ES",8,8,69,69,69,TRUE
"2041017","ES",8,8,69,69,69,TRUE
"2041018","ES",8,8,69,69,69,TRUE
"1940012","ES",8,8,68,68,68,TRUE
"1940009","ES",8,8,67,67,67,TRUE
"2040017","ES",8,8,67,67,67,TRUE
"2041016","ES",8,8,67,67,67,TRUE
"2040018","ES",8,8,65,65,65,TRUE
"1840007","ES",8,8,64,64,64,TRUE
"2041019","ES",8,8,64,64,64,TRUE
"2041020","ES",8,8,62,62,62,TRUE
"1839000","ES",8,8,61,61,61,TRUE
"2040020","ES",8,8,61,61,61,TRUE
"2041021","ES",8,8,61,61,61,TRUE
"2141015","ES",8,8,61,61,61,TRUE
"2040014","ES",8,8,59,59,59,TRUE
"1940006","ES",8,8,58,58,58,TRUE
"1941009","ES",8,8,58,58,58,TRUE
"83646","ES",8,8,58,58,58,TRUE
"1840000","ES",8,8,56,56,56,TRUE
"1940013","ES",8,8,56,56,56,TRUE
"1940016","ES",8,8,56,56,56,TRUE
"2041023","ES",8,8,56,56,56,TRUE
"1841010","ES",8,8,55,55,55,TRUE
"1940020","ES",8,8,55,55,55,TRUE
"1940022","ES",8,8,55,55,55,TRUE
"1940023","ES",8,8,55,55,55,TRUE
"1941012","ES",8,8,55,55,55,TRUE
"2040023","ES",8,8,55,55,55,TRUE
"1840012","ES",8,8,54,54,54,TRUE
"1841009","ES",8,8,54,54,54,TRUE
"2040022","ES",8,8,54,54,54,TRUE
"2141017","ES",8,8,54,54,54,TRUE
"1840010","ES",8,8,53,53,53,TRUE
"1840016","ES",8,8,53,53,53,TRUE
"1840013","ES",8,8,52,52,52,TRUE
"1840015","ES",8,8,52,52,52,TRUE
"1840017","ES",8,8,51,51,51,TRUE
"1939002","ES",8,8,51,51,51,TRUE
"1839006","ES",8,8,50,50,50,TRUE
"1940021","ES",8,8,50,50,50,TRUE
"2040000","ES",8,8,49,49,49,TRUE
"1840019","ES",8,8,48,48,48,TRUE
"2040015","ES",8,8,46,46,46,TRUE
"1840009","ES",8,8,45,45,45,TRUE
"2041012","ES",8,8,45,45,45,TRUE
"1840020","ES",8,8,43,43,43,TRUE
"1840002","ES",8,8,41,41,41,TRUE
"2040013","ES",8,8,41,41,41,TRUE
"1840011","ES",8,8,40,40,40,TRUE
"1940025","ES",8,8,40,40,40,TRUE
"83550","ES",8,8,40,40,40,TRUE
"1840008","ES",8,8,39,39,39,TRUE
"2041047","ES",8,8,38,38,38,TRUE
"83548","ES",8,8,38,38,38,TRUE
"2040002","ES",8,8,32,32,32,TRUE
"2041004","ES",8,8,32,32,32,TRUE
"1940004","ES",8,8,30,30,30,TRUE
"83557","ES",8,8,30,30,30,TRUE
"83423","GO",8,8,75,75,75,TRUE
"83526","GO",8,8,73,73,73,TRUE
"1649006","GO",8,8,69,69,69,TRUE
"83374","GO",8,8,67,67,67,TRUE
"1549003","GO",8,8,61,61,61,TRUE
"83376","GO",8,8,60,60,60,TRUE
"1348000","GO",8,8,56,56,56,TRUE
"1448001","GO",8,8,56,56,56,TRUE
"1447002","GO",8,8,55,55,55,TRUE
"1449001","GO",8,8,55,55,55,TRUE
"1549002","GO",8,8,55,55,55,TRUE
"1346000","GO",8,8,54,54,54,TRUE
"1549001","GO",8,8,54,54,54,TRUE
"1648001","GO",8,8,54,54,54,TRUE
"1651000","GO",8,8,54,54,54,TRUE
"1849016","GO",8,8,54,54,54,TRUE
"1447000","GO",8,8,53,53,53,TRUE
"1548003","GO",8,8,53,53,53,TRUE
"1549009","GO",8,8,53,53,53,TRUE
"83379","GO",8,8,53,53,53,TRUE
"1346002","GO",8,8,52,52,52,TRUE
"1349000","GO",8,8,52,52,52,TRUE
"1548001","GO",8,8,52,52,52,TRUE
"1649001","GO",8,8,52,52,52,TRUE
"1649012","GO",8,8,52,52,52,TRUE
"1650003","GO",8,8,52,52,52,TRUE
"1749000","GO",8,8,52,52,52,TRUE
"1749001","GO",8,8,52,52,52,TRUE
"1749002","GO",8,8,52,52,52,TRUE
"1750000","GO",8,8,52,52,52,TRUE
"1750001","GO",8,8,52,52,52,TRUE
"1850001","GO",8,8,52,52,52,TRUE
"1850003","GO",8,8,52,52,52,TRUE
"83368","GO",8,8,52,52,52,TRUE
"1550000","GO",8,8,51,51,51,TRUE
"1550001","GO",8,8,51,51,51,TRUE
"1649009","GO",8,8,51,51,51,TRUE
"1851001","GO",8,8,51,51,51,TRUE
"1851002","GO",8,8,51,51,51,TRUE
"1951001","GO",8,8,51,51,51,TRUE
"1346001","GO",8,8,50,50,50,TRUE
"1449000","GO",8,8,50,50,50,TRUE
"1450001","GO",8,8,50,50,50,TRUE
"1546005","GO",8,8,50,50,50,TRUE
"1551001","GO",8,8,50,50,50,TRUE
"1551003","GO",8,8,50,50,50,TRUE
"1649000","GO",8,8,50,50,50,TRUE
"1651002","GO",8,8,50,50,50,TRUE
"1749004","GO",8,8,50,50,50,TRUE
"1749005","GO",8,8,50,50,50,TRUE
"1750004","GO",8,8,50,50,50,TRUE
"1852000","GO",8,8,50,50,50,TRUE
"1449002","GO",8,8,49,49,49,TRUE
"1450000","GO",8,8,49,49,49,TRUE
"1451000","GO",8,8,49,49,49,TRUE
"1549004","GO",8,8,49,49,49,TRUE
"1550002","GO",8,8,49,49,49,TRUE
"1650002","GO",8,8,49,49,49,TRUE
"1651003","GO",8,8,49,49,49,TRUE
"1652000","GO",8,8,49,49,49,TRUE
"1748004","GO",8,8,49,49,49,TRUE
"1346004","GO",8,8,48,48,48,TRUE
"1347001","GO",8,8,48,48,48,TRUE
"1348003","GO",8,8,48,48,48,TRUE
"1349001","GO",8,8,48,48,48,TRUE
"1350000","GO",8,8,48,48,48,TRUE
"1350002","GO",8,8,48,48,48,TRUE
"1551002","GO",8,8,48,48,48,TRUE
"1649004","GO",8,8,48,48,48,TRUE
"1649007","GO",8,8,48,48,48,TRUE
"1649010","GO",8,8,48,48,48,TRUE
"1650000","GO",8,8,48,48,48,TRUE
"1749003","GO",8,8,48,48,48,TRUE
"1750008","GO",8,8,48,48,48,TRUE
"1751002","GO",8,8,48,48,48,TRUE
"1752006","GO",8,8,48,48,48,TRUE
"1349002","GO",8,8,47,47,47,TRUE
"1551000","GO",8,8,47,47,47,TRUE
"1650001","GO",8,8,47,47,47,TRUE
"1750003","GO",8,8,47,47,47,TRUE
"1752002","GO",8,8,47,47,47,TRUE
"1752003","GO",8,8,47,47,47,TRUE
"1847006","GO",8,8,47,47,47,TRUE
"1848007","GO",8,8,47,47,47,TRUE
"1951000","GO",8,8,47,47,47,TRUE
"83332","GO",8,8,47,47,47,TRUE
"1346005","GO",8,8,46,46,46,TRUE
"1450002","GO",8,8,46,46,46,TRUE
"1651001","GO",8,8,46,46,46,TRUE
"1751001","GO",8,8,46,46,46,TRUE
"1751004","GO",8,8,46,46,46,TRUE
"1753002","GO",8,8,46,46,46,TRUE
"1851004","GO",8,8,46,46,46,TRUE
"83464","GO",8,8,46,46,46,TRUE
"1250000","GO",8,8,45,45,45,TRUE
"1349003","GO",8,8,45,45,45,TRUE
"1350001","GO",8,8,45,45,45,TRUE
"1750013","GO",8,8,45,45,45,TRUE
"1850002","GO",8,8,45,45,45,TRUE
"83522","GO",8,8,45,45,45,TRUE
"1549000","GO",8,8,44,44,44,TRUE
"1448002","GO",8,8,42,42,42,TRUE
"1647002","GO",8,8,42,42,42,TRUE
"1648002","GO",8,8,42,42,42,TRUE
"1749009","GO",8,8,42,42,42,TRUE
"1348001","GO",8,8,41,41,41,TRUE
"1448000","GO",8,8,41,41,41,TRUE
"1449003","GO",8,8,41,41,41,TRUE
"1748000","GO",8,8,41,41,41,TRUE
"1851000","GO",8,8,41,41,41,TRUE
"1347000","GO",8,8,40,40,40,TRUE
"1446004","GO",8,8,40,40,40,TRUE
"1748005","GO",8,8,40,40,40,TRUE
"83470","GO",8,8,40,40,40,TRUE
"1547001","GO",8,8,39,39,39,TRUE
"1851005","GO",8,8,39,39,39,TRUE
"1448004","GO",8,8,38,38,38,TRUE
"1647001","GO",8,8,38,38,38,TRUE
"1447001","GO",8,8,37,37,37,TRUE
"1652003","GO",8,8,37,37,37,TRUE
"1748001","GO",8,8,36,36,36,TRUE
"1852001","GO",8,8,36,36,36,TRUE
"1747001","GO",8,8,35,35,35,TRUE
"1847040","GO",8,8,35,35,35,TRUE
"1448005","GO",8,8,34,34,34,TRUE
"1548011","GO",8,8,30,30,30,TRUE
"1647003","GO",8,8,30,30,30,TRUE
"82280","MA",8,8,84,84,84,TRUE
"82564","MA",8,8,81,81,81,TRUE
"82765","MA",8,8,73,73,73,TRUE
"82198","MA",8,8,62,62,62,TRUE
"443006","MA",8,8,59,59,59,TRUE
"744000","MA",8,8,59,59,59,TRUE
"344004","MA",8,8,57,57,57,TRUE
"444001","MA",8,8,57,57,57,TRUE
"644003","MA",8,8,57,57,57,TRUE
"82571","MA",8,8,57,57,57,TRUE
"343003","MA",8,8,56,56,56,TRUE
"444005","MA",8,8,55,55,55,TRUE
"543004","MA",8,8,55,55,55,TRUE
"644012","MA",8,8,55,55,55,TRUE
"345000","MA",8,8,54,54,54,TRUE
"644007","MA",8,8,54,54,54,TRUE
"244007","MA",8,8,53,53,53,TRUE
"245001","MA",8,8,53,53,53,TRUE
"245003","MA",8,8,53,53,53,TRUE
"343001","MA",8,8,53,53,53,TRUE
"345006","MA",8,8,53,53,53,TRUE
"443007","MA",8,8,53,53,53,TRUE
"544006","MA",8,8,53,53,53,TRUE
"747000","MA",8,8,53,53,53,TRUE
"343004","MA",8,8,52,52,52,TRUE
"344007","MA",8,8,52,52,52,TRUE
"644015","MA",8,8,52,52,52,TRUE
"445001","MA",8,8,51,51,51,TRUE
"82476","MA",8,8,50,50,50,TRUE
"444008","MA",8,8,49,49,49,TRUE
"82382","MA",8,8,49,49,49,TRUE
"82676","MA",8,8,48,48,48,TRUE
"82376","MA",8,8,47,47,47,TRUE
"82460","MA",8,8,47,47,47,TRUE
"745004","MA",8,8,46,46,46,TRUE
"344008","MA",8,8,45,45,45,TRUE
"546006","MA",8,8,45,45,45,TRUE
"82768","MA",8,8,45,45,45,TRUE
"543002","MA",8,8,43,43,43,TRUE
"547005","MA",8,8,43,43,43,TRUE
"643011","MA",8,8,43,43,43,TRUE
"643012","MA",8,8,43,43,43,TRUE
"643013","MA",8,8,43,43,43,TRUE
"746006","MA",8,8,43,43,43,TRUE
"344010","MA",8,8,42,42,42,TRUE
"345012","MA",8,8,42,42,42,TRUE
"445007","MA",8,8,42,42,42,TRUE
"445008","MA",8,8,42,42,42,TRUE
"546007","MA",8,8,42,42,42,TRUE
"746007","MA",8,8,42,42,42,TRUE
"82568","MA",8,8,42,42,42,TRUE
"845003","MA",8,8,42,42,42,TRUE
"945011","MA",8,8,42,42,42,TRUE
"242002","MA",8,8,41,41,41,TRUE
"245007","MA",8,8,41,41,41,TRUE
"245009","MA",8,8,41,41,41,TRUE
"343009","MA",8,8,41,41,41,TRUE
"343011","MA",8,8,41,41,41,TRUE
"344011","MA",8,8,41,41,41,TRUE
"344012","MA",8,8,41,41,41,TRUE
"344013","MA",8,8,41,41,41,TRUE
"345013","MA",8,8,41,41,41,TRUE
"442013","MA",8,8,41,41,41,TRUE
"443012","MA",8,8,41,41,41,TRUE
"444013","MA",8,8,41,41,41,TRUE
"445009","MA",8,8,41,41,41,TRUE
"446000","MA",8,8,41,41,41,TRUE
"543011","MA",8,8,41,41,41,TRUE
"544009","MA",8,8,41,41,41,TRUE
"645002","MA",8,8,41,41,41,TRUE
"645003","MA",8,8,41,41,41,TRUE
"746008","MA",8,8,41,41,41,TRUE
"746009","MA",8,8,41,41,41,TRUE
"82970","MA",8,8,41,41,41,TRUE
"845004","MA",8,8,41,41,41,TRUE
"845005","MA",8,8,41,41,41,TRUE
"846005","MA",8,8,41,41,41,TRUE
"342009","MA",8,8,40,40,40,TRUE
"343010","MA",8,8,40,40,40,TRUE
"346002","MA",8,8,40,40,40,TRUE
"443011","MA",8,8,40,40,40,TRUE
"445010","MA",8,8,40,40,40,TRUE
"645004","MA",8,8,40,40,40,TRUE
"646005","MA",8,8,40,40,40,TRUE
"646006","MA",8,8,40,40,40,TRUE
"745005","MA",8,8,40,40,40,TRUE
"145006","MA",8,8,39,39,39,TRUE
"244011","MA",8,8,39,39,39,TRUE
"244012","MA",8,8,39,39,39,TRUE
"245010","MA",8,8,39,39,39,TRUE
"446001","MA",8,8,39,39,39,TRUE
"446002","MA",8,8,39,39,39,TRUE
"447002","MA",8,8,39,39,39,TRUE
"545011","MA",8,8,39,39,39,TRUE
"245008","MA",8,8,37,37,37,TRUE
"245011","MA",8,8,37,37,37,TRUE
"144002","MA",8,8,36,36,36,TRUE
"545003","MA",8,8,33,33,33,TRUE
"83536","MG",8,8,97,97,97,TRUE
"83492","MG",8,8,92,92,92,TRUE
"2142002","MG",8,8,90,90,90,TRUE
"2244035","MG",8,8,89,89,89,TRUE
"83637","MG",8,8,89,89,89,TRUE
"1443001","MG",8,8,86,86,86,TRUE
"2244036","MG",8,8,86,86,86,TRUE
"1942002","MG",8,8,84,84,84,TRUE
"1943010","MG",8,8,84,84,84,TRUE
"1944004","MG",8,8,84,84,84,TRUE
"1947001","MG",8,8,84,84,84,TRUE
"2042008","MG",8,8,84,84,84,TRUE
"2043009","MG",8,8,84,84,84,TRUE
"2043011","MG",8,8,84,84,84,TRUE
"2043014","MG",8,8,84,84,84,TRUE
"2044007","MG",8,8,84,84,84,TRUE
"2142000","MG",8,8,84,84,84,TRUE
"2142001","MG",8,8,84,84,84,TRUE
"2143001","MG",8,8,84,84,84,TRUE
"1843000","MG",8,8,83,83,83,TRUE
"1844001","MG",8,8,83,83,83,TRUE
"1943023","MG",8,8,83,83,83,TRUE
"1944009","MG",8,8,83,83,83,TRUE
"1946000","MG",8,8,83,83,83,TRUE
"2041005","MG",8,8,83,83,83,TRUE
"2042010","MG",8,8,83,83,83,TRUE
"2044008","MG",8,8,83,83,83,TRUE
"2046007","MG",8,8,83,83,83,TRUE
"2143000","MG",8,8,83,83,83,TRUE
"2143003","MG",8,8,83,83,83,TRUE
"2143011","MG",8,8,83,83,83,TRUE
"83538","MG",8,8,83,83,83,TRUE
"1544012","MG",8,8,82,82,82,TRUE
"1744009","MG",8,8,82,82,82,TRUE
"1841001","MG",8,8,82,82,82,TRUE
"1842005","MG",8,8,82,82,82,TRUE
"1943007","MG",8,8,82,82,82,TRUE
"2042000","MG",8,8,82,82,82,TRUE
"2045005","MG",8,8,82,82,82,TRUE
"2143016","MG",8,8,82,82,82,TRUE
"1847001","MG",8,8,81,81,81,TRUE
"1943001","MG",8,8,81,81,81,TRUE
"1943008","MG",8,8,81,81,81,TRUE
"1944007","MG",8,8,81,81,81,TRUE
"1946022","MG",8,8,81,81,81,TRUE
"2043002","MG",8,8,81,81,81,TRUE
"2143005","MG",8,8,81,81,81,TRUE
"2143018","MG",8,8,81,81,81,TRUE
"2145007","MG",8,8,81,81,81,TRUE
"1842004","MG",8,8,80,80,80,TRUE
"1941004","MG",8,8,80,80,80,TRUE
"1943006","MG",8,8,80,80,80,TRUE
"1943009","MG",8,8,80,80,80,TRUE
"2042011","MG",8,8,80,80,80,TRUE
"2044003","MG",8,8,80,80,80,TRUE
"2045001","MG",8,8,80,80,80,TRUE
"2143013","MG",8,8,80,80,80,TRUE
"83574","MG",8,8,80,80,80,TRUE
"83688","MG",8,8,80,80,80,TRUE
"1444000","MG",8,8,79,79,79,TRUE
"1740000","MG",8,8,79,79,79,TRUE
"1740001","MG",8,8,79,79,79,TRUE
"1843002","MG",8,8,79,79,79,TRUE
"1847003","MG",8,8,79,79,79,TRUE
"1941000","MG",8,8,79,79,79,TRUE
"1942006","MG",8,8,79,79,79,TRUE
"1943004","MG",8,8,79,79,79,TRUE
"1944011","MG",8,8,79,79,79,TRUE
"2143008","MG",8,8,79,79,79,TRUE
"2143017","MG",8,8,79,79,79,TRUE
"2143019","MG",8,8,79,79,79,TRUE
"2243202","MG",8,8,79,79,79,TRUE
"2246047","MG",8,8,79,79,79,TRUE
"1841003","MG",8,8,78,78,78,TRUE
"1848000","MG",8,8,78,78,78,TRUE
"2142004","MG",8,8,78,78,78,TRUE
"2143006","MG",8,8,78,78,78,TRUE
"2144005","MG",8,8,78,78,78,TRUE
"2144006","MG",8,8,78,78,78,TRUE
"1641002","MG",8,8,77,77,77,TRUE
"1941005","MG",8,8,77,77,77,TRUE
"1941006","MG",8,8,77,77,77,TRUE
"2142006","MG",8,8,77,77,77,TRUE
"2143007","MG",8,8,77,77,77,TRUE
"2144004","MG",8,8,77,77,77,TRUE
"2145001","MG",8,8,77,77,77,TRUE
"1741009","MG",8,8,76,76,76,TRUE
"1744010","MG",8,8,76,76,76,TRUE
"1943002","MG",8,8,76,76,76,TRUE
"1943003","MG",8,8,76,76,76,TRUE
"1943025","MG",8,8,76,76,76,TRUE
"1946005","MG",8,8,76,76,76,TRUE
"2043013","MG",8,8,76,76,76,TRUE
"2044009","MG",8,8,76,76,76,TRUE
"2143009","MG",8,8,76,76,76,TRUE
"2144009","MG",8,8,76,76,76,TRUE
"2145009","MG",8,8,76,76,76,TRUE
"1642002","MG",8,8,75,75,75,TRUE
"1943027","MG",8,8,75,75,75,TRUE
"2043004","MG",8,8,75,75,75,TRUE
"2043010","MG",8,8,75,75,75,TRUE
"2045002","MG",8,8,75,75,75,TRUE
"2143020","MG",8,8,75,75,75,TRUE
"2144002","MG",8,8,75,75,75,TRUE
"2244065","MG",8,8,75,75,75,TRUE
"2245065","MG",8,8,75,75,75,TRUE
"1640000","MG",8,8,74,74,74,TRUE
"1641001","MG",8,8,74,74,74,TRUE
"1946004","MG",8,8,74,74,74,TRUE
"2041008","MG",8,8,74,74,74,TRUE
"2045004","MG",8,8,74,74,74,TRUE
"2144001","MG",8,8,74,74,74,TRUE
"2144007","MG",8,8,74,74,74,TRUE
"2145017","MG",8,8,74,74,74,TRUE
"2244057","MG",8,8,74,74,74,TRUE
"2245074","MG",8,8,74,74,74,TRUE
"1645000","MG",8,8,73,73,73,TRUE
"1847000","MG",8,8,73,73,73,TRUE
"1945002","MG",8,8,73,73,73,TRUE
"83442","MG",8,8,73,73,73,TRUE
"1444001","MG",8,8,72,72,72,TRUE
"1642007","MG",8,8,72,72,72,TRUE
"1943022","MG",8,8,72,72,72,TRUE
"1949004","MG",8,8,72,72,72,TRUE
"2144003","MG",8,8,72,72,72,TRUE
"2144018","MG",8,8,72,72,72,TRUE
"2245066","MG",8,8,72,72,72,TRUE
"1743002","MG",8,8,71,71,71,TRUE
"1945004","MG",8,8,71,71,71,TRUE
"2044006","MG",8,8,71,71,71,TRUE
"2244054","MG",8,8,71,71,71,TRUE
"2245080","MG",8,8,71,71,71,TRUE
"1843003","MG",8,8,70,70,70,TRUE
"2044012","MG",8,8,70,70,70,TRUE
"2144010","MG",8,8,70,70,70,TRUE
"2146026","MG",8,8,70,70,70,TRUE
"2245077","MG",8,8,70,70,70,TRUE
"1943024","MG",8,8,69,69,69,TRUE
"2043018","MG",8,8,69,69,69,TRUE
"2144000","MG",8,8,69,69,69,TRUE
"1842007","MG",8,8,68,68,68,TRUE
"1944010","MG",8,8,68,68,68,TRUE
"2143021","MG",8,8,68,68,68,TRUE
"2143022","MG",8,8,68,68,68,TRUE
"2145008","MG",8,8,68,68,68,TRUE
"83386","MG",8,8,68,68,68,TRUE
"83592","MG",8,8,68,68,68,TRUE
"1943035","MG",8,8,67,67,67,TRUE
"83586","MG",8,8,67,67,67,TRUE
"1645003","MG",8,8,66,66,66,TRUE
"1742008","MG",8,8,66,66,66,TRUE
"2043005","MG",8,8,66,66,66,TRUE
"2245000","MG",8,8,66,66,66,TRUE
"83441","MG",8,8,66,66,66,TRUE
"1846016","MG",8,8,65,65,65,TRUE
"1846017","MG",8,8,65,65,65,TRUE
"2043025","MG",8,8,65,65,65,TRUE
"2142007","MG",8,8,65,65,65,TRUE
"1845013","MG",8,8,64,64,64,TRUE
"83587","MG",8,8,64,64,64,TRUE
"1944024","MG",8,8,63,63,63,TRUE
"2142008","MG",8,8,63,63,63,TRUE
"1944020","MG",8,8,62,62,62,TRUE
"2042014","MG",8,8,62,62,62,TRUE
"2245070","MG",8,8,62,62,62,TRUE
"1543002","MG",8,8,61,61,61,TRUE
"1841007","MG",8,8,61,61,61,TRUE
"1943000","MG",8,8,61,61,61,TRUE
"1444004","MG",8,8,60,60,60,TRUE
"1646000","MG",8,8,60,60,60,TRUE
"1746001","MG",8,8,60,60,60,TRUE
"1845014","MG",8,8,60,60,60,TRUE
"1945019","MG",8,8,60,60,60,TRUE
"2044002","MG",8,8,60,60,60,TRUE
"2246052","MG",8,8,60,60,60,TRUE
"83481","MG",8,8,60,60,60,TRUE
"83687","MG",8,8,60,60,60,TRUE
"83692","MG",8,8,60,60,60,TRUE
"1642013","MG",8,8,59,59,59,TRUE
"2144020","MG",8,8,59,59,59,TRUE
"1444003","MG",8,8,58,58,58,TRUE
"1546000","MG",8,8,58,58,58,TRUE
"1645002","MG",8,8,58,58,58,TRUE
"1645005","MG",8,8,58,58,58,TRUE
"1746002","MG",8,8,58,58,58,TRUE
"1943055","MG",8,8,58,58,58,TRUE
"1949002","MG",8,8,58,58,58,TRUE
"2042016","MG",8,8,58,58,58,TRUE
"2042017","MG",8,8,58,58,58,TRUE
"2046011","MG",8,8,58,58,58,TRUE
"2147054","MG",8,8,58,58,58,TRUE
"2244071","MG",8,8,58,58,58,TRUE
"83683","MG",8,8,58,58,58,TRUE
"83736","MG",8,8,58,58,58,TRUE
"1646001","MG",8,8,57,57,57,TRUE
"1741001","MG",8,8,57,57,57,TRUE
"1844000","MG",8,8,57,57,57,TRUE
"1846007","MG",8,8,57,57,57,TRUE
"1846015","MG",8,8,57,57,57,TRUE
"1847010","MG",8,8,57,57,57,TRUE
"1941010","MG",8,8,57,57,57,TRUE
"2146029","MG",8,8,57,57,57,TRUE
"1543013","MG",8,8,56,56,56,TRUE
"1741006","MG",8,8,56,56,56,TRUE
"1841006","MG",8,8,56,56,56,TRUE
"1841008","MG",8,8,56,56,56,TRUE
"1846002","MG",8,8,56,56,56,TRUE
"1944021","MG",8,8,56,56,56,TRUE
"1949006","MG",8,8,56,56,56,TRUE
"2043027","MG",8,8,56,56,56,TRUE
"2142009","MG",8,8,56,56,56,TRUE
"1645007","MG",8,8,55,55,55,TRUE
"1846003","MG",8,8,55,55,55,TRUE
"1848004","MG",8,8,55,55,55,TRUE
"2044016","MG",8,8,55,55,55,TRUE
"2044019","MG",8,8,55,55,55,TRUE
"2144019","MG",8,8,55,55,55,TRUE
"2145003","MG",8,8,55,55,55,TRUE
"83589","MG",8,8,55,55,55,TRUE
"1745001","MG",8,8,54,54,54,TRUE
"1842008","MG",8,8,54,54,54,TRUE
"1946007","MG",8,8,54,54,54,TRUE
"2043026","MG",8,8,54,54,54,TRUE
"2244058","MG",8,8,54,54,54,TRUE
"2245107","MG",8,8,54,54,54,TRUE
"2246056","MG",8,8,54,54,54,TRUE
"83488","MG",8,8,54,54,54,TRUE
"83531","MG",8,8,54,54,54,TRUE
"83581","MG",8,8,54,54,54,TRUE
"83689","MG",8,8,54,54,54,TRUE
"1645009","MG",8,8,53,53,53,TRUE
"1944026","MG",8,8,53,53,53,TRUE
"1947006","MG",8,8,53,53,53,TRUE
"2044020","MG",8,8,53,53,53,TRUE
"2046001","MG",8,8,53,53,53,TRUE
"2047037","MG",8,8,53,53,53,TRUE
"83681","MG",8,8,53,53,53,TRUE
"1444005","MG",8,8,52,52,52,TRUE
"1741003","MG",8,8,52,52,52,TRUE
"1941011","MG",8,8,52,52,52,TRUE
"2044024","MG",8,8,52,52,52,TRUE
"2045021","MG",8,8,52,52,52,TRUE
"83579","MG",8,8,52,52,52,TRUE
"1544013","MG",8,8,51,51,51,TRUE
"1646003","MG",8,8,51,51,51,TRUE
"1747005","MG",8,8,51,51,51,TRUE
"1841011","MG",8,8,51,51,51,TRUE
"1844010","MG",8,8,51,51,51,TRUE
"1845002","MG",8,8,51,51,51,TRUE
"1942008","MG",8,8,51,51,51,TRUE
"1944027","MG",8,8,51,51,51,TRUE
"1944031","MG",8,8,51,51,51,TRUE
"2044026","MG",8,8,51,51,51,TRUE
"2144021","MG",8,8,51,51,51,TRUE
"2144024","MG",8,8,51,51,51,TRUE
"2145024","MG",8,8,51,51,51,TRUE
"2146028","MG",8,8,51,51,51,TRUE
"2245086","MG",8,8,51,51,51,TRUE
"83393","MG",8,8,51,51,51,TRUE
"1641007","MG",8,8,50,50,50,TRUE
"1644027","MG",8,8,50,50,50,TRUE
"1645013","MG",8,8,50,50,50,TRUE
"1746007","MG",8,8,50,50,50,TRUE
"1845021","MG",8,8,50,50,50,TRUE
"1846004","MG",8,8,50,50,50,TRUE
"1849006","MG",8,8,50,50,50,TRUE
"1947007","MG",8,8,50,50,50,TRUE
"1948005","MG",8,8,50,50,50,TRUE
"1948007","MG",8,8,50,50,50,TRUE
"1949005","MG",8,8,50,50,50,TRUE
"2045011","MG",8,8,50,50,50,TRUE
"2045012","MG",8,8,50,50,50,TRUE
"2045013","MG",8,8,50,50,50,TRUE
"2046009","MG",8,8,50,50,50,TRUE
"2046013","MG",8,8,50,50,50,TRUE
"2145022","MG",8,8,50,50,50,TRUE
"2244068","MG",8,8,50,50,50,TRUE
"2245083","MG",8,8,50,50,50,TRUE
"83577","MG",8,8,50,50,50,TRUE
"83642","MG",8,8,50,50,50,TRUE
"1642014","MG",8,8,49,49,49,TRUE
"1644028","MG",8,8,49,49,49,TRUE
"1841018","MG",8,8,49,49,49,TRUE
"1848006","MG",8,8,49,49,49,TRUE
"1849000","MG",8,8,49,49,49,TRUE
"1945008","MG",8,8,49,49,49,TRUE
"1945035","MG",8,8,49,49,49,TRUE
"1946010","MG",8,8,49,49,49,TRUE
"1946011","MG",8,8,49,49,49,TRUE
"1950000","MG",8,8,49,49,49,TRUE
"2042018","MG",8,8,49,49,49,TRUE
"2045010","MG",8,8,49,49,49,TRUE
"2244064","MG",8,8,49,49,49,TRUE
"2245085","MG",8,8,49,49,49,TRUE
"83437","MG",8,8,49,49,49,TRUE
"1541010","MG",8,8,48,48,48,TRUE
"1542015","MG",8,8,48,48,48,TRUE
"1544017","MG",8,8,48,48,48,TRUE
"1640001","MG",8,8,48,48,48,TRUE
"1742014","MG",8,8,48,48,48,TRUE
"1742017","MG",8,8,48,48,48,TRUE
"1845004","MG",8,8,48,48,48,TRUE
"1846005","MG",8,8,48,48,48,TRUE
"1846006","MG",8,8,48,48,48,TRUE
"1847007","MG",8,8,48,48,48,TRUE
"1848009","MG",8,8,48,48,48,TRUE
"1849002","MG",8,8,48,48,48,TRUE
"1947009","MG",8,8,48,48,48,TRUE
"1948006","MG",8,8,48,48,48,TRUE
"1949003","MG",8,8,48,48,48,TRUE
"2043042","MG",8,8,48,48,48,TRUE
"2043043","MG",8,8,48,48,48,TRUE
"2044042","MG",8,8,48,48,48,TRUE
"2144023","MG",8,8,48,48,48,TRUE
"2146030","MG",8,8,48,48,48,TRUE
"2245084","MG",8,8,48,48,48,TRUE
"1542014","MG",8,8,47,47,47,TRUE
"1544019","MG",8,8,47,47,47,TRUE
"1641010","MG",8,8,47,47,47,TRUE
"1846018","MG",8,8,47,47,47,TRUE
"1846019","MG",8,8,47,47,47,TRUE
"1848008","MG",8,8,47,47,47,TRUE
"1947008","MG",8,8,47,47,47,TRUE
"2044041","MG",8,8,47,47,47,TRUE
"2045020","MG",8,8,47,47,47,TRUE
"2144022","MG",8,8,47,47,47,TRUE
"2245087","MG",8,8,47,47,47,TRUE
"2246050","MG",8,8,47,47,47,TRUE
"1544018","MG",8,8,46,46,46,TRUE
"1643018","MG",8,8,46,46,46,TRUE
"1741007","MG",8,8,46,46,46,TRUE
"1741013","MG",8,8,46,46,46,TRUE
"1745000","MG",8,8,46,46,46,TRUE
"1844009","MG",8,8,46,46,46,TRUE
"1848010","MG",8,8,46,46,46,TRUE
"1944049","MG",8,8,46,46,46,TRUE
"1946008","MG",8,8,46,46,46,TRUE
"2044021","MG",8,8,46,46,46,TRUE
"2044037","MG",8,8,46,46,46,TRUE
"2044043","MG",8,8,46,46,46,TRUE
"2145021","MG",8,8,46,46,46,TRUE
"83483","MG",8,8,46,46,46,TRUE
"83591","MG",8,8,46,46,46,TRUE
"83737","MG",8,8,46,46,46,TRUE
"1641011","MG",8,8,45,45,45,TRUE
"1740026","MG",8,8,45,45,45,TRUE
"1746018","MG",8,8,45,45,45,TRUE
"1943042","MG",8,8,45,45,45,TRUE
"2144025","MG",8,8,45,45,45,TRUE
"83384","MG",8,8,45,45,45,TRUE
"1642008","MG",8,8,44,44,44,TRUE
"1647008","MG",8,8,44,44,44,TRUE
"1944032","MG",8,8,44,44,44,TRUE
"1944055","MG",8,8,44,44,44,TRUE
"1946009","MG",8,8,44,44,44,TRUE
"83582","MG",8,8,44,44,44,TRUE
"1646004","MG",8,8,43,43,43,TRUE
"1942001","MG",8,8,43,43,43,TRUE
"2042031","MG",8,8,43,43,43,TRUE
"2044027","MG",8,8,43,43,43,TRUE
"2144037","MG",8,8,43,43,43,TRUE
"2145020","MG",8,8,43,43,43,TRUE
"2145032","MG",8,8,43,43,43,TRUE
"2146027","MG",8,8,43,43,43,TRUE
"2245064","MG",8,8,43,43,43,TRUE
"2245089","MG",8,8,43,43,43,TRUE
"2246057","MG",8,8,43,43,43,TRUE
"83428","MG",8,8,43,43,43,TRUE
"83439","MG",8,8,43,43,43,TRUE
"83479","MG",8,8,43,43,43,TRUE
"1947016","MG",8,8,42,42,42,TRUE
"2043059","MG",8,8,42,42,42,TRUE
"2044052","MG",8,8,42,42,42,TRUE
"2245088","MG",8,8,42,42,42,TRUE
"83334","MG",8,8,42,42,42,TRUE
"1445000","MG",8,8,41,41,41,TRUE
"1544030","MG",8,8,41,41,41,TRUE
"1645019","MG",8,8,41,41,41,TRUE
"1742019","MG",8,8,41,41,41,TRUE
"1744030","MG",8,8,41,41,41,TRUE
"1842020","MG",8,8,41,41,41,TRUE
"1844017","MG",8,8,41,41,41,TRUE
"1941018","MG",8,8,41,41,41,TRUE
"1941019","MG",8,8,41,41,41,TRUE
"1943049","MG",8,8,41,41,41,TRUE
"2041048","MG",8,8,41,41,41,TRUE
"2145043","MG",8,8,41,41,41,TRUE
"2145044","MG",8,8,41,41,41,TRUE
"2245090","MG",8,8,41,41,41,TRUE
"2245104","MG",8,8,41,41,41,TRUE
"83485","MG",8,8,41,41,41,TRUE
"83514","MG",8,8,41,41,41,TRUE
"83632","MG",8,8,41,41,41,TRUE
"83639","MG",8,8,41,41,41,TRUE
"1541013","MG",8,8,40,40,40,TRUE
"1542016","MG",8,8,40,40,40,TRUE
"1545002","MG",8,8,40,40,40,TRUE
"1641008","MG",8,8,40,40,40,TRUE
"1742020","MG",8,8,40,40,40,TRUE
"1744025","MG",8,8,40,40,40,TRUE
"1746006","MG",8,8,40,40,40,TRUE
"1944059","MG",8,8,40,40,40,TRUE
"1949000","MG",8,8,40,40,40,TRUE
"2042002","MG",8,8,40,40,40,TRUE
"2042015","MG",8,8,40,40,40,TRUE
"2043056","MG",8,8,40,40,40,TRUE
"2043060","MG",8,8,40,40,40,TRUE
"2145042","MG",8,8,40,40,40,TRUE
"2246127","MG",8,8,40,40,40,TRUE
"83037","MG",8,8,40,40,40,TRUE
"83338","MG",8,8,40,40,40,TRUE
"83595","MG",8,8,40,40,40,TRUE
"1841019","MG",8,8,39,39,39,TRUE
"1841020","MG",8,8,39,39,39,TRUE
"1843011","MG",8,8,39,39,39,TRUE
"1843012","MG",8,8,39,39,39,TRUE
"1846023","MG",8,8,39,39,39,TRUE
"1945038","MG",8,8,39,39,39,TRUE
"1945039","MG",8,8,39,39,39,TRUE
"2045026","MG",8,8,39,39,39,TRUE
"2145023","MG",8,8,39,39,39,TRUE
"2145041","MG",8,8,39,39,39,TRUE
"83388","MG",8,8,39,39,39,TRUE
"1645001","MG",8,8,38,38,38,TRUE
"1849017","MG",8,8,38,38,38,TRUE
"1942030","MG",8,8,38,38,38,TRUE
"1942031","MG",8,8,38,38,38,TRUE
"1945000","MG",8,8,38,38,38,TRUE
"1950011","MG",8,8,38,38,38,TRUE
"2044053","MG",8,8,38,38,38,TRUE
"2044054","MG",8,8,38,38,38,TRUE
"2049070","MG",8,8,38,38,38,TRUE
"2146081","MG",8,8,38,38,38,TRUE
"2243019","MG",8,8,38,38,38,TRUE
"83015","MG",8,8,38,38,38,TRUE
"1443000","MG",8,8,37,37,37,TRUE
"1844018","MG",8,8,37,37,37,TRUE
"1845027","MG",8,8,37,37,37,TRUE
"1942032","MG",8,8,37,37,37,TRUE
"1943005","MG",8,8,37,37,37,TRUE
"1944000","MG",8,8,37,37,37,TRUE
"1949007","MG",8,8,37,37,37,TRUE
"2145033","MG",8,8,37,37,37,TRUE
"2146036","MG",8,8,37,37,37,TRUE
"83570","MG",8,8,37,37,37,TRUE
"1546001","MG",8,8,36,36,36,TRUE
"1844019","MG",8,8,36,36,36,TRUE
"1946002","MG",8,8,36,36,36,TRUE
"1948001","MG",8,8,36,36,36,TRUE
"2044005","MG",8,8,36,36,36,TRUE
"1642005","MG",8,8,35,35,35,TRUE
"1744026","MG",8,8,35,35,35,TRUE
"1745007","MG",8,8,35,35,35,TRUE
"1745014","MG",8,8,35,35,35,TRUE
"1746017","MG",8,8,35,35,35,TRUE
"1746019","MG",8,8,35,35,35,TRUE
"1942029","MG",8,8,35,35,35,TRUE
"1944003","MG",8,8,35,35,35,TRUE
"1944005","MG",8,8,35,35,35,TRUE
"2044040","MG",8,8,35,35,35,TRUE
"2143010","MG",8,8,35,35,35,TRUE
"2143062","MG",8,8,35,35,35,TRUE
"2244062","MG",8,8,35,35,35,TRUE
"83395","MG",8,8,35,35,35,TRUE
"1544015","MG",8,8,34,34,34,TRUE
"1847008","MG",8,8,34,34,34,TRUE
"2145018","MG",8,8,34,34,34,TRUE
"83533","MG",8,8,34,34,34,TRUE
"83543","MG",8,8,34,34,34,TRUE
"1443004","MG",8,8,33,33,33,TRUE
"1643003","MG",8,8,33,33,33,TRUE
"1644001","MG",8,8,33,33,33,TRUE
"1844003","MG",8,8,33,33,33,TRUE
"1948003","MG",8,8,33,33,33,TRUE
"2046025","MG",8,8,33,33,33,TRUE
"2144016","MG",8,8,33,33,33,TRUE
"2144038","MG",8,8,33,33,33,TRUE
"1544014","MG",8,8,32,32,32,TRUE
"1544032","MG",8,8,32,32,32,TRUE
"1546010","MG",8,8,32,32,32,TRUE
"1641012","MG",8,8,32,32,32,TRUE
"1642003","MG",8,8,32,32,32,TRUE
"1642026","MG",8,8,32,32,32,TRUE
"1642027","MG",8,8,32,32,32,TRUE
"1642028","MG",8,8,32,32,32,TRUE
"1644015","MG",8,8,32,32,32,TRUE
"1742022","MG",8,8,32,32,32,TRUE
"1742023","MG",8,8,32,32,32,TRUE
"1944062","MG",8,8,32,32,32,TRUE
"1948010","MG",8,8,32,32,32,TRUE
"2143015","MG",8,8,32,32,32,TRUE
"83032","MG",8,8,32,32,32,TRUE
"83389","MG",8,8,32,32,32,TRUE
"1543010","MG",8,8,31,31,31,TRUE
"1644012","MG",8,8,31,31,31,TRUE
"1644025","MG",8,8,31,31,31,TRUE
"1740002","MG",8,8,31,31,31,TRUE
"1947002","MG",8,8,31,31,31,TRUE
"2043057","MG",8,8,31,31,31,TRUE
"2043058","MG",8,8,31,31,31,TRUE
"2044038","MG",8,8,31,31,31,TRUE
"2144026","MG",8,8,31,31,31,TRUE
"83452","MG",8,8,31,31,31,TRUE
"83631","MG",8,8,31,31,31,TRUE
"1442021","MG",8,8,30,30,30,TRUE
"1443003","MG",8,8,30,30,30,TRUE
"1443009","MG",8,8,30,30,30,TRUE
"1540019","MG",8,8,30,30,30,TRUE
"1545004","MG",8,8,30,30,30,TRUE
"1640009","MG",8,8,30,30,30,TRUE
"1641013","MG",8,8,30,30,30,TRUE
"1643006","MG",8,8,30,30,30,TRUE
"1643007","MG",8,8,30,30,30,TRUE
"1644002","MG",8,8,30,30,30,TRUE
"1740033","MG",8,8,30,30,30,TRUE
"1743016","MG",8,8,30,30,30,TRUE
"1841021","MG",8,8,30,30,30,TRUE
"1941021","MG",8,8,30,30,30,TRUE
"1943012","MG",8,8,30,30,30,TRUE
"1944016","MG",8,8,30,30,30,TRUE
"1944063","MG",8,8,30,30,30,TRUE
"1950012","MG",8,8,30,30,30,TRUE
"2048102","MG",8,8,30,30,30,TRUE
"2049072","MG",8,8,30,30,30,TRUE
"2145036","MG",8,8,30,30,30,TRUE
"2146084","MG",8,8,30,30,30,TRUE
"2245081","MG",8,8,30,30,30,TRUE
"83732","MG",8,8,30,30,30,TRUE
"83618","MS",8,8,78,78,78,TRUE
"2056005","MS",8,8,69,69,69,TRUE
"83608","MS",8,8,55,55,55,TRUE
"1956005","MS",8,8,52,52,52,TRUE
"2252000","MS",8,8,52,52,52,TRUE
"83702","MS",8,8,52,52,52,TRUE
"1957000","MS",8,8,51,51,51,TRUE
"2154002","MS",8,8,50,50,50,TRUE
"2152000","MS",8,8,49,49,49,TRUE
"2152001","MS",8,8,49,49,49,TRUE
"2355000","MS",8,8,49,49,49,TRUE
"2052002","MS",8,8,48,48,48,TRUE
"2152005","MS",8,8,48,48,48,TRUE
"2154000","MS",8,8,48,48,48,TRUE
"2154001","MS",8,8,48,48,48,TRUE
"2155000","MS",8,8,48,48,48,TRUE
"2354000","MS",8,8,48,48,48,TRUE
"1854001","MS",8,8,47,47,47,TRUE
"2054005","MS",8,8,47,47,47,TRUE
"2254001","MS",8,8,47,47,47,TRUE
"2254003","MS",8,8,47,47,47,TRUE
"1956003","MS",8,8,46,46,46,TRUE
"2053000","MS",8,8,46,46,46,TRUE
"2153000","MS",8,8,46,46,46,TRUE
"1954004","MS",8,8,45,45,45,TRUE
"83565","MS",8,8,45,45,45,TRUE
"1754004","MS",8,8,44,44,44,TRUE
"1954002","MS",8,8,43,43,43,TRUE
"1954003","MS",8,8,43,43,43,TRUE
"1951005","MS",8,8,42,42,42,TRUE
"2051046","MS",8,8,42,42,42,TRUE
"2054019","MS",8,8,42,42,42,TRUE
"2055004","MS",8,8,42,42,42,TRUE
"2056001","MS",8,8,42,42,42,TRUE
"2156000","MS",8,8,42,42,42,TRUE
"2254000","MS",8,8,42,42,42,TRUE
"2354001","MS",8,8,42,42,42,TRUE
"1853004","MS",8,8,41,41,41,TRUE
"1853005","MS",8,8,41,41,41,TRUE
"1952001","MS",8,8,41,41,41,TRUE
"2051045","MS",8,8,41,41,41,TRUE
"2055001","MS",8,8,41,41,41,TRUE
"2155001","MS",8,8,41,41,41,TRUE
"1756003","MS",8,8,40,40,40,TRUE
"1951003","MS",8,8,40,40,40,TRUE
"1951004","MS",8,8,40,40,40,TRUE
"1953001","MS",8,8,40,40,40,TRUE
"1954005","MS",8,8,40,40,40,TRUE
"1956004","MS",8,8,40,40,40,TRUE
"1957004","MS",8,8,40,40,40,TRUE
"2051037","MS",8,8,40,40,40,TRUE
"2052004","MS",8,8,40,40,40,TRUE
"2156001","MS",8,8,40,40,40,TRUE
"2256001","MS",8,8,40,40,40,TRUE
"2257000","MS",8,8,40,40,40,TRUE
"1952002","MS",8,8,39,39,39,TRUE
"2054021","MS",8,8,39,39,39,TRUE
"2157004","MS",8,8,39,39,39,TRUE
"2254005","MS",8,8,39,39,39,TRUE
"1852003","MS",8,8,38,38,38,TRUE
"1853002","MS",8,8,38,38,38,TRUE
"1854002","MS",8,8,38,38,38,TRUE
"1854003","MS",8,8,38,38,38,TRUE
"1854006","MS",8,8,38,38,38,TRUE
"1953000","MS",8,8,38,38,38,TRUE
"1955000","MS",8,8,38,38,38,TRUE
"2053001","MS",8,8,38,38,38,TRUE
"2054009","MS",8,8,38,38,38,TRUE
"2056003","MS",8,8,38,38,38,TRUE
"2153004","MS",8,8,38,38,38,TRUE
"2154007","MS",8,8,38,38,38,TRUE
"2157003","MS",8,8,38,38,38,TRUE
"2253014","MS",8,8,38,38,38,TRUE
"2255003","MS",8,8,38,38,38,TRUE
"1852002","MS",8,8,37,37,37,TRUE
"1854004","MS",8,8,37,37,37,TRUE
"1952000","MS",8,8,37,37,37,TRUE
"2052003","MS",8,8,37,37,37,TRUE
"2057001","MS",8,8,37,37,37,TRUE
"2157005","MS",8,8,37,37,37,TRUE
"2353048","MS",8,8,37,37,37,TRUE
"83611","MS",8,8,37,37,37,TRUE
"2255002","MS",8,8,36,36,36,TRUE
"2355001","MS",8,8,36,36,36,TRUE
"2355003","MS",8,8,36,36,36,TRUE
"1857001","MS",8,8,35,35,35,TRUE
"1954006","MS",8,8,35,35,35,TRUE
"1957003","MS",8,8,35,35,35,TRUE
"2055002","MS",8,8,35,35,35,TRUE
"2152014","MS",8,8,35,35,35,TRUE
"2255004","MS",8,8,35,35,35,TRUE
"2355002","MS",8,8,35,35,35,TRUE
"83552","MS",8,8,35,35,35,TRUE
"2054014","MS",8,8,34,34,34,TRUE
"2154008","MS",8,8,34,34,34,TRUE
"2253004","MS",8,8,34,34,34,TRUE
"2354002","MS",8,8,34,34,34,TRUE
"2354004","MS",8,8,34,34,34,TRUE
"1754002","MS",8,8,33,33,33,TRUE
"1857000","MS",8,8,33,33,33,TRUE
"1857003","MS",8,8,33,33,33,TRUE
"1953003","MS",8,8,33,33,33,TRUE
"1957005","MS",8,8,33,33,33,TRUE
"2052006","MS",8,8,33,33,33,TRUE
"2053004","MS",8,8,33,33,33,TRUE
"2152016","MS",8,8,33,33,33,TRUE
"2054020","MS",8,8,32,32,32,TRUE
"2153002","MS",8,8,32,32,32,TRUE
"2153003","MS",8,8,32,32,32,TRUE
"2254004","MS",8,8,32,32,32,TRUE
"1956001","MS",8,8,31,31,31,TRUE
"1956008","MS",8,8,31,31,31,TRUE
"2056007","MS",8,8,31,31,31,TRUE
"2154006","MS",8,8,31,31,31,TRUE
"2253015","MS",8,8,31,31,31,TRUE
"83704","MS",8,8,31,31,31,TRUE
"1755001","MS",8,8,30,30,30,TRUE
"83361","MT",8,8,98,98,98,TRUE
"83405","MT",8,8,80,80,80,TRUE
"83367","MT",8,8,67,67,67,TRUE
"1754000","MT",8,8,59,59,59,TRUE
"83309","MT",8,8,59,59,59,TRUE
"1654000","MT",8,8,56,56,56,TRUE
"1655002","MT",8,8,55,55,55,TRUE
"1753000","MT",8,8,55,55,55,TRUE
"1554006","MT",8,8,54,54,54,TRUE
"1653002","MT",8,8,54,54,54,TRUE
"1654001","MT",8,8,54,54,54,TRUE
"1452000","MT",8,8,53,53,53,TRUE
"1556000","MT",8,8,53,53,53,TRUE
"1756000","MT",8,8,53,53,53,TRUE
"1250001","MT",8,8,52,52,52,TRUE
"1456001","MT",8,8,52,52,52,TRUE
"1457001","MT",8,8,52,52,52,TRUE
"1656004","MT",8,8,51,51,51,TRUE
"1853000","MT",8,8,51,51,51,TRUE
"1456003","MT",8,8,50,50,50,TRUE
"1552001","MT",8,8,50,50,50,TRUE
"1556001","MT",8,8,50,50,50,TRUE
"1557001","MT",8,8,50,50,50,TRUE
"1559000","MT",8,8,50,50,50,TRUE
"1559006","MT",8,8,50,50,50,TRUE
"1653000","MT",8,8,50,50,50,TRUE
"1656002","MT",8,8,50,50,50,TRUE
"1556006","MT",8,8,49,49,49,TRUE
"1558004","MT",8,8,49,49,49,TRUE
"1150001","MT",8,8,48,48,48,TRUE
"1552002","MT",8,8,48,48,48,TRUE
"1454000","MT",8,8,47,47,47,TRUE
"1457000","MT",8,8,47,47,47,TRUE
"1555005","MT",8,8,46,46,46,TRUE
"1558005","MT",8,8,46,46,46,TRUE
"1652002","MT",8,8,46,46,46,TRUE
"1653004","MT",8,8,46,46,46,TRUE
"1055001","MT",8,8,45,45,45,TRUE
"1456009","MT",8,8,45,45,45,TRUE
"1556005","MT",8,8,45,45,45,TRUE
"1655004","MT",8,8,45,45,45,TRUE
"1656001","MT",8,8,45,45,45,TRUE
"1657004","MT",8,8,45,45,45,TRUE
"1059000","MT",8,8,44,44,44,TRUE
"1453000","MT",8,8,44,44,44,TRUE
"1456004","MT",8,8,44,44,44,TRUE
"1555001","MT",8,8,44,44,44,TRUE
"1652001","MT",8,8,44,44,44,TRUE
"1054000","MT",8,8,43,43,43,TRUE
"1158001","MT",8,8,43,43,43,TRUE
"1654004","MT",8,8,43,43,43,TRUE
"83365","MT",8,8,43,43,43,TRUE
"1052000","MT",8,8,42,42,42,TRUE
"1255002","MT",8,8,42,42,42,TRUE
"1456008","MT",8,8,42,42,42,TRUE
"1655000","MT",8,8,42,42,42,TRUE
"1655003","MT",8,8,42,42,42,TRUE
"83360","MT",8,8,42,42,42,TRUE
"1457003","MT",8,8,41,41,41,TRUE
"1654005","MT",8,8,41,41,41,TRUE
"83264","MT",8,8,41,41,41,TRUE
"1050000","MT",8,8,40,40,40,TRUE
"1055002","MT",8,8,40,40,40,TRUE
"1155000","MT",8,8,40,40,40,TRUE
"1157000","MT",8,8,40,40,40,TRUE
"1656003","MT",8,8,40,40,40,TRUE
"1156000","MT",8,8,39,39,39,TRUE
"1351000","MT",8,8,39,39,39,TRUE
"1352001","MT",8,8,39,39,39,TRUE
"1357000","MT",8,8,39,39,39,TRUE
"1359000","MT",8,8,39,39,39,TRUE
"1452004","MT",8,8,39,39,39,TRUE
"1556007","MT",8,8,39,39,39,TRUE
"1557000","MT",8,8,39,39,39,TRUE
"1557003","MT",8,8,39,39,39,TRUE
"1658000","MT",8,8,39,39,39,TRUE
"83319","MT",8,8,39,39,39,TRUE
"1051001","MT",8,8,38,38,38,TRUE
"1057001","MT",8,8,38,38,38,TRUE
"1151000","MT",8,8,38,38,38,TRUE
"1156001","MT",8,8,38,38,38,TRUE
"1158002","MT",8,8,38,38,38,TRUE
"1354000","MT",8,8,38,38,38,TRUE
"1358001","MT",8,8,38,38,38,TRUE
"1455008","MT",8,8,38,38,38,TRUE
"1458002","MT",8,8,38,38,38,TRUE
"1555008","MT",8,8,38,38,38,TRUE
"1756001","MT",8,8,38,38,38,TRUE
"83358","MT",8,8,38,38,38,TRUE
"956000","MT",8,8,38,38,38,TRUE
"1157001","MT",8,8,37,37,37,TRUE
"1251001","MT",8,8,37,37,37,TRUE
"1257000","MT",8,8,37,37,37,TRUE
"1352000","MT",8,8,37,37,37,TRUE
"1352002","MT",8,8,37,37,37,TRUE
"1358002","MT",8,8,37,37,37,TRUE
"1359001","MT",8,8,37,37,37,TRUE
"1552006","MT",8,8,37,37,37,TRUE
"1554005","MT",8,8,37,37,37,TRUE
"1558001","MT",8,8,37,37,37,TRUE
"1560000","MT",8,8,37,37,37,TRUE
"1755000","MT",8,8,37,37,37,TRUE
"83364","MT",8,8,37,37,37,TRUE
"1058003","MT",8,8,36,36,36,TRUE
"1154001","MT",8,8,36,36,36,TRUE
"1251000","MT",8,8,36,36,36,TRUE
"1454002","MT",8,8,36,36,36,TRUE
"1558000","MT",8,8,36,36,36,TRUE
"1653005","MT",8,8,36,36,36,TRUE
"1655001","MT",8,8,36,36,36,TRUE
"951000","MT",8,8,36,36,36,TRUE
"954001","MT",8,8,36,36,36,TRUE
"1152000","MT",8,8,35,35,35,TRUE
"1158003","MT",8,8,34,34,34,TRUE
"1353001","MT",8,8,34,34,34,TRUE
"1356002","MT",8,8,34,34,34,TRUE
"1657003","MT",8,8,34,34,34,TRUE
"957001","MT",8,8,34,34,34,TRUE
"1058002","MT",8,8,33,33,33,TRUE
"1058004","MT",8,8,33,33,33,TRUE
"1058005","MT",8,8,33,33,33,TRUE
"1355001","MT",8,8,33,33,33,TRUE
"956001","MT",8,8,33,33,33,TRUE
"1061002","MT",8,8,32,32,32,TRUE
"1555000","MT",8,8,32,32,32,TRUE
"1555007","MT",8,8,32,32,32,TRUE
"1557005","MT",8,8,32,32,32,TRUE
"1755003","MT",8,8,32,32,32,TRUE
"1053001","MT",8,8,31,31,31,TRUE
"1255001","MT",8,8,31,31,31,TRUE
"1757001","MT",8,8,31,31,31,TRUE
"83310","MT",8,8,30,30,30,TRUE
"82861","PA",8,8,74,74,74,TRUE
"82178","PA",8,8,73,73,73,TRUE
"82191","PA",8,8,73,73,73,TRUE
"82445","PA",8,8,60,60,60,TRUE
"147002","PA",8,8,58,58,58,TRUE
"82184","PA",8,8,58,58,58,TRUE
"254000","PA",8,8,55,55,55,TRUE
"82141","PA",8,8,55,55,55,TRUE
"82353","PA",8,8,55,55,55,TRUE
"82263","PA",8,8,54,54,54,TRUE
"155000","PA",8,8,53,53,53,TRUE
"455001","PA",8,8,53,53,53,TRUE
"148003","PA",8,8,52,52,52,TRUE
"82246","PA",8,8,52,52,52,TRUE
"154000","PA",8,8,51,51,51,TRUE
"82145","PA",8,8,51,51,51,TRUE
"82361","PA",8,8,51,51,51,TRUE
"146005","PA",8,8,50,50,50,TRUE
"147007","PA",8,8,50,50,50,TRUE
"82181","PA",8,8,50,50,50,TRUE
"154001","PA",8,8,48,48,48,TRUE
"146008","PA",8,8,47,47,47,TRUE
"147008","PA",8,8,47,47,47,TRUE
"247000","PA",8,8,47,47,47,TRUE
"250000","PA",8,8,47,47,47,TRUE
"82188","PA",8,8,47,47,47,TRUE
"251000","PA",8,8,46,46,46,TRUE
"82562","PA",8,8,46,46,46,TRUE
"146009","PA",8,8,45,45,45,TRUE
"151000","PA",8,8,45,45,45,TRUE
"153000","PA",8,8,45,45,45,TRUE
"148009","PA",8,8,44,44,44,TRUE
"350000","PA",8,8,44,44,44,TRUE
"351000","PA",8,8,44,44,44,TRUE
"354000","PA",8,8,44,44,44,TRUE
"555000","PA",8,8,44,44,44,TRUE
"147010","PA",8,8,43,43,43,TRUE
"147011","PA",8,8,43,43,43,TRUE
"148010","PA",8,8,43,43,43,TRUE
"151001","PA",8,8,43,43,43,TRUE
"250001","PA",8,8,43,43,43,TRUE
"347001","PA",8,8,43,43,43,TRUE
"447001","PA",8,8,43,43,43,TRUE
"455002","PA",8,8,43,43,43,TRUE
"455003","PA",8,8,43,43,43,TRUE
"47002","PA",8,8,43,43,43,TRUE
"855000","PA",8,8,43,43,43,TRUE
"149003","PA",8,8,42,42,42,TRUE
"151002","PA",8,8,42,42,42,TRUE
"152005","PA",8,8,42,42,42,TRUE
"157000","PA",8,8,42,42,42,TRUE
"249002","PA",8,8,42,42,42,TRUE
"256001","PA",8,8,42,42,42,TRUE
"47003","PA",8,8,42,42,42,TRUE
"47004","PA",8,8,42,42,42,TRUE
"48006","PA",8,8,42,42,42,TRUE
"657000","PA",8,8,42,42,42,TRUE
"148012","PA",8,8,41,41,41,TRUE
"248001","PA",8,8,41,41,41,TRUE
"248003","PA",8,8,41,41,41,TRUE
"348001","PA",8,8,41,41,41,TRUE
"349000","PA",8,8,41,41,41,TRUE
"353000","PA",8,8,41,41,41,TRUE
"455004","PA",8,8,41,41,41,TRUE
"649000","PA",8,8,41,41,41,TRUE
"655001","PA",8,8,41,41,41,TRUE
"850000","PA",8,8,41,41,41,TRUE
"247003","PA",8,8,40,40,40,TRUE
"247004","PA",8,8,40,40,40,TRUE
"249003","PA",8,8,40,40,40,TRUE
"352005","PA",8,8,40,40,40,TRUE
"448000","PA",8,8,40,40,40,TRUE
"649001","PA",8,8,40,40,40,TRUE
"950001","PA",8,8,40,40,40,TRUE
"146010","PA",8,8,39,39,39,TRUE
"150003","PA",8,8,39,39,39,TRUE
"252001","PA",8,8,39,39,39,TRUE
"349002","PA",8,8,39,39,39,TRUE
"554000","PA",8,8,39,39,39,TRUE
"156000","PA",8,8,38,38,38,TRUE
"250002","PA",8,8,38,38,38,TRUE
"347000","PA",8,8,38,38,38,TRUE
"356002","PA",8,8,38,38,38,TRUE
"452000","PA",8,8,38,38,38,TRUE
"148011","PA",8,8,37,37,37,TRUE
"253000","PA",8,8,37,37,37,TRUE
"347002","PA",8,8,37,37,37,TRUE
"555002","PA",8,8,37,37,37,TRUE
"649002","PA",8,8,37,37,37,TRUE
"82668","PA",8,8,37,37,37,TRUE
"247005","PA",8,8,36,36,36,TRUE
"454001","PA",8,8,36,36,36,TRUE
"151003","PA",8,8,35,35,35,TRUE
"154003","PA",8,8,35,35,35,TRUE
"248006","PA",8,8,35,35,35,TRUE
"346001","PA",8,8,35,35,35,TRUE
"447003","PA",8,8,35,35,35,TRUE
"48000","PA",8,8,35,35,35,TRUE
"650001","PA",8,8,35,35,35,TRUE
"147016","PA",8,8,34,34,34,TRUE
"147018","PA",8,8,34,34,34,TRUE
"250003","PA",8,8,34,34,34,TRUE
"47006","PA",8,8,34,34,34,TRUE
"549007","PA",8,8,34,34,34,TRUE
"651001","PA",8,8,34,34,34,TRUE
"749002","PA",8,8,34,34,34,TRUE
"147017","PA",8,8,33,33,33,TRUE
"152006","PA",8,8,33,33,33,TRUE
"157002","PA",8,8,33,33,33,TRUE
"247006","PA",8,8,33,33,33,TRUE
"351002","PA",8,8,33,33,33,TRUE
"549008","PA",8,8,32,32,32,TRUE
"556000","PA",8,8,32,32,32,TRUE
"155002","PA",8,8,31,31,31,TRUE
"349001","PA",8,8,31,31,31,TRUE
"47005","PA",8,8,31,31,31,TRUE
"549004","PA",8,8,31,31,31,TRUE
"8154000","PA",8,8,31,31,31,TRUE
"146011","PA",8,8,30,30,30,TRUE
"348002","PA",8,8,30,30,30,TRUE
"349003","PA",8,8,30,30,30,TRUE
"449001","PA",8,8,30,30,30,TRUE
"750000","PA",8,8,30,30,30,TRUE
"735002","PB",8,8,110,110,110,TRUE
"737006","PB",8,8,110,110,110,TRUE
"738020","PB",8,8,110,110,110,TRUE
"735030","PB",8,8,108,108,108,TRUE
"735015","PB",8,8,107,107,107,TRUE
"735017","PB",8,8,107,107,107,TRUE
"635028","PB",8,8,105,105,105,TRUE
"635030","PB",8,8,101,101,101,TRUE
"738017","PB",8,8,101,101,101,TRUE
"638033","PB",8,8,99,99,99,TRUE
"638028","PB",8,8,98,98,98,TRUE
"735006","PB",8,8,98,98,98,TRUE
"734001","PB",8,8,97,97,97,TRUE
"735009","PB",8,8,95,95,95,TRUE
"736022","PB",8,8,94,94,94,TRUE
"735026","PB",8,8,93,93,93,TRUE
"635033","PB",8,8,92,92,92,TRUE
"737017","PB",8,8,89,89,89,TRUE
"636038","PB",8,8,88,88,88,TRUE
"734008","PB",8,8,88,88,88,TRUE
"736020","PB",8,8,88,88,88,TRUE
"737022","PB",8,8,88,88,88,TRUE
"738025","PB",8,8,86,86,86,TRUE
"836000","PB",8,8,86,86,86,TRUE
"637023","PB",8,8,85,85,85,TRUE
"738015","PB",8,8,84,84,84,TRUE
"738022","PB",8,8,84,84,84,TRUE
"735033","PB",8,8,80,80,80,TRUE
"738013","PB",8,8,80,80,80,TRUE
"735019","PB",8,8,77,77,77,TRUE
"737002","PB",8,8,76,76,76,TRUE
"638047","PB",8,8,73,73,73,TRUE
"637022","PB",8,8,72,72,72,TRUE
"735028","PB",8,8,72,72,72,TRUE
"737009","PB",8,8,72,72,72,TRUE
"637032","PB",8,8,71,71,71,TRUE
"736008","PB",8,8,71,71,71,TRUE
"635044","PB",8,8,70,70,70,TRUE
"636032","PB",8,8,70,70,70,TRUE
"736002","PB",8,8,69,69,69,TRUE
"736012","PB",8,8,69,69,69,TRUE
"636042","PB",8,8,68,68,68,TRUE
"737014","PB",8,8,67,67,67,TRUE
"82689","PB",8,8,66,66,66,TRUE
"737018","PB",8,8,64,64,64,TRUE
"736014","PB",8,8,63,63,63,TRUE
"735018","PB",8,8,61,61,61,TRUE
"735035","PB",8,8,61,61,61,TRUE
"736017","PB",8,8,60,60,60,TRUE
"737016","PB",8,8,60,60,60,TRUE
"82798","PB",8,8,60,60,60,TRUE
"638029","PB",8,8,59,59,59,TRUE
"735029","PB",8,8,59,59,59,TRUE
"736021","PB",8,8,59,59,59,TRUE
"635027","PB",8,8,58,58,58,TRUE
"635037","PB",8,8,58,58,58,TRUE
"635038","PB",8,8,58,58,58,TRUE
"637031","PB",8,8,58,58,58,TRUE
"734003","PB",8,8,58,58,58,TRUE
"736013","PB",8,8,58,58,58,TRUE
"736025","PB",8,8,58,58,58,TRUE
"737004","PB",8,8,58,58,58,TRUE
"837000","PB",8,8,58,58,58,TRUE
"635047","PB",8,8,57,57,57,TRUE
"738012","PB",8,8,57,57,57,TRUE
"738014","PB",8,8,57,57,57,TRUE
"737011","PB",8,8,56,56,56,TRUE
"737021","PB",8,8,56,56,56,TRUE
"735036","PB",8,8,55,55,55,TRUE
"738010","PB",8,8,55,55,55,TRUE
"735124","PB",8,8,54,54,54,TRUE
"738024","PB",8,8,54,54,54,TRUE
"736010","PB",8,8,53,53,53,TRUE
"738011","PB",8,8,52,52,52,TRUE
"738023","PB",8,8,52,52,52,TRUE
"637037","PB",8,8,51,51,51,TRUE
"638049","PB",8,8,51,51,51,TRUE
"638051","PB",8,8,51,51,51,TRUE
"636036","PB",8,8,50,50,50,TRUE
"638046","PB",8,8,49,49,49,TRUE
"635040","PB",8,8,48,48,48,TRUE
"635048","PB",8,8,48,48,48,TRUE
"737015","PB",8,8,48,48,48,TRUE
"737019","PB",8,8,47,47,47,TRUE
"636037","PB",8,8,46,46,46,TRUE
"736003","PB",8,8,46,46,46,TRUE
"836001","PB",8,8,46,46,46,TRUE
"735011","PB",8,8,45,45,45,TRUE
"735012","PB",8,8,44,44,44,TRUE
"737005","PB",8,8,44,44,44,TRUE
"82795","PB",8,8,43,43,43,TRUE
"638031","PB",8,8,42,42,42,TRUE
"637028","PB",8,8,41,41,41,TRUE
"638032","PB",8,8,41,41,41,TRUE
"734002","PB",8,8,41,41,41,TRUE
"735007","PB",8,8,41,41,41,TRUE
"736000","PB",8,8,41,41,41,TRUE
"637025","PB",8,8,40,40,40,TRUE
"637024","PB",8,8,39,39,39,TRUE
"736024","PB",8,8,38,38,38,TRUE
"82792","PB",8,8,38,38,38,TRUE
"738009","PB",8,8,37,37,37,TRUE
"636041","PB",8,8,36,36,36,TRUE
"635065","PB",8,8,35,35,35,TRUE
"635066","PB",8,8,31,31,31,TRUE
"635136","PB",8,8,31,31,31,TRUE
"635137","PB",8,8,31,31,31,TRUE
"635138","PB",8,8,31,31,31,TRUE
"635142","PB",8,8,31,31,31,TRUE
"637044","PB",8,8,31,31,31,TRUE
"735162","PB",8,8,31,31,31,TRUE
"735165","PB",8,8,31,31,31,TRUE
"735189","PB",8,8,31,31,31,TRUE
"735196","PB",8,8,31,31,31,TRUE
"735203","PB",8,8,31,31,31,TRUE
"737072","PB",8,8,31,31,31,TRUE
"635067","PB",8,8,30,30,30,TRUE
"635068","PB",8,8,30,30,30,TRUE
"635141","PB",8,8,30,30,30,TRUE
"636046","PB",8,8,30,30,30,TRUE
"636068","PB",8,8,30,30,30,TRUE
"636069","PB",8,8,30,30,30,TRUE
"636075","PB",8,8,30,30,30,TRUE
"636076","PB",8,8,30,30,30,TRUE
"636077","PB",8,8,30,30,30,TRUE
"636078","PB",8,8,30,30,30,TRUE
"636079","PB",8,8,30,30,30,TRUE
"636080","PB",8,8,30,30,30,TRUE
"636081","PB",8,8,30,30,30,TRUE
"636083","PB",8,8,30,30,30,TRUE
"636084","PB",8,8,30,30,30,TRUE
"637040","PB",8,8,30,30,30,TRUE
"637041","PB",8,8,30,30,30,TRUE
"637042","PB",8,8,30,30,30,TRUE
"637043","PB",8,8,30,30,30,TRUE
"637045","PB",8,8,30,30,30,TRUE
"637066","PB",8,8,30,30,30,TRUE
"637076","PB",8,8,30,30,30,TRUE
"637077","PB",8,8,30,30,30,TRUE
"637078","PB",8,8,30,30,30,TRUE
"637079","PB",8,8,30,30,30,TRUE
"637080","PB",8,8,30,30,30,TRUE
"637081","PB",8,8,30,30,30,TRUE
"638048","PB",8,8,30,30,30,TRUE
"638059","PB",8,8,30,30,30,TRUE
"638113","PB",8,8,30,30,30,TRUE
"638123","PB",8,8,30,30,30,TRUE
"638125","PB",8,8,30,30,30,TRUE
"735160","PB",8,8,30,30,30,TRUE
"735164","PB",8,8,30,30,30,TRUE
"735179","PB",8,8,30,30,30,TRUE
"735188","PB",8,8,30,30,30,TRUE
"735191","PB",8,8,30,30,30,TRUE
"736043","PB",8,8,30,30,30,TRUE
"736044","PB",8,8,30,30,30,TRUE
"736054","PB",8,8,30,30,30,TRUE
"736055","PB",8,8,30,30,30,TRUE
"736066","PB",8,8,30,30,30,TRUE
"736067","PB",8,8,30,30,30,TRUE
"736068","PB",8,8,30,30,30,TRUE
"736069","PB",8,8,30,30,30,TRUE
"736070","PB",8,8,30,30,30,TRUE
"736071","PB",8,8,30,30,30,TRUE
"736072","PB",8,8,30,30,30,TRUE
"736073","PB",8,8,30,30,30,TRUE
"736074","PB",8,8,30,30,30,TRUE
"736075","PB",8,8,30,30,30,TRUE
"736077","PB",8,8,30,30,30,TRUE
"736078","PB",8,8,30,30,30,TRUE
"737052","PB",8,8,30,30,30,TRUE
"737053","PB",8,8,30,30,30,TRUE
"737055","PB",8,8,30,30,30,TRUE
"737062","PB",8,8,30,30,30,TRUE
"737065","PB",8,8,30,30,30,TRUE
"737066","PB",8,8,30,30,30,TRUE
"737067","PB",8,8,30,30,30,TRUE
"737068","PB",8,8,30,30,30,TRUE
"737069","PB",8,8,30,30,30,TRUE
"737070","PB",8,8,30,30,30,TRUE
"737071","PB",8,8,30,30,30,TRUE
"737073","PB",8,8,30,30,30,TRUE
"737074","PB",8,8,30,30,30,TRUE
"737075","PB",8,8,30,30,30,TRUE
"737076","PB",8,8,30,30,30,TRUE
"738070","PB",8,8,30,30,30,TRUE
"738079","PB",8,8,30,30,30,TRUE
"738088","PB",8,8,30,30,30,TRUE
"738099","PB",8,8,30,30,30,TRUE
"737027","PE",8,8,110,110,110,TRUE
"737023","PE",8,8,107,107,107,TRUE
"835068","PE",8,8,98,98,98,TRUE
"838000","PE",8,8,90,90,90,TRUE
"735072","PE",8,8,80,80,80,TRUE
"840015","PE",8,8,80,80,80,TRUE
"738029","PE",8,8,78,78,78,TRUE
"735041","PE",8,8,77,77,77,TRUE
"735074","PE",8,8,77,77,77,TRUE
"737036","PE",8,8,74,74,74,TRUE
"838004","PE",8,8,74,74,74,TRUE
"738030","PE",8,8,73,73,73,TRUE
"839012","PE",8,8,73,73,73,TRUE
"839016","PE",8,8,73,73,73,TRUE
"940006","PE",8,8,73,73,73,TRUE
"837033","PE",8,8,72,72,72,TRUE
"735085","PE",8,8,71,71,71,TRUE
"836005","PE",8,8,71,71,71,TRUE
"740021","PE",8,8,69,69,69,TRUE
"938002","PE",8,8,69,69,69,TRUE
"735068","PE",8,8,67,67,67,TRUE
"937000","PE",8,8,67,67,67,TRUE
"738032","PE",8,8,66,66,66,TRUE
"836037","PE",8,8,65,65,65,TRUE
"836043","PE",8,8,63,63,63,TRUE
"839014","PE",8,8,63,63,63,TRUE
"839018","PE",8,8,63,63,63,TRUE
"82893","PE",8,8,62,62,62,TRUE
"838002","PE",8,8,61,61,61,TRUE
"839009","PE",8,8,61,61,61,TRUE
"840010","PE",8,8,60,60,60,TRUE
"82900","PE",8,8,59,59,59,TRUE
"735067","PE",8,8,58,58,58,TRUE
"834007","PE",8,8,57,57,57,TRUE
"835037","PE",8,8,57,57,57,TRUE
"837025","PE",8,8,57,57,57,TRUE
"82797","PE",8,8,56,56,56,TRUE
"835022","PE",8,8,56,56,56,TRUE
"836032","PE",8,8,56,56,56,TRUE
"837003","PE",8,8,56,56,56,TRUE
"840017","PE",8,8,56,56,56,TRUE
"735050","PE",8,8,55,55,55,TRUE
"739028","PE",8,8,55,55,55,TRUE
"834005","PE",8,8,55,55,55,TRUE
"835009","PE",8,8,55,55,55,TRUE
"837028","PE",8,8,55,55,55,TRUE
"840019","PE",8,8,55,55,55,TRUE
"840021","PE",8,8,55,55,55,TRUE
"735066","PE",8,8,54,54,54,TRUE
"82886","PE",8,8,54,54,54,TRUE
"835048","PE",8,8,54,54,54,TRUE
"837039","PE",8,8,54,54,54,TRUE
"838005","PE",8,8,54,54,54,TRUE
"938000","PE",8,8,54,54,54,TRUE
"740016","PE",8,8,53,53,53,TRUE
"82892","PE",8,8,53,53,53,TRUE
"82983","PE",8,8,53,53,53,TRUE
"836029","PE",8,8,53,53,53,TRUE
"837009","PE",8,8,53,53,53,TRUE
"840001","PE",8,8,53,53,53,TRUE
"840003","PE",8,8,53,53,53,TRUE
"739023","PE",8,8,51,51,51,TRUE
"739029","PE",8,8,51,51,51,TRUE
"836024","PE",8,8,51,51,51,TRUE
"837011","PE",8,8,51,51,51,TRUE
"838020","PE",8,8,51,51,51,TRUE
"740013","PE",8,8,50,50,50,TRUE
"740017","PE",8,8,50,50,50,TRUE
"837038","PE",8,8,50,50,50,TRUE
"838009","PE",8,8,50,50,50,TRUE
"836015","PE",8,8,49,49,49,TRUE
"940005","PE",8,8,49,49,49,TRUE
"82890","PE",8,8,48,48,48,TRUE
"836053","PE",8,8,48,48,48,TRUE
"838003","PE",8,8,48,48,48,TRUE
"839002","PE",8,8,48,48,48,TRUE
"839019","PE",8,8,48,48,48,TRUE
"839031","PE",8,8,48,48,48,TRUE
"840012","PE",8,8,48,48,48,TRUE
"838021","PE",8,8,47,47,47,TRUE
"838031","PE",8,8,47,47,47,TRUE
"839034","PE",8,8,47,47,47,TRUE
"735100","PE",8,8,46,46,46,TRUE
"835106","PE",8,8,46,46,46,TRUE
"936001","PE",8,8,46,46,46,TRUE
"835030","PE",8,8,45,45,45,TRUE
"836039","PE",8,8,45,45,45,TRUE
"936004","PE",8,8,45,45,45,TRUE
"937031","PE",8,8,45,45,45,TRUE
"82789","PE",8,8,42,42,42,TRUE
"735046","PE",8,8,41,41,41,TRUE
"838013","PE",8,8,41,41,41,TRUE
"839013","PE",8,8,41,41,41,TRUE
"835044","PE",8,8,40,40,40,TRUE
"838023","PE",8,8,40,40,40,TRUE
"839003","PE",8,8,40,40,40,TRUE
"735159","PE",8,8,39,39,39,TRUE
"736040","PE",8,8,39,39,39,TRUE
"736041","PE",8,8,39,39,39,TRUE
"736042","PE",8,8,39,39,39,TRUE
"835135","PE",8,8,39,39,39,TRUE
"836093","PE",8,8,39,39,39,TRUE
"735158","PE",8,8,38,38,38,TRUE
"835137","PE",8,8,38,38,38,TRUE
"836092","PE",8,8,38,38,38,TRUE
"735157","PE",8,8,37,37,37,TRUE
"835136","PE",8,8,37,37,37,TRUE
"735125","PE",8,8,36,36,36,TRUE
"836035","PE",8,8,36,36,36,TRUE
"82753","PE",8,8,35,35,35,TRUE
"834014","PE",8,8,35,35,35,TRUE
"835138","PE",8,8,35,35,35,TRUE
"835140","PE",8,8,35,35,35,TRUE
"82799","PE",8,8,34,34,34,TRUE
"835141","PE",8,8,34,34,34,TRUE
"837022","PE",8,8,34,34,34,TRUE
"736031","PE",8,8,33,33,33,TRUE
"735037","PE",8,8,32,32,32,TRUE
"735058","PE",8,8,32,32,32,TRUE
"735059","PE",8,8,32,32,32,TRUE
"737032","PE",8,8,32,32,32,TRUE
"837014","PE",8,8,32,32,32,TRUE
"837016","PE",8,8,32,32,32,TRUE
"838017","PE",8,8,32,32,32,TRUE
"839001","PE",8,8,32,32,32,TRUE
"839023","PE",8,8,32,32,32,TRUE
"840004","PE",8,8,32,32,32,TRUE
"735080","PE",8,8,31,31,31,TRUE
"739032","PE",8,8,31,31,31,TRUE
"740015","PE",8,8,31,31,31,TRUE
"835054","PE",8,8,31,31,31,TRUE
"836034","PE",8,8,31,31,31,TRUE
"836042","PE",8,8,31,31,31,TRUE
"837032","PE",8,8,31,31,31,TRUE
"837036","PE",8,8,31,31,31,TRUE
"838026","PE",8,8,31,31,31,TRUE
"839008","PE",8,8,31,31,31,TRUE
"839021","PE",8,8,31,31,31,TRUE
"840016","PE",8,8,31,31,31,TRUE
"940002","PE",8,8,31,31,31,TRUE
"735038","PE",8,8,30,30,30,TRUE
"735061","PE",8,8,30,30,30,TRUE
"737035","PE",8,8,30,30,30,TRUE
"739031","PE",8,8,30,30,30,TRUE
"740019","PE",8,8,30,30,30,TRUE
"740020","PE",8,8,30,30,30,TRUE
"835014","PE",8,8,30,30,30,TRUE
"836002","PE",8,8,30,30,30,TRUE
"836011","PE",8,8,30,30,30,TRUE
"836019","PE",8,8,30,30,30,TRUE
"836020","PE",8,8,30,30,30,TRUE
"836021","PE",8,8,30,30,30,TRUE
"836041","PE",8,8,30,30,30,TRUE
"837013","PE",8,8,30,30,30,TRUE
"837024","PE",8,8,30,30,30,TRUE
"837026","PE",8,8,30,30,30,TRUE
"837029","PE",8,8,30,30,30,TRUE
"837035","PE",8,8,30,30,30,TRUE
"838001","PE",8,8,30,30,30,TRUE
"838015","PE",8,8,30,30,30,TRUE
"838025","PE",8,8,30,30,30,TRUE
"838028","PE",8,8,30,30,30,TRUE
"840014","PE",8,8,30,30,30,TRUE
"840022","PE",8,8,30,30,30,TRUE
"841011","PE",8,8,30,30,30,TRUE
"936000","PE",8,8,30,30,30,TRUE
"936008","PE",8,8,30,30,30,TRUE
"542012","PI",8,8,101,101,101,TRUE
"442008","PI",8,8,89,89,89,TRUE
"82578","PI",8,8,87,87,87,TRUE
"541003","PI",8,8,85,85,85,TRUE
"441005","PI",8,8,81,81,81,TRUE
"241000","PI",8,8,80,80,80,TRUE
"642001","PI",8,8,79,79,79,TRUE
"441006","PI",8,8,78,78,78,TRUE
"341009","PI",8,8,76,76,76,TRUE
"342006","PI",8,8,74,74,74,TRUE
"442004","PI",8,8,74,74,74,TRUE
"442000","PI",8,8,72,72,72,TRUE
"442001","PI",8,8,71,71,71,TRUE
"742002","PI",8,8,67,67,67,TRUE
"841005","PI",8,8,66,66,66,TRUE
"442011","PI",8,8,64,64,64,TRUE
"741010","PI",8,8,64,64,64,TRUE
"543009","PI",8,8,63,63,63,TRUE
"543010","PI",8,8,63,63,63,TRUE
"640000","PI",8,8,63,63,63,TRUE
"342002","PI",8,8,62,62,62,TRUE
"741009","PI",8,8,62,62,62,TRUE
"741006","PI",8,8,61,61,61,TRUE
"442010","PI",8,8,60,60,60,TRUE
"542008","PI",8,8,60,60,60,TRUE
"741003","PI",8,8,60,60,60,TRUE
"741004","PI",8,8,60,60,60,TRUE
"745003","PI",8,8,58,58,58,TRUE
"541002","PI",8,8,56,56,56,TRUE
"842007","PI",8,8,55,55,55,TRUE
"844008","PI",8,8,54,54,54,TRUE
"942005","PI",8,8,52,52,52,TRUE
"442005","PI",8,8,48,48,48,TRUE
"82287","PI",8,8,48,48,48,TRUE
"82678","PI",8,8,46,46,46,TRUE
"742011","PI",8,8,43,43,43,TRUE
"341027","PI",8,8,42,42,42,TRUE
"743009","PI",8,8,42,42,42,TRUE
"342007","PI",8,8,41,41,41,TRUE
"641010","PI",8,8,41,41,41,TRUE
"82975","PI",8,8,41,41,41,TRUE
"742012","PI",8,8,40,40,40,TRUE
"342005","PI",8,8,39,39,39,TRUE
"542003","PI",8,8,39,39,39,TRUE
"542007","PI",8,8,39,39,39,TRUE
"542010","PI",8,8,39,39,39,TRUE
"641001","PI",8,8,39,39,39,TRUE
"742009","PI",8,8,39,39,39,TRUE
"82879","PI",8,8,39,39,39,TRUE
"341001","PI",8,8,38,38,38,TRUE
"541010","PI",8,8,38,38,38,TRUE
"542000","PI",8,8,38,38,38,TRUE
"641000","PI",8,8,38,38,38,TRUE
"641006","PI",8,8,38,38,38,TRUE
"642010","PI",8,8,38,38,38,TRUE
"643006","PI",8,8,38,38,38,TRUE
"742004","PI",8,8,38,38,38,TRUE
"742006","PI",8,8,38,38,38,TRUE
"843002","PI",8,8,38,38,38,TRUE
"1043000","PI",8,8,37,37,37,TRUE
"1045001","PI",8,8,37,37,37,TRUE
"441002","PI",8,8,37,37,37,TRUE
"541009","PI",8,8,37,37,37,TRUE
"641004","PI",8,8,37,37,37,TRUE
"642008","PI",8,8,37,37,37,TRUE
"740001","PI",8,8,37,37,37,TRUE
"740002","PI",8,8,37,37,37,TRUE
"743005","PI",8,8,37,37,37,TRUE
"942000","PI",8,8,37,37,37,TRUE
"1044003","PI",8,8,36,36,36,TRUE
"1045002","PI",8,8,36,36,36,TRUE
"341000","PI",8,8,36,36,36,TRUE
"342004","PI",8,8,36,36,36,TRUE
"541008","PI",8,8,36,36,36,TRUE
"642007","PI",8,8,36,36,36,TRUE
"743002","PI",8,8,36,36,36,TRUE
"743004","PI",8,8,36,36,36,TRUE
"542002","PI",8,8,35,35,35,TRUE
"641003","PI",8,8,35,35,35,TRUE
"741005","PI",8,8,35,35,35,TRUE
"82780","PI",8,8,35,35,35,TRUE
"82870","PI",8,8,35,35,35,TRUE
"82882","PI",8,8,35,35,35,TRUE
"82976","PI",8,8,35,35,35,TRUE
"942003","PI",8,8,35,35,35,TRUE
"542009","PI",8,8,34,34,34,TRUE
"641002","PI",8,8,34,34,34,TRUE
"741001","PI",8,8,34,34,34,TRUE
"742007","PI",8,8,34,34,34,TRUE
"743000","PI",8,8,34,34,34,TRUE
"241002","PI",8,8,33,33,33,TRUE
"341006","PI",8,8,33,33,33,TRUE
"442006","PI",8,8,33,33,33,TRUE
"541011","PI",8,8,33,33,33,TRUE
"742000","PI",8,8,33,33,33,TRUE
"742010","PI",8,8,33,33,33,TRUE
"841017","PI",8,8,33,33,33,TRUE
"341003","PI",8,8,32,32,32,TRUE
"441004","PI",8,8,32,32,32,TRUE
"542005","PI",8,8,32,32,32,TRUE
"740004","PI",8,8,32,32,32,TRUE
"741008","PI",8,8,32,32,32,TRUE
"744003","PI",8,8,32,32,32,TRUE
"744006","PI",8,8,32,32,32,TRUE
"82684","PI",8,8,32,32,32,TRUE
"841007","PI",8,8,32,32,32,TRUE
"844000","PI",8,8,32,32,32,TRUE
"943000","PI",8,8,32,32,32,TRUE
"945001","PI",8,8,32,32,32,TRUE
"945009","PI",8,8,32,32,32,TRUE
"641007","PI",8,8,31,31,31,TRUE
"641008","PI",8,8,31,31,31,TRUE
"642012","PI",8,8,31,31,31,TRUE
"643010","PI",8,8,31,31,31,TRUE
"82474","PI",8,8,31,31,31,TRUE
"82480","PI",8,8,31,31,31,TRUE
"842001","PI",8,8,31,31,31,TRUE
"844001","PI",8,8,31,31,31,TRUE
"941000","PI",8,8,31,31,31,TRUE
"942004","PI",8,8,31,31,31,TRUE
"342003","PI",8,8,30,30,30,TRUE
"442007","PI",8,8,30,30,30,TRUE
"541000","PI",8,8,30,30,30,TRUE
"541001","PI",8,8,30,30,30,TRUE
"743006","PI",8,8,30,30,30,TRUE
"744001","PI",8,8,30,30,30,TRUE
"842004","PI",8,8,30,30,30,TRUE
"842010","PI",8,8,30,30,30,TRUE
"2549006","PR",8,8,124,124,124,TRUE
"2548041","PR",8,8,94,94,94,TRUE
"2649006","PR",8,8,93,93,93,TRUE
"2649021","PR",8,8,91,91,91,TRUE
"2550006","PR",8,8,87,87,87,TRUE
"2349033","PR",8,8,86,86,86,TRUE
"2449000","PR",8,8,84,84,84,TRUE
"2548000","PR",8,8,84,84,84,TRUE
"83813","PR",8,8,84,84,84,TRUE
"2450002","PR",8,8,81,81,81,TRUE
"2549003","PR",8,8,81,81,81,TRUE
"2549001","PR",8,8,80,80,80,TRUE
"2550000","PR",8,8,80,80,80,TRUE
"2548001","PR",8,8,79,79,79,TRUE
"2548010","PR",8,8,79,79,79,TRUE
"2550001","PR",8,8,78,78,78,TRUE
"2651000","PR",8,8,78,78,78,TRUE
"2350002","PR",8,8,77,77,77,TRUE
"2449007","PR",8,8,77,77,77,TRUE
"2548003","PR",8,8,77,77,77,TRUE
"2449019","PR",8,8,76,76,76,TRUE
"2549000","PR",8,8,75,75,75,TRUE
"2550005","PR",8,8,75,75,75,TRUE
"2550003","PR",8,8,74,74,74,TRUE
"2552000","PR",8,8,74,74,74,TRUE
"2651004","PR",8,8,74,74,74,TRUE
"2449008","PR",8,8,72,72,72,TRUE
"2554002","PR",8,8,70,70,70,TRUE
"2352000","PR",8,8,69,69,69,TRUE
"2651005","PR",8,8,69,69,69,TRUE
"2451014","PR",8,8,68,68,68,TRUE
"2454000","PR",8,8,67,67,67,TRUE
"2550015","PR",8,8,66,66,66,TRUE
"2651003","PR",8,8,66,66,66,TRUE
"2652009","PR",8,8,66,66,66,TRUE
"2449006","PR",8,8,65,65,65,TRUE
"2451003","PR",8,8,65,65,65,TRUE
"2549004","PR",8,8,64,64,64,TRUE
"2651013","PR",8,8,64,64,64,TRUE
"2651016","PR",8,8,64,64,64,TRUE
"2454001","PR",8,8,63,63,63,TRUE
"83836","PR",8,8,62,62,62,TRUE
"2353002","PR",8,8,61,61,61,TRUE
"2450006","PR",8,8,61,61,61,TRUE
"2454003","PR",8,8,61,61,61,TRUE
"2551000","PR",8,8,61,61,61,TRUE
"2553004","PR",8,8,61,61,61,TRUE
"2554006","PR",8,8,61,61,61,TRUE
"2350000","PR",8,8,60,60,60,TRUE
"2552001","PR",8,8,60,60,60,TRUE
"2652011","PR",8,8,60,60,60,TRUE
"83766","PR",8,8,60,60,60,TRUE
"2451013","PR",8,8,59,59,59,TRUE
"2452009","PR",8,8,59,59,59,TRUE
"2452014","PR",8,8,59,59,59,TRUE
"2453013","PR",8,8,59,59,59,TRUE
"2549017","PR",8,8,59,59,59,TRUE
"2549019","PR",8,8,59,59,59,TRUE
"2552006","PR",8,8,59,59,59,TRUE
"2553009","PR",8,8,59,59,59,TRUE
"2554005","PR",8,8,59,59,59,TRUE
"2652013","PR",8,8,59,59,59,TRUE
"2350062","PR",8,8,58,58,58,TRUE
"2452011","PR",8,8,58,58,58,TRUE
"2452015","PR",8,8,58,58,58,TRUE
"2453012","PR",8,8,58,58,58,TRUE
"2551001","PR",8,8,58,58,58,TRUE
"2551004","PR",8,8,58,58,58,TRUE
"2553012","PR",8,8,58,58,58,TRUE
"2353004","PR",8,8,57,57,57,TRUE
"2353005","PR",8,8,57,57,57,TRUE
"2451010","PR",8,8,57,57,57,TRUE
"2451017","PR",8,8,57,57,57,TRUE
"2452010","PR",8,8,57,57,57,TRUE
"2452016","PR",8,8,57,57,57,TRUE
"2453008","PR",8,8,57,57,57,TRUE
"2453010","PR",8,8,57,57,57,TRUE
"2453017","PR",8,8,57,57,57,TRUE
"2549051","PR",8,8,57,57,57,TRUE
"2552008","PR",8,8,57,57,57,TRUE
"2652010","PR",8,8,57,57,57,TRUE
"83842","PR",8,8,57,57,57,TRUE
"2350015","PR",8,8,56,56,56,TRUE
"2353006","PR",8,8,56,56,56,TRUE
"2451015","PR",8,8,56,56,56,TRUE
"2453014","PR",8,8,56,56,56,TRUE
"2454006","PR",8,8,56,56,56,TRUE
"2548002","PR",8,8,56,56,56,TRUE
"2353001","PR",8,8,55,55,55,TRUE
"2353003","PR",8,8,55,55,55,TRUE
"2451002","PR",8,8,55,55,55,TRUE
"2453009","PR",8,8,55,55,55,TRUE
"2550025","PR",8,8,55,55,55,TRUE
"2552005","PR",8,8,55,55,55,TRUE
"2554000","PR",8,8,55,55,55,TRUE
"2652007","PR",8,8,55,55,55,TRUE
"2450009","PR",8,8,54,54,54,TRUE
"2452000","PR",8,8,54,54,54,TRUE
"2452012","PR",8,8,54,54,54,TRUE
"2652015","PR",8,8,54,54,54,TRUE
"83844","PR",8,8,54,54,54,TRUE
"2350017","PR",8,8,52,52,52,TRUE
"2452001","PR",8,8,52,52,52,TRUE
"2453001","PR",8,8,52,52,52,TRUE
"2549010","PR",8,8,52,52,52,TRUE
"2549131","PR",8,8,52,52,52,TRUE
"2551008","PR",8,8,52,52,52,TRUE
"2553007","PR",8,8,52,52,52,TRUE
"2351013","PR",8,8,51,51,51,TRUE
"2449011","PR",8,8,51,51,51,TRUE
"2450005","PR",8,8,51,51,51,TRUE
"2452008","PR",8,8,51,51,51,TRUE
"2651015","PR",8,8,51,51,51,TRUE
"83767","PR",8,8,51,51,51,TRUE
"2352060","PR",8,8,50,50,50,TRUE
"2352061","PR",8,8,50,50,50,TRUE
"2352062","PR",8,8,50,50,50,TRUE
"2353041","PR",8,8,50,50,50,TRUE
"2448037","PR",8,8,50,50,50,TRUE
"2449021","PR",8,8,50,50,50,TRUE
"2449023","PR",8,8,50,50,50,TRUE
"2452007","PR",8,8,50,50,50,TRUE
"2453016","PR",8,8,50,50,50,TRUE
"2548016","PR",8,8,50,50,50,TRUE
"2548027","PR",8,8,50,50,50,TRUE
"2548047","PR",8,8,50,50,50,TRUE
"2548052","PR",8,8,50,50,50,TRUE
"2548068","PR",8,8,50,50,50,TRUE
"2549053","PR",8,8,50,50,50,TRUE
"2553014","PR",8,8,50,50,50,TRUE
"2650006","PR",8,8,50,50,50,TRUE
"2653009","PR",8,8,50,50,50,TRUE
"83783","PR",8,8,50,50,50,TRUE
"2250028","PR",8,8,49,49,49,TRUE
"2250030","PR",8,8,49,49,49,TRUE
"2250032","PR",8,8,49,49,49,TRUE
"2250033","PR",8,8,49,49,49,TRUE
"2251037","PR",8,8,49,49,49,TRUE
"2251039","PR",8,8,49,49,49,TRUE
"2251041","PR",8,8,49,49,49,TRUE
"2251042","PR",8,8,49,49,49,TRUE
"2251069","PR",8,8,49,49,49,TRUE
"2252013","PR",8,8,49,49,49,TRUE
"2252015","PR",8,8,49,49,49,TRUE
"2252022","PR",8,8,49,49,49,TRUE
"2252023","PR",8,8,49,49,49,TRUE
"2252024","PR",8,8,49,49,49,TRUE
"2252027","PR",8,8,49,49,49,TRUE
"2253008","PR",8,8,49,49,49,TRUE
"2253010","PR",8,8,49,49,49,TRUE
"2253013","PR",8,8,49,49,49,TRUE
"2349040","PR",8,8,49,49,49,TRUE
"2350006","PR",8,8,49,49,49,TRUE
"2350021","PR",8,8,49,49,49,TRUE
"2350023","PR",8,8,49,49,49,TRUE
"2350032","PR",8,8,49,49,49,TRUE
"2350033","PR",8,8,49,49,49,TRUE
"2350037","PR",8,8,49,49,49,TRUE
"2351004","PR",8,8,49,49,49,TRUE
"2351023","PR",8,8,49,49,49,TRUE
"2351026","PR",8,8,49,49,49,TRUE
"2351028","PR",8,8,49,49,49,TRUE
"2351029","PR",8,8,49,49,49,TRUE
"2351035","PR",8,8,49,49,49,TRUE
"2351037","PR",8,8,49,49,49,TRUE
"2351041","PR",8,8,49,49,49,TRUE
"2353010","PR",8,8,49,49,49,TRUE
"2448035","PR",8,8,49,49,49,TRUE
"2449024","PR",8,8,49,49,49,TRUE
"2450021","PR",8,8,49,49,49,TRUE
"2450040","PR",8,8,49,49,49,TRUE
"2450049","PR",8,8,49,49,49,TRUE
"2450052","PR",8,8,49,49,49,TRUE
"2451020","PR",8,8,49,49,49,TRUE
"2451021","PR",8,8,49,49,49,TRUE
"2451022","PR",8,8,49,49,49,TRUE
"2451026","PR",8,8,49,49,49,TRUE
"2451027","PR",8,8,49,49,49,TRUE
"2451028","PR",8,8,49,49,49,TRUE
"2451029","PR",8,8,49,49,49,TRUE
"2451032","PR",8,8,49,49,49,TRUE
"2451035","PR",8,8,49,49,49,TRUE
"2451036","PR",8,8,49,49,49,TRUE
"2451038","PR",8,8,49,49,49,TRUE
"2452019","PR",8,8,49,49,49,TRUE
"2452040","PR",8,8,49,49,49,TRUE
"2453026","PR",8,8,49,49,49,TRUE
"2453027","PR",8,8,49,49,49,TRUE
"2453028","PR",8,8,49,49,49,TRUE
"2453030","PR",8,8,49,49,49,TRUE
"2453056","PR",8,8,49,49,49,TRUE
"2454004","PR",8,8,49,49,49,TRUE
"2454011","PR",8,8,49,49,49,TRUE
"2454012","PR",8,8,49,49,49,TRUE
"2454015","PR",8,8,49,49,49,TRUE
"2454016","PR",8,8,49,49,49,TRUE
"2454018","PR",8,8,49,49,49,TRUE
"2549008","PR",8,8,49,49,49,TRUE
"2549045","PR",8,8,49,49,49,TRUE
"2549047","PR",8,8,49,49,49,TRUE
"2549048","PR",8,8,49,49,49,TRUE
"2549052","PR",8,8,49,49,49,TRUE
"2549054","PR",8,8,49,49,49,TRUE
"2549056","PR",8,8,49,49,49,TRUE
"2549059","PR",8,8,49,49,49,TRUE
"2550014","PR",8,8,49,49,49,TRUE
"2550017","PR",8,8,49,49,49,TRUE
"2550029","PR",8,8,49,49,49,TRUE
"2550043","PR",8,8,49,49,49,TRUE
"2550045","PR",8,8,49,49,49,TRUE
"2550052","PR",8,8,49,49,49,TRUE
"2550053","PR",8,8,49,49,49,TRUE
"2550055","PR",8,8,49,49,49,TRUE
"2550057","PR",8,8,49,49,49,TRUE
"2551023","PR",8,8,49,49,49,TRUE
"2551026","PR",8,8,49,49,49,TRUE
"2551035","PR",8,8,49,49,49,TRUE
"2551038","PR",8,8,49,49,49,TRUE
"2551043","PR",8,8,49,49,49,TRUE
"2552010","PR",8,8,49,49,49,TRUE
"2552019","PR",8,8,49,49,49,TRUE
"2552031","PR",8,8,49,49,49,TRUE
"2553020","PR",8,8,49,49,49,TRUE
"2553022","PR",8,8,49,49,49,TRUE
"2553026","PR",8,8,49,49,49,TRUE
"2553028","PR",8,8,49,49,49,TRUE
"2553030","PR",8,8,49,49,49,TRUE
"2553035","PR",8,8,49,49,49,TRUE
"2554012","PR",8,8,49,49,49,TRUE
"2554013","PR",8,8,49,49,49,TRUE
"2554018","PR",8,8,49,49,49,TRUE
"2554020","PR",8,8,49,49,49,TRUE
"2651020","PR",8,8,49,49,49,TRUE
"2651023","PR",8,8,49,49,49,TRUE
"83769","PR",8,8,49,49,49,TRUE
"2252017","PR",8,8,48,48,48,TRUE
"2252019","PR",8,8,48,48,48,TRUE
"2253011","PR",8,8,48,48,48,TRUE
"2349059","PR",8,8,48,48,48,TRUE
"2349060","PR",8,8,48,48,48,TRUE
"2349061","PR",8,8,48,48,48,TRUE
"2349064","PR",8,8,48,48,48,TRUE
"2350001","PR",8,8,48,48,48,TRUE
"2350016","PR",8,8,48,48,48,TRUE
"2350029","PR",8,8,48,48,48,TRUE
"2350043","PR",8,8,48,48,48,TRUE
"2350048","PR",8,8,48,48,48,TRUE
"2350049","PR",8,8,48,48,48,TRUE
"2350052","PR",8,8,48,48,48,TRUE
"2350053","PR",8,8,48,48,48,TRUE
"2350054","PR",8,8,48,48,48,TRUE
"2351027","PR",8,8,48,48,48,TRUE
"2351044","PR",8,8,48,48,48,TRUE
"2351045","PR",8,8,48,48,48,TRUE
"2351051","PR",8,8,48,48,48,TRUE
"2352014","PR",8,8,48,48,48,TRUE
"2352026","PR",8,8,48,48,48,TRUE
"2352029","PR",8,8,48,48,48,TRUE
"2352031","PR",8,8,48,48,48,TRUE
"2352034","PR",8,8,48,48,48,TRUE
"2352037","PR",8,8,48,48,48,TRUE
"2352038","PR",8,8,48,48,48,TRUE
"2352039","PR",8,8,48,48,48,TRUE
"2352042","PR",8,8,48,48,48,TRUE
"2352045","PR",8,8,48,48,48,TRUE
"2352046","PR",8,8,48,48,48,TRUE
"2352048","PR",8,8,48,48,48,TRUE
"2352050","PR",8,8,48,48,48,TRUE
"2352052","PR",8,8,48,48,48,TRUE
"2352053","PR",8,8,48,48,48,TRUE
"2353016","PR",8,8,48,48,48,TRUE
"2353020","PR",8,8,48,48,48,TRUE
"2353022","PR",8,8,48,48,48,TRUE
"2353027","PR",8,8,48,48,48,TRUE
"2353028","PR",8,8,48,48,48,TRUE
"2353031","PR",8,8,48,48,48,TRUE
"2353033","PR",8,8,48,48,48,TRUE
"2353038","PR",8,8,48,48,48,TRUE
"2353044","PR",8,8,48,48,48,TRUE
"2353047","PR",8,8,48,48,48,TRUE
"2449032","PR",8,8,48,48,48,TRUE
"2449040","PR",8,8,48,48,48,TRUE
"2449044","PR",8,8,48,48,48,TRUE
"2450024","PR",8,8,48,48,48,TRUE
"2450025","PR",8,8,48,48,48,TRUE
"2450026","PR",8,8,48,48,48,TRUE
"2450034","PR",8,8,48,48,48,TRUE
"2451006","PR",8,8,48,48,48,TRUE
"2451034","PR",8,8,48,48,48,TRUE
"2451043","PR",8,8,48,48,48,TRUE
"2451044","PR",8,8,48,48,48,TRUE
"2451046","PR",8,8,48,48,48,TRUE
"2451047","PR",8,8,48,48,48,TRUE
"2452029","PR",8,8,48,48,48,TRUE
"2452033","PR",8,8,48,48,48,TRUE
"2452035","PR",8,8,48,48,48,TRUE
"2452041","PR",8,8,48,48,48,TRUE
"2452042","PR",8,8,48,48,48,TRUE
"2452044","PR",8,8,48,48,48,TRUE
"2452045","PR",8,8,48,48,48,TRUE
"2452046","PR",8,8,48,48,48,TRUE
"2453037","PR",8,8,48,48,48,TRUE
"2453047","PR",8,8,48,48,48,TRUE
"2453050","PR",8,8,48,48,48,TRUE
"2453052","PR",8,8,48,48,48,TRUE
"2548049","PR",8,8,48,48,48,TRUE
"2549013","PR",8,8,48,48,48,TRUE
"2549061","PR",8,8,48,48,48,TRUE
"2549063","PR",8,8,48,48,48,TRUE
"2550024","PR",8,8,48,48,48,TRUE
"2550028","PR",8,8,48,48,48,TRUE
"2550035","PR",8,8,48,48,48,TRUE
"2550037","PR",8,8,48,48,48,TRUE
"2550038","PR",8,8,48,48,48,TRUE
"2550041","PR",8,8,48,48,48,TRUE
"2550042","PR",8,8,48,48,48,TRUE
"2550048","PR",8,8,48,48,48,TRUE
"2550056","PR",8,8,48,48,48,TRUE
"2551017","PR",8,8,48,48,48,TRUE
"2551018","PR",8,8,48,48,48,TRUE
"2551024","PR",8,8,48,48,48,TRUE
"2551034","PR",8,8,48,48,48,TRUE
"2552025","PR",8,8,48,48,48,TRUE
"2552026","PR",8,8,48,48,48,TRUE
"2552029","PR",8,8,48,48,48,TRUE
"2552033","PR",8,8,48,48,48,TRUE
"2552034","PR",8,8,48,48,48,TRUE
"2552036","PR",8,8,48,48,48,TRUE
"2552038","PR",8,8,48,48,48,TRUE
"2552039","PR",8,8,48,48,48,TRUE
"2552042","PR",8,8,48,48,48,TRUE
"2552043","PR",8,8,48,48,48,TRUE
"2552045","PR",8,8,48,48,48,TRUE
"2552046","PR",8,8,48,48,48,TRUE
"2552047","PR",8,8,48,48,48,TRUE
"2553019","PR",8,8,48,48,48,TRUE
"2553029","PR",8,8,48,48,48,TRUE
"2553037","PR",8,8,48,48,48,TRUE
"2553038","PR",8,8,48,48,48,TRUE
"2553041","PR",8,8,48,48,48,TRUE
"2553044","PR",8,8,48,48,48,TRUE
"2553046","PR",8,8,48,48,48,TRUE
"2553047","PR",8,8,48,48,48,TRUE
"2554023","PR",8,8,48,48,48,TRUE
"2554025","PR",8,8,48,48,48,TRUE
"2649018","PR",8,8,48,48,48,TRUE
"2651010","PR",8,8,48,48,48,TRUE
"2651029","PR",8,8,48,48,48,TRUE
"2652027","PR",8,8,48,48,48,TRUE
"2652032","PR",8,8,48,48,48,TRUE
"2652033","PR",8,8,48,48,48,TRUE
"2653016","PR",8,8,48,48,48,TRUE
"2653017","PR",8,8,48,48,48,TRUE
"2653019","PR",8,8,48,48,48,TRUE
"2653021","PR",8,8,48,48,48,TRUE
"2653023","PR",8,8,48,48,48,TRUE
"83860","PR",8,8,48,48,48,TRUE
"2251038","PR",8,8,47,47,47,TRUE
"2252010","PR",8,8,47,47,47,TRUE
"2350041","PR",8,8,47,47,47,TRUE
"2350042","PR",8,8,47,47,47,TRUE
"2351031","PR",8,8,47,47,47,TRUE
"2351043","PR",8,8,47,47,47,TRUE
"2351048","PR",8,8,47,47,47,TRUE
"2352010","PR",8,8,47,47,47,TRUE
"2352030","PR",8,8,47,47,47,TRUE
"2352035","PR",8,8,47,47,47,TRUE
"2353019","PR",8,8,47,47,47,TRUE
"2353025","PR",8,8,47,47,47,TRUE
"2353029","PR",8,8,47,47,47,TRUE
"2353034","PR",8,8,47,47,47,TRUE
"2449020","PR",8,8,47,47,47,TRUE
"2449030","PR",8,8,47,47,47,TRUE
"2449045","PR",8,8,47,47,47,TRUE
"2450013","PR",8,8,47,47,47,TRUE
"2450048","PR",8,8,47,47,47,TRUE
"2548042","PR",8,8,47,47,47,TRUE
"2549012","PR",8,8,47,47,47,TRUE
"2549062","PR",8,8,47,47,47,TRUE
"2551011","PR",8,8,47,47,47,TRUE
"2551014","PR",8,8,47,47,47,TRUE
"2551033","PR",8,8,47,47,47,TRUE
"2551039","PR",8,8,47,47,47,TRUE
"2551040","PR",8,8,47,47,47,TRUE
"2552022","PR",8,8,47,47,47,TRUE
"2552040","PR",8,8,47,47,47,TRUE
"2552044","PR",8,8,47,47,47,TRUE
"2553036","PR",8,8,47,47,47,TRUE
"2553039","PR",8,8,47,47,47,TRUE
"2652012","PR",8,8,47,47,47,TRUE
"2653014","PR",8,8,47,47,47,TRUE
"2349036","PR",8,8,46,46,46,TRUE
"2350061","PR",8,8,46,46,46,TRUE
"2351024","PR",8,8,46,46,46,TRUE
"2351050","PR",8,8,46,46,46,TRUE
"2352051","PR",8,8,46,46,46,TRUE
"2353023","PR",8,8,46,46,46,TRUE
"2450008","PR",8,8,46,46,46,TRUE
"2450036","PR",8,8,46,46,46,TRUE
"2451049","PR",8,8,46,46,46,TRUE
"2453048","PR",8,8,46,46,46,TRUE
"2548038","PR",8,8,46,46,46,TRUE
"2549065","PR",8,8,46,46,46,TRUE
"2551009","PR",8,8,46,46,46,TRUE
"2551025","PR",8,8,46,46,46,TRUE
"2552002","PR",8,8,46,46,46,TRUE
"2552007","PR",8,8,46,46,46,TRUE
"2553005","PR",8,8,46,46,46,TRUE
"2553010","PR",8,8,46,46,46,TRUE
"2553024","PR",8,8,46,46,46,TRUE
"2651026","PR",8,8,46,46,46,TRUE
"2651031","PR",8,8,46,46,46,TRUE
"2652022","PR",8,8,46,46,46,TRUE
"2653024","PR",8,8,46,46,46,TRUE
"83837","PR",8,8,46,46,46,TRUE
"2251033","PR",8,8,45,45,45,TRUE
"2253002","PR",8,8,45,45,45,TRUE
"2350046","PR",8,8,45,45,45,TRUE
"2353008","PR",8,8,45,45,45,TRUE
"2548036","PR",8,8,45,45,45,TRUE
"2251023","PR",8,8,44,44,44,TRUE
"2349030","PR",8,8,44,44,44,TRUE
"2350011","PR",8,8,44,44,44,TRUE
"2351053","PR",8,8,44,44,44,TRUE
"2352017","PR",8,8,44,44,44,TRUE
"2352055","PR",8,8,44,44,44,TRUE
"2449026","PR",8,8,44,44,44,TRUE
"2449036","PR",8,8,44,44,44,TRUE
"2449063","PR",8,8,44,44,44,TRUE
"2450031","PR",8,8,44,44,44,TRUE
"2452047","PR",8,8,44,44,44,TRUE
"2453059","PR",8,8,44,44,44,TRUE
"2548020","PR",8,8,44,44,44,TRUE
"2548023","PR",8,8,44,44,44,TRUE
"2550002","PR",8,8,44,44,44,TRUE
"2551037","PR",8,8,44,44,44,TRUE
"2552023","PR",8,8,44,44,44,TRUE
"2552030","PR",8,8,44,44,44,TRUE
"2652023","PR",8,8,44,44,44,TRUE
"2652025","PR",8,8,44,44,44,TRUE
"2653012","PR",8,8,44,44,44,TRUE
"2251027","PR",8,8,43,43,43,TRUE
"2252020","PR",8,8,43,43,43,TRUE
"2349032","PR",8,8,43,43,43,TRUE
"2350012","PR",8,8,43,43,43,TRUE
"2350026","PR",8,8,43,43,43,TRUE
"2351065","PR",8,8,43,43,43,TRUE
"2352063","PR",8,8,43,43,43,TRUE
"2353017","PR",8,8,43,43,43,TRUE
"2449028","PR",8,8,43,43,43,TRUE
"2451045","PR",8,8,43,43,43,TRUE
"2453000","PR",8,8,43,43,43,TRUE
"2453043","PR",8,8,43,43,43,TRUE
"2548043","PR",8,8,43,43,43,TRUE
"2548053","PR",8,8,43,43,43,TRUE
"2551027","PR",8,8,43,43,43,TRUE
"2350018","PR",8,8,42,42,42,TRUE
"2351003","PR",8,8,42,42,42,TRUE
"2351011","PR",8,8,42,42,42,TRUE
"2352002","PR",8,8,42,42,42,TRUE
"2453003","PR",8,8,42,42,42,TRUE
"2549076","PR",8,8,42,42,42,TRUE
"2551010","PR",8,8,42,42,42,TRUE
"2552009","PR",8,8,42,42,42,TRUE
"2653022","PR",8,8,42,42,42,TRUE
"2350063","PR",8,8,41,41,41,TRUE
"2352033","PR",8,8,41,41,41,TRUE
"2450011","PR",8,8,41,41,41,TRUE
"2450054","PR",8,8,41,41,41,TRUE
"2450058","PR",8,8,41,41,41,TRUE
"2548044","PR",8,8,41,41,41,TRUE
"2549007","PR",8,8,41,41,41,TRUE
"2552037","PR",8,8,41,41,41,TRUE
"2552041","PR",8,8,41,41,41,TRUE
"2553015","PR",8,8,41,41,41,TRUE
"2553033","PR",8,8,41,41,41,TRUE
"2653020","PR",8,8,41,41,41,TRUE
"2250031","PR",8,8,40,40,40,TRUE
"2349031","PR",8,8,40,40,40,TRUE
"2349034","PR",8,8,40,40,40,TRUE
"2351008","PR",8,8,40,40,40,TRUE
"2351020","PR",8,8,40,40,40,TRUE
"2352044","PR",8,8,40,40,40,TRUE
"2451023","PR",8,8,40,40,40,TRUE
"2451051","PR",8,8,40,40,40,TRUE
"2452018","PR",8,8,40,40,40,TRUE
"2551019","PR",8,8,40,40,40,TRUE
"2650005","PR",8,8,40,40,40,TRUE
"2651035","PR",8,8,40,40,40,TRUE
"2250035","PR",8,8,39,39,39,TRUE
"2349066","PR",8,8,39,39,39,TRUE
"2351025","PR",8,8,39,39,39,TRUE
"2451012","PR",8,8,39,39,39,TRUE
"2451039","PR",8,8,39,39,39,TRUE
"2452051","PR",8,8,39,39,39,TRUE
"2549002","PR",8,8,39,39,39,TRUE
"2553016","PR",8,8,39,39,39,TRUE
"2651043","PR",8,8,39,39,39,TRUE
"2652003","PR",8,8,39,39,39,TRUE
"2252025","PR",8,8,38,38,38,TRUE
"2253016","PR",8,8,38,38,38,TRUE
"2351040","PR",8,8,38,38,38,TRUE
"2453011","PR",8,8,38,38,38,TRUE
"2550013","PR",8,8,38,38,38,TRUE
"2653015","PR",8,8,38,38,38,TRUE
"83811","PR",8,8,38,38,38,TRUE
"2351066","PR",8,8,37,37,37,TRUE
"2450050","PR",8,8,37,37,37,TRUE
"2452050","PR",8,8,37,37,37,TRUE
"2548039","PR",8,8,37,37,37,TRUE
"2548040","PR",8,8,37,37,37,TRUE
"2549081","PR",8,8,37,37,37,TRUE
"2549082","PR",8,8,37,37,37,TRUE
"2550016","PR",8,8,37,37,37,TRUE
"2652035","PR",8,8,37,37,37,TRUE
"2350010","PR",8,8,36,36,36,TRUE
"2350035","PR",8,8,36,36,36,TRUE
"2352043","PR",8,8,36,36,36,TRUE
"2352047","PR",8,8,36,36,36,TRUE
"2450003","PR",8,8,36,36,36,TRUE
"2549080","PR",8,8,36,36,36,TRUE
"2549090","PR",8,8,36,36,36,TRUE
"2551007","PR",8,8,36,36,36,TRUE
"2551022","PR",8,8,36,36,36,TRUE
"2553052","PR",8,8,36,36,36,TRUE
"2652026","PR",8,8,36,36,36,TRUE
"2351032","PR",8,8,35,35,35,TRUE
"2351033","PR",8,8,35,35,35,TRUE
"2353032","PR",8,8,35,35,35,TRUE
"2450062","PR",8,8,35,35,35,TRUE
"2549040","PR",8,8,35,35,35,TRUE
"83864","PR",8,8,35,35,35,TRUE
"2549077","PR",8,8,34,34,34,TRUE
"2551047","PR",8,8,34,34,34,TRUE
"2350057","PR",8,8,33,33,33,TRUE
"2351073","PR",8,8,33,33,33,TRUE
"2352032","PR",8,8,33,33,33,TRUE
"2352036","PR",8,8,33,33,33,TRUE
"2453023","PR",8,8,33,33,33,TRUE
"2548017","PR",8,8,33,33,33,TRUE
"2549075","PR",8,8,33,33,33,TRUE
"2549093","PR",8,8,33,33,33,TRUE
"2550032","PR",8,8,33,33,33,TRUE
"2553040","PR",8,8,33,33,33,TRUE
"2553051","PR",8,8,33,33,33,TRUE
"2653008","PR",8,8,33,33,33,TRUE
"2349038","PR",8,8,32,32,32,TRUE
"2450056","PR",8,8,32,32,32,TRUE
"2453004","PR",8,8,32,32,32,TRUE
"2551020","PR",8,8,32,32,32,TRUE
"2350027","PR",8,8,31,31,31,TRUE
"2452004","PR",8,8,31,31,31,TRUE
"2452013","PR",8,8,31,31,31,TRUE
"2548021","PR",8,8,31,31,31,TRUE
"2553003","PR",8,8,31,31,31,TRUE
"2351022","PR",8,8,30,30,30,TRUE
"2548004","PR",8,8,30,30,30,TRUE
"2548005","PR",8,8,30,30,30,TRUE
"2549015","PR",8,8,30,30,30,TRUE
"2549042","PR",8,8,30,30,30,TRUE
"2549091","PR",8,8,30,30,30,TRUE
"2550011","PR",8,8,30,30,30,TRUE
"2551002","PR",8,8,30,30,30,TRUE
"2553006","PR",8,8,30,30,30,TRUE
"83775","PR",8,8,30,30,30,TRUE
"83826","PR",8,8,30,30,30,TRUE
"83698","RJ",8,8,111,111,111,TRUE
"2244097","RJ",8,8,97,97,97,TRUE
"2242027","RJ",8,8,89,89,89,TRUE
"2243015","RJ",8,8,89,89,89,TRUE
"83695","RJ",8,8,88,88,88,TRUE
"83738","RJ",8,8,88,88,88,TRUE
"2243010","RJ",8,8,87,87,87,TRUE
"2243011","RJ",8,8,87,87,87,TRUE
"83696","RJ",8,8,87,87,87,TRUE
"2042027","RJ",8,8,86,86,86,TRUE
"2141003","RJ",8,8,86,86,86,TRUE
"2141006","RJ",8,8,86,86,86,TRUE
"2243003","RJ",8,8,86,86,86,TRUE
"2243012","RJ",8,8,86,86,86,TRUE
"2244047","RJ",8,8,86,86,86,TRUE
"2142022","RJ",8,8,85,85,85,TRUE
"2243013","RJ",8,8,85,85,85,TRUE
"2243007","RJ",8,8,83,83,83,TRUE
"2244033","RJ",8,8,83,83,83,TRUE
"2244034","RJ",8,8,83,83,83,TRUE
"2244038","RJ",8,8,83,83,83,TRUE
"2244039","RJ",8,8,83,83,83,TRUE
"2141007","RJ",8,8,82,82,82,TRUE
"2243205","RJ",8,8,82,82,82,TRUE
"2242021","RJ",8,8,81,81,81,TRUE
"2242028","RJ",8,8,81,81,81,TRUE
"2243005","RJ",8,8,81,81,81,TRUE
"2243008","RJ",8,8,81,81,81,TRUE
"2243004","RJ",8,8,80,80,80,TRUE
"2243014","RJ",8,8,80,80,80,TRUE
"2241003","RJ",8,8,79,79,79,TRUE
"2243006","RJ",8,8,77,77,77,TRUE
"2244037","RJ",8,8,77,77,77,TRUE
"2244041","RJ",8,8,77,77,77,TRUE
"83744","RJ",8,8,76,76,76,TRUE
"2242003","RJ",8,8,75,75,75,TRUE
"2242004","RJ",8,8,75,75,75,TRUE
"2242022","RJ",8,8,75,75,75,TRUE
"2244042","RJ",8,8,75,75,75,TRUE
"83805","RJ",8,8,74,74,74,TRUE
"2141004","RJ",8,8,73,73,73,TRUE
"2141005","RJ",8,8,72,72,72,TRUE
"2242029","RJ",8,8,72,72,72,TRUE
"2243016","RJ",8,8,70,70,70,TRUE
"2243002","RJ",8,8,67,67,67,TRUE
"2244030","RJ",8,8,66,66,66,TRUE
"2142014","RJ",8,8,65,65,65,TRUE
"2243216","RJ",8,8,65,65,65,TRUE
"2344007","RJ",8,8,62,62,62,TRUE
"2243009","RJ",8,8,60,60,60,TRUE
"2244099","RJ",8,8,60,60,60,TRUE
"2141100","RJ",8,8,59,59,59,TRUE
"2242002","RJ",8,8,59,59,59,TRUE
"2242017","RJ",8,8,59,59,59,TRUE
"2242018","RJ",8,8,59,59,59,TRUE
"2242020","RJ",8,8,59,59,59,TRUE
"2242024","RJ",8,8,59,59,59,TRUE
"2243206","RJ",8,8,59,59,59,TRUE
"2244043","RJ",8,8,59,59,59,TRUE
"2041046","RJ",8,8,58,58,58,TRUE
"2241001","RJ",8,8,58,58,58,TRUE
"2242001","RJ",8,8,58,58,58,TRUE
"2242005","RJ",8,8,58,58,58,TRUE
"2242007","RJ",8,8,58,58,58,TRUE
"2242008","RJ",8,8,58,58,58,TRUE
"2242012","RJ",8,8,58,58,58,TRUE
"2242013","RJ",8,8,58,58,58,TRUE
"2242026","RJ",8,8,58,58,58,TRUE
"2244044","RJ",8,8,58,58,58,TRUE
"2344008","RJ",8,8,58,58,58,TRUE
"2142058","RJ",8,8,57,57,57,TRUE
"2241002","RJ",8,8,57,57,57,TRUE
"2242011","RJ",8,8,57,57,57,TRUE
"2242014","RJ",8,8,57,57,57,TRUE
"2244045","RJ",8,8,57,57,57,TRUE
"2241004","RJ",8,8,56,56,56,TRUE
"2242010","RJ",8,8,56,56,56,TRUE
"2242025","RJ",8,8,56,56,56,TRUE
"2344006","RJ",8,8,56,56,56,TRUE
"83807","RJ",8,8,56,56,56,TRUE
"2242016","RJ",8,8,55,55,55,TRUE
"2242019","RJ",8,8,55,55,55,TRUE
"2242006","RJ",8,8,53,53,53,TRUE
"2244031","RJ",8,8,53,53,53,TRUE
"83007","RJ",8,8,53,53,53,TRUE
"83711","RJ",8,8,53,53,53,TRUE
"2244098","RJ",8,8,52,52,52,TRUE
"2244101","RJ",8,8,52,52,52,TRUE
"2244106","RJ",8,8,52,52,52,TRUE
"2141001","RJ",8,8,51,51,51,TRUE
"83789","RJ",8,8,50,50,50,TRUE
"83742","RJ",8,8,49,49,49,TRUE
"2141002","RJ",8,8,47,47,47,TRUE
"2243209","RJ",8,8,45,45,45,TRUE
"2242023","RJ",8,8,44,44,44,TRUE
"2243207","RJ",8,8,44,44,44,TRUE
"2244040","RJ",8,8,44,44,44,TRUE
"83718","RJ",8,8,44,44,44,TRUE
"2244028","RJ",8,8,43,43,43,TRUE
"2244104","RJ",8,8,43,43,43,TRUE
"2344016","RJ",8,8,43,43,43,TRUE
"2243149","RJ",8,8,41,41,41,TRUE
"83788","RJ",8,8,41,41,41,TRUE
"83790","RJ",8,8,41,41,41,TRUE
"2244090","RJ",8,8,40,40,40,TRUE
"83719","RJ",8,8,40,40,40,TRUE
"2243129","RJ",8,8,39,39,39,TRUE
"2241016","RJ",8,8,38,38,38,TRUE
"83764","RJ",8,8,38,38,38,TRUE
"2243208","RJ",8,8,37,37,37,TRUE
"2141022","RJ",8,8,36,36,36,TRUE
"2242015","RJ",8,8,36,36,36,TRUE
"2243211","RJ",8,8,36,36,36,TRUE
"83741","RJ",8,8,36,36,36,TRUE
"83743","RJ",8,8,36,36,36,TRUE
"2243250","RJ",8,8,35,35,35,TRUE
"2244105","RJ",8,8,35,35,35,TRUE
"2244148","RJ",8,8,35,35,35,TRUE
"2244149","RJ",8,8,34,34,34,TRUE
"2142059","RJ",8,8,33,33,33,TRUE
"2242077","RJ",8,8,33,33,33,TRUE
"2244046","RJ",8,8,33,33,33,TRUE
"2244103","RJ",8,8,33,33,33,TRUE
"2243188","RJ",8,8,32,32,32,TRUE
"2243212","RJ",8,8,32,32,32,TRUE
"83114","RJ",8,8,32,32,32,TRUE
"2241010","RJ",8,8,31,31,31,TRUE
"2243110","RJ",8,8,31,31,31,TRUE
"2344019","RJ",8,8,30,30,30,TRUE
"537008","RN",8,8,105,105,105,TRUE
"537019","RN",8,8,88,88,88,TRUE
"536018","RN",8,8,80,80,80,TRUE
"537013","RN",8,8,80,80,80,TRUE
"535021","RN",8,8,79,79,79,TRUE
"637000","RN",8,8,79,79,79,TRUE
"535011","RN",8,8,77,77,77,TRUE
"638039","RN",8,8,77,77,77,TRUE
"536024","RN",8,8,76,76,76,TRUE
"437012","RN",8,8,75,75,75,TRUE
"637015","RN",8,8,75,75,75,TRUE
"636025","RN",8,8,72,72,72,TRUE
"637014","RN",8,8,72,72,72,TRUE
"537006","RN",8,8,71,71,71,TRUE
"636021","RN",8,8,71,71,71,TRUE
"635025","RN",8,8,69,69,69,TRUE
"638043","RN",8,8,69,69,69,TRUE
"536021","RN",8,8,68,68,68,TRUE
"637013","RN",8,8,68,68,68,TRUE
"537027","RN",8,8,66,66,66,TRUE
"636007","RN",8,8,64,64,64,TRUE
"638041","RN",8,8,64,64,64,TRUE
"537005","RN",8,8,63,63,63,TRUE
"537014","RN",8,8,63,63,63,TRUE
"637004","RN",8,8,63,63,63,TRUE
"635005","RN",8,8,62,62,62,TRUE
"635009","RN",8,8,62,62,62,TRUE
"537023","RN",8,8,61,61,61,TRUE
"637010","RN",8,8,61,61,61,TRUE
"638044","RN",8,8,61,61,61,TRUE
"536031","RN",8,8,59,59,59,TRUE
"635011","RN",8,8,59,59,59,TRUE
"636001","RN",8,8,59,59,59,TRUE
"637011","RN",8,8,59,59,59,TRUE
"536001","RN",8,8,58,58,58,TRUE
"636018","RN",8,8,58,58,58,TRUE
"636026","RN",8,8,58,58,58,TRUE
"636010","RN",8,8,57,57,57,TRUE
"535013","RN",8,8,56,56,56,TRUE
"536028","RN",8,8,56,56,56,TRUE
"538033","RN",8,8,56,56,56,TRUE
"635016","RN",8,8,56,56,56,TRUE
"636013","RN",8,8,56,56,56,TRUE
"637002","RN",8,8,56,56,56,TRUE
"536019","RN",8,8,55,55,55,TRUE
"536032","RN",8,8,55,55,55,TRUE
"635013","RN",8,8,55,55,55,TRUE
"535027","RN",8,8,54,54,54,TRUE
"638037","RN",8,8,54,54,54,TRUE
"536011","RN",8,8,53,53,53,TRUE
"535007","RN",8,8,52,52,52,TRUE
"535038","RN",8,8,52,52,52,TRUE
"536009","RN",8,8,52,52,52,TRUE
"636005","RN",8,8,51,51,51,TRUE
"82693","RN",8,8,50,50,50,TRUE
"535017","RN",8,8,49,49,49,TRUE
"537012","RN",8,8,49,49,49,TRUE
"636024","RN",8,8,49,49,49,TRUE
"636027","RN",8,8,48,48,48,TRUE
"638040","RN",8,8,48,48,48,TRUE
"82598","RN",8,8,48,48,48,TRUE
"637005","RN",8,8,47,47,47,TRUE
"535002","RN",8,8,46,46,46,TRUE
"82590","RN",8,8,46,46,46,TRUE
"537029","RN",8,8,45,45,45,TRUE
"82596","RN",8,8,44,44,44,TRUE
"536017","RN",8,8,43,43,43,TRUE
"535008","RN",8,8,41,41,41,TRUE
"535024","RN",8,8,41,41,41,TRUE
"636019","RN",8,8,41,41,41,TRUE
"637012","RN",8,8,41,41,41,TRUE
"82594","RN",8,8,41,41,41,TRUE
"635002","RN",8,8,40,40,40,TRUE
"82691","RN",8,8,40,40,40,TRUE
"537010","RN",8,8,38,38,38,TRUE
"537034","RN",8,8,38,38,38,TRUE
"537035","RN",8,8,38,38,38,TRUE
"537036","RN",8,8,38,38,38,TRUE
"537037","RN",8,8,38,38,38,TRUE
"636017","RN",8,8,38,38,38,TRUE
"636022","RN",8,8,38,38,38,TRUE
"637021","RN",8,8,38,38,38,TRUE
"637039","RN",8,8,38,38,38,TRUE
"536035","RN",8,8,37,37,37,TRUE
"536036","RN",8,8,37,37,37,TRUE
"636045","RN",8,8,37,37,37,TRUE
"637009","RN",8,8,37,37,37,TRUE
"536022","RN",8,8,35,35,35,TRUE
"82591","RN",8,8,35,35,35,TRUE
"537009","RN",8,8,32,32,32,TRUE
"636016","RN",8,8,32,32,32,TRUE
"537017","RN",8,8,31,31,31,TRUE
"1065002","RO",8,8,47,47,47,TRUE
"1062002","RO",8,8,45,45,45,TRUE
"963001","RO",8,8,45,45,45,TRUE
"1160000","RO",8,8,44,44,44,TRUE
"1062001","RO",8,8,43,43,43,TRUE
"966000","RO",8,8,43,43,43,TRUE
"1161000","RO",8,8,42,42,42,TRUE
"963000","RO",8,8,42,42,42,TRUE
"965001","RO",8,8,41,41,41,TRUE
"1063000","RO",8,8,40,40,40,TRUE
"1160002","RO",8,8,39,39,39,TRUE
"1161001","RO",8,8,39,39,39,TRUE
"1262000","RO",8,8,39,39,39,TRUE
"963004","RO",8,8,39,39,39,TRUE
"1062003","RO",8,8,38,38,38,TRUE
"1063001","RO",8,8,38,38,38,TRUE
"1264000","RO",8,8,38,38,38,TRUE
"1360001","RO",8,8,38,38,38,TRUE
"1360002","RO",8,8,38,38,38,TRUE
"862000","RO",8,8,37,37,37,TRUE
"1161002","RO",8,8,36,36,36,TRUE
"1360000","RO",8,8,36,36,36,TRUE
"962000","RO",8,8,35,35,35,TRUE
"1062004","RO",8,8,34,34,34,TRUE
"82825","RO",8,8,33,33,33,TRUE
"863000","RO",8,8,33,33,33,TRUE
"1061003","RO",8,8,32,32,32,TRUE
"961003","RO",8,8,31,31,31,TRUE
"966001","RO",8,8,31,31,31,TRUE
"61000","RR",8,8,52,52,52,TRUE
"8261000","RR",8,8,49,49,49,TRUE
"8161001","RR",8,8,47,47,47,TRUE
"8360000","RR",8,8,47,47,47,TRUE
"82024","RR",8,8,46,46,46,TRUE
"8360002","RR",8,8,46,46,46,TRUE
"8160001","RR",8,8,44,44,44,TRUE
"8361001","RR",8,8,44,44,44,TRUE
"8361004","RR",8,8,43,43,43,TRUE
"8361000","RR",8,8,42,42,42,TRUE
"8359000","RR",8,8,40,40,40,TRUE
"8460001","RR",8,8,39,39,39,TRUE
"82042","RR",8,8,37,37,37,TRUE
"8263000","RR",8,8,36,36,36,TRUE
"61001","RR",8,8,35,35,35,TRUE
"8459000","RR",8,8,35,35,35,TRUE
"8060000","RR",8,8,34,34,34,TRUE
"60000","RR",8,8,33,33,33,TRUE
"60001","RR",8,8,33,33,33,TRUE
"8160003","RR",8,8,33,33,33,TRUE
"8261001","RR",8,8,33,33,33,TRUE
"8059001","RR",8,8,32,32,32,TRUE
"8361005","RR",8,8,32,32,32,TRUE
"8260003","RR",8,8,31,31,31,TRUE
"8461000","RR",8,8,31,31,31,TRUE
"83980","RS",8,8,108,108,108,TRUE
"83914","RS",8,8,106,106,106,TRUE
"83907","RS",8,8,105,105,105,TRUE
"83964","RS",8,8,97,97,97,TRUE
"83927","RS",8,8,96,96,96,TRUE
"83942","RS",8,8,90,90,90,TRUE
"83916","RS",8,8,86,86,86,TRUE
"83997","RS",8,8,86,86,86,TRUE
"3054002","RS",8,8,85,85,85,TRUE
"2951022","RS",8,8,81,81,81,TRUE
"83936","RS",8,8,81,81,81,TRUE
"2854003","RS",8,8,80,80,80,TRUE
"2950019","RS",8,8,80,80,80,TRUE
"2954001","RS",8,8,80,80,80,TRUE
"2752006","RS",8,8,79,79,79,TRUE
"2853014","RS",8,8,79,79,79,TRUE
"2850009","RS",8,8,78,78,78,TRUE
"3052009","RS",8,8,78,78,78,TRUE
"2851003","RS",8,8,77,77,77,TRUE
"2851024","RS",8,8,77,77,77,TRUE
"2852014","RS",8,8,77,77,77,TRUE
"2950033","RS",8,8,77,77,77,TRUE
"2953008","RS",8,8,77,77,77,TRUE
"2956007","RS",8,8,77,77,77,TRUE
"3052007","RS",8,8,77,77,77,TRUE
"3053007","RS",8,8,77,77,77,TRUE
"83953","RS",8,8,76,76,76,TRUE
"2950008","RS",8,8,75,75,75,TRUE
"3054007","RS",8,8,75,75,75,TRUE
"3152003","RS",8,8,74,74,74,TRUE
"2753007","RS",8,8,73,73,73,TRUE
"2951010","RS",8,8,73,73,73,TRUE
"2754001","RS",8,8,72,72,72,TRUE
"2755001","RS",8,8,72,72,72,TRUE
"2852007","RS",8,8,72,72,72,TRUE
"2855001","RS",8,8,72,72,72,TRUE
"83948","RS",8,8,72,72,72,TRUE
"2852006","RS",8,8,71,71,71,TRUE
"83912","RS",8,8,70,70,70,TRUE
"3153003","RS",8,8,69,69,69,TRUE
"83941","RS",8,8,69,69,69,TRUE
"83881","RS",8,8,68,68,68,TRUE
"2851005","RS",8,8,67,67,67,TRUE
"2852016","RS",8,8,67,67,67,TRUE
"3151003","RS",8,8,67,67,67,TRUE
"2851021","RS",8,8,66,66,66,TRUE
"3052010","RS",8,8,66,66,66,TRUE
"2751007","RS",8,8,65,65,65,TRUE
"2851022","RS",8,8,65,65,65,TRUE
"2853003","RS",8,8,65,65,65,TRUE
"2854005","RS",8,8,65,65,65,TRUE
"2751006","RS",8,8,64,64,64,TRUE
"2855002","RS",8,8,64,64,64,TRUE
"2954004","RS",8,8,64,64,64,TRUE
"83967","RS",8,8,64,64,64,TRUE
"2753004","RS",8,8,63,63,63,TRUE
"2853010","RS",8,8,63,63,63,TRUE
"2954007","RS",8,8,63,63,63,TRUE
"83915","RS",8,8,63,63,63,TRUE
"2852031","RS",8,8,61,61,61,TRUE
"2854006","RS",8,8,61,61,61,TRUE
"2955002","RS",8,8,61,61,61,TRUE
"3152011","RS",8,8,61,61,61,TRUE
"2753002","RS",8,8,60,60,60,TRUE
"2754007","RS",8,8,60,60,60,TRUE
"2850002","RS",8,8,60,60,60,TRUE
"2950034","RS",8,8,60,60,60,TRUE
"83919","RS",8,8,60,60,60,TRUE
"83985","RS",8,8,60,60,60,TRUE
"2851020","RS",8,8,59,59,59,TRUE
"2852004","RS",8,8,59,59,59,TRUE
"2852024","RS",8,8,59,59,59,TRUE
"2853015","RS",8,8,59,59,59,TRUE
"2855005","RS",8,8,59,59,59,TRUE
"2951017","RS",8,8,59,59,59,TRUE
"2851010","RS",8,8,58,58,58,TRUE
"2851028","RS",8,8,58,58,58,TRUE
"3152016","RS",8,8,58,58,58,TRUE
"3252005","RS",8,8,58,58,58,TRUE
"3252006","RS",8,8,58,58,58,TRUE
"2950028","RS",8,8,57,57,57,TRUE
"2951028","RS",8,8,57,57,57,TRUE
"2952003","RS",8,8,57,57,57,TRUE
"2954005","RS",8,8,57,57,57,TRUE
"3253003","RS",8,8,57,57,57,TRUE
"83918","RS",8,8,57,57,57,TRUE
"83959","RS",8,8,57,57,57,TRUE
"2753009","RS",8,8,56,56,56,TRUE
"3153008","RS",8,8,56,56,56,TRUE
"3252008","RS",8,8,56,56,56,TRUE
"3253001","RS",8,8,56,56,56,TRUE
"2850008","RS",8,8,55,55,55,TRUE
"2852009","RS",8,8,55,55,55,TRUE
"3051011","RS",8,8,55,55,55,TRUE
"3152002","RS",8,8,55,55,55,TRUE
"83909","RS",8,8,55,55,55,TRUE
"2956005","RS",8,8,54,54,54,TRUE
"3152008","RS",8,8,54,54,54,TRUE
"3153007","RS",8,8,54,54,54,TRUE
"2854001","RS",8,8,53,53,53,TRUE
"2951024","RS",8,8,53,53,53,TRUE
"2955006","RS",8,8,53,53,53,TRUE
"2955007","RS",8,8,53,53,53,TRUE
"2956006","RS",8,8,53,53,53,TRUE
"3051005","RS",8,8,53,53,53,TRUE
"3052011","RS",8,8,53,53,53,TRUE
"3253004","RS",8,8,53,53,53,TRUE
"2950031","RS",8,8,52,52,52,TRUE
"83957","RS",8,8,52,52,52,TRUE
"2951027","RS",8,8,51,51,51,TRUE
"2753014","RS",8,8,49,49,49,TRUE
"2850006","RS",8,8,49,49,49,TRUE
"2854012","RS",8,8,49,49,49,TRUE
"3050002","RS",8,8,49,49,49,TRUE
"83945","RS",8,8,49,49,49,TRUE
"2754009","RS",8,8,48,48,48,TRUE
"2754010","RS",8,8,48,48,48,TRUE
"2852046","RS",8,8,48,48,48,TRUE
"2954019","RS",8,8,48,48,48,TRUE
"2955008","RS",8,8,48,48,48,TRUE
"3055004","RS",8,8,48,48,48,TRUE
"83939","RS",8,8,48,48,48,TRUE
"83995","RS",8,8,48,48,48,TRUE
"2752017","RS",8,8,47,47,47,TRUE
"2753016","RS",8,8,47,47,47,TRUE
"2853026","RS",8,8,47,47,47,TRUE
"2950038","RS",8,8,47,47,47,TRUE
"3051017","RS",8,8,47,47,47,TRUE
"3054016","RS",8,8,47,47,47,TRUE
"3055003","RS",8,8,47,47,47,TRUE
"3153004","RS",8,8,47,47,47,TRUE
"3153017","RS",8,8,47,47,47,TRUE
"2751017","RS",8,8,46,46,46,TRUE
"2753015","RS",8,8,46,46,46,TRUE
"2953030","RS",8,8,46,46,46,TRUE
"2954020","RS",8,8,46,46,46,TRUE
"2956008","RS",8,8,46,46,46,TRUE
"3051023","RS",8,8,46,46,46,TRUE
"3055005","RS",8,8,46,46,46,TRUE
"3056004","RS",8,8,46,46,46,TRUE
"3153006","RS",8,8,46,46,46,TRUE
"3154003","RS",8,8,46,46,46,TRUE
"2751015","RS",8,8,45,45,45,TRUE
"2851043","RS",8,8,45,45,45,TRUE
"2853023","RS",8,8,45,45,45,TRUE
"3051004","RS",8,8,45,45,45,TRUE
"3057002","RS",8,8,45,45,45,TRUE
"3152005","RS",8,8,45,45,45,TRUE
"2853028","RS",8,8,44,44,44,TRUE
"2855004","RS",8,8,44,44,44,TRUE
"2950016","RS",8,8,44,44,44,TRUE
"3151002","RS",8,8,44,44,44,TRUE
"83931","RS",8,8,44,44,44,TRUE
"2953007","RS",8,8,43,43,43,TRUE
"3051016","RS",8,8,43,43,43,TRUE
"3155001","RS",8,8,43,43,43,TRUE
"2851026","RS",8,8,42,42,42,TRUE
"2951021","RS",8,8,42,42,42,TRUE
"3052012","RS",8,8,42,42,42,TRUE
"3053017","RS",8,8,42,42,42,TRUE
"2951025","RS",8,8,41,41,41,TRUE
"3051031","RS",8,8,41,41,41,TRUE
"3053012","RS",8,8,41,41,41,TRUE
"3056006","RS",8,8,41,41,41,TRUE
"2852028","RS",8,8,40,40,40,TRUE
"2854013","RS",8,8,40,40,40,TRUE
"2951018","RS",8,8,40,40,40,TRUE
"2954030","RS",8,8,40,40,40,TRUE
"3152013","RS",8,8,40,40,40,TRUE
"2852030","RS",8,8,39,39,39,TRUE
"2855007","RS",8,8,39,39,39,TRUE
"2954031","RS",8,8,39,39,39,TRUE
"2954032","RS",8,8,39,39,39,TRUE
"3050007","RS",8,8,39,39,39,TRUE
"83880","RS",8,8,39,39,39,TRUE
"2856006","RS",8,8,38,38,38,TRUE
"2950020","RS",8,8,38,38,38,TRUE
"2952034","RS",8,8,38,38,38,TRUE
"3053020","RS",8,8,38,38,38,TRUE
"3056007","RS",8,8,38,38,38,TRUE
"3153021","RS",8,8,38,38,38,TRUE
"3252024","RS",8,8,38,38,38,TRUE
"2752021","RS",8,8,37,37,37,TRUE
"2852050","RS",8,8,37,37,37,TRUE
"2953037","RS",8,8,37,37,37,TRUE
"3053018","RS",8,8,37,37,37,TRUE
"3053021","RS",8,8,37,37,37,TRUE
"3053022","RS",8,8,37,37,37,TRUE
"2852008","RS",8,8,36,36,36,TRUE
"2853008","RS",8,8,36,36,36,TRUE
"2856007","RS",8,8,36,36,36,TRUE
"2951067","RS",8,8,36,36,36,TRUE
"2952001","RS",8,8,36,36,36,TRUE
"3052016","RS",8,8,36,36,36,TRUE
"3054018","RS",8,8,36,36,36,TRUE
"3055007","RS",8,8,36,36,36,TRUE
"83963","RS",8,8,36,36,36,TRUE
"2851008","RS",8,8,35,35,35,TRUE
"2950011","RS",8,8,35,35,35,TRUE
"2956009","RS",8,8,35,35,35,TRUE
"3051003","RS",8,8,35,35,35,TRUE
"83940","RS",8,8,35,35,35,TRUE
"83966","RS",8,8,35,35,35,TRUE
"2751005","RS",8,8,34,34,34,TRUE
"2752009","RS",8,8,34,34,34,TRUE
"2752013","RS",8,8,34,34,34,TRUE
"2950009","RS",8,8,34,34,34,TRUE
"2951070","RS",8,8,34,34,34,TRUE
"2955013","RS",8,8,34,34,34,TRUE
"2851044","RS",8,8,33,33,33,TRUE
"2853006","RS",8,8,33,33,33,TRUE
"2950007","RS",8,8,33,33,33,TRUE
"2950035","RS",8,8,33,33,33,TRUE
"3052008","RS",8,8,33,33,33,TRUE
"2751008","RS",8,8,32,32,32,TRUE
"2751018","RS",8,8,32,32,32,TRUE
"2950017","RS",8,8,32,32,32,TRUE
"2950026","RS",8,8,32,32,32,TRUE
"2950030","RS",8,8,32,32,32,TRUE
"2953022","RS",8,8,32,32,32,TRUE
"83954","RS",8,8,32,32,32,TRUE
"83983","RS",8,8,32,32,32,TRUE
"2754004","RS",8,8,31,31,31,TRUE
"2950003","RS",8,8,31,31,31,TRUE
"2950029","RS",8,8,31,31,31,TRUE
"2950041","RS",8,8,31,31,31,TRUE
"2953006","RS",8,8,31,31,31,TRUE
"3050008","RS",8,8,31,31,31,TRUE
"3053015","RS",8,8,31,31,31,TRUE
"2850010","RS",8,8,30,30,30,TRUE
"2851001","RS",8,8,30,30,30,TRUE
"2852001","RS",8,8,30,30,30,TRUE
"2852002","RS",8,8,30,30,30,TRUE
"2852003","RS",8,8,30,30,30,TRUE
"2852011","RS",8,8,30,30,30,TRUE
"2950018","RS",8,8,30,30,30,TRUE
"2951042","RS",8,8,30,30,30,TRUE
"2952010","RS",8,8,30,30,30,TRUE
"3055008","RS",8,8,30,30,30,TRUE
"3151004","RS",8,8,30,30,30,TRUE
"3153014","RS",8,8,30,30,30,TRUE
"83956","RS",8,8,30,30,30,TRUE
"2649002","SC",8,8,95,95,95,TRUE
"2649004","SC",8,8,94,94,94,TRUE
"2749003","SC",8,8,92,92,92,TRUE
"2749001","SC",8,8,86,86,86,TRUE
"2749000","SC",8,8,83,83,83,TRUE
"2749006","SC",8,8,83,83,83,TRUE
"2749002","SC",8,8,82,82,82,TRUE
"2749005","SC",8,8,82,82,82,TRUE
"2649008","SC",8,8,81,81,81,TRUE
"2749007","SC",8,8,81,81,81,TRUE
"2849000","SC",8,8,81,81,81,TRUE
"2849002","SC",8,8,81,81,81,TRUE
"2849001","SC",8,8,80,80,80,TRUE
"2649003","SC",8,8,79,79,79,TRUE
"2651001","SC",8,8,79,79,79,TRUE
"2849005","SC",8,8,79,79,79,TRUE
"2748003","SC",8,8,78,78,78,TRUE
"2749013","SC",8,8,78,78,78,TRUE
"2849008","SC",8,8,78,78,78,TRUE
"2648002","SC",8,8,77,77,77,TRUE
"2649013","SC",8,8,77,77,77,TRUE
"2748001","SC",8,8,77,77,77,TRUE
"2749012","SC",8,8,77,77,77,TRUE
"2648014","SC",8,8,75,75,75,TRUE
"2649010","SC",8,8,75,75,75,TRUE
"2649009","SC",8,8,74,74,74,TRUE
"2648001","SC",8,8,73,73,73,TRUE
"2649007","SC",8,8,73,73,73,TRUE
"2848000","SC",8,8,73,73,73,TRUE
"2748000","SC",8,8,71,71,71,TRUE
"2751004","SC",8,8,71,71,71,TRUE
"2653007","SC",8,8,69,69,69,TRUE
"2649017","SC",8,8,68,68,68,TRUE
"2748002","SC",8,8,67,67,67,TRUE
"2749016","SC",8,8,67,67,67,TRUE
"2652000","SC",8,8,66,66,66,TRUE
"2750009","SC",8,8,66,66,66,TRUE
"2649005","SC",8,8,65,65,65,TRUE
"2753006","SC",8,8,65,65,65,TRUE
"2750007","SC",8,8,64,64,64,TRUE
"2750010","SC",8,8,64,64,64,TRUE
"2849004","SC",8,8,63,63,63,TRUE
"83891","SC",8,8,63,63,63,TRUE
"2748005","SC",8,8,62,62,62,TRUE
"2749015","SC",8,8,62,62,62,TRUE
"2749031","SC",8,8,62,62,62,TRUE
"2750008","SC",8,8,62,62,62,TRUE
"2649001","SC",8,8,61,61,61,TRUE
"2850004","SC",8,8,61,61,61,TRUE
"2650000","SC",8,8,60,60,60,TRUE
"2750012","SC",8,8,60,60,60,TRUE
"2750011","SC",8,8,59,59,59,TRUE
"2752005","SC",8,8,59,59,59,TRUE
"2849006","SC",8,8,59,59,59,TRUE
"83897","SC",8,8,58,58,58,TRUE
"2749009","SC",8,8,57,57,57,TRUE
"2650003","SC",8,8,56,56,56,TRUE
"83923","SC",8,8,56,56,56,TRUE
"2649016","SC",8,8,55,55,55,TRUE
"2651011","SC",8,8,55,55,55,TRUE
"2652001","SC",8,8,54,54,54,TRUE
"2653004","SC",8,8,54,54,54,TRUE
"2751001","SC",8,8,53,53,53,TRUE
"2749017","SC",8,8,52,52,52,TRUE
"2750014","SC",8,8,51,51,51,TRUE
"2849009","SC",8,8,51,51,51,TRUE
"83920","SC",8,8,51,51,51,TRUE
"2652002","SC",8,8,50,50,50,TRUE
"2653001","SC",8,8,50,50,50,TRUE
"2653003","SC",8,8,50,50,50,TRUE
"2653005","SC",8,8,50,50,50,TRUE
"2749027","SC",8,8,50,50,50,TRUE
"2748018","SC",8,8,48,48,48,TRUE
"2749020","SC",8,8,48,48,48,TRUE
"2751002","SC",8,8,48,48,48,TRUE
"2849020","SC",8,8,48,48,48,TRUE
"2648020","SC",8,8,47,47,47,TRUE
"2648027","SC",8,8,47,47,47,TRUE
"2649037","SC",8,8,47,47,47,TRUE
"2652021","SC",8,8,47,47,47,TRUE
"2652031","SC",8,8,47,47,47,TRUE
"2653002","SC",8,8,47,47,47,TRUE
"2749033","SC",8,8,47,47,47,TRUE
"2749034","SC",8,8,47,47,47,TRUE
"2750020","SC",8,8,47,47,47,TRUE
"2751012","SC",8,8,47,47,47,TRUE
"2753013","SC",8,8,47,47,47,TRUE
"2849019","SC",8,8,47,47,47,TRUE
"2649055","SC",8,8,46,46,46,TRUE
"2649057","SC",8,8,46,46,46,TRUE
"2650018","SC",8,8,46,46,46,TRUE
"2651036","SC",8,8,46,46,46,TRUE
"2651040","SC",8,8,46,46,46,TRUE
"2748016","SC",8,8,46,46,46,TRUE
"2748017","SC",8,8,46,46,46,TRUE
"2749037","SC",8,8,46,46,46,TRUE
"2849021","SC",8,8,46,46,46,TRUE
"2849023","SC",8,8,46,46,46,TRUE
"2949001","SC",8,8,46,46,46,TRUE
"2949003","SC",8,8,46,46,46,TRUE
"2648028","SC",8,8,45,45,45,TRUE
"2649012","SC",8,8,45,45,45,TRUE
"2649056","SC",8,8,45,45,45,TRUE
"2650016","SC",8,8,45,45,45,TRUE
"2650019","SC",8,8,45,45,45,TRUE
"2653013","SC",8,8,45,45,45,TRUE
"2749035","SC",8,8,45,45,45,TRUE
"2749039","SC",8,8,45,45,45,TRUE
"2751011","SC",8,8,45,45,45,TRUE
"2848006","SC",8,8,45,45,45,TRUE
"2848007","SC",8,8,45,45,45,TRUE
"83887","SC",8,8,45,45,45,TRUE
"2649058","SC",8,8,44,44,44,TRUE
"2651022","SC",8,8,44,44,44,TRUE
"2650015","SC",8,8,43,43,43,TRUE
"2750002","SC",8,8,43,43,43,TRUE
"2849022","SC",8,8,43,43,43,TRUE
"2649030","SC",8,8,42,42,42,TRUE
"2649033","SC",8,8,42,42,42,TRUE
"2649054","SC",8,8,42,42,42,TRUE
"2650008","SC",8,8,42,42,42,TRUE
"2651044","SC",8,8,42,42,42,TRUE
"2749022","SC",8,8,42,42,42,TRUE
"2749024","SC",8,8,42,42,42,TRUE
"83858","SC",8,8,42,42,42,TRUE
"2649060","SC",8,8,41,41,41,TRUE
"2652034","SC",8,8,41,41,41,TRUE
"2749023","SC",8,8,41,41,41,TRUE
"2749041","SC",8,8,41,41,41,TRUE
"2849024","SC",8,8,41,41,41,TRUE
"83883","SC",8,8,41,41,41,TRUE
"2649026","SC",8,8,40,40,40,TRUE
"2649027","SC",8,8,40,40,40,TRUE
"2649053","SC",8,8,40,40,40,TRUE
"2649061","SC",8,8,40,40,40,TRUE
"2649064","SC",8,8,40,40,40,TRUE
"2650022","SC",8,8,40,40,40,TRUE
"2748004","SC",8,8,40,40,40,TRUE
"2748019","SC",8,8,40,40,40,TRUE
"2649025","SC",8,8,39,39,39,TRUE
"2749008","SC",8,8,39,39,39,TRUE
"2750021","SC",8,8,39,39,39,TRUE
"2751010","SC",8,8,39,39,39,TRUE
"83872","SC",8,8,39,39,39,TRUE
"2749045","SC",8,8,38,38,38,TRUE
"2649032","SC",8,8,37,37,37,TRUE
"2650023","SC",8,8,37,37,37,TRUE
"2751003","SC",8,8,37,37,37,TRUE
"2751009","SC",8,8,37,37,37,TRUE
"2848009","SC",8,8,37,37,37,TRUE
"2950056","SC",8,8,37,37,37,TRUE
"2648034","SC",8,8,36,36,36,TRUE
"2749046","SC",8,8,36,36,36,TRUE
"2750001","SC",8,8,36,36,36,TRUE
"2849027","SC",8,8,36,36,36,TRUE
"2649031","SC",8,8,35,35,35,TRUE
"2749025","SC",8,8,35,35,35,TRUE
"2849028","SC",8,8,35,35,35,TRUE
"2849031","SC",8,8,35,35,35,TRUE
"2648005","SC",8,8,34,34,34,TRUE
"2648019","SC",8,8,34,34,34,TRUE
"2648033","SC",8,8,34,34,34,TRUE
"2651052","SC",8,8,34,34,34,TRUE
"2749014","SC",8,8,34,34,34,TRUE
"2749019","SC",8,8,34,34,34,TRUE
"83924","SC",8,8,34,34,34,TRUE
"2849030","SC",8,8,33,33,33,TRUE
"2651002","SC",8,8,32,32,32,TRUE
"83865","SC",8,8,32,32,32,TRUE
"2648000","SC",8,8,31,31,31,TRUE
"2849003","SC",8,8,31,31,31,TRUE
"2650014","SC",8,8,30,30,30,TRUE
"2652004","SC",8,8,30,30,30,TRUE
"2749010","SC",8,8,30,30,30,TRUE
"2849029","SC",8,8,30,30,30,TRUE
"1137001","SE",8,8,81,81,81,TRUE
"1137017","SE",8,8,81,81,81,TRUE
"1037034","SE",8,8,77,77,77,TRUE
"1037036","SE",8,8,77,77,77,TRUE
"1037007","SE",8,8,74,74,74,TRUE
"1037045","SE",8,8,73,73,73,TRUE
"1036026","SE",8,8,72,72,72,TRUE
"1137011","SE",8,8,72,72,72,TRUE
"937028","SE",8,8,70,70,70,TRUE
"1037003","SE",8,8,68,68,68,TRUE
"1037019","SE",8,8,68,68,68,TRUE
"1037049","SE",8,8,68,68,68,TRUE
"1137015","SE",8,8,68,68,68,TRUE
"1037032","SE",8,8,67,67,67,TRUE
"937026","SE",8,8,67,67,67,TRUE
"1037025","SE",8,8,66,66,66,TRUE
"1037028","SE",8,8,66,66,66,TRUE
"1037014","SE",8,8,65,65,65,TRUE
"1138000","SE",8,8,63,63,63,TRUE
"1036014","SE",8,8,62,62,62,TRUE
"1036021","SE",8,8,62,62,62,TRUE
"1137020","SE",8,8,62,62,62,TRUE
"1036024","SE",8,8,61,61,61,TRUE
"1037022","SE",8,8,61,61,61,TRUE
"1037002","SE",8,8,58,58,58,TRUE
"83096","SE",8,8,58,58,58,TRUE
"83097","SE",8,8,56,56,56,TRUE
"83195","SE",8,8,53,53,53,TRUE
"1036048","SE",8,8,47,47,47,TRUE
"937029","SE",8,8,42,42,42,TRUE
"1037006","SE",8,8,40,40,40,TRUE
"1038000","SE",8,8,40,40,40,TRUE
"1036016","SE",8,8,39,39,39,TRUE
"1037009","SE",8,8,39,39,39,TRUE
"1037078","SE",8,8,39,39,39,TRUE
"937030","SE",8,8,39,39,39,TRUE
"1037008","SE",8,8,37,37,37,TRUE
"1036063","SE",8,8,33,33,33,TRUE
"1137023","SE",8,8,32,32,32,TRUE
"2346045","SP",8,8,109,109,109,TRUE
"2347026","SP",8,8,98,98,98,TRUE
"2148028","SP",8,8,94,94,94,TRUE
"2345047","SP",8,8,93,93,93,TRUE
"2245048","SP",8,8,90,90,90,TRUE
"2345063","SP",8,8,90,90,90,TRUE
"2245055","SP",8,8,89,89,89,TRUE
"2345065","SP",8,8,89,89,89,TRUE
"2345067","SP",8,8,89,89,89,TRUE
"2247020","SP",8,8,88,88,88,TRUE
"2346059","SP",8,8,88,88,88,TRUE
"2148012","SP",8,8,87,87,87,TRUE
"2345062","SP",8,8,87,87,87,TRUE
"2349007","SP",8,8,87,87,87,TRUE
"2447045","SP",8,8,87,87,87,TRUE
"2047018","SP",8,8,86,86,86,TRUE
"2049014","SP",8,8,86,86,86,TRUE
"2049033","SP",8,8,86,86,86,TRUE
"2148078","SP",8,8,86,86,86,TRUE
"2244010","SP",8,8,86,86,86,TRUE
"2247004","SP",8,8,86,86,86,TRUE
"2047025","SP",8,8,85,85,85,TRUE
"2148041","SP",8,8,85,85,85,TRUE
"2149017","SP",8,8,85,85,85,TRUE
"2246019","SP",8,8,85,85,85,TRUE
"2147117","SP",8,8,84,84,84,TRUE
"2148015","SP",8,8,84,84,84,TRUE
"2246013","SP",8,8,84,84,84,TRUE
"2246035","SP",8,8,84,84,84,TRUE
"2247010","SP",8,8,84,84,84,TRUE
"2249011","SP",8,8,84,84,84,TRUE
"2347007","SP",8,8,84,84,84,TRUE
"2348008","SP",8,8,84,84,84,TRUE
"2348033","SP",8,8,84,84,84,TRUE
"2349011","SP",8,8,84,84,84,TRUE
"2048021","SP",8,8,83,83,83,TRUE
"2048023","SP",8,8,83,83,83,TRUE
"2048047","SP",8,8,83,83,83,TRUE
"2146007","SP",8,8,83,83,83,TRUE
"2147014","SP",8,8,83,83,83,TRUE
"2148043","SP",8,8,83,83,83,TRUE
"2148060","SP",8,8,83,83,83,TRUE
"2149006","SP",8,8,83,83,83,TRUE
"2149021","SP",8,8,83,83,83,TRUE
"2150026","SP",8,8,83,83,83,TRUE
"2246023","SP",8,8,83,83,83,TRUE
"2247011","SP",8,8,83,83,83,TRUE
"2248025","SP",8,8,83,83,83,TRUE
"2248026","SP",8,8,83,83,83,TRUE
"2249034","SP",8,8,83,83,83,TRUE
"2250023","SP",8,8,83,83,83,TRUE
"2346030","SP",8,8,83,83,83,TRUE
"2347050","SP",8,8,83,83,83,TRUE
"2348017","SP",8,8,83,83,83,TRUE
"2348028","SP",8,8,83,83,83,TRUE
"2348037","SP",8,8,83,83,83,TRUE
"2447043","SP",8,8,83,83,83,TRUE
"2048027","SP",8,8,82,82,82,TRUE
"2147006","SP",8,8,82,82,82,TRUE
"2148001","SP",8,8,82,82,82,TRUE
"2148061","SP",8,8,82,82,82,TRUE
"2148106","SP",8,8,82,82,82,TRUE
"2150030","SP",8,8,82,82,82,TRUE
"2245032","SP",8,8,82,82,82,TRUE
"2247046","SP",8,8,82,82,82,TRUE
"2346001","SP",8,8,82,82,82,TRUE
"2346052","SP",8,8,82,82,82,TRUE
"2346095","SP",8,8,82,82,82,TRUE
"2346101","SP",8,8,82,82,82,TRUE
"2447048","SP",8,8,82,82,82,TRUE
"2047017","SP",8,8,81,81,81,TRUE
"2047027","SP",8,8,81,81,81,TRUE
"2048020","SP",8,8,81,81,81,TRUE
"2146011","SP",8,8,81,81,81,TRUE
"2146014","SP",8,8,81,81,81,TRUE
"2147123","SP",8,8,81,81,81,TRUE
"2150022","SP",8,8,81,81,81,TRUE
"2245054","SP",8,8,81,81,81,TRUE
"2247055","SP",8,8,81,81,81,TRUE
"2248005","SP",8,8,81,81,81,TRUE
"2249023","SP",8,8,81,81,81,TRUE
"2345032","SP",8,8,81,81,81,TRUE
"2346060","SP",8,8,81,81,81,TRUE
"2346097","SP",8,8,81,81,81,TRUE
"2048029","SP",8,8,80,80,80,TRUE
"2150010","SP",8,8,80,80,80,TRUE
"2246022","SP",8,8,80,80,80,TRUE
"2247015","SP",8,8,80,80,80,TRUE
"2249006","SP",8,8,80,80,80,TRUE
"2249008","SP",8,8,80,80,80,TRUE
"2249028","SP",8,8,80,80,80,TRUE
"2347005","SP",8,8,80,80,80,TRUE
"2447009","SP",8,8,80,80,80,TRUE
"2447030","SP",8,8,80,80,80,TRUE
"2048014","SP",8,8,79,79,79,TRUE
"2048019","SP",8,8,79,79,79,TRUE
"2048065","SP",8,8,79,79,79,TRUE
"2049013","SP",8,8,79,79,79,TRUE
"2049017","SP",8,8,79,79,79,TRUE
"2049021","SP",8,8,79,79,79,TRUE
"2051007","SP",8,8,79,79,79,TRUE
"2146010","SP",8,8,79,79,79,TRUE
"2149007","SP",8,8,79,79,79,TRUE
"2150061","SP",8,8,79,79,79,TRUE
"2151059","SP",8,8,79,79,79,TRUE
"2245029","SP",8,8,79,79,79,TRUE
"2246021","SP",8,8,79,79,79,TRUE
"2246025","SP",8,8,79,79,79,TRUE
"2246033","SP",8,8,79,79,79,TRUE
"2345012","SP",8,8,79,79,79,TRUE
"2346081","SP",8,8,79,79,79,TRUE
"2349003","SP",8,8,79,79,79,TRUE
"2048015","SP",8,8,78,78,78,TRUE
"2048034","SP",8,8,78,78,78,TRUE
"2147004","SP",8,8,78,78,78,TRUE
"2147092","SP",8,8,78,78,78,TRUE
"2148016","SP",8,8,78,78,78,TRUE
"2148033","SP",8,8,78,78,78,TRUE
"2247005","SP",8,8,78,78,78,TRUE
"2247059","SP",8,8,78,78,78,TRUE
"2250009","SP",8,8,78,78,78,TRUE
"2251014","SP",8,8,78,78,78,TRUE
"2251066","SP",8,8,78,78,78,TRUE
"2346066","SP",8,8,78,78,78,TRUE
"2347057","SP",8,8,78,78,78,TRUE
"2447046","SP",8,8,78,78,78,TRUE
"2448017","SP",8,8,78,78,78,TRUE
"2047058","SP",8,8,77,77,77,TRUE
"2047067","SP",8,8,77,77,77,TRUE
"2048016","SP",8,8,77,77,77,TRUE
"2049012","SP",8,8,77,77,77,TRUE
"2049027","SP",8,8,77,77,77,TRUE
"2147113","SP",8,8,77,77,77,TRUE
"2149022","SP",8,8,77,77,77,TRUE
"2150019","SP",8,8,77,77,77,TRUE
"2151002","SP",8,8,77,77,77,TRUE
"2245018","SP",8,8,77,77,77,TRUE
"2248030","SP",8,8,77,77,77,TRUE
"2248045","SP",8,8,77,77,77,TRUE
"2345057","SP",8,8,77,77,77,TRUE
"2345058","SP",8,8,77,77,77,TRUE
"2346010","SP",8,8,77,77,77,TRUE
"2346040","SP",8,8,77,77,77,TRUE
"2346057","SP",8,8,77,77,77,TRUE
"2346065","SP",8,8,77,77,77,TRUE
"2148036","SP",8,8,76,76,76,TRUE
"2150029","SP",8,8,76,76,76,TRUE
"2246020","SP",8,8,76,76,76,TRUE
"2247022","SP",8,8,76,76,76,TRUE
"2249005","SP",8,8,76,76,76,TRUE
"2251018","SP",8,8,76,76,76,TRUE
"2345076","SP",8,8,76,76,76,TRUE
"2346094","SP",8,8,76,76,76,TRUE
"2449001","SP",8,8,76,76,76,TRUE
"2047029","SP",8,8,75,75,75,TRUE
"2049010","SP",8,8,75,75,75,TRUE
"2146002","SP",8,8,75,75,75,TRUE
"2147001","SP",8,8,75,75,75,TRUE
"2147003","SP",8,8,75,75,75,TRUE
"2147013","SP",8,8,75,75,75,TRUE
"2149003","SP",8,8,75,75,75,TRUE
"2149008","SP",8,8,75,75,75,TRUE
"2150024","SP",8,8,75,75,75,TRUE
"2150038","SP",8,8,75,75,75,TRUE
"2151013","SP",8,8,75,75,75,TRUE
"2244133","SP",8,8,75,75,75,TRUE
"2246028","SP",8,8,75,75,75,TRUE
"2246104","SP",8,8,75,75,75,TRUE
"2247044","SP",8,8,75,75,75,TRUE
"2247075","SP",8,8,75,75,75,TRUE
"2248028","SP",8,8,75,75,75,TRUE
"2250013","SP",8,8,75,75,75,TRUE
"2345048","SP",8,8,75,75,75,TRUE
"2346086","SP",8,8,75,75,75,TRUE
"2346127","SP",8,8,75,75,75,TRUE
"2347056","SP",8,8,75,75,75,TRUE
"2347059","SP",8,8,75,75,75,TRUE
"2148044","SP",8,8,74,74,74,TRUE
"2149005","SP",8,8,74,74,74,TRUE
"2244001","SP",8,8,74,74,74,TRUE
"2244004","SP",8,8,74,74,74,TRUE
"2246038","SP",8,8,74,74,74,TRUE
"2248015","SP",8,8,74,74,74,TRUE
"2346002","SP",8,8,74,74,74,TRUE
"2346046","SP",8,8,74,74,74,TRUE
"2346099","SP",8,8,74,74,74,TRUE
"2347043","SP",8,8,74,74,74,TRUE
"2347058","SP",8,8,74,74,74,TRUE
"2349005","SP",8,8,74,74,74,TRUE
"2349020","SP",8,8,74,74,74,TRUE
"2446001","SP",8,8,74,74,74,TRUE
"2147019","SP",8,8,73,73,73,TRUE
"2149001","SP",8,8,73,73,73,TRUE
"2245007","SP",8,8,73,73,73,TRUE
"2246015","SP",8,8,73,73,73,TRUE
"2246034","SP",8,8,73,73,73,TRUE
"2247006","SP",8,8,73,73,73,TRUE
"2247110","SP",8,8,73,73,73,TRUE
"2249058","SP",8,8,73,73,73,TRUE
"2250024","SP",8,8,73,73,73,TRUE
"2250062","SP",8,8,73,73,73,TRUE
"2347060","SP",8,8,73,73,73,TRUE
"2348031","SP",8,8,73,73,73,TRUE
"2047059","SP",8,8,72,72,72,TRUE
"2048087","SP",8,8,72,72,72,TRUE
"2049024","SP",8,8,72,72,72,TRUE
"2150040","SP",8,8,72,72,72,TRUE
"2151010","SP",8,8,72,72,72,TRUE
"2151011","SP",8,8,72,72,72,TRUE
"2151019","SP",8,8,72,72,72,TRUE
"2246017","SP",8,8,72,72,72,TRUE
"2249086","SP",8,8,72,72,72,TRUE
"2346019","SP",8,8,72,72,72,TRUE
"2347029","SP",8,8,72,72,72,TRUE
"2347061","SP",8,8,72,72,72,TRUE
"2349017","SP",8,8,72,72,72,TRUE
"2447026","SP",8,8,72,72,72,TRUE
"2447036","SP",8,8,72,72,72,TRUE
"2447037","SP",8,8,72,72,72,TRUE
"2447044","SP",8,8,72,72,72,TRUE
"2051012","SP",8,8,71,71,71,TRUE
"2146009","SP",8,8,71,71,71,TRUE
"2245010","SP",8,8,71,71,71,TRUE
"2246090","SP",8,8,71,71,71,TRUE
"2247031","SP",8,8,71,71,71,TRUE
"2251010","SP",8,8,71,71,71,TRUE
"2346021","SP",8,8,71,71,71,TRUE
"2446003","SP",8,8,71,71,71,TRUE
"2448018","SP",8,8,71,71,71,TRUE
"2147016","SP",8,8,70,70,70,TRUE
"2151005","SP",8,8,70,70,70,TRUE
"2244124","SP",8,8,70,70,70,TRUE
"2245011","SP",8,8,70,70,70,TRUE
"2250063","SP",8,8,70,70,70,TRUE
"2251009","SP",8,8,70,70,70,TRUE
"2345023","SP",8,8,70,70,70,TRUE
"2346076","SP",8,8,70,70,70,TRUE
"2347025","SP",8,8,70,70,70,TRUE
"2347049","SP",8,8,70,70,70,TRUE
"2347053","SP",8,8,70,70,70,TRUE
"2349023","SP",8,8,70,70,70,TRUE
"2447034","SP",8,8,70,70,70,TRUE
"2447042","SP",8,8,70,70,70,TRUE
"83782","SP",8,8,70,70,70,TRUE
"2048032","SP",8,8,69,69,69,TRUE
"2147012","SP",8,8,69,69,69,TRUE
"2149028","SP",8,8,69,69,69,TRUE
"2150021","SP",8,8,69,69,69,TRUE
"2150034","SP",8,8,69,69,69,TRUE
"2247018","SP",8,8,69,69,69,TRUE
"2248029","SP",8,8,69,69,69,TRUE
"2251011","SP",8,8,69,69,69,TRUE
"2345051","SP",8,8,69,69,69,TRUE
"2345071","SP",8,8,69,69,69,TRUE
"2347052","SP",8,8,69,69,69,TRUE
"2347062","SP",8,8,69,69,69,TRUE
"2349002","SP",8,8,69,69,69,TRUE
"2149064","SP",8,8,68,68,68,TRUE
"2149069","SP",8,8,68,68,68,TRUE
"2151008","SP",8,8,68,68,68,TRUE
"2246095","SP",8,8,68,68,68,TRUE
"2247028","SP",8,8,68,68,68,TRUE
"2249032","SP",8,8,68,68,68,TRUE
"2249070","SP",8,8,68,68,68,TRUE
"2345034","SP",8,8,68,68,68,TRUE
"2346051","SP",8,8,68,68,68,TRUE
"2346329","SP",8,8,68,68,68,TRUE
"2349004","SP",8,8,68,68,68,TRUE
"2147007","SP",8,8,67,67,67,TRUE
"2147043","SP",8,8,67,67,67,TRUE
"2150001","SP",8,8,67,67,67,TRUE
"2150013","SP",8,8,67,67,67,TRUE
"2151035","SP",8,8,67,67,67,TRUE
"2151039","SP",8,8,67,67,67,TRUE
"2245122","SP",8,8,67,67,67,TRUE
"2247058","SP",8,8,67,67,67,TRUE
"2251013","SP",8,8,67,67,67,TRUE
"2345024","SP",8,8,67,67,67,TRUE
"2345103","SP",8,8,67,67,67,TRUE
"2346053","SP",8,8,67,67,67,TRUE
"2346071","SP",8,8,67,67,67,TRUE
"2348034","SP",8,8,67,67,67,TRUE
"2447010","SP",8,8,67,67,67,TRUE
"2447016","SP",8,8,67,67,67,TRUE
"2047028","SP",8,8,66,66,66,TRUE
"2150028","SP",8,8,66,66,66,TRUE
"2151006","SP",8,8,66,66,66,TRUE
"2245020","SP",8,8,66,66,66,TRUE
"2245128","SP",8,8,66,66,66,TRUE
"2251012","SP",8,8,66,66,66,TRUE
"2346032","SP",8,8,66,66,66,TRUE
"2349016","SP",8,8,66,66,66,TRUE
"2047021","SP",8,8,65,65,65,TRUE
"2049029","SP",8,8,65,65,65,TRUE
"2051018","SP",8,8,65,65,65,TRUE
"2051032","SP",8,8,65,65,65,TRUE
"2148160","SP",8,8,65,65,65,TRUE
"2151020","SP",8,8,65,65,65,TRUE
"2246016","SP",8,8,65,65,65,TRUE
"2247039","SP",8,8,65,65,65,TRUE
"2247041","SP",8,8,65,65,65,TRUE
"2345008","SP",8,8,65,65,65,TRUE
"2346014","SP",8,8,65,65,65,TRUE
"2346333","SP",8,8,65,65,65,TRUE
"2347027","SP",8,8,65,65,65,TRUE
"2347046","SP",8,8,65,65,65,TRUE
"2447002","SP",8,8,65,65,65,TRUE
"2447013","SP",8,8,65,65,65,TRUE
"2448024","SP",8,8,65,65,65,TRUE
"2049004","SP",8,8,64,64,64,TRUE
"2049009","SP",8,8,64,64,64,TRUE
"2050002","SP",8,8,64,64,64,TRUE
"2150037","SP",8,8,64,64,64,TRUE
"2246037","SP",8,8,64,64,64,TRUE
"2346090","SP",8,8,64,64,64,TRUE
"2348003","SP",8,8,64,64,64,TRUE
"2047008","SP",8,8,63,63,63,TRUE
"2050004","SP",8,8,63,63,63,TRUE
"2050011","SP",8,8,63,63,63,TRUE
"2050024","SP",8,8,63,63,63,TRUE
"2147031","SP",8,8,63,63,63,TRUE
"2147033","SP",8,8,63,63,63,TRUE
"2148034","SP",8,8,63,63,63,TRUE
"2148079","SP",8,8,63,63,63,TRUE
"2150032","SP",8,8,63,63,63,TRUE
"2151017","SP",8,8,63,63,63,TRUE
"2245129","SP",8,8,63,63,63,TRUE
"2246007","SP",8,8,63,63,63,TRUE
"2247003","SP",8,8,63,63,63,TRUE
"2247012","SP",8,8,63,63,63,TRUE
"2247042","SP",8,8,63,63,63,TRUE
"2346152","SP",8,8,63,63,63,TRUE
"2447007","SP",8,8,63,63,63,TRUE
"2050025","SP",8,8,62,62,62,TRUE
"2150067","SP",8,8,62,62,62,TRUE
"2151021","SP",8,8,62,62,62,TRUE
"2246115","SP",8,8,62,62,62,TRUE
"2248016","SP",8,8,62,62,62,TRUE
"2249018","SP",8,8,62,62,62,TRUE
"2345037","SP",8,8,62,62,62,TRUE
"2345164","SP",8,8,62,62,62,TRUE
"2346198","SP",8,8,62,62,62,TRUE
"2348016","SP",8,8,62,62,62,TRUE
"2447001","SP",8,8,62,62,62,TRUE
"2448014","SP",8,8,62,62,62,TRUE
"83781","SP",8,8,62,62,62,TRUE
"2047068","SP",8,8,61,61,61,TRUE
"2048035","SP",8,8,61,61,61,TRUE
"2050001","SP",8,8,61,61,61,TRUE
"2147037","SP",8,8,61,61,61,TRUE
"2148003","SP",8,8,61,61,61,TRUE
"2148029","SP",8,8,61,61,61,TRUE
"2150015","SP",8,8,61,61,61,TRUE
"2151053","SP",8,8,61,61,61,TRUE
"2244003","SP",8,8,61,61,61,TRUE
"2246002","SP",8,8,61,61,61,TRUE
"2247017","SP",8,8,61,61,61,TRUE
"2249029","SP",8,8,61,61,61,TRUE
"2250007","SP",8,8,61,61,61,TRUE
"2345102","SP",8,8,61,61,61,TRUE
"2346170","SP",8,8,61,61,61,TRUE
"2346315","SP",8,8,61,61,61,TRUE
"2347042","SP",8,8,61,61,61,TRUE
"2447005","SP",8,8,61,61,61,TRUE
"2447040","SP",8,8,61,61,61,TRUE
"2448004","SP",8,8,61,61,61,TRUE
"2448013","SP",8,8,61,61,61,TRUE
"83630","SP",8,8,61,61,61,TRUE
"2146003","SP",8,8,60,60,60,TRUE
"2147023","SP",8,8,60,60,60,TRUE
"2148086","SP",8,8,60,60,60,TRUE
"2149030","SP",8,8,60,60,60,TRUE
"2244005","SP",8,8,60,60,60,TRUE
"2248009","SP",8,8,60,60,60,TRUE
"2248014","SP",8,8,60,60,60,TRUE
"2249020","SP",8,8,60,60,60,TRUE
"2251019","SP",8,8,60,60,60,TRUE
"2345159","SP",8,8,60,60,60,TRUE
"2346064","SP",8,8,60,60,60,TRUE
"2346069","SP",8,8,60,60,60,TRUE
"2346169","SP",8,8,60,60,60,TRUE
"2346181","SP",8,8,60,60,60,TRUE
"2347004","SP",8,8,60,60,60,TRUE
"2347006","SP",8,8,60,60,60,TRUE
"2347080","SP",8,8,60,60,60,TRUE
"2347082","SP",8,8,60,60,60,TRUE
"2447018","SP",8,8,60,60,60,TRUE
"83716","SP",8,8,60,60,60,TRUE
"83786","SP",8,8,60,60,60,TRUE
"2150041","SP",8,8,59,59,59,TRUE
"2247002","SP",8,8,59,59,59,TRUE
"2247032","SP",8,8,59,59,59,TRUE
"2250003","SP",8,8,59,59,59,TRUE
"2251015","SP",8,8,59,59,59,TRUE
"2345161","SP",8,8,59,59,59,TRUE
"2346003","SP",8,8,59,59,59,TRUE
"2346103","SP",8,8,59,59,59,TRUE
"2346191","SP",8,8,59,59,59,TRUE
"2346200","SP",8,8,59,59,59,TRUE
"2346287","SP",8,8,59,59,59,TRUE
"2347002","SP",8,8,59,59,59,TRUE
"2347017","SP",8,8,59,59,59,TRUE
"2347055","SP",8,8,59,59,59,TRUE
"2348005","SP",8,8,59,59,59,TRUE
"2047001","SP",8,8,58,58,58,TRUE
"2047002","SP",8,8,58,58,58,TRUE
"2047005","SP",8,8,58,58,58,TRUE
"2048022","SP",8,8,58,58,58,TRUE
"2049006","SP",8,8,58,58,58,TRUE
"2147094","SP",8,8,58,58,58,TRUE
"2148038","SP",8,8,58,58,58,TRUE
"2148048","SP",8,8,58,58,58,TRUE
"2148128","SP",8,8,58,58,58,TRUE
"2150016","SP",8,8,58,58,58,TRUE
"2244048","SP",8,8,58,58,58,TRUE
"2245050","SP",8,8,58,58,58,TRUE
"2246003","SP",8,8,58,58,58,TRUE
"2247008","SP",8,8,58,58,58,TRUE
"2247054","SP",8,8,58,58,58,TRUE
"2249012","SP",8,8,58,58,58,TRUE
"2250006","SP",8,8,58,58,58,TRUE
"2344009","SP",8,8,58,58,58,TRUE
"2346007","SP",8,8,58,58,58,TRUE
"2346025","SP",8,8,58,58,58,TRUE
"2346054","SP",8,8,58,58,58,TRUE
"2346117","SP",8,8,58,58,58,TRUE
"2346175","SP",8,8,58,58,58,TRUE
"2346206","SP",8,8,58,58,58,TRUE
"2347044","SP",8,8,58,58,58,TRUE
"2347081","SP",8,8,58,58,58,TRUE
"2349013","SP",8,8,58,58,58,TRUE
"2349019","SP",8,8,58,58,58,TRUE
"2047016","SP",8,8,57,57,57,TRUE
"2047019","SP",8,8,57,57,57,TRUE
"2047020","SP",8,8,57,57,57,TRUE
"2048004","SP",8,8,57,57,57,TRUE
"2049028","SP",8,8,57,57,57,TRUE
"2049051","SP",8,8,57,57,57,TRUE
"2146012","SP",8,8,57,57,57,TRUE
"2146015","SP",8,8,57,57,57,TRUE
"2147022","SP",8,8,57,57,57,TRUE
"2147030","SP",8,8,57,57,57,TRUE
"2148071","SP",8,8,57,57,57,TRUE
"2150039","SP",8,8,57,57,57,TRUE
"2247025","SP",8,8,57,57,57,TRUE
"2247027","SP",8,8,57,57,57,TRUE
"2247050","SP",8,8,57,57,57,TRUE
"2250011","SP",8,8,57,57,57,TRUE
"2345041","SP",8,8,57,57,57,TRUE
"2346034","SP",8,8,57,57,57,TRUE
"2346158","SP",8,8,57,57,57,TRUE
"2346423","SP",8,8,57,57,57,TRUE
"2347023","SP",8,8,57,57,57,TRUE
"2347047","SP",8,8,57,57,57,TRUE
"2347084","SP",8,8,57,57,57,TRUE
"2349026","SP",8,8,57,57,57,TRUE
"2448003","SP",8,8,57,57,57,TRUE
"2448007","SP",8,8,57,57,57,TRUE
"2448047","SP",8,8,57,57,57,TRUE
"2548011","SP",8,8,57,57,57,TRUE
"2047010","SP",8,8,56,56,56,TRUE
"2047032","SP",8,8,56,56,56,TRUE
"2048002","SP",8,8,56,56,56,TRUE
"2048033","SP",8,8,56,56,56,TRUE
"2049003","SP",8,8,56,56,56,TRUE
"2050005","SP",8,8,56,56,56,TRUE
"2050006","SP",8,8,56,56,56,TRUE
"2146004","SP",8,8,56,56,56,TRUE
"2146013","SP",8,8,56,56,56,TRUE
"2148050","SP",8,8,56,56,56,TRUE
"2148053","SP",8,8,56,56,56,TRUE
"2149023","SP",8,8,56,56,56,TRUE
"2247024","SP",8,8,56,56,56,TRUE
"2248008","SP",8,8,56,56,56,TRUE
"2249019","SP",8,8,56,56,56,TRUE
"2345019","SP",8,8,56,56,56,TRUE
"2345040","SP",8,8,56,56,56,TRUE
"2345106","SP",8,8,56,56,56,TRUE
"2345152","SP",8,8,56,56,56,TRUE
"2345154","SP",8,8,56,56,56,TRUE
"2346020","SP",8,8,56,56,56,TRUE
"2346035","SP",8,8,56,56,56,TRUE
"2346041","SP",8,8,56,56,56,TRUE
"2346073","SP",8,8,56,56,56,TRUE
"2346156","SP",8,8,56,56,56,TRUE
"2346194","SP",8,8,56,56,56,TRUE
"2347077","SP",8,8,56,56,56,TRUE
"2349025","SP",8,8,56,56,56,TRUE
"2047057","SP",8,8,55,55,55,TRUE
"2049019","SP",8,8,55,55,55,TRUE
"2148123","SP",8,8,55,55,55,TRUE
"2151012","SP",8,8,55,55,55,TRUE
"2245022","SP",8,8,55,55,55,TRUE
"2245036","SP",8,8,55,55,55,TRUE
"2245045","SP",8,8,55,55,55,TRUE
"2246009","SP",8,8,55,55,55,TRUE
"2346050","SP",8,8,55,55,55,TRUE
"2347024","SP",8,8,55,55,55,TRUE
"2347063","SP",8,8,55,55,55,TRUE
"2347090","SP",8,8,55,55,55,TRUE
"2348012","SP",8,8,55,55,55,TRUE
"2348048","SP",8,8,55,55,55,TRUE
"2349014","SP",8,8,55,55,55,TRUE
"2447058","SP",8,8,55,55,55,TRUE
"2547007","SP",8,8,55,55,55,TRUE
"2047060","SP",8,8,54,54,54,TRUE
"2047065","SP",8,8,54,54,54,TRUE
"2146001","SP",8,8,54,54,54,TRUE
"2147077","SP",8,8,54,54,54,TRUE
"2148007","SP",8,8,54,54,54,TRUE
"2149060","SP",8,8,54,54,54,TRUE
"2150031","SP",8,8,54,54,54,TRUE
"2150035","SP",8,8,54,54,54,TRUE
"2247121","SP",8,8,54,54,54,TRUE
"2249069","SP",8,8,54,54,54,TRUE
"2250020","SP",8,8,54,54,54,TRUE
"2252005","SP",8,8,54,54,54,TRUE
"2252034","SP",8,8,54,54,54,TRUE
"2252037","SP",8,8,54,54,54,TRUE
"2345036","SP",8,8,54,54,54,TRUE
"2345111","SP",8,8,54,54,54,TRUE
"2346033","SP",8,8,54,54,54,TRUE
"2346098","SP",8,8,54,54,54,TRUE
"2347038","SP",8,8,54,54,54,TRUE
"2347054","SP",8,8,54,54,54,TRUE
"2349018","SP",8,8,54,54,54,TRUE
"2447012","SP",8,8,54,54,54,TRUE
"2447020","SP",8,8,54,54,54,TRUE
"83669","SP",8,8,54,54,54,TRUE
"2047080","SP",8,8,53,53,53,TRUE
"2048009","SP",8,8,53,53,53,TRUE
"2049015","SP",8,8,53,53,53,TRUE
"2049018","SP",8,8,53,53,53,TRUE
"2050003","SP",8,8,53,53,53,TRUE
"2050013","SP",8,8,53,53,53,TRUE
"2147027","SP",8,8,53,53,53,TRUE
"2147042","SP",8,8,53,53,53,TRUE
"2148010","SP",8,8,53,53,53,TRUE
"2148031","SP",8,8,53,53,53,TRUE
"2149019","SP",8,8,53,53,53,TRUE
"2150017","SP",8,8,53,53,53,TRUE
"2245024","SP",8,8,53,53,53,TRUE
"2245041","SP",8,8,53,53,53,TRUE
"2246008","SP",8,8,53,53,53,TRUE
"2247100","SP",8,8,53,53,53,TRUE
"2248032","SP",8,8,53,53,53,TRUE
"2249033","SP",8,8,53,53,53,TRUE
"2250048","SP",8,8,53,53,53,TRUE
"2345109","SP",8,8,53,53,53,TRUE
"2345112","SP",8,8,53,53,53,TRUE
"2346029","SP",8,8,53,53,53,TRUE
"2346068","SP",8,8,53,53,53,TRUE
"2346089","SP",8,8,53,53,53,TRUE
"2346106","SP",8,8,53,53,53,TRUE
"2347011","SP",8,8,53,53,53,TRUE
"2347014","SP",8,8,53,53,53,TRUE
"2348026","SP",8,8,53,53,53,TRUE
"2349015","SP",8,8,53,53,53,TRUE
"2448008","SP",8,8,53,53,53,TRUE
"83784","SP",8,8,53,53,53,TRUE
"2050037","SP",8,8,52,52,52,TRUE
"2147058","SP",8,8,52,52,52,TRUE
"2147059","SP",8,8,52,52,52,TRUE
"2147073","SP",8,8,52,52,52,TRUE
"2148021","SP",8,8,52,52,52,TRUE
"2148027","SP",8,8,52,52,52,TRUE
"2149002","SP",8,8,52,52,52,TRUE
"2150064","SP",8,8,52,52,52,TRUE
"2151003","SP",8,8,52,52,52,TRUE
"2245042","SP",8,8,52,52,52,TRUE
"2245103","SP",8,8,52,52,52,TRUE
"2249022","SP",8,8,52,52,52,TRUE
"2249025","SP",8,8,52,52,52,TRUE
"2345108","SP",8,8,52,52,52,TRUE
"2346027","SP",8,8,52,52,52,TRUE
"2347048","SP",8,8,52,52,52,TRUE
"2347051","SP",8,8,52,52,52,TRUE
"2347091","SP",8,8,52,52,52,TRUE
"2348010","SP",8,8,52,52,52,TRUE
"2348073","SP",8,8,52,52,52,TRUE
"2349022","SP",8,8,52,52,52,TRUE
"2349052","SP",8,8,52,52,52,TRUE
"2447028","SP",8,8,52,52,52,TRUE
"83676","SP",8,8,52,52,52,TRUE
"2048089","SP",8,8,51,51,51,TRUE
"2050012","SP",8,8,51,51,51,TRUE
"2149018","SP",8,8,51,51,51,TRUE
"2245053","SP",8,8,51,51,51,TRUE
"2246085","SP",8,8,51,51,51,TRUE
"2246087","SP",8,8,51,51,51,TRUE
"2247052","SP",8,8,51,51,51,TRUE
"2249060","SP",8,8,51,51,51,TRUE
"2250017","SP",8,8,51,51,51,TRUE
"2250045","SP",8,8,51,51,51,TRUE
"2250047","SP",8,8,51,51,51,TRUE
"2251052","SP",8,8,51,51,51,TRUE
"2345007","SP",8,8,51,51,51,TRUE
"2345021","SP",8,8,51,51,51,TRUE
"2345110","SP",8,8,51,51,51,TRUE
"2346055","SP",8,8,51,51,51,TRUE
"2346344","SP",8,8,51,51,51,TRUE
"2347021","SP",8,8,51,51,51,TRUE
"2347149","SP",8,8,51,51,51,TRUE
"2348014","SP",8,8,51,51,51,TRUE
"2348022","SP",8,8,51,51,51,TRUE
"2448026","SP",8,8,51,51,51,TRUE
"2448057","SP",8,8,51,51,51,TRUE
"2548069","SP",8,8,51,51,51,TRUE
"2049011","SP",8,8,50,50,50,TRUE
"2050019","SP",8,8,50,50,50,TRUE
"2050021","SP",8,8,50,50,50,TRUE
"2147039","SP",8,8,50,50,50,TRUE
"2147068","SP",8,8,50,50,50,TRUE
"2148126","SP",8,8,50,50,50,TRUE
"2151049","SP",8,8,50,50,50,TRUE
"2151052","SP",8,8,50,50,50,TRUE
"2247021","SP",8,8,50,50,50,TRUE
"2248023","SP",8,8,50,50,50,TRUE
"2249024","SP",8,8,50,50,50,TRUE
"2249062","SP",8,8,50,50,50,TRUE
"2249066","SP",8,8,50,50,50,TRUE
"2252035","SP",8,8,50,50,50,TRUE
"2345022","SP",8,8,50,50,50,TRUE
"2345025","SP",8,8,50,50,50,TRUE
"2346049","SP",8,8,50,50,50,TRUE
"2346075","SP",8,8,50,50,50,TRUE
"2346100","SP",8,8,50,50,50,TRUE
"2347039","SP",8,8,50,50,50,TRUE
"2347092","SP",8,8,50,50,50,TRUE
"2348004","SP",8,8,50,50,50,TRUE
"2348029","SP",8,8,50,50,50,TRUE
"2348078","SP",8,8,50,50,50,TRUE
"83726","SP",8,8,50,50,50,TRUE
"2047082","SP",8,8,49,49,49,TRUE
"2048006","SP",8,8,49,49,49,TRUE
"2048080","SP",8,8,49,49,49,TRUE
"2049032","SP",8,8,49,49,49,TRUE
"2147035","SP",8,8,49,49,49,TRUE
"2147069","SP",8,8,49,49,49,TRUE
"2148121","SP",8,8,49,49,49,TRUE
"2148122","SP",8,8,49,49,49,TRUE
"2149078","SP",8,8,49,49,49,TRUE
"2150025","SP",8,8,49,49,49,TRUE
"2151051","SP",8,8,49,49,49,TRUE
"2245035","SP",8,8,49,49,49,TRUE
"2247045","SP",8,8,49,49,49,TRUE
"2247113","SP",8,8,49,49,49,TRUE
"2248048","SP",8,8,49,49,49,TRUE
"2248051","SP",8,8,49,49,49,TRUE
"2249002","SP",8,8,49,49,49,TRUE
"2249071","SP",8,8,49,49,49,TRUE
"2250064","SP",8,8,49,49,49,TRUE
"2344005","SP",8,8,49,49,49,TRUE
"2345017","SP",8,8,49,49,49,TRUE
"2345042","SP",8,8,49,49,49,TRUE
"2346078","SP",8,8,49,49,49,TRUE
"2346176","SP",8,8,49,49,49,TRUE
"2346297","SP",8,8,49,49,49,TRUE
"2346345","SP",8,8,49,49,49,TRUE
"2348027","SP",8,8,49,49,49,TRUE
"2047011","SP",8,8,48,48,48,TRUE
"2050009","SP",8,8,48,48,48,TRUE
"2147076","SP",8,8,48,48,48,TRUE
"2151055","SP",8,8,48,48,48,TRUE
"2244006","SP",8,8,48,48,48,TRUE
"2245123","SP",8,8,48,48,48,TRUE
"2249014","SP",8,8,48,48,48,TRUE
"2249021","SP",8,8,48,48,48,TRUE
"2249065","SP",8,8,48,48,48,TRUE
"2250016","SP",8,8,48,48,48,TRUE
"2345107","SP",8,8,48,48,48,TRUE
"2346193","SP",8,8,48,48,48,TRUE
"2347146","SP",8,8,48,48,48,TRUE
"2348030","SP",8,8,48,48,48,TRUE
"2448011","SP",8,8,48,48,48,TRUE
"83714","SP",8,8,48,48,48,TRUE
"2048011","SP",8,8,47,47,47,TRUE
"2048013","SP",8,8,47,47,47,TRUE
"2049067","SP",8,8,47,47,47,TRUE
"2147034","SP",8,8,47,47,47,TRUE
"2147071","SP",8,8,47,47,47,TRUE
"2148020","SP",8,8,47,47,47,TRUE
"2148124","SP",8,8,47,47,47,TRUE
"2245028","SP",8,8,47,47,47,TRUE
"2247103","SP",8,8,47,47,47,TRUE
"2248012","SP",8,8,47,47,47,TRUE
"2248107","SP",8,8,47,47,47,TRUE
"2250014","SP",8,8,47,47,47,TRUE
"2345049","SP",8,8,47,47,47,TRUE
"2346196","SP",8,8,47,47,47,TRUE
"2347083","SP",8,8,47,47,47,TRUE
"2347087","SP",8,8,47,47,47,TRUE
"2347145","SP",8,8,47,47,47,TRUE
"2447032","SP",8,8,47,47,47,TRUE
"2448015","SP",8,8,47,47,47,TRUE
"2047009","SP",8,8,46,46,46,TRUE
"2049002","SP",8,8,46,46,46,TRUE
"2050015","SP",8,8,46,46,46,TRUE
"2050023","SP",8,8,46,46,46,TRUE
"2147011","SP",8,8,46,46,46,TRUE
"2147085","SP",8,8,46,46,46,TRUE
"2148051","SP",8,8,46,46,46,TRUE
"2245046","SP",8,8,46,46,46,TRUE
"2250065","SP",8,8,46,46,46,TRUE
"2345001","SP",8,8,46,46,46,TRUE
"2346004","SP",8,8,46,46,46,TRUE
"2346044","SP",8,8,46,46,46,TRUE
"2346168","SP",8,8,46,46,46,TRUE
"2346187","SP",8,8,46,46,46,TRUE
"2346201","SP",8,8,46,46,46,TRUE
"2347033","SP",8,8,46,46,46,TRUE
"2347093","SP",8,8,46,46,46,TRUE
"2148116","SP",8,8,45,45,45,TRUE
"2245008","SP",8,8,45,45,45,TRUE
"2245021","SP",8,8,45,45,45,TRUE
"2248019","SP",8,8,45,45,45,TRUE
"2249030","SP",8,8,45,45,45,TRUE
"2250001","SP",8,8,45,45,45,TRUE
"2251002","SP",8,8,45,45,45,TRUE
"2344001","SP",8,8,45,45,45,TRUE
"2345006","SP",8,8,45,45,45,TRUE
"2345020","SP",8,8,45,45,45,TRUE
"2346018","SP",8,8,45,45,45,TRUE
"2346082","SP",8,8,45,45,45,TRUE
"2346154","SP",8,8,45,45,45,TRUE
"2346157","SP",8,8,45,45,45,TRUE
"2346232","SP",8,8,45,45,45,TRUE
"2347034","SP",8,8,45,45,45,TRUE
"2347085","SP",8,8,45,45,45,TRUE
"2448009","SP",8,8,45,45,45,TRUE
"2448016","SP",8,8,45,45,45,TRUE
"2449016","SP",8,8,45,45,45,TRUE
"2047100","SP",8,8,44,44,44,TRUE
"2048026","SP",8,8,44,44,44,TRUE
"2048077","SP",8,8,44,44,44,TRUE
"2049016","SP",8,8,44,44,44,TRUE
"2150003","SP",8,8,44,44,44,TRUE
"2150090","SP",8,8,44,44,44,TRUE
"2244135","SP",8,8,44,44,44,TRUE
"2247056","SP",8,8,44,44,44,TRUE
"2247184","SP",8,8,44,44,44,TRUE
"2247206","SP",8,8,44,44,44,TRUE
"2249010","SP",8,8,44,44,44,TRUE
"2250037","SP",8,8,44,44,44,TRUE
"2346042","SP",8,8,44,44,44,TRUE
"2346084","SP",8,8,44,44,44,TRUE
"2346177","SP",8,8,44,44,44,TRUE
"2346347","SP",8,8,44,44,44,TRUE
"2347086","SP",8,8,44,44,44,TRUE
"2447027","SP",8,8,44,44,44,TRUE
"2448006","SP",8,8,44,44,44,TRUE
"2448036","SP",8,8,44,44,44,TRUE
"2047007","SP",8,8,43,43,43,TRUE
"2047013","SP",8,8,43,43,43,TRUE
"2148047","SP",8,8,43,43,43,TRUE
"2150008","SP",8,8,43,43,43,TRUE
"2247094","SP",8,8,43,43,43,TRUE
"2344012","SP",8,8,43,43,43,TRUE
"2345004","SP",8,8,43,43,43,TRUE
"2345009","SP",8,8,43,43,43,TRUE
"2345070","SP",8,8,43,43,43,TRUE
"2346036","SP",8,8,43,43,43,TRUE
"2346037","SP",8,8,43,43,43,TRUE
"2346174","SP",8,8,43,43,43,TRUE
"2346197","SP",8,8,43,43,43,TRUE
"2346279","SP",8,8,43,43,43,TRUE
"2346334","SP",8,8,43,43,43,TRUE
"2347028","SP",8,8,43,43,43,TRUE
"2347088","SP",8,8,43,43,43,TRUE
"2348025","SP",8,8,43,43,43,TRUE
"2348088","SP",8,8,43,43,43,TRUE
"2447014","SP",8,8,43,43,43,TRUE
"2447078","SP",8,8,43,43,43,TRUE
"2448046","SP",8,8,43,43,43,TRUE
"2449057","SP",8,8,43,43,43,TRUE
"2047031","SP",8,8,42,42,42,TRUE
"2146008","SP",8,8,42,42,42,TRUE
"2147086","SP",8,8,42,42,42,TRUE
"2148022","SP",8,8,42,42,42,TRUE
"2245002","SP",8,8,42,42,42,TRUE
"2245025","SP",8,8,42,42,42,TRUE
"2245031","SP",8,8,42,42,42,TRUE
"2245039","SP",8,8,42,42,42,TRUE
"2245060","SP",8,8,42,42,42,TRUE
"2245061","SP",8,8,42,42,42,TRUE
"2246036","SP",8,8,42,42,42,TRUE
"2247013","SP",8,8,42,42,42,TRUE
"2247197","SP",8,8,42,42,42,TRUE
"2247208","SP",8,8,42,42,42,TRUE
"2248079","SP",8,8,42,42,42,TRUE
"2249031","SP",8,8,42,42,42,TRUE
"2252007","SP",8,8,42,42,42,TRUE
"2345116","SP",8,8,42,42,42,TRUE
"2345176","SP",8,8,42,42,42,TRUE
"2346048","SP",8,8,42,42,42,TRUE
"2346321","SP",8,8,42,42,42,TRUE
"2346342","SP",8,8,42,42,42,TRUE
"2348018","SP",8,8,42,42,42,TRUE
"2348035","SP",8,8,42,42,42,TRUE
"2447038","SP",8,8,42,42,42,TRUE
"2447075","SP",8,8,42,42,42,TRUE
"2448025","SP",8,8,42,42,42,TRUE
"2448060","SP",8,8,42,42,42,TRUE
"2449002","SP",8,8,42,42,42,TRUE
"1949001","SP",8,8,41,41,41,TRUE
"1950002","SP",8,8,41,41,41,TRUE
"2048090","SP",8,8,41,41,41,TRUE
"2051033","SP",8,8,41,41,41,TRUE
"2244007","SP",8,8,41,41,41,TRUE
"2246030","SP",8,8,41,41,41,TRUE
"2249103","SP",8,8,41,41,41,TRUE
"2252045","SP",8,8,41,41,41,TRUE
"2345175","SP",8,8,41,41,41,TRUE
"2346013","SP",8,8,41,41,41,TRUE
"2346070","SP",8,8,41,41,41,TRUE
"2346159","SP",8,8,41,41,41,TRUE
"2346195","SP",8,8,41,41,41,TRUE
"2346203","SP",8,8,41,41,41,TRUE
"2346395","SP",8,8,41,41,41,TRUE
"2348019","SP",8,8,41,41,41,TRUE
"2348063","SP",8,8,41,41,41,TRUE
"2447008","SP",8,8,41,41,41,TRUE
"2447074","SP",8,8,41,41,41,TRUE
"2449005","SP",8,8,41,41,41,TRUE
"83667","SP",8,8,41,41,41,TRUE
"2048005","SP",8,8,40,40,40,TRUE
"2148167","SP",8,8,40,40,40,TRUE
"2148168","SP",8,8,40,40,40,TRUE
"2149040","SP",8,8,40,40,40,TRUE
"2244127","SP",8,8,40,40,40,TRUE
"2245012","SP",8,8,40,40,40,TRUE
"2245030","SP",8,8,40,40,40,TRUE
"2245049","SP",8,8,40,40,40,TRUE
"2246012","SP",8,8,40,40,40,TRUE
"2247198","SP",8,8,40,40,40,TRUE
"2248024","SP",8,8,40,40,40,TRUE
"2252038","SP",8,8,40,40,40,TRUE
"2345073","SP",8,8,40,40,40,TRUE
"2345105","SP",8,8,40,40,40,TRUE
"2345156","SP",8,8,40,40,40,TRUE
"2349010","SP",8,8,40,40,40,TRUE
"2446019","SP",8,8,40,40,40,TRUE
"2447011","SP",8,8,40,40,40,TRUE
"2447024","SP",8,8,40,40,40,TRUE
"2047102","SP",8,8,39,39,39,TRUE
"2048028","SP",8,8,39,39,39,TRUE
"2050045","SP",8,8,39,39,39,TRUE
"2147165","SP",8,8,39,39,39,TRUE
"2148017","SP",8,8,39,39,39,TRUE
"2149043","SP",8,8,39,39,39,TRUE
"2150079","SP",8,8,39,39,39,TRUE
"2151056","SP",8,8,39,39,39,TRUE
"2245015","SP",8,8,39,39,39,TRUE
"2245047","SP",8,8,39,39,39,TRUE
"2245113","SP",8,8,39,39,39,TRUE
"2246099","SP",8,8,39,39,39,TRUE
"2247182","SP",8,8,39,39,39,TRUE
"2247196","SP",8,8,39,39,39,TRUE
"2248047","SP",8,8,39,39,39,TRUE
"2250051","SP",8,8,39,39,39,TRUE
"2345010","SP",8,8,39,39,39,TRUE
"2345013","SP",8,8,39,39,39,TRUE
"2345018","SP",8,8,39,39,39,TRUE
"2345121","SP",8,8,39,39,39,TRUE
"2345163","SP",8,8,39,39,39,TRUE
"2345172","SP",8,8,39,39,39,TRUE
"2346155","SP",8,8,39,39,39,TRUE
"2346241","SP",8,8,39,39,39,TRUE
"2346251","SP",8,8,39,39,39,TRUE
"2347020","SP",8,8,39,39,39,TRUE
"2347105","SP",8,8,39,39,39,TRUE
"2447031","SP",8,8,39,39,39,TRUE
"2047042","SP",8,8,38,38,38,TRUE
"2047101","SP",8,8,38,38,38,TRUE
"2150009","SP",8,8,38,38,38,TRUE
"2150018","SP",8,8,38,38,38,TRUE
"2245003","SP",8,8,38,38,38,TRUE
"2245014","SP",8,8,38,38,38,TRUE
"2245057","SP",8,8,38,38,38,TRUE
"2245059","SP",8,8,38,38,38,TRUE
"2245136","SP",8,8,38,38,38,TRUE
"2246024","SP",8,8,38,38,38,TRUE
"2247049","SP",8,8,38,38,38,TRUE
"2248115","SP",8,8,38,38,38,TRUE
"2251074","SP",8,8,38,38,38,TRUE
"2345015","SP",8,8,38,38,38,TRUE
"2346056","SP",8,8,38,38,38,TRUE
"2346261","SP",8,8,38,38,38,TRUE
"2346418","SP",8,8,38,38,38,TRUE
"2347136","SP",8,8,38,38,38,TRUE
"2447021","SP",8,8,38,38,38,TRUE
"2447039","SP",8,8,38,38,38,TRUE
"2448002","SP",8,8,38,38,38,TRUE
"2448022","SP",8,8,38,38,38,TRUE
"2448027","SP",8,8,38,38,38,TRUE
"83623","SP",8,8,38,38,38,TRUE
"83851","SP",8,8,38,38,38,TRUE
"1950003","SP",8,8,37,37,37,TRUE
"2150007","SP",8,8,37,37,37,TRUE
"2150043","SP",8,8,37,37,37,TRUE
"2244002","SP",8,8,37,37,37,TRUE
"2245043","SP",8,8,37,37,37,TRUE
"2246011","SP",8,8,37,37,37,TRUE
"2247043","SP",8,8,37,37,37,TRUE
"2247051","SP",8,8,37,37,37,TRUE
"2247185","SP",8,8,37,37,37,TRUE
"2249105","SP",8,8,37,37,37,TRUE
"2249107","SP",8,8,37,37,37,TRUE
"2345066","SP",8,8,37,37,37,TRUE
"2346043","SP",8,8,37,37,37,TRUE
"2346047","SP",8,8,37,37,37,TRUE
"2346223","SP",8,8,37,37,37,TRUE
"2346293","SP",8,8,37,37,37,TRUE
"2348076","SP",8,8,37,37,37,TRUE
"2349041","SP",8,8,37,37,37,TRUE
"2547001","SP",8,8,37,37,37,TRUE
"2048025","SP",8,8,36,36,36,TRUE
"2050022","SP",8,8,36,36,36,TRUE
"2050047","SP",8,8,36,36,36,TRUE
"2147057","SP",8,8,36,36,36,TRUE
"2147108","SP",8,8,36,36,36,TRUE
"2148002","SP",8,8,36,36,36,TRUE
"2244100","SP",8,8,36,36,36,TRUE
"2245027","SP",8,8,36,36,36,TRUE
"2245038","SP",8,8,36,36,36,TRUE
"2245052","SP",8,8,36,36,36,TRUE
"2247023","SP",8,8,36,36,36,TRUE
"2247036","SP",8,8,36,36,36,TRUE
"2247048","SP",8,8,36,36,36,TRUE
"2248043","SP",8,8,36,36,36,TRUE
"2248062","SP",8,8,36,36,36,TRUE
"2248116","SP",8,8,36,36,36,TRUE
"2345052","SP",8,8,36,36,36,TRUE
"2345138","SP",8,8,36,36,36,TRUE
"2346092","SP",8,8,36,36,36,TRUE
"2346147","SP",8,8,36,36,36,TRUE
"2346234","SP",8,8,36,36,36,TRUE
"2346254","SP",8,8,36,36,36,TRUE
"2346267","SP",8,8,36,36,36,TRUE
"2447019","SP",8,8,36,36,36,TRUE
"2448019","SP",8,8,36,36,36,TRUE
"2448028","SP",8,8,36,36,36,TRUE
"2048093","SP",8,8,35,35,35,TRUE
"2049068","SP",8,8,35,35,35,TRUE
"2051003","SP",8,8,35,35,35,TRUE
"2147026","SP",8,8,35,35,35,TRUE
"2148040","SP",8,8,35,35,35,TRUE
"2148054","SP",8,8,35,35,35,TRUE
"2148164","SP",8,8,35,35,35,TRUE
"2148166","SP",8,8,35,35,35,TRUE
"2245062","SP",8,8,35,35,35,TRUE
"2245126","SP",8,8,35,35,35,TRUE
"2246131","SP",8,8,35,35,35,TRUE
"2247060","SP",8,8,35,35,35,TRUE
"2248010","SP",8,8,35,35,35,TRUE
"2248020","SP",8,8,35,35,35,TRUE
"2248075","SP",8,8,35,35,35,TRUE
"2248110","SP",8,8,35,35,35,TRUE
"2249026","SP",8,8,35,35,35,TRUE
"2345029","SP",8,8,35,35,35,TRUE
"2345033","SP",8,8,35,35,35,TRUE
"2345053","SP",8,8,35,35,35,TRUE
"2346067","SP",8,8,35,35,35,TRUE
"2346108","SP",8,8,35,35,35,TRUE
"2346160","SP",8,8,35,35,35,TRUE
"2346340","SP",8,8,35,35,35,TRUE
"2346346","SP",8,8,35,35,35,TRUE
"2448020","SP",8,8,35,35,35,TRUE
"2047034","SP",8,8,34,34,34,TRUE
"2049001","SP",8,8,34,34,34,TRUE
"2051006","SP",8,8,34,34,34,TRUE
"2147112","SP",8,8,34,34,34,TRUE
"2147166","SP",8,8,34,34,34,TRUE
"2148005","SP",8,8,34,34,34,TRUE
"2148169","SP",8,8,34,34,34,TRUE
"2149010","SP",8,8,34,34,34,TRUE
"2245058","SP",8,8,34,34,34,TRUE
"2245134","SP",8,8,34,34,34,TRUE
"2245135","SP",8,8,34,34,34,TRUE
"2246006","SP",8,8,34,34,34,TRUE
"2246098","SP",8,8,34,34,34,TRUE
"2247180","SP",8,8,34,34,34,TRUE
"2250019","SP",8,8,34,34,34,TRUE
"2250086","SP",8,8,34,34,34,TRUE
"2346026","SP",8,8,34,34,34,TRUE
"2346079","SP",8,8,34,34,34,TRUE
"2346179","SP",8,8,34,34,34,TRUE
"2346202","SP",8,8,34,34,34,TRUE
"2346212","SP",8,8,34,34,34,TRUE
"2346326","SP",8,8,34,34,34,TRUE
"2349009","SP",8,8,34,34,34,TRUE
"2448030","SP",8,8,34,34,34,TRUE
"2448053","SP",8,8,34,34,34,TRUE
"2048064","SP",8,8,33,33,33,TRUE
"2048091","SP",8,8,33,33,33,TRUE
"2048092","SP",8,8,33,33,33,TRUE
"2048101","SP",8,8,33,33,33,TRUE
"2049030","SP",8,8,33,33,33,TRUE
"2148006","SP",8,8,33,33,33,TRUE
"2148032","SP",8,8,33,33,33,TRUE
"2148173","SP",8,8,33,33,33,TRUE
"2149014","SP",8,8,33,33,33,TRUE
"2149024","SP",8,8,33,33,33,TRUE
"2150049","SP",8,8,33,33,33,TRUE
"2245139","SP",8,8,33,33,33,TRUE
"2247016","SP",8,8,33,33,33,TRUE
"2247037","SP",8,8,33,33,33,TRUE
"2247212","SP",8,8,33,33,33,TRUE
"2247214","SP",8,8,33,33,33,TRUE
"2249074","SP",8,8,33,33,33,TRUE
"2251008","SP",8,8,33,33,33,TRUE
"2345133","SP",8,8,33,33,33,TRUE
"2345166","SP",8,8,33,33,33,TRUE
"2345171","SP",8,8,33,33,33,TRUE
"2346153","SP",8,8,33,33,33,TRUE
"2346162","SP",8,8,33,33,33,TRUE
"2346164","SP",8,8,33,33,33,TRUE
"2346211","SP",8,8,33,33,33,TRUE
"2346248","SP",8,8,33,33,33,TRUE
"2346275","SP",8,8,33,33,33,TRUE
"2347097","SP",8,8,33,33,33,TRUE
"2348036","SP",8,8,33,33,33,TRUE
"2447033","SP",8,8,33,33,33,TRUE
"83821","SP",8,8,33,33,33,TRUE
"2047023","SP",8,8,32,32,32,TRUE
"2047105","SP",8,8,32,32,32,TRUE
"2049037","SP",8,8,32,32,32,TRUE
"2050007","SP",8,8,32,32,32,TRUE
"2147020","SP",8,8,32,32,32,TRUE
"2147049","SP",8,8,32,32,32,TRUE
"2147096","SP",8,8,32,32,32,TRUE
"2148035","SP",8,8,32,32,32,TRUE
"2148082","SP",8,8,32,32,32,TRUE
"2152002","SP",8,8,32,32,32,TRUE
"2245112","SP",8,8,32,32,32,TRUE
"2245131","SP",8,8,32,32,32,TRUE
"2249009","SP",8,8,32,32,32,TRUE
"2249013","SP",8,8,32,32,32,TRUE
"2251016","SP",8,8,32,32,32,TRUE
"2252006","SP",8,8,32,32,32,TRUE
"2344003","SP",8,8,32,32,32,TRUE
"2345124","SP",8,8,32,32,32,TRUE
"2346236","SP",8,8,32,32,32,TRUE
"2346369","SP",8,8,32,32,32,TRUE
"2348015","SP",8,8,32,32,32,TRUE
"2349027","SP",8,8,32,32,32,TRUE
"2047004","SP",8,8,31,31,31,TRUE
"2047012","SP",8,8,31,31,31,TRUE
"2048007","SP",8,8,31,31,31,TRUE
"2146005","SP",8,8,31,31,31,TRUE
"2146057","SP",8,8,31,31,31,TRUE
"2147025","SP",8,8,31,31,31,TRUE
"2147099","SP",8,8,31,31,31,TRUE
"2147154","SP",8,8,31,31,31,TRUE
"2148042","SP",8,8,31,31,31,TRUE
"2148075","SP",8,8,31,31,31,TRUE
"2148127","SP",8,8,31,31,31,TRUE
"2244012","SP",8,8,31,31,31,TRUE
"2244016","SP",8,8,31,31,31,TRUE
"2245019","SP",8,8,31,31,31,TRUE
"2245033","SP",8,8,31,31,31,TRUE
"2245051","SP",8,8,31,31,31,TRUE
"2245158","SP",8,8,31,31,31,TRUE
"2247007","SP",8,8,31,31,31,TRUE
"2247034","SP",8,8,31,31,31,TRUE
"2247109","SP",8,8,31,31,31,TRUE
"2247130","SP",8,8,31,31,31,TRUE
"2248089","SP",8,8,31,31,31,TRUE
"2249079","SP",8,8,31,31,31,TRUE
"2250005","SP",8,8,31,31,31,TRUE
"2346009","SP",8,8,31,31,31,TRUE
"2346028","SP",8,8,31,31,31,TRUE
"2346039","SP",8,8,31,31,31,TRUE
"2346210","SP",8,8,31,31,31,TRUE
"2347031","SP",8,8,31,31,31,TRUE
"2347036","SP",8,8,31,31,31,TRUE
"2347071","SP",8,8,31,31,31,TRUE
"2348024","SP",8,8,31,31,31,TRUE
"2348051","SP",8,8,31,31,31,TRUE
"2349021","SP",8,8,31,31,31,TRUE
"2448021","SP",8,8,31,31,31,TRUE
"2448056","SP",8,8,31,31,31,TRUE
"1950001","SP",8,8,30,30,30,TRUE
"1950005","SP",8,8,30,30,30,TRUE
"2047062","SP",8,8,30,30,30,TRUE
"2047079","SP",8,8,30,30,30,TRUE
"2048001","SP",8,8,30,30,30,TRUE
"2048031","SP",8,8,30,30,30,TRUE
"2048072","SP",8,8,30,30,30,TRUE
"2048094","SP",8,8,30,30,30,TRUE
"2049025","SP",8,8,30,30,30,TRUE
"2050014","SP",8,8,30,30,30,TRUE
"2050016","SP",8,8,30,30,30,TRUE
"2050017","SP",8,8,30,30,30,TRUE
"2050018","SP",8,8,30,30,30,TRUE
"2050020","SP",8,8,30,30,30,TRUE
"2050036","SP",8,8,30,30,30,TRUE
"2051002","SP",8,8,30,30,30,TRUE
"2051004","SP",8,8,30,30,30,TRUE
"2051005","SP",8,8,30,30,30,TRUE
"2147017","SP",8,8,30,30,30,TRUE
"2147018","SP",8,8,30,30,30,TRUE
"2147074","SP",8,8,30,30,30,TRUE
"2147097","SP",8,8,30,30,30,TRUE
"2147114","SP",8,8,30,30,30,TRUE
"2147126","SP",8,8,30,30,30,TRUE
"2148087","SP",8,8,30,30,30,TRUE
"2149009","SP",8,8,30,30,30,TRUE
"2149011","SP",8,8,30,30,30,TRUE
"2149013","SP",8,8,30,30,30,TRUE
"2149041","SP",8,8,30,30,30,TRUE
"2150002","SP",8,8,30,30,30,TRUE
"2150004","SP",8,8,30,30,30,TRUE
"2150027","SP",8,8,30,30,30,TRUE
"2151004","SP",8,8,30,30,30,TRUE
"2151009","SP",8,8,30,30,30,TRUE
"2151016","SP",8,8,30,30,30,TRUE
"2245124","SP",8,8,30,30,30,TRUE
"2245143","SP",8,8,30,30,30,TRUE
"2247040","SP",8,8,30,30,30,TRUE
"2248042","SP",8,8,30,30,30,TRUE
"2248046","SP",8,8,30,30,30,TRUE
"2248086","SP",8,8,30,30,30,TRUE
"2250018","SP",8,8,30,30,30,TRUE
"2250021","SP",8,8,30,30,30,TRUE
"2250025","SP",8,8,30,30,30,TRUE
"2251007","SP",8,8,30,30,30,TRUE
"2252036","SP",8,8,30,30,30,TRUE
"2344015","SP",8,8,30,30,30,TRUE
"2345005","SP",8,8,30,30,30,TRUE
"2345031","SP",8,8,30,30,30,TRUE
"2345054","SP",8,8,30,30,30,TRUE
"2345064","SP",8,8,30,30,30,TRUE
"2345113","SP",8,8,30,30,30,TRUE
"2346012","SP",8,8,30,30,30,TRUE
"2346023","SP",8,8,30,30,30,TRUE
"2346091","SP",8,8,30,30,30,TRUE
"2346189","SP",8,8,30,30,30,TRUE
"2346235","SP",8,8,30,30,30,TRUE
"2346278","SP",8,8,30,30,30,TRUE
"2346408","SP",8,8,30,30,30,TRUE
"2347008","SP",8,8,30,30,30,TRUE
"2347010","SP",8,8,30,30,30,TRUE
"2347013","SP",8,8,30,30,30,TRUE
"2347015","SP",8,8,30,30,30,TRUE
"2347022","SP",8,8,30,30,30,TRUE
"2348007","SP",8,8,30,30,30,TRUE
"2348020","SP",8,8,30,30,30,TRUE
"2448067","SP",8,8,30,30,30,TRUE
"2449015","SP",8,8,30,30,30,TRUE
"83773","SP",8,8,30,30,30,TRUE
"83033","TO",8,8,72,72,72,TRUE
"83235","TO",8,8,70,70,70,TRUE
"83064","TO",8,8,60,60,60,TRUE
"82863","TO",8,8,57,57,57,TRUE
"948000","TO",8,8,55,55,55,TRUE
"1148000","TO",8,8,54,54,54,TRUE
"848003","TO",8,8,53,53,53,TRUE
"1048001","TO",8,8,52,52,52,TRUE
"648000","TO",8,8,52,52,52,TRUE
"948001","TO",8,8,52,52,52,TRUE
"1047002","TO",8,8,51,51,51,TRUE
"1147002","TO",8,8,51,51,51,TRUE
"747001","TO",8,8,51,51,51,TRUE
"1047000","TO",8,8,50,50,50,TRUE
"1247000","TO",8,8,50,50,50,TRUE
"647000","TO",8,8,50,50,50,TRUE
"847001","TO",8,8,50,50,50,TRUE
"848000","TO",8,8,50,50,50,TRUE
"1048000","TO",8,8,49,49,49,TRUE
"1147000","TO",8,8,49,49,49,TRUE
"1149000","TO",8,8,49,49,49,TRUE
"1246001","TO",8,8,49,49,49,TRUE
"1249000","TO",8,8,49,49,49,TRUE
"748001","TO",8,8,49,49,49,TRUE
"848002","TO",8,8,49,49,49,TRUE
"849002","TO",8,8,49,49,49,TRUE
"949000","TO",8,8,49,49,49,TRUE
"949001","TO",8,8,49,49,49,TRUE
"1047001","TO",8,8,48,48,48,TRUE
"1146000","TO",8,8,48,48,48,TRUE
"1149002","TO",8,8,48,48,48,TRUE
"1246000","TO",8,8,48,48,48,TRUE
"1249001","TO",8,8,48,48,48,TRUE
"647001","TO",8,8,48,48,48,TRUE
"748002","TO",8,8,48,48,48,TRUE
"1247002","TO",8,8,47,47,47,TRUE
"648001","TO",8,8,47,47,47,TRUE
"748003","TO",8,8,47,47,47,TRUE
"83228","TO",8,8,47,47,47,TRUE
"1048005","TO",8,8,46,46,46,TRUE
"1147001","TO",8,8,46,46,46,TRUE
"548000","TO",8,8,46,46,46,TRUE
"1147003","TO",8,8,45,45,45,TRUE
"1248001","TO",8,8,45,45,45,TRUE
"749000","TO",8,8,45,45,45,TRUE
"946003","TO",8,8,45,45,45,TRUE
"1248003","TO",8,8,43,43,43,TRUE
"848001","TO",8,8,43,43,43,TRUE
"648002","TO",8,8,42,42,42,TRUE
"947001","TO",8,8,42,42,42,TRUE
"82659","TO",8,8,41,41,41,TRUE
"1047004","TO",8,8,40,40,40,TRUE
"1149001","TO",8,8,39,39,39,TRUE
"749001","TO",8,8,39,39,39,TRUE
"950000","TO",8,8,39,39,39,TRUE
"1049001","TO",8,8,38,38,38,TRUE
"548001","TO",8,8,38,38,38,TRUE
"950002","TO",8,8,38,38,38,TRUE
"1050002","TO",8,8,37,37,37,TRUE
"1249002","TO",8,8,37,37,37,TRUE
"847002","TO",8,8,37,37,37,TRUE
"649003","TO",8,8,36,36,36,TRUE
"747009","TO",8,8,36,36,36,TRUE
"1247005","TO",8,8,35,35,35,TRUE
"1249003","TO",8,8,34,34,34,TRUE
"1249004","TO",8,8,34,34,34,TRUE
"83231","TO",8,8,33,33,33,TRUE
"1067003","AC",8,0,29,29,29,FALSE
"772003","AC",8,0,28,28,28,FALSE
"1036011","AL",8,0,29,29,29,FALSE
"269001","AM",8,0,29,29,29,FALSE
"364001","AM",8,0,29,29,29,FALSE
"459001","AM",8,0,29,29,29,FALSE
"567002","AM",8,0,29,29,29,FALSE
"662001","AM",8,0,29,29,29,FALSE
"468003","AM",8,0,28,28,28,FALSE
"865000","AM",8,0,28,28,28,FALSE
"357004","AM",8,0,27,27,27,FALSE
"8051012","AP",8,0,28,28,28,FALSE
"1039002","BA",8,0,29,29,29,FALSE
"1041005","BA",8,0,29,29,29,FALSE
"1138016","BA",8,0,29,29,29,FALSE
"1138027","BA",8,0,29,29,29,FALSE
"1139009","BA",8,0,29,29,29,FALSE
"1140011","BA",8,0,29,29,29,FALSE
"1140017","BA",8,0,29,29,29,FALSE
"1144010","BA",8,0,29,29,29,FALSE
"1239013","BA",8,0,29,29,29,FALSE
"1241010","BA",8,0,29,29,29,FALSE
"1243002","BA",8,0,29,29,29,FALSE
"1244007","BA",8,0,29,29,29,FALSE
"1339010","BA",8,0,29,29,29,FALSE
"1339018","BA",8,0,29,29,29,FALSE
"1340010","BA",8,0,29,29,29,FALSE
"1341008","BA",8,0,29,29,29,FALSE
"1343006","BA",8,0,29,29,29,FALSE
"1439026","BA",8,0,29,29,29,FALSE
"1439042","BA",8,0,29,29,29,FALSE
"1441002","BA",8,0,29,29,29,FALSE
"1739022","BA",8,0,29,29,29,FALSE
"938017","BA",8,0,29,29,29,FALSE
"938028","BA",8,0,29,29,29,FALSE
"939002","BA",8,0,29,29,29,FALSE
"1040001","BA",8,0,28,28,28,FALSE
"1042002","BA",8,0,28,28,28,FALSE
"1042004","BA",8,0,28,28,28,FALSE
"1044006","BA",8,0,28,28,28,FALSE
"1140027","BA",8,0,28,28,28,FALSE
"1141006","BA",8,0,28,28,28,FALSE
"1237003","BA",8,0,28,28,28,FALSE
"1239012","BA",8,0,28,28,28,FALSE
"1239017","BA",8,0,28,28,28,FALSE
"1243009","BA",8,0,28,28,28,FALSE
"1243013","BA",8,0,28,28,28,FALSE
"1244006","BA",8,0,28,28,28,FALSE
"1244013","BA",8,0,28,28,28,FALSE
"1441006","BA",8,0,28,28,28,FALSE
"1441014","BA",8,0,28,28,28,FALSE
"1442000","BA",8,0,28,28,28,FALSE
"1639008","BA",8,0,28,28,28,FALSE
"938011","BA",8,0,28,28,28,FALSE
"938014","BA",8,0,28,28,28,FALSE
"939011","BA",8,0,28,28,28,FALSE
"939013","BA",8,0,28,28,28,FALSE
"941002","BA",8,0,28,28,28,FALSE
"941013","BA",8,0,28,28,28,FALSE
"943004","BA",8,0,28,28,28,FALSE
"1043008","BA",8,0,27,27,27,FALSE
"1141010","BA",8,0,27,27,27,FALSE
"1143005","BA",8,0,27,27,27,FALSE
"1241006","BA",8,0,27,27,27,FALSE
"1242001","BA",8,0,27,27,27,FALSE
"1242005","BA",8,0,27,27,27,FALSE
"1242010","BA",8,0,27,27,27,FALSE
"1439000","BA",8,0,27,27,27,FALSE
"1442011","BA",8,0,27,27,27,FALSE
"939018","BA",8,0,27,27,27,FALSE
"940013","BA",8,0,27,27,27,FALSE
"1340012","BA",8,0,26,26,26,FALSE
"1441015","BA",8,0,26,26,26,FALSE
"339005","CE",8,0,29,29,29,FALSE
"339006","CE",8,0,29,29,29,FALSE
"437011","CE",8,0,29,29,29,FALSE
"438014","CE",8,0,29,29,29,FALSE
"438026","CE",8,0,29,29,29,FALSE
"439011","CE",8,0,29,29,29,FALSE
"440008","CE",8,0,29,29,29,FALSE
"440019","CE",8,0,29,29,29,FALSE
"539028","CE",8,0,29,29,29,FALSE
"639007","CE",8,0,29,29,29,FALSE
"738002","CE",8,0,29,29,29,FALSE
"241003","CE",8,0,28,28,28,FALSE
"440027","CE",8,0,28,28,28,FALSE
"537000","CE",8,0,28,28,28,FALSE
"538001","CE",8,0,28,28,28,FALSE
"538016","CE",8,0,28,28,28,FALSE
"639016","CE",8,0,28,28,28,FALSE
"740007","CE",8,0,28,28,28,FALSE
"438040","CE",8,0,27,27,27,FALSE
"540023","CE",8,0,26,26,26,FALSE
"1548009","DF",8,0,29,29,29,FALSE
"83596","ES",8,0,29,29,29,FALSE
"83597","ES",8,0,29,29,29,FALSE
"1940018","ES",8,0,28,28,28,FALSE
"1840001","ES",8,0,27,27,27,FALSE
"83013","ES",8,0,27,27,27,FALSE
"1547000","GO",8,0,29,29,29,FALSE
"1649002","GO",8,0,29,29,29,FALSE
"1747000","GO",8,0,28,28,28,FALSE
"1552000","GO",8,0,27,27,27,FALSE
"447004","MA",8,0,29,29,29,FALSE
"444003","MA",8,0,28,28,28,FALSE
"546003","MA",8,0,28,28,28,FALSE
"445006","MA",8,0,27,27,27,FALSE
"544000","MA",8,0,27,27,27,FALSE
"747004","MA",8,0,27,27,27,FALSE
"1443008","MG",8,0,29,29,29,FALSE
"1541004","MG",8,0,29,29,29,FALSE
"1543004","MG",8,0,29,29,29,FALSE
"1544010","MG",8,0,29,29,29,FALSE
"1849026","MG",8,0,29,29,29,FALSE
"2042005","MG",8,0,29,29,29,FALSE
"2044047","MG",8,0,29,29,29,FALSE
"2044050","MG",8,0,29,29,29,FALSE
"2143012","MG",8,0,29,29,29,FALSE
"83590","MG",8,0,29,29,29,FALSE
"83686","MG",8,0,29,29,29,FALSE
"1540020","MG",8,0,28,28,28,FALSE
"1542003","MG",8,0,28,28,28,FALSE
"1542008","MG",8,0,28,28,28,FALSE
"1542009","MG",8,0,28,28,28,FALSE
"1543011","MG",8,0,28,28,28,FALSE
"1642006","MG",8,0,28,28,28,FALSE
"1643004","MG",8,0,28,28,28,FALSE
"1643020","MG",8,0,28,28,28,FALSE
"1644000","MG",8,0,28,28,28,FALSE
"1644005","MG",8,0,28,28,28,FALSE
"1644006","MG",8,0,28,28,28,FALSE
"1644019","MG",8,0,28,28,28,FALSE
"1943011","MG",8,0,28,28,28,FALSE
"1948014","MG",8,0,28,28,28,FALSE
"2142003","MG",8,0,28,28,28,FALSE
"2143055","MG",8,0,28,28,28,FALSE
"2143056","MG",8,0,28,28,28,FALSE
"2244063","MG",8,0,28,28,28,FALSE
"1443007","MG",8,0,27,27,27,FALSE
"1542006","MG",8,0,27,27,27,FALSE
"1544000","MG",8,0,27,27,27,FALSE
"1644018","MG",8,0,27,27,27,FALSE
"1644022","MG",8,0,27,27,27,FALSE
"1644023","MG",8,0,27,27,27,FALSE
"1743000","MG",8,0,27,27,27,FALSE
"1744001","MG",8,0,27,27,27,FALSE
"83521","MG",8,0,27,27,27,FALSE
"1541002","MG",8,0,26,26,26,FALSE
"1543001","MG",8,0,26,26,26,FALSE
"1643001","MG",8,0,26,26,26,FALSE
"1643015","MG",8,0,26,26,26,FALSE
"1644014","MG",8,0,26,26,26,FALSE
"1841015","MG",8,0,25,25,25,FALSE
"2055003","MS",8,0,29,29,29,FALSE
"2054001","MS",8,0,28,28,28,FALSE
"148017","PA",8,0,29,29,29,FALSE
"249004","PA",8,0,29,29,29,FALSE
"456001","PA",8,0,29,29,29,FALSE
"147019","PA",8,0,28,28,28,FALSE
"255000","PA",8,0,28,28,28,FALSE
"47007","PA",8,0,27,27,27,FALSE
"634000","PB",8,0,29,29,29,FALSE
"635050","PB",8,0,29,29,29,FALSE
"635107","PB",8,0,29,29,29,FALSE
"635113","PB",8,0,29,29,29,FALSE
"635116","PB",8,0,29,29,29,FALSE
"635120","PB",8,0,29,29,29,FALSE
"635126","PB",8,0,29,29,29,FALSE
"636082","PB",8,0,29,29,29,FALSE
"638104","PB",8,0,29,29,29,FALSE
"638105","PB",8,0,29,29,29,FALSE
"638107","PB",8,0,29,29,29,FALSE
"638110","PB",8,0,29,29,29,FALSE
"734040","PB",8,0,29,29,29,FALSE
"735175","PB",8,0,29,29,29,FALSE
"735201","PB",8,0,29,29,29,FALSE
"735202","PB",8,0,29,29,29,FALSE
"735205","PB",8,0,29,29,29,FALSE
"736006","PB",8,0,29,29,29,FALSE
"736061","PB",8,0,29,29,29,FALSE
"737003","PB",8,0,29,29,29,FALSE
"737010","PB",8,0,29,29,29,FALSE
"737059","PB",8,0,29,29,29,FALSE
"737061","PB",8,0,29,29,29,FALSE
"737063","PB",8,0,29,29,29,FALSE
"738018","PB",8,0,29,29,29,FALSE
"738019","PB",8,0,29,29,29,FALSE
"738069","PB",8,0,29,29,29,FALSE
"738071","PB",8,0,29,29,29,FALSE
"738074","PB",8,0,29,29,29,FALSE
"738075","PB",8,0,29,29,29,FALSE
"738077","PB",8,0,29,29,29,FALSE
"82791","PB",8,0,29,29,29,FALSE
"635122","PB",8,0,28,28,28,FALSE
"638108","PB",8,0,28,28,28,FALSE
"737056","PB",8,0,28,28,28,FALSE
"738068","PB",8,0,28,28,28,FALSE
"735048","PE",8,0,29,29,29,FALSE
"737026","PE",8,0,29,29,29,FALSE
"737030","PE",8,0,29,29,29,FALSE
"737034","PE",8,0,29,29,29,FALSE
"739022","PE",8,0,29,29,29,FALSE
"835035","PE",8,0,29,29,29,FALSE
"836007","PE",8,0,29,29,29,FALSE
"836023","PE",8,0,29,29,29,FALSE
"836052","PE",8,0,29,29,29,FALSE
"837008","PE",8,0,29,29,29,FALSE
"837027","PE",8,0,29,29,29,FALSE
"837040","PE",8,0,29,29,29,FALSE
"838007","PE",8,0,29,29,29,FALSE
"839010","PE",8,0,29,29,29,FALSE
"840023","PE",8,0,29,29,29,FALSE
"936009","PE",8,0,29,29,29,FALSE
"738027","PE",8,0,28,28,28,FALSE
"738036","PE",8,0,28,28,28,FALSE
"739030","PE",8,0,28,28,28,FALSE
"835007","PE",8,0,28,28,28,FALSE
"835016","PE",8,0,28,28,28,FALSE
"835051","PE",8,0,28,28,28,FALSE
"837031","PE",8,0,28,28,28,FALSE
"837037","PE",8,0,28,28,28,FALSE
"838008","PE",8,0,28,28,28,FALSE
"840002","PE",8,0,28,28,28,FALSE
"840024","PE",8,0,28,28,28,FALSE
"938003","PE",8,0,28,28,28,FALSE
"737033","PE",8,0,27,27,27,FALSE
"838018","PE",8,0,27,27,27,FALSE
"839007","PE",8,0,27,27,27,FALSE
"441001","PI",8,0,29,29,29,FALSE
"441008","PI",8,0,29,29,29,FALSE
"542004","PI",8,0,29,29,29,FALSE
"642006","PI",8,0,29,29,29,FALSE
"642009","PI",8,0,29,29,29,FALSE
"82296","PI",8,0,29,29,29,FALSE
"841008","PI",8,0,29,29,29,FALSE
"1045003","PI",8,0,28,28,28,FALSE
"442009","PI",8,0,28,28,28,FALSE
"641005","PI",8,0,28,28,28,FALSE
"743001","PI",8,0,28,28,28,FALSE
"744002","PI",8,0,28,28,28,FALSE
"844002","PI",8,0,28,28,28,FALSE
"844004","PI",8,0,28,28,28,FALSE
"1045005","PI",8,0,27,27,27,FALSE
"740005","PI",8,0,27,27,27,FALSE
"944004","PI",8,0,27,27,27,FALSE
"945005","PI",8,0,27,27,27,FALSE
"944001","PI",8,0,26,26,26,FALSE
"945003","PI",8,0,26,26,26,FALSE
"2351070","PR",8,0,29,29,29,FALSE
"2352013","PR",8,0,29,29,29,FALSE
"2352019","PR",8,0,29,29,29,FALSE
"2548006","PR",8,0,29,29,29,FALSE
"2551031","PR",8,0,29,29,29,FALSE
"2552015","PR",8,0,29,29,29,FALSE
"2552017","PR",8,0,29,29,29,FALSE
"2554030","PR",8,0,29,29,29,FALSE
"2349058","PR",8,0,28,28,28,FALSE
"2350047","PR",8,0,28,28,28,FALSE
"2352012","PR",8,0,28,28,28,FALSE
"2548014","PR",8,0,28,28,28,FALSE
"2451004","PR",8,0,27,27,27,FALSE
"2142019","RJ",8,0,29,29,29,FALSE
"2142053","RJ",8,0,29,29,29,FALSE
"2243001","RJ",8,0,29,29,29,FALSE
"2243072","RJ",8,0,29,29,29,FALSE
"2243088","RJ",8,0,29,29,29,FALSE
"2243107","RJ",8,0,29,29,29,FALSE
"2243108","RJ",8,0,29,29,29,FALSE
"2243089","RJ",8,0,28,28,28,FALSE
"2243141","RJ",8,0,28,28,28,FALSE
"2241023","RJ",8,0,27,27,27,FALSE
"2242043","RJ",8,0,27,27,27,FALSE
"2242051","RJ",8,0,27,27,27,FALSE
"535014","RN",8,0,29,29,29,FALSE
"535025","RN",8,0,29,29,29,FALSE
"535029","RN",8,0,29,29,29,FALSE
"536004","RN",8,0,29,29,29,FALSE
"536012","RN",8,0,29,29,29,FALSE
"536025","RN",8,0,29,29,29,FALSE
"536029","RN",8,0,29,29,29,FALSE
"537002","RN",8,0,29,29,29,FALSE
"537018","RN",8,0,29,29,29,FALSE
"537020","RN",8,0,29,29,29,FALSE
"637007","RN",8,0,29,29,29,FALSE
"637017","RN",8,0,29,29,29,FALSE
"638045","RN",8,0,29,29,29,FALSE
"535028","RN",8,0,28,28,28,FALSE
"536003","RN",8,0,27,27,27,FALSE
"637008","RN",8,0,27,27,27,FALSE
"8363000","RR",8,0,29,29,29,FALSE
"8260004","RR",8,0,28,28,28,FALSE
"2850013","RS",8,0,29,29,29,FALSE
"2949011","RS",8,0,29,29,29,FALSE
"2950059","RS",8,0,29,29,29,FALSE
"2950062","RS",8,0,29,29,29,FALSE
"2952002","RS",8,0,29,29,29,FALSE
"2952006","RS",8,0,29,29,29,FALSE
"3056003","RS",8,0,29,29,29,FALSE
"83992","RS",8,0,29,29,29,FALSE
"2950014","RS",8,0,28,28,28,FALSE
"2950060","RS",8,0,28,28,28,FALSE
"83929","RS",8,0,28,28,28,FALSE
"2752016","SC",8,0,27,27,27,FALSE
"1037042","SE",8,0,28,28,28,FALSE
"2047026","SP",8,0,29,29,29,FALSE
"2047063","SP",8,0,29,29,29,FALSE
"2047104","SP",8,0,29,29,29,FALSE
"2048054","SP",8,0,29,29,29,FALSE
"2049022","SP",8,0,29,29,29,FALSE
"2049046","SP",8,0,29,29,29,FALSE
"2049055","SP",8,0,29,29,29,FALSE
"2050038","SP",8,0,29,29,29,FALSE
"2050039","SP",8,0,29,29,29,FALSE
"2051014","SP",8,0,29,29,29,FALSE
"2051035","SP",8,0,29,29,29,FALSE
"2051036","SP",8,0,29,29,29,FALSE
"2147002","SP",8,0,29,29,29,FALSE
"2147009","SP",8,0,29,29,29,FALSE
"2147021","SP",8,0,29,29,29,FALSE
"2147029","SP",8,0,29,29,29,FALSE
"2147038","SP",8,0,29,29,29,FALSE
"2147041","SP",8,0,29,29,29,FALSE
"2147105","SP",8,0,29,29,29,FALSE
"2147111","SP",8,0,29,29,29,FALSE
"2147120","SP",8,0,29,29,29,FALSE
"2147127","SP",8,0,29,29,29,FALSE
"2148008","SP",8,0,29,29,29,FALSE
"2148094","SP",8,0,29,29,29,FALSE
"2148097","SP",8,0,29,29,29,FALSE
"2148098","SP",8,0,29,29,29,FALSE
"2148100","SP",8,0,29,29,29,FALSE
"2148101","SP",8,0,29,29,29,FALSE
"2148113","SP",8,0,29,29,29,FALSE
"2149015","SP",8,0,29,29,29,FALSE
"2149016","SP",8,0,29,29,29,FALSE
"2149020","SP",8,0,29,29,29,FALSE
"2149026","SP",8,0,29,29,29,FALSE
"2150006","SP",8,0,29,29,29,FALSE
"2150014","SP",8,0,29,29,29,FALSE
"2150062","SP",8,0,29,29,29,FALSE
"2150069","SP",8,0,29,29,29,FALSE
"2151007","SP",8,0,29,29,29,FALSE
"2151022","SP",8,0,29,29,29,FALSE
"2244025","SP",8,0,29,29,29,FALSE
"2245056","SP",8,0,29,29,29,FALSE
"2245167","SP",8,0,29,29,29,FALSE
"2247019","SP",8,0,29,29,29,FALSE
"2247053","SP",8,0,29,29,29,FALSE
"2247099","SP",8,0,29,29,29,FALSE
"2248021","SP",8,0,29,29,29,FALSE
"2248080","SP",8,0,29,29,29,FALSE
"2249007","SP",8,0,29,29,29,FALSE
"2249027","SP",8,0,29,29,29,FALSE
"2250004","SP",8,0,29,29,29,FALSE
"2250010","SP",8,0,29,29,29,FALSE
"2250015","SP",8,0,29,29,29,FALSE
"2251004","SP",8,0,29,29,29,FALSE
"2251053","SP",8,0,29,29,29,FALSE
"2253003","SP",8,0,29,29,29,FALSE
"2344004","SP",8,0,29,29,29,FALSE
"2345044","SP",8,0,29,29,29,FALSE
"2345045","SP",8,0,29,29,29,FALSE
"2345060","SP",8,0,29,29,29,FALSE
"2345061","SP",8,0,29,29,29,FALSE
"2345148","SP",8,0,29,29,29,FALSE
"2346006","SP",8,0,29,29,29,FALSE
"2346295","SP",8,0,29,29,29,FALSE
"2346309","SP",8,0,29,29,29,FALSE
"2347037","SP",8,0,29,29,29,FALSE
"2347103","SP",8,0,29,29,29,FALSE
"2347144","SP",8,0,29,29,29,FALSE
"2348006","SP",8,0,29,29,29,FALSE
"2348050","SP",8,0,29,29,29,FALSE
"2349024","SP",8,0,29,29,29,FALSE
"2448010","SP",8,0,29,29,29,FALSE
"83075","SP",8,0,29,29,29,FALSE
"2047015","SP",8,0,28,28,28,FALSE
"2047091","SP",8,0,28,28,28,FALSE
"2048012","SP",8,0,28,28,28,FALSE
"2048076","SP",8,0,28,28,28,FALSE
"2049007","SP",8,0,28,28,28,FALSE
"2051038","SP",8,0,28,28,28,FALSE
"2148024","SP",8,0,28,28,28,FALSE
"2148030","SP",8,0,28,28,28,FALSE
"2149047","SP",8,0,28,28,28,FALSE
"2150042","SP",8,0,28,28,28,FALSE
"2245142","SP",8,0,28,28,28,FALSE
"2246001","SP",8,0,28,28,28,FALSE
"2246010","SP",8,0,28,28,28,FALSE
"2247097","SP",8,0,28,28,28,FALSE
"2247117","SP",8,0,28,28,28,FALSE
"2345026","SP",8,0,28,28,28,FALSE
"2346356","SP",8,0,28,28,28,FALSE
"2347147","SP",8,0,28,28,28,FALSE
"2349055","SP",8,0,28,28,28,FALSE
"2448023","SP",8,0,28,28,28,FALSE
"2152003","SP",8,0,27,27,27,FALSE
"2247038","SP",8,0,27,27,27,FALSE
"2247118","SP",8,0,27,27,27,FALSE
"2248003","SP",8,0,27,27,27,FALSE
"2248078","SP",8,0,27,27,27,FALSE
"2346282","SP",8,0,26,26,26,FALSE
