"gauge_code","estado","n_duracoes","n_duracoes_8anos","min_anos","med_anos","max_anos","passa"
"A303","AL",24,24,14,14,14,TRUE
"270430213A","AL",24,24,9,9,9,TRUE
"270210801A","AL",24,24,8,8,8,TRUE
"270430210A","AL",24,24,8,8,8,TRUE
"270510101A","AL",24,24,8,8,8,TRUE
"270890701A","AL",24,24,8,8,8,TRUE
"A134","AM",24,24,8,8,8,TRUE
"A431","BA",24,24,8,8,8,TRUE
"A001","DF",24,24,10,10,10,TRUE
"A612","ES",24,24,12,12,12,TRUE
"A613","ES",24,24,9,9,9,TRUE
"A616","ES",24,24,8,8,8,TRUE
"521460602A","GO",24,24,10,10,10,TRUE
"A036","GO",24,24,9,9,9,TRUE
"A521","MG",24,24,14,14,14,TRUE
"A537","MG",24,24,13,13,13,TRUE
"A502","MG",24,24,12,12,12,TRUE
"A536","MG",24,24,11,11,11,TRUE
"A538","MG",24,24,11,11,11,TRUE
"A551","MG",24,24,11,11,11,TRUE
"A510","MG",24,24,10,10,10,TRUE
"A552","MG",24,24,10,10,10,TRUE
"311330502A","MG",24,24,9,9,9,TRUE
"315680901A","MG",24,24,9,9,9,TRUE
"A507","MG",24,24,9,9,9,TRUE
"A517","MG",24,24,9,9,9,TRUE
"A518","MG",24,24,9,9,9,TRUE
"A531","MG",24,24,9,9,9,TRUE
"A555","MG",24,24,9,9,9,TRUE
"F501","MG",24,24,9,9,9,TRUE
"313620704A","MG",24,24,8,8,8,TRUE
"315250105A","MG",24,24,8,8,8,TRUE
"A509","MG",24,24,8,8,8,TRUE
"A541","MG",24,24,8,8,8,TRUE
"A554","MG",24,24,8,8,8,TRUE
"A702","MS",24,24,10,10,10,TRUE
"A928","MT",24,24,8,8,8,TRUE
"250180703A","PB",24,24,10,10,10,TRUE
"250750705A","PB",24,24,10,10,10,TRUE
"251530201A","PB",24,24,10,10,10,TRUE
"A310","PB",24,24,10,10,10,TRUE
"250180701A","PB",24,24,9,9,9,TRUE
"250400901A","PB",24,24,9,9,9,TRUE
"250400904A","PB",24,24,9,9,9,TRUE
"250400906A","PB",24,24,9,9,9,TRUE
"250750701A","PB",24,24,9,9,9,TRUE
"250750702A","PB",24,24,9,9,9,TRUE
"250400902A","PB",24,24,8,8,8,TRUE
"250750707A","PB",24,24,8,8,8,TRUE
"261290101A","PE",24,24,11,11,11,TRUE
"260345404A","PE",24,24,10,10,10,TRUE
"260940202A","PE",24,24,10,10,10,TRUE
"261160621A","PE",24,24,10,10,10,TRUE
"260130001A","PE",24,24,8,8,8,TRUE
"260790108A","PE",24,24,8,8,8,TRUE
"260960005A","PE",24,24,8,8,8,TRUE
"261160614A","PE",24,24,8,8,8,TRUE
"261370103A","PE",24,24,8,8,8,TRUE
"A301","PE",24,24,8,8,8,TRUE
"A307","PE",24,24,8,8,8,TRUE
"410330501A","PR",24,24,10,10,10,TRUE
"410400602A","PR",24,24,10,10,10,TRUE
"410580501A","PR",24,24,9,9,9,TRUE
"412060601A","PR",24,24,9,9,9,TRUE
"412570402A","PR",24,24,9,9,9,TRUE
"A823","PR",24,24,9,9,9,TRUE
"410930201A","PR",24,24,8,8,8,TRUE
"412550602A","PR",24,24,8,8,8,TRUE
"A607","RJ",24,24,10,10,10,TRUE
"330455728A","RJ",24,24,9,9,9,TRUE
"330455729A","RJ",24,24,8,8,8,TRUE
"240810206A","RN",24,24,8,8,8,TRUE
"14680001","RR",24,24,8,8,8,TRUE
"A801","RS",24,24,17,17,17,TRUE
"A813","RS",24,24,12,12,12,TRUE
"431690707A","RS",24,24,11,11,11,TRUE
"A812","RS",24,24,11,11,11,TRUE
"A844","RS",24,24,11,11,11,TRUE
"430920901A","RS",24,24,10,10,10,TRUE
"431410001A","RS",24,24,10,10,10,TRUE
"A802","RS",24,24,10,10,10,TRUE
"A836","RS",24,24,10,10,10,TRUE
"A853","RS",24,24,10,10,10,TRUE
"430510802A","RS",24,24,9,9,9,TRUE
"430700502A","RS",24,24,9,9,9,TRUE
"431020703A","RS",24,24,9,9,9,TRUE
"432300204A","RS",24,24,9,9,9,TRUE
"A803","RS",24,24,9,9,9,TRUE
"430120601A","RS",24,24,8,8,8,TRUE
"430350901A","RS",24,24,8,8,8,TRUE
"431410002A","RS",24,24,8,8,8,TRUE
"431440703A","RS",24,24,8,8,8,TRUE
"432250904A","RS",24,24,8,8,8,TRUE
"432260802A","RS",24,24,8,8,8,TRUE
"A805","RS",24,24,8,8,8,TRUE
"A809","RS",24,24,8,8,8,TRUE
"A827","RS",24,24,8,8,8,TRUE
"A828","RS",24,24,8,8,8,TRUE
"A854","RS",24,24,8,8,8,TRUE
"A806","SC",24,24,13,13,13,TRUE
"420180202A","SC",24,24,9,9,9,TRUE
"420800501A","SC",24,24,9,9,9,TRUE
"420650401A","SC",24,24,8,8,8,TRUE
"421340101A","SC",24,24,8,8,8,TRUE
"A841","SC",24,24,8,8,8,TRUE
"A867","SC",24,24,8,8,8,TRUE
"280400301A","SE",24,24,10,10,10,TRUE
"A409","SE",24,24,9,9,9,TRUE
"A701","SP",24,24,14,14,14,TRUE
"351060901A","SP",24,24,9,9,9,TRUE
"352660501A","SP",24,24,9,9,9,TRUE
"352690204A","SP",24,24,9,9,9,TRUE
"353060704A","SP",24,24,9,9,9,TRUE
"350315801A","SP",24,24,8,8,8,TRUE
"350350501A","SP",24,24,8,8,8,TRUE
"350380201A","SP",24,24,8,8,8,TRUE
"350600301A","SP",24,24,8,8,8,TRUE
"353180302A","SP",24,24,8,8,8,TRUE
"353440103A","SP",24,24,8,8,8,TRUE
"353710704A","SP",24,24,8,8,8,TRUE
"354050701A","SP",24,24,8,8,8,TRUE
"355220509A","SP",24,24,8,8,8,TRUE
"13180000","AC",24,0,4,4,4,FALSE
"13310000","AC",24,0,4,4,4,FALSE
"13470000","AC",24,0,3,3,3,FALSE
"120070801A","AC",24,0,2,2,2,FALSE
"12510500","AC",24,0,2,2,2,FALSE
"13568000","AC",24,0,2,2,2,FALSE
"15324000","AC",24,0,2,2,2,FALSE
"A102","AC",24,0,2,2,2,FALSE
"A104","AC",24,0,2,2,2,FALSE
"A138","AC",24,0,2,2,2,FALSE
"12370000","AC",24,0,1,1,1,FALSE
"12590000","AC",24,0,1,1,1,FALSE
"13405000","AC",24,0,1,1,1,FALSE
"13450000","AC",24,0,1,1,1,FALSE
"13600002","AC",24,0,1,1,1,FALSE
"A108","AC",24,0,1,1,1,FALSE
"270060701A","AL",24,0,7,7,7,FALSE
"270270201A","AL",24,0,7,7,7,FALSE
"270430215A","AL",24,0,7,7,7,FALSE
"270430217A","AL",24,0,7,7,7,FALSE
"A353","AL",24,0,7,7,7,FALSE
"270135701A","AL",24,0,6,6,6,FALSE
"270420301A","AL",24,0,6,6,6,FALSE
"270430209A","AL",24,0,6,6,6,FALSE
"270660401A","AL",24,0,6,6,6,FALSE
"270430203A","AL",24,0,5,5,5,FALSE
"270430207A","AL",24,0,5,5,5,FALSE
"270430211A","AL",24,0,5,5,5,FALSE
"270430216A","AL",24,0,5,5,5,FALSE
"270644801A","AL",24,0,5,5,5,FALSE
"270860002A","AL",24,0,5,5,5,FALSE
"270940001A","AL",24,0,5,5,5,FALSE
"A327","AL",24,0,5,5,5,FALSE
"A356","AL",24,0,5,5,5,FALSE
"270230602A","AL",24,0,4,4,4,FALSE
"270380901A","AL",24,0,4,4,4,FALSE
"270430205A","AL",24,0,4,4,4,FALSE
"270430218A","AL",24,0,4,4,4,FALSE
"270760201A","AL",24,0,4,4,4,FALSE
"270810501A","AL",24,0,4,4,4,FALSE
"270930103A","AL",24,0,4,4,4,FALSE
"39700000","AL",24,0,4,4,4,FALSE
"39720000","AL",24,0,4,4,4,FALSE
"A355","AL",24,0,4,4,4,FALSE
"261340401A","AL",24,0,3,3,3,FALSE
"270230603A","AL",24,0,3,3,3,FALSE
"270430212A","AL",24,0,3,3,3,FALSE
"270430214A","AL",24,0,3,3,3,FALSE
"270470801A","AL",24,0,3,3,3,FALSE
"270830301A","AL",24,0,3,3,3,FALSE
"39760000","AL",24,0,3,3,3,FALSE
"39770000","AL",24,0,3,3,3,FALSE
"39860000","AL",24,0,3,3,3,FALSE
"39950000","AL",24,0,3,3,3,FALSE
"A323","AL",24,0,3,3,3,FALSE
"270130801A","AL",24,0,2,2,2,FALSE
"270860001A","AL",24,0,2,2,2,FALSE
"270930101A","AL",24,0,2,2,2,FALSE
"270930102A","AL",24,0,2,2,2,FALSE
"39740000","AL",24,0,2,2,2,FALSE
"270030001C","AL",24,0,1,1,1,FALSE
"270240501C","AL",24,0,1,1,1,FALSE
"270430202A","AL",24,0,1,1,1,FALSE
"270550701A","AL",24,0,1,1,1,FALSE
"270760203H","AL",24,0,1,1,1,FALSE
"39622000","AL",24,0,1,1,1,FALSE
"39852010","AL",24,0,1,1,1,FALSE
"39863000","AL",24,0,1,1,1,FALSE
"A371","AL",24,0,1,1,1,FALSE
"A101","AM",24,0,7,7,7,FALSE
"A125","AM",24,0,6,6,6,FALSE
"A119","AM",24,0,5,5,5,FALSE
"130014401A","AM",24,0,4,4,4,FALSE
"130063101A","AM",24,0,4,4,4,FALSE
"A110","AM",24,0,4,4,4,FALSE
"A126","AM",24,0,4,4,4,FALSE
"12850000","AM",24,0,3,3,3,FALSE
"14110000","AM",24,0,3,3,3,FALSE
"A111","AM",24,0,3,3,3,FALSE
"A117","AM",24,0,3,3,3,FALSE
"A122","AM",24,0,3,3,3,FALSE
"12540000","AM",24,0,2,2,2,FALSE
"12842000","AM",24,0,2,2,2,FALSE
"130063102A","AM",24,0,2,2,2,FALSE
"130160501A","AM",24,0,2,2,2,FALSE
"130340301A","AM",24,0,2,2,2,FALSE
"130406202A","AM",24,0,2,2,2,FALSE
"130420301A","AM",24,0,2,2,2,FALSE
"14840000","AM",24,0,2,2,2,FALSE
"15910000","AM",24,0,2,2,2,FALSE
"10910000","AM",24,0,1,1,1,FALSE
"12100000","AM",24,0,1,1,1,FALSE
"12520000","AM",24,0,1,1,1,FALSE
"12700000","AM",24,0,1,1,1,FALSE
"12840000","AM",24,0,1,1,1,FALSE
"12900001","AM",24,0,1,1,1,FALSE
"130002901A","AM",24,0,1,1,1,FALSE
"130006001A","AM",24,0,1,1,1,FALSE
"130020101A","AM",24,0,1,1,1,FALSE
"130165401A","AM",24,0,1,1,1,FALSE
"130220701A","AM",24,0,1,1,1,FALSE
"130340302A","AM",24,0,1,1,1,FALSE
"130353602A","AM",24,0,1,1,1,FALSE
"130356901A","AM",24,0,1,1,1,FALSE
"130390801A","AM",24,0,1,1,1,FALSE
"130406201A","AM",24,0,1,1,1,FALSE
"13100000","AM",24,0,1,1,1,FALSE
"13885000","AM",24,0,1,1,1,FALSE
"13990000","AM",24,0,1,1,1,FALSE
"14100000","AM",24,0,1,1,1,FALSE
"14330000","AM",24,0,1,1,1,FALSE
"15629000","AM",24,0,1,1,1,FALSE
"15700000","AM",24,0,1,1,1,FALSE
"16018000","AM",24,0,1,1,1,FALSE
"16019000","AM",24,0,1,1,1,FALSE
"16030000","AM",24,0,1,1,1,FALSE
"A112","AM",24,0,1,1,1,FALSE
"A120","AM",24,0,1,1,1,FALSE
"A123","AM",24,0,1,1,1,FALSE
"A124","AM",24,0,1,1,1,FALSE
"30300000","AP",24,0,2,2,2,FALSE
"160030303A","AP",24,0,1,1,1,FALSE
"160030305A","AP",24,0,1,1,1,FALSE
"160060002A","AP",24,0,1,1,1,FALSE
"160060003A","AP",24,0,1,1,1,FALSE
"19110000","AP",24,0,1,1,1,FALSE
"19150900","AP",24,0,1,1,1,FALSE
"30050000","AP",24,0,1,1,1,FALSE
"A242","AP",24,0,1,1,1,FALSE
"291180801A","BA",24,0,7,7,7,FALSE
"291345701A","BA",24,0,7,7,7,FALSE
"291360602A","BA",24,0,7,7,7,FALSE
"A401","BA",24,0,7,7,7,FALSE
"A408","BA",24,0,7,7,7,FALSE
"290560202A","BA",24,0,6,6,6,FALSE
"291120401A","BA",24,0,6,6,6,FALSE
"291480202A","BA",24,0,6,6,6,FALSE
"292770501A","BA",24,0,6,6,6,FALSE
"293290301A","BA",24,0,6,6,6,FALSE
"291360601A","BA",24,0,5,5,5,FALSE
"291640101A","BA",24,0,5,5,5,FALSE
"291750802A","BA",24,0,5,5,5,FALSE
"291760702A","BA",24,0,5,5,5,FALSE
"292900801A","BA",24,0,5,5,5,FALSE
"293070901A","BA",24,0,5,5,5,FALSE
"293330702A","BA",24,0,5,5,5,FALSE
"A407","BA",24,0,5,5,5,FALSE
"A425","BA",24,0,5,5,5,FALSE
"A427","BA",24,0,5,5,5,FALSE
"A429","BA",24,0,5,5,5,FALSE
"A433","BA",24,0,5,5,5,FALSE
"A450","BA",24,0,5,5,5,FALSE
"290340901A","BA",24,0,4,4,4,FALSE
"290580001A","BA",24,0,4,4,4,FALSE
"291840704A","BA",24,0,4,4,4,FALSE
"291920706A","BA",24,0,4,4,4,FALSE
"292060101A","BA",24,0,4,4,4,FALSE
"292390201A","BA",24,0,4,4,4,FALSE
"292740817A","BA",24,0,4,4,4,FALSE
"292805901A","BA",24,0,4,4,4,FALSE
"292860401A","BA",24,0,4,4,4,FALSE
"A424","BA",24,0,4,4,4,FALSE
"A442","BA",24,0,4,4,4,FALSE
"290310201A","BA",24,0,3,3,3,FALSE
"290560203A","BA",24,0,3,3,3,FALSE
"291710201C","BA",24,0,3,3,3,FALSE
"291760701A","BA",24,0,3,3,3,FALSE
"291920703A","BA",24,0,3,3,3,FALSE
"292300103A","BA",24,0,3,3,3,FALSE
"292740803A","BA",24,0,3,3,3,FALSE
"292740809G","BA",24,0,3,3,3,FALSE
"292740811G","BA",24,0,3,3,3,FALSE
"292740814G","BA",24,0,3,3,3,FALSE
"292740819A","BA",24,0,3,3,3,FALSE
"292740820A","BA",24,0,3,3,3,FALSE
"293290307H","BA",24,0,3,3,3,FALSE
"293330704A","BA",24,0,3,3,3,FALSE
"50660000","BA",24,0,3,3,3,FALSE
"51108000","BA",24,0,3,3,3,FALSE
"A402","BA",24,0,3,3,3,FALSE
"A406","BA",24,0,3,3,3,FALSE
"A410","BA",24,0,3,3,3,FALSE
"A413","BA",24,0,3,3,3,FALSE
"A414","BA",24,0,3,3,3,FALSE
"A423","BA",24,0,3,3,3,FALSE
"A434","BA",24,0,3,3,3,FALSE
"A441","BA",24,0,3,3,3,FALSE
"291480203A","BA",24,0,2,2,2,FALSE
"291490101A","BA",24,0,2,2,2,FALSE
"292270601C","BA",24,0,2,2,2,FALSE
"292490001C","BA",24,0,2,2,2,FALSE
"292530303A","BA",24,0,2,2,2,FALSE
"292530304A","BA",24,0,2,2,2,FALSE
"292550101A","BA",24,0,2,2,2,FALSE
"292610301C","BA",24,0,2,2,2,FALSE
"292740803G","BA",24,0,2,2,2,FALSE
"292740804G","BA",24,0,2,2,2,FALSE
"292740821A","BA",24,0,2,2,2,FALSE
"293070902A","BA",24,0,2,2,2,FALSE
"293105301C","BA",24,0,2,2,2,FALSE
"293330701A","BA",24,0,2,2,2,FALSE
"293330703A","BA",24,0,2,2,2,FALSE
"45600000","BA",24,0,2,2,2,FALSE
"46455000","BA",24,0,2,2,2,FALSE
"46543000","BA",24,0,2,2,2,FALSE
"46675000","BA",24,0,2,2,2,FALSE
"50595000","BA",24,0,2,2,2,FALSE
"51280000","BA",24,0,2,2,2,FALSE
"54945000","BA",24,0,2,2,2,FALSE
"A412","BA",24,0,2,2,2,FALSE
"A416","BA",24,0,2,2,2,FALSE
"A428","BA",24,0,2,2,2,FALSE
"A430","BA",24,0,2,2,2,FALSE
"A438","BA",24,0,2,2,2,FALSE
"A439","BA",24,0,2,2,2,FALSE
"A440","BA",24,0,2,2,2,FALSE
"A446","BA",24,0,2,2,2,FALSE
"290020701C","BA",24,0,1,1,1,FALSE
"290100701C","BA",24,0,1,1,1,FALSE
"290130401C","BA",24,0,1,1,1,FALSE
"290280701U","BA",24,0,1,1,1,FALSE
"290323501C","BA",24,0,1,1,1,FALSE
"290410001C","BA",24,0,1,1,1,FALSE
"290490201A","BA",24,0,1,1,1,FALSE
"290570101H","BA",24,0,1,1,1,FALSE
"290650104A","BA",24,0,1,1,1,FALSE
"290650105A","BA",24,0,1,1,1,FALSE
"290687301C","BA",24,0,1,1,1,FALSE
"291340801C","BA",24,0,1,1,1,FALSE
"291420801C","BA",24,0,1,1,1,FALSE
"291680701C","BA",24,0,1,1,1,FALSE
"291710201A","BA",24,0,1,1,1,FALSE
"291840701A","BA",24,0,1,1,1,FALSE
"291900901A","BA",24,0,1,1,1,FALSE
"291915701A","BA",24,0,1,1,1,FALSE
"291920701A","BA",24,0,1,1,1,FALSE
"291920702A","BA",24,0,1,1,1,FALSE
"291920705A","BA",24,0,1,1,1,FALSE
"292300102A","BA",24,0,1,1,1,FALSE
"292530301A","BA",24,0,1,1,1,FALSE
"292680601C","BA",24,0,1,1,1,FALSE
"292740801G","BA",24,0,1,1,1,FALSE
"292740802G","BA",24,0,1,1,1,FALSE
"292740806G","BA",24,0,1,1,1,FALSE
"292740807G","BA",24,0,1,1,1,FALSE
"292740810A","BA",24,0,1,1,1,FALSE
"292740811A","BA",24,0,1,1,1,FALSE
"292740812A","BA",24,0,1,1,1,FALSE
"292740812G","BA",24,0,1,1,1,FALSE
"292740813G","BA",24,0,1,1,1,FALSE
"292740815G","BA",24,0,1,1,1,FALSE
"292740816A","BA",24,0,1,1,1,FALSE
"292740818A","BA",24,0,1,1,1,FALSE
"292860402A","BA",24,0,1,1,1,FALSE
"293120201A","BA",24,0,1,1,1,FALSE
"293240801C","BA",24,0,1,1,1,FALSE
"293280401C","BA",24,0,1,1,1,FALSE
"293330705A","BA",24,0,1,1,1,FALSE
"45586000","BA",24,0,1,1,1,FALSE
"45588000","BA",24,0,1,1,1,FALSE
"45840000","BA",24,0,1,1,1,FALSE
"46150001","BA",24,0,1,1,1,FALSE
"46590000","BA",24,0,1,1,1,FALSE
"50795000","BA",24,0,1,1,1,FALSE
"53140000","BA",24,0,1,1,1,FALSE
"A405","BA",24,0,1,1,1,FALSE
"A415","BA",24,0,1,1,1,FALSE
"A426","BA",24,0,1,1,1,FALSE
"A437","BA",24,0,1,1,1,FALSE
"A444","BA",24,0,1,1,1,FALSE
"A458","BA",24,0,1,1,1,FALSE
"A342","CE",24,0,7,7,7,FALSE
"230210701A","CE",24,0,6,6,6,FALSE
"230390701A","CE",24,0,6,6,6,FALSE
"230540702A","CE",24,0,6,6,6,FALSE
"230820301A","CE",24,0,6,6,6,FALSE
"230980501A","CE",24,0,6,6,6,FALSE
"231180101A","CE",24,0,6,6,6,FALSE
"A314","CE",24,0,6,6,6,FALSE
"230075403A","CE",24,0,5,5,5,FALSE
"230765003A","CE",24,0,5,5,5,FALSE
"230020001A","CE",24,0,4,4,4,FALSE
"230410301A","CE",24,0,4,4,4,FALSE
"230440016A","CE",24,0,4,4,4,FALSE
"230470701A","CE",24,0,4,4,4,FALSE
"230700704A","CE",24,0,4,4,4,FALSE
"230730401A","CE",24,0,4,4,4,FALSE
"230765001A","CE",24,0,4,4,4,FALSE
"230765004A","CE",24,0,4,4,4,FALSE
"230770001A","CE",24,0,4,4,4,FALSE
"230810401A","CE",24,0,4,4,4,FALSE
"231310401A","CE",24,0,4,4,4,FALSE
"231410202A","CE",24,0,4,4,4,FALSE
"230075402A","CE",24,0,3,3,3,FALSE
"230440005A","CE",24,0,3,3,3,FALSE
"230470702A","CE",24,0,3,3,3,FALSE
"230750201A","CE",24,0,3,3,3,FALSE
"230780901A","CE",24,0,3,3,3,FALSE
"230870805A","CE",24,0,3,3,3,FALSE
"230990401A","CE",24,0,3,3,3,FALSE
"231140501A","CE",24,0,3,3,3,FALSE
"231150401A","CE",24,0,3,3,3,FALSE
"230230501A","CE",24,0,2,2,2,FALSE
"230240401A","CE",24,0,2,2,2,FALSE
"230370906A","CE",24,0,2,2,2,FALSE
"230400401A","CE",24,0,2,2,2,FALSE
"230410302A","CE",24,0,2,2,2,FALSE
"230440001A","CE",24,0,2,2,2,FALSE
"230440004A","CE",24,0,2,2,2,FALSE
"230550602A","CE",24,0,2,2,2,FALSE
"230620701A","CE",24,0,2,2,2,FALSE
"230765002A","CE",24,0,2,2,2,FALSE
"230770002A","CE",24,0,2,2,2,FALSE
"230870804A","CE",24,0,2,2,2,FALSE
"230880701A","CE",24,0,2,2,2,FALSE
"35283000","CE",24,0,2,2,2,FALSE
"A319","CE",24,0,2,2,2,FALSE
"A324","CE",24,0,2,2,2,FALSE
"A332","CE",24,0,2,2,2,FALSE
"A359","CE",24,0,2,2,2,FALSE
"A360","CE",24,0,2,2,2,FALSE
"230020002A","CE",24,0,1,1,1,FALSE
"230075401A","CE",24,0,1,1,1,FALSE
"230075401H","CE",24,0,1,1,1,FALSE
"230280002A","CE",24,0,1,1,1,FALSE
"230370901A","CE",24,0,1,1,1,FALSE
"230370903A","CE",24,0,1,1,1,FALSE
"230420204H","CE",24,0,1,1,1,FALSE
"230440010A","CE",24,0,1,1,1,FALSE
"230440011A","CE",24,0,1,1,1,FALSE
"230440015A","CE",24,0,1,1,1,FALSE
"230700703A","CE",24,0,1,1,1,FALSE
"230760101A","CE",24,0,1,1,1,FALSE
"230763501A","CE",24,0,1,1,1,FALSE
"230840101A","CE",24,0,1,1,1,FALSE
"230890601A","CE",24,0,1,1,1,FALSE
"231050601A","CE",24,0,1,1,1,FALSE
"231290802A","CE",24,0,1,1,1,FALSE
"231290803A","CE",24,0,1,1,1,FALSE
"231410201A","CE",24,0,1,1,1,FALSE
"35235000","CE",24,0,1,1,1,FALSE
"35240001","CE",24,0,1,1,1,FALSE
"35300100","CE",24,0,1,1,1,FALSE
"36045000","CE",24,0,1,1,1,FALSE
"36125000","CE",24,0,1,1,1,FALSE
"36470000","CE",24,0,1,1,1,FALSE
"36520000","CE",24,0,1,1,1,FALSE
"36615000","CE",24,0,1,1,1,FALSE
"A305","CE",24,0,1,1,1,FALSE
"A306","CE",24,0,1,1,1,FALSE
"A315","CE",24,0,1,1,1,FALSE
"A325","CE",24,0,1,1,1,FALSE
"A339","CE",24,0,1,1,1,FALSE
"A368","CE",24,0,1,1,1,FALSE
"A045","DF",24,0,7,7,7,FALSE
"A046","DF",24,0,6,6,6,FALSE
"A047","DF",24,0,5,5,5,FALSE
"530010805A","DF",24,0,2,2,2,FALSE
"A042","DF",24,0,2,2,2,FALSE
"530010802A","DF",24,0,1,1,1,FALSE
"530010803A","DF",24,0,1,1,1,FALSE
"530010804A","DF",24,0,1,1,1,FALSE
"320530905A","ES",24,0,7,7,7,FALSE
"320220702A","ES",24,0,6,6,6,FALSE
"320500213A","ES",24,0,6,6,6,FALSE
"A614","ES",24,0,6,6,6,FALSE
"A617","ES",24,0,6,6,6,FALSE
"320130811A","ES",24,0,5,5,5,FALSE
"320320501A","ES",24,0,5,5,5,FALSE
"320390803A","ES",24,0,5,5,5,FALSE
"320400501A","ES",24,0,5,5,5,FALSE
"320490602A","ES",24,0,5,5,5,FALSE
"320500204A","ES",24,0,5,5,5,FALSE
"320500206A","ES",24,0,5,5,5,FALSE
"320530908A","ES",24,0,5,5,5,FALSE
"A615","ES",24,0,5,5,5,FALSE
"320030001A","ES",24,0,4,4,4,FALSE
"320040902A","ES",24,0,4,4,4,FALSE
"320050801A","ES",24,0,4,4,4,FALSE
"320060705A","ES",24,0,4,4,4,FALSE
"320150601A","ES",24,0,4,4,4,FALSE
"320220701A","ES",24,0,4,4,4,FALSE
"320245401A","ES",24,0,4,4,4,FALSE
"320300701A","ES",24,0,4,4,4,FALSE
"320440101A","ES",24,0,4,4,4,FALSE
"320510104A","ES",24,0,4,4,4,FALSE
"A633","ES",24,0,4,4,4,FALSE
"320016903A","ES",24,0,3,3,3,FALSE
"320090401A","ES",24,0,3,3,3,FALSE
"320090403A","ES",24,0,3,3,3,FALSE
"320120909A","ES",24,0,3,3,3,FALSE
"320150602A","ES",24,0,3,3,3,FALSE
"320170401A","ES",24,0,3,3,3,FALSE
"320210801A","ES",24,0,3,3,3,FALSE
"320255301A","ES",24,0,3,3,3,FALSE
"320290001A","ES",24,0,3,3,3,FALSE
"320330401A","ES",24,0,3,3,3,FALSE
"320334602A","ES",24,0,3,3,3,FALSE
"320340302A","ES",24,0,3,3,3,FALSE
"320425201A","ES",24,0,3,3,3,FALSE
"320440102A","ES",24,0,3,3,3,FALSE
"320480702A","ES",24,0,3,3,3,FALSE
"320500202A","ES",24,0,3,3,3,FALSE
"320506901A","ES",24,0,3,3,3,FALSE
"320515001A","ES",24,0,3,3,3,FALSE
"A634","ES",24,0,3,3,3,FALSE
"320010203A","ES",24,0,2,2,2,FALSE
"320070601A","ES",24,0,2,2,2,FALSE
"320115901A","ES",24,0,2,2,2,FALSE
"320120908A","ES",24,0,2,2,2,FALSE
"320230603A","ES",24,0,2,2,2,FALSE
"320240501A","ES",24,0,2,2,2,FALSE
"320250401A","ES",24,0,2,2,2,FALSE
"320350201A","ES",24,0,2,2,2,FALSE
"320360101A","ES",24,0,2,2,2,FALSE
"320405401A","ES",24,0,2,2,2,FALSE
"320450001A","ES",24,0,2,2,2,FALSE
"320503601A","ES",24,0,2,2,2,FALSE
"320510101A","ES",24,0,2,2,2,FALSE
"320520002A","ES",24,0,2,2,2,FALSE
"320520006A","ES",24,0,2,2,2,FALSE
"A622","ES",24,0,2,2,2,FALSE
"A623","ES",24,0,2,2,2,FALSE
"320020107A","ES",24,0,1,1,1,FALSE
"320060702A","ES",24,0,1,1,1,FALSE
"320060704A","ES",24,0,1,1,1,FALSE
"320060706A","ES",24,0,1,1,1,FALSE
"320060707A","ES",24,0,1,1,1,FALSE
"320080501A","ES",24,0,1,1,1,FALSE
"320090402A","ES",24,0,1,1,1,FALSE
"320110001A","ES",24,0,1,1,1,FALSE
"320110005H","ES",24,0,1,1,1,FALSE
"320120904A","ES",24,0,1,1,1,FALSE
"320130805A","ES",24,0,1,1,1,FALSE
"320130806A","ES",24,0,1,1,1,FALSE
"320140706A","ES",24,0,1,1,1,FALSE
"320150603A","ES",24,0,1,1,1,FALSE
"320225601A","ES",24,0,1,1,1,FALSE
"320240503A","ES",24,0,1,1,1,FALSE
"320265201A","ES",24,0,1,1,1,FALSE
"320313001A","ES",24,0,1,1,1,FALSE
"320316301A","ES",24,0,1,1,1,FALSE
"320316310H","ES",24,0,1,1,1,FALSE
"320335301A","ES",24,0,1,1,1,FALSE
"320380902A","ES",24,0,1,1,1,FALSE
"320390802A","ES",24,0,1,1,1,FALSE
"320390804A","ES",24,0,1,1,1,FALSE
"320420301A","ES",24,0,1,1,1,FALSE
"320455902A","ES",24,0,1,1,1,FALSE
"320455903A","ES",24,0,1,1,1,FALSE
"320455904A","ES",24,0,1,1,1,FALSE
"320465801A","ES",24,0,1,1,1,FALSE
"320480717H","ES",24,0,1,1,1,FALSE
"320490601A","ES",24,0,1,1,1,FALSE
"320495502A","ES",24,0,1,1,1,FALSE
"320500205A","ES",24,0,1,1,1,FALSE
"320500207A","ES",24,0,1,1,1,FALSE
"320520007A","ES",24,0,1,1,1,FALSE
"320520008A","ES",24,0,1,1,1,FALSE
"320520009A","ES",24,0,1,1,1,FALSE
"320530910A","ES",24,0,1,1,1,FALSE
"57774000","ES",24,0,1,1,1,FALSE
"A632","ES",24,0,1,1,1,FALSE
"A657","ES",24,0,1,1,1,FALSE
"521190901A","GO",24,0,7,7,7,FALSE
"521460601A","GO",24,0,7,7,7,FALSE
"521830001A","GO",24,0,7,7,7,FALSE
"520030801A","GO",24,0,6,6,6,FALSE
"520510901A","GO",24,0,6,6,6,FALSE
"A003","GO",24,0,6,6,6,FALSE
"A014","GO",24,0,6,6,6,FALSE
"21220000","GO",24,0,5,5,5,FALSE
"520025803A","GO",24,0,5,5,5,FALSE
"520110801A","GO",24,0,5,5,5,FALSE
"521310301A","GO",24,0,5,5,5,FALSE
"60454000","GO",24,0,5,5,5,FALSE
"A002","GO",24,0,5,5,5,FALSE
"A013","GO",24,0,5,5,5,FALSE
"A027","GO",24,0,5,5,5,FALSE
"21551100","GO",24,0,4,4,4,FALSE
"24770000","GO",24,0,4,4,4,FALSE
"520140501A","GO",24,0,4,4,4,FALSE
"521150301A","GO",24,0,4,4,4,FALSE
"521310302A","GO",24,0,4,4,4,FALSE
"521523101A","GO",24,0,4,4,4,FALSE
"521523102A","GO",24,0,4,4,4,FALSE
"521523103A","GO",24,0,4,4,4,FALSE
"521570201A","GO",24,0,4,4,4,FALSE
"522060301A","GO",24,0,4,4,4,FALSE
"522170001A","GO",24,0,4,4,4,FALSE
"60975000","GO",24,0,4,4,4,FALSE
"A012","GO",24,0,4,4,4,FALSE
"A016","GO",24,0,4,4,4,FALSE
"A033","GO",24,0,4,4,4,FALSE
"20200000","GO",24,0,3,3,3,FALSE
"21500000","GO",24,0,3,3,3,FALSE
"25700000","GO",24,0,3,3,3,FALSE
"520140504A","GO",24,0,3,3,3,FALSE
"520140506A","GO",24,0,3,3,3,FALSE
"520140507A","GO",24,0,3,3,3,FALSE
"520450801A","GO",24,0,3,3,3,FALSE
"520549701A","GO",24,0,3,3,3,FALSE
"520790701A","GO",24,0,3,3,3,FALSE
"520870701A","GO",24,0,3,3,3,FALSE
"521730201A","GO",24,0,3,3,3,FALSE
"521880502A","GO",24,0,3,3,3,FALSE
"60444700","GO",24,0,3,3,3,FALSE
"60772000","GO",24,0,3,3,3,FALSE
"A022","GO",24,0,3,3,3,FALSE
"A025","GO",24,0,3,3,3,FALSE
"A026","GO",24,0,3,3,3,FALSE
"A028","GO",24,0,3,3,3,FALSE
"A034","GO",24,0,3,3,3,FALSE
"A035","GO",24,0,3,3,3,FALSE
"A056","GO",24,0,3,3,3,FALSE
"24748700","GO",24,0,2,2,2,FALSE
"24760000","GO",24,0,2,2,2,FALSE
"24800000","GO",24,0,2,2,2,FALSE
"24950000","GO",24,0,2,2,2,FALSE
"25090000","GO",24,0,2,2,2,FALSE
"520025802A","GO",24,0,2,2,2,FALSE
"520140503A","GO",24,0,2,2,2,FALSE
"520540601A","GO",24,0,2,2,2,FALSE
"520800402A","GO",24,0,2,2,2,FALSE
"520890501A","GO",24,0,2,2,2,FALSE
"521180001A","GO",24,0,2,2,2,FALSE
"521880501A","GO",24,0,2,2,2,FALSE
"60650000","GO",24,0,2,2,2,FALSE
"60910200","GO",24,0,2,2,2,FALSE
"60920700","GO",24,0,2,2,2,FALSE
"60961050","GO",24,0,2,2,2,FALSE
"20050050","GO",24,0,1,1,1,FALSE
"21539000","GO",24,0,1,1,1,FALSE
"21600000","GO",24,0,1,1,1,FALSE
"24743000","GO",24,0,1,1,1,FALSE
"24744900","GO",24,0,1,1,1,FALSE
"24850000","GO",24,0,1,1,1,FALSE
"25100000","GO",24,0,1,1,1,FALSE
"25130000","GO",24,0,1,1,1,FALSE
"25200000","GO",24,0,1,1,1,FALSE
"520140502A","GO",24,0,1,1,1,FALSE
"520140508A","GO",24,0,1,1,1,FALSE
"520800401A","GO",24,0,1,1,1,FALSE
"520870702A","GO",24,0,1,1,1,FALSE
"520870703A","GO",24,0,1,1,1,FALSE
"521150303A","GO",24,0,1,1,1,FALSE
"60026100","GO",24,0,1,1,1,FALSE
"60439500","GO",24,0,1,1,1,FALSE
"60540000","GO",24,0,1,1,1,FALSE
"60544990","GO",24,0,1,1,1,FALSE
"60680000","GO",24,0,1,1,1,FALSE
"60765000","GO",24,0,1,1,1,FALSE
"60775510","GO",24,0,1,1,1,FALSE
"60783000","GO",24,0,1,1,1,FALSE
"60787000","GO",24,0,1,1,1,FALSE
"60798000","GO",24,0,1,1,1,FALSE
"60906000","GO",24,0,1,1,1,FALSE
"60908000","GO",24,0,1,1,1,FALSE
"60910300","GO",24,0,1,1,1,FALSE
"60935000","GO",24,0,1,1,1,FALSE
"60944000","GO",24,0,1,1,1,FALSE
"A005","GO",24,0,1,1,1,FALSE
"A017","GO",24,0,1,1,1,FALSE
"A037","GO",24,0,1,1,1,FALSE
"210350501A","MA",24,0,7,7,7,FALSE
"211080701A","MA",24,0,6,6,6,FALSE
"210130101A","MA",24,0,5,5,5,FALSE
"210177201A","MA",24,0,5,5,5,FALSE
"210232501A","MA",24,0,5,5,5,FALSE
"210510401A","MA",24,0,5,5,5,FALSE
"210545001A","MA",24,0,5,5,5,FALSE
"211130006A","MA",24,0,5,5,5,FALSE
"211130008A","MA",24,0,5,5,5,FALSE
"211130010A","MA",24,0,5,5,5,FALSE
"A206","MA",24,0,5,5,5,FALSE
"210083201A","MA",24,0,4,4,4,FALSE
"210090701A","MA",24,0,4,4,4,FALSE
"210220001A","MA",24,0,4,4,4,FALSE
"210300003A","MA",24,0,4,4,4,FALSE
"210340601A","MA",24,0,4,4,4,FALSE
"210360401A","MA",24,0,4,4,4,FALSE
"210530201A","MA",24,0,4,4,4,FALSE
"210580701A","MA",24,0,4,4,4,FALSE
"210660701A","MA",24,0,4,4,4,FALSE
"211210001A","MA",24,0,4,4,4,FALSE
"211220901A","MA",24,0,4,4,4,FALSE
"210140001A","MA",24,0,3,3,3,FALSE
"210180601A","MA",24,0,3,3,3,FALSE
"210300001A","MA",24,0,3,3,3,FALSE
"210330701A","MA",24,0,3,3,3,FALSE
"210515301A","MA",24,0,3,3,3,FALSE
"210594801A","MA",24,0,3,3,3,FALSE
"210680501A","MA",24,0,3,3,3,FALSE
"210780301A","MA",24,0,3,3,3,FALSE
"210845401A","MA",24,0,3,3,3,FALSE
"210910601A","MA",24,0,3,3,3,FALSE
"210975901A","MA",24,0,3,3,3,FALSE
"211130007A","MA",24,0,3,3,3,FALSE
"211270401A","MA",24,0,3,3,3,FALSE
"34130000","MA",24,0,3,3,3,FALSE
"A207","MA",24,0,3,3,3,FALSE
"A219","MA",24,0,3,3,3,FALSE
"A225","MA",24,0,3,3,3,FALSE
"210050102A","MA",24,0,2,2,2,FALSE
"210315801A","MA",24,0,2,2,2,FALSE
"210330702A","MA",24,0,2,2,2,FALSE
"210390101A","MA",24,0,2,2,2,FALSE
"210570801A","MA",24,0,2,2,2,FALSE
"210690401A","MA",24,0,2,2,2,FALSE
"210760501A","MA",24,0,2,2,2,FALSE
"210960101A","MA",24,0,2,2,2,FALSE
"210980901A","MA",24,0,2,2,2,FALSE
"211000501A","MA",24,0,2,2,2,FALSE
"211010401A","MA",24,0,2,2,2,FALSE
"211130004A","MA",24,0,2,2,2,FALSE
"211130005A","MA",24,0,2,2,2,FALSE
"211130009A","MA",24,0,2,2,2,FALSE
"211153202A","MA",24,0,2,2,2,FALSE
"211172201A","MA",24,0,2,2,2,FALSE
"211227401A","MA",24,0,2,2,2,FALSE
"211245601A","MA",24,0,2,2,2,FALSE
"33286000","MA",24,0,2,2,2,FALSE
"33480000","MA",24,0,2,2,2,FALSE
"33770000","MA",24,0,2,2,2,FALSE
"34040500","MA",24,0,2,2,2,FALSE
"A203","MA",24,0,2,2,2,FALSE
"A221","MA",24,0,2,2,2,FALSE
"A223","MA",24,0,2,2,2,FALSE
"210300002A","MA",24,0,1,1,1,FALSE
"210320802A","MA",24,0,1,1,1,FALSE
"210340602A","MA",24,0,1,1,1,FALSE
"210355401A","MA",24,0,1,1,1,FALSE
"210400801A","MA",24,0,1,1,1,FALSE
"210410701A","MA",24,0,1,1,1,FALSE
"210420601A","MA",24,0,1,1,1,FALSE
"210530202A","MA",24,0,1,1,1,FALSE
"210530203A","MA",24,0,1,1,1,FALSE
"210530204A","MA",24,0,1,1,1,FALSE
"210540101A","MA",24,0,1,1,1,FALSE
"210596302A","MA",24,0,1,1,1,FALSE
"210630001A","MA",24,0,1,1,1,FALSE
"210635902A","MA",24,0,1,1,1,FALSE
"210675501A","MA",24,0,1,1,1,FALSE
"210890001A","MA",24,0,1,1,1,FALSE
"210930401A","MA",24,0,1,1,1,FALSE
"211060901A","MA",24,0,1,1,1,FALSE
"211130002A","MA",24,0,1,1,1,FALSE
"211150801A","MA",24,0,1,1,1,FALSE
"211280301A","MA",24,0,1,1,1,FALSE
"23790000","MA",24,0,1,1,1,FALSE
"32540000","MA",24,0,1,1,1,FALSE
"33250000","MA",24,0,1,1,1,FALSE
"33281000","MA",24,0,1,1,1,FALSE
"33290000","MA",24,0,1,1,1,FALSE
"33321000","MA",24,0,1,1,1,FALSE
"33380000","MA",24,0,1,1,1,FALSE
"33530000","MA",24,0,1,1,1,FALSE
"33550000","MA",24,0,1,1,1,FALSE
"34010000","MA",24,0,1,1,1,FALSE
"34820000","MA",24,0,1,1,1,FALSE
"A218","MA",24,0,1,1,1,FALSE
"A222","MA",24,0,1,1,1,FALSE
"A237","MA",24,0,1,1,1,FALSE
"A255","MA",24,0,1,1,1,FALSE
"311410501A","MG",24,0,7,7,7,FALSE
"311450101A","MG",24,0,7,7,7,FALSE
"313170302A","MG",24,0,7,7,7,FALSE
"313240401A","MG",24,0,7,7,7,FALSE
"313620703A","MG",24,0,7,7,7,FALSE
"313780901A","MG",24,0,7,7,7,FALSE
"316600601A","MG",24,0,7,7,7,FALSE
"A514","MG",24,0,7,7,7,FALSE
"A542","MG",24,0,7,7,7,FALSE
"A564","MG",24,0,7,7,7,FALSE
"311330501A","MG",24,0,6,6,6,FALSE
"311340402A","MG",24,0,6,6,6,FALSE
"311360201A","MG",24,0,6,6,6,FALSE
"312420302A","MG",24,0,6,6,6,FALSE
"312770106A","MG",24,0,6,6,6,FALSE
"312870901A","MG",24,0,6,6,6,FALSE
"313130702A","MG",24,0,6,6,6,FALSE
"313170303A","MG",24,0,6,6,6,FALSE
"313170305A","MG",24,0,6,6,6,FALSE
"313180201A","MG",24,0,6,6,6,FALSE
"313240402A","MG",24,0,6,6,6,FALSE
"313700701A","MG",24,0,6,6,6,FALSE
"313920101A","MG",24,0,6,6,6,FALSE
"314310401A","MG",24,0,6,6,6,FALSE
"316330001A","MG",24,0,6,6,6,FALSE
"317020601A","MG",24,0,6,6,6,FALSE
"317040401A","MG",24,0,6,6,6,FALSE
"A511","MG",24,0,6,6,6,FALSE
"A523","MG",24,0,6,6,6,FALSE
"A524","MG",24,0,6,6,6,FALSE
"A527","MG",24,0,6,6,6,FALSE
"A528","MG",24,0,6,6,6,FALSE
"A540","MG",24,0,6,6,6,FALSE
"A544","MG",24,0,6,6,6,FALSE
"310710902A","MG",24,0,5,5,5,FALSE
"311330503A","MG",24,0,5,5,5,FALSE
"311610001A","MG",24,0,5,5,5,FALSE
"311820501A","MG",24,0,5,5,5,FALSE
"312110001A","MG",24,0,5,5,5,FALSE
"312690102A","MG",24,0,5,5,5,FALSE
"313170301A","MG",24,0,5,5,5,FALSE
"313170306A","MG",24,0,5,5,5,FALSE
"313320401A","MG",24,0,5,5,5,FALSE
"313350101A","MG",24,0,5,5,5,FALSE
"313770001A","MG",24,0,5,5,5,FALSE
"315250101A","MG",24,0,5,5,5,FALSE
"315250104A","MG",24,0,5,5,5,FALSE
"54530800","MG",24,0,5,5,5,FALSE
"A505","MG",24,0,5,5,5,FALSE
"A506","MG",24,0,5,5,5,FALSE
"A508","MG",24,0,5,5,5,FALSE
"A512","MG",24,0,5,5,5,FALSE
"A520","MG",24,0,5,5,5,FALSE
"A530","MG",24,0,5,5,5,FALSE
"A535","MG",24,0,5,5,5,FALSE
"A545","MG",24,0,5,5,5,FALSE
"310170601A","MG",24,0,4,4,4,FALSE
"310560811A","MG",24,0,4,4,4,FALSE
"310945101A","MG",24,0,4,4,4,FALSE
"311000402A","MG",24,0,4,4,4,FALSE
"311800702A","MG",24,0,4,4,4,FALSE
"311830401A","MG",24,0,4,4,4,FALSE
"311860102A","MG",24,0,4,4,4,FALSE
"312170402A","MG",24,0,4,4,4,FALSE
"312370001A","MG",24,0,4,4,4,FALSE
"312820401A","MG",24,0,4,4,4,FALSE
"312880801A","MG",24,0,4,4,4,FALSE
"313170304A","MG",24,0,4,4,4,FALSE
"313270101A","MG",24,0,4,4,4,FALSE
"313460801A","MG",24,0,4,4,4,FALSE
"313940901A","MG",24,0,4,4,4,FALSE
"314430001A","MG",24,0,4,4,4,FALSE
"314610702A","MG",24,0,4,4,4,FALSE
"314630501A","MG",24,0,4,4,4,FALSE
"314780801A","MG",24,0,4,4,4,FALSE
"314790701A","MG",24,0,4,4,4,FALSE
"314800401A","MG",24,0,4,4,4,FALSE
"314820201A","MG",24,0,4,4,4,FALSE
"314990301A","MG",24,0,4,4,4,FALSE
"315080201A","MG",24,0,4,4,4,FALSE
"315390501A","MG",24,0,4,4,4,FALSE
"315400201A","MG",24,0,4,4,4,FALSE
"315430902A","MG",24,0,4,4,4,FALSE
"315460604A","MG",24,0,4,4,4,FALSE
"315780703A","MG",24,0,4,4,4,FALSE
"316070205A","MG",24,0,4,4,4,FALSE
"316230201A","MG",24,0,4,4,4,FALSE
"316400101A","MG",24,0,4,4,4,FALSE
"316410001A","MG",24,0,4,4,4,FALSE
"316550301A","MG",24,0,4,4,4,FALSE
"316935601A","MG",24,0,4,4,4,FALSE
"41192900","MG",24,0,4,4,4,FALSE
"42210000","MG",24,0,4,4,4,FALSE
"A513","MG",24,0,4,4,4,FALSE
"A516","MG",24,0,4,4,4,FALSE
"A525","MG",24,0,4,4,4,FALSE
"A529","MG",24,0,4,4,4,FALSE
"A533","MG",24,0,4,4,4,FALSE
"A547","MG",24,0,4,4,4,FALSE
"A550","MG",24,0,4,4,4,FALSE
"A569","MG",24,0,4,4,4,FALSE
"A570","MG",24,0,4,4,4,FALSE
"310110201A","MG",24,0,3,3,3,FALSE
"310630901A","MG",24,0,3,3,3,FALSE
"311080601A","MG",24,0,3,3,3,FALSE
"311370102A","MG",24,0,3,3,3,FALSE
"311830402A","MG",24,0,3,3,3,FALSE
"312250401A","MG",24,0,3,3,3,FALSE
"312260301A","MG",24,0,3,3,3,FALSE
"312400501A","MG",24,0,3,3,3,FALSE
"312420301A","MG",24,0,3,3,3,FALSE
"312580401A","MG",24,0,3,3,3,FALSE
"312680201A","MG",24,0,3,3,3,FALSE
"312770105A","MG",24,0,3,3,3,FALSE
"312930102A","MG",24,0,3,3,3,FALSE
"313130703A","MG",24,0,3,3,3,FALSE
"313130704A","MG",24,0,3,3,3,FALSE
"313540701A","MG",24,0,3,3,3,FALSE
"313620701A","MG",24,0,3,3,3,FALSE
"313620702A","MG",24,0,3,3,3,FALSE
"313670222A","MG",24,0,3,3,3,FALSE
"314040701A","MG",24,0,3,3,3,FALSE
"314430003A","MG",24,0,3,3,3,FALSE
"314810301A","MG",24,0,3,3,3,FALSE
"314995201A","MG",24,0,3,3,3,FALSE
"315250102A","MG",24,0,3,3,3,FALSE
"315340001A","MG",24,0,3,3,3,FALSE
"315460602A","MG",24,0,3,3,3,FALSE
"315460603A","MG",24,0,3,3,3,FALSE
"315570201A","MG",24,0,3,3,3,FALSE
"315780704A","MG",24,0,3,3,3,FALSE
"316070202A","MG",24,0,3,3,3,FALSE
"316105601A","MG",24,0,3,3,3,FALSE
"316110602A","MG",24,0,3,3,3,FALSE
"316290602A","MG",24,0,3,3,3,FALSE
"317100601A","MG",24,0,3,3,3,FALSE
"317130301A","MG",24,0,3,3,3,FALSE
"317130304A","MG",24,0,3,3,3,FALSE
"317190701A","MG",24,0,3,3,3,FALSE
"41940001","MG",24,0,3,3,3,FALSE
"41955000","MG",24,0,3,3,3,FALSE
"42255500","MG",24,0,3,3,3,FALSE
"42690002","MG",24,0,3,3,3,FALSE
"53540001","MG",24,0,3,3,3,FALSE
"58788200","MG",24,0,3,3,3,FALSE
"A515","MG",24,0,3,3,3,FALSE
"A519","MG",24,0,3,3,3,FALSE
"A532","MG",24,0,3,3,3,FALSE
"A534","MG",24,0,3,3,3,FALSE
"A539","MG",24,0,3,3,3,FALSE
"A557","MG",24,0,3,3,3,FALSE
"A562","MG",24,0,3,3,3,FALSE
"A565","MG",24,0,3,3,3,FALSE
"310060901A","MG",24,0,2,2,2,FALSE
"310560808A","MG",24,0,2,2,2,FALSE
"310590502A","MG",24,0,2,2,2,FALSE
"310940201A","MG",24,0,2,2,2,FALSE
"311320602A","MG",24,0,2,2,2,FALSE
"311530001A","MG",24,0,2,2,2,FALSE
"311530004A","MG",24,0,2,2,2,FALSE
"311570601A","MG",24,0,2,2,2,FALSE
"311590401A","MG",24,0,2,2,2,FALSE
"311600101A","MG",24,0,2,2,2,FALSE
"311750401A","MG",24,0,2,2,2,FALSE
"311830410H","MG",24,0,2,2,2,FALSE
"312770102A","MG",24,0,2,2,2,FALSE
"312770108A","MG",24,0,2,2,2,FALSE
"313090301A","MG",24,0,2,2,2,FALSE
"313130701A","MG",24,0,2,2,2,FALSE
"313670204A","MG",24,0,2,2,2,FALSE
"313670207A","MG",24,0,2,2,2,FALSE
"313670209A","MG",24,0,2,2,2,FALSE
"313670213A","MG",24,0,2,2,2,FALSE
"313670224A","MG",24,0,2,2,2,FALSE
"313753601A","MG",24,0,2,2,2,FALSE
"313940902A","MG",24,0,2,2,2,FALSE
"313950801A","MG",24,0,2,2,2,FALSE
"314000102A","MG",24,0,2,2,2,FALSE
"314000104A","MG",24,0,2,2,2,FALSE
"314080303A","MG",24,0,2,2,2,FALSE
"314150401A","MG",24,0,2,2,2,FALSE
"314220501A","MG",24,0,2,2,2,FALSE
"314315301A","MG",24,0,2,2,2,FALSE
"314400301A","MG",24,0,2,2,2,FALSE
"314467201A","MG",24,0,2,2,2,FALSE
"314490401A","MG",24,0,2,2,2,FALSE
"314530701A","MG",24,0,2,2,2,FALSE
"315110701A","MG",24,0,2,2,2,FALSE
"315250103A","MG",24,0,2,2,2,FALSE
"315350901A","MG",24,0,2,2,2,FALSE
"315480401A","MG",24,0,2,2,2,FALSE
"315490301A","MG",24,0,2,2,2,FALSE
"316110601A","MG",24,0,2,2,2,FALSE
"316880401A","MG",24,0,2,2,2,FALSE
"316880403A","MG",24,0,2,2,2,FALSE
"316930702A","MG",24,0,2,2,2,FALSE
"316990110A","MG",24,0,2,2,2,FALSE
"317130302A","MG",24,0,2,2,2,FALSE
"317130303A","MG",24,0,2,2,2,FALSE
"317200401A","MG",24,0,2,2,2,FALSE
"40100001","MG",24,0,2,2,2,FALSE
"40330000","MG",24,0,2,2,2,FALSE
"41718000","MG",24,0,2,2,2,FALSE
"41972000","MG",24,0,2,2,2,FALSE
"42980500","MG",24,0,2,2,2,FALSE
"44940000","MG",24,0,2,2,2,FALSE
"54710500","MG",24,0,2,2,2,FALSE
"55510950","MG",24,0,2,2,2,FALSE
"56094000","MG",24,0,2,2,2,FALSE
"56148500","MG",24,0,2,2,2,FALSE
"56230100","MG",24,0,2,2,2,FALSE
"56696000","MG",24,0,2,2,2,FALSE
"58918140","MG",24,0,2,2,2,FALSE
"58920000","MG",24,0,2,2,2,FALSE
"61203000","MG",24,0,2,2,2,FALSE
"61410000","MG",24,0,2,2,2,FALSE
"61424900","MG",24,0,2,2,2,FALSE
"61537000","MG",24,0,2,2,2,FALSE
"61795100","MG",24,0,2,2,2,FALSE
"61807002","MG",24,0,2,2,2,FALSE
"A522","MG",24,0,2,2,2,FALSE
"A546","MG",24,0,2,2,2,FALSE
"A548","MG",24,0,2,2,2,FALSE
"A563","MG",24,0,2,2,2,FALSE
"A568","MG",24,0,2,2,2,FALSE
"310230801A","MG",24,0,1,1,1,FALSE
"310470001A","MG",24,0,1,1,1,FALSE
"310560803A","MG",24,0,1,1,1,FALSE
"310560805A","MG",24,0,1,1,1,FALSE
"310560806A","MG",24,0,1,1,1,FALSE
"310560807A","MG",24,0,1,1,1,FALSE
"310560809A","MG",24,0,1,1,1,FALSE
"310560812A","MG",24,0,1,1,1,FALSE
"310560828H","MG",24,0,1,1,1,FALSE
"310670503A","MG",24,0,1,1,1,FALSE
"310900606A","MG",24,0,1,1,1,FALSE
"311000403A","MG",24,0,1,1,1,FALSE
"311050909A","MG",24,0,1,1,1,FALSE
"311205901A","MG",24,0,1,1,1,FALSE
"311230701A","MG",24,0,1,1,1,FALSE
"311290101A","MG",24,0,1,1,1,FALSE
"311300801A","MG",24,0,1,1,1,FALSE
"311340408H","MG",24,0,1,1,1,FALSE
"311530007A","MG",24,0,1,1,1,FALSE
"311530008A","MG",24,0,1,1,1,FALSE
"311830404A","MG",24,0,1,1,1,FALSE
"311860101A","MG",24,0,1,1,1,FALSE
"311860104A","MG",24,0,1,1,1,FALSE
"312190201A","MG",24,0,1,1,1,FALSE
"312670302A","MG",24,0,1,1,1,FALSE
"312770103A","MG",24,0,1,1,1,FALSE
"312770104A","MG",24,0,1,1,1,FALSE
"312900401A","MG",24,0,1,1,1,FALSE
"313150553H","MG",24,0,1,1,1,FALSE
"313300601A","MG",24,0,1,1,1,FALSE
"313330301C","MG",24,0,1,1,1,FALSE
"313360001A","MG",24,0,1,1,1,FALSE
"313670212A","MG",24,0,1,1,1,FALSE
"313670220A","MG",24,0,1,1,1,FALSE
"313670223A","MG",24,0,1,1,1,FALSE
"313670227A","MG",24,0,1,1,1,FALSE
"313670228A","MG",24,0,1,1,1,FALSE
"313770002A","MG",24,0,1,1,1,FALSE
"313960701A","MG",24,0,1,1,1,FALSE
"314000103A","MG",24,0,1,1,1,FALSE
"314060501A","MG",24,0,1,1,1,FALSE
"314080302A","MG",24,0,1,1,1,FALSE
"314080304A","MG",24,0,1,1,1,FALSE
"314330202A","MG",24,0,1,1,1,FALSE
"314390601A","MG",24,0,1,1,1,FALSE
"314390607A","MG",24,0,1,1,1,FALSE
"314435901A","MG",24,0,1,1,1,FALSE
"314480502A","MG",24,0,1,1,1,FALSE
"314610707A","MG",24,0,1,1,1,FALSE
"315000001A","MG",24,0,1,1,1,FALSE
"315120602A","MG",24,0,1,1,1,FALSE
"315460605A","MG",24,0,1,1,1,FALSE
"315460621H","MG",24,0,1,1,1,FALSE
"315670003A","MG",24,0,1,1,1,FALSE
"315780702A","MG",24,0,1,1,1,FALSE
"315780724H","MG",24,0,1,1,1,FALSE
"315960501A","MG",24,0,1,1,1,FALSE
"315960502A","MG",24,0,1,1,1,FALSE
"316020701A","MG",24,0,1,1,1,FALSE
"316070201A","MG",24,0,1,1,1,FALSE
"316250002A","MG",24,0,1,1,1,FALSE
"316250003A","MG",24,0,1,1,1,FALSE
"316250004A","MG",24,0,1,1,1,FALSE
"316290601A","MG",24,0,1,1,1,FALSE
"316370654H","MG",24,0,1,1,1,FALSE
"316750901A","MG",24,0,1,1,1,FALSE
"316930701A","MG",24,0,1,1,1,FALSE
"316990101A","MG",24,0,1,1,1,FALSE
"316990103A","MG",24,0,1,1,1,FALSE
"316990106A","MG",24,0,1,1,1,FALSE
"316990108A","MG",24,0,1,1,1,FALSE
"317010701A","MG",24,0,1,1,1,FALSE
"40450001","MG",24,0,1,1,1,FALSE
"40740000","MG",24,0,1,1,1,FALSE
"40865400","MG",24,0,1,1,1,FALSE
"40866000","MG",24,0,1,1,1,FALSE
"40963000","MG",24,0,1,1,1,FALSE
"41180001","MG",24,0,1,1,1,FALSE
"41193000","MG",24,0,1,1,1,FALSE
"41990000","MG",24,0,1,1,1,FALSE
"43429998","MG",24,0,1,1,1,FALSE
"43980002","MG",24,0,1,1,1,FALSE
"53460500","MG",24,0,1,1,1,FALSE
"54010020","MG",24,0,1,1,1,FALSE
"54110003","MG",24,0,1,1,1,FALSE
"54200500","MG",24,0,1,1,1,FALSE
"55566000","MG",24,0,1,1,1,FALSE
"56092000","MG",24,0,1,1,1,FALSE
"56209080","MG",24,0,1,1,1,FALSE
"56212000","MG",24,0,1,1,1,FALSE
"56661000","MG",24,0,1,1,1,FALSE
"56719998","MG",24,0,1,1,1,FALSE
"56825000","MG",24,0,1,1,1,FALSE
"56830800","MG",24,0,1,1,1,FALSE
"56850000","MG",24,0,1,1,1,FALSE
"56927500","MG",24,0,1,1,1,FALSE
"56979000","MG",24,0,1,1,1,FALSE
"58489000","MG",24,0,1,1,1,FALSE
"58544000","MG",24,0,1,1,1,FALSE
"58550001","MG",24,0,1,1,1,FALSE
"58730001","MG",24,0,1,1,1,FALSE
"58730080","MG",24,0,1,1,1,FALSE
"58732000","MG",24,0,1,1,1,FALSE
"58735000","MG",24,0,1,1,1,FALSE
"58753140","MG",24,0,1,1,1,FALSE
"58787000","MG",24,0,1,1,1,FALSE
"58788600","MG",24,0,1,1,1,FALSE
"58918120","MG",24,0,1,1,1,FALSE
"60018800","MG",24,0,1,1,1,FALSE
"60183000","MG",24,0,1,1,1,FALSE
"60845500","MG",24,0,1,1,1,FALSE
"60854900","MG",24,0,1,1,1,FALSE
"60927000","MG",24,0,1,1,1,FALSE
"61078600","MG",24,0,1,1,1,FALSE
"61305000","MG",24,0,1,1,1,FALSE
"61511000","MG",24,0,1,1,1,FALSE
"61685000","MG",24,0,1,1,1,FALSE
"61689000","MG",24,0,1,1,1,FALSE
"61696000","MG",24,0,1,1,1,FALSE
"61730080","MG",24,0,1,1,1,FALSE
"61807500","MG",24,0,1,1,1,FALSE
"A526","MG",24,0,1,1,1,FALSE
"A543","MG",24,0,1,1,1,FALSE
"A549","MG",24,0,1,1,1,FALSE
"A553","MG",24,0,1,1,1,FALSE
"A559","MG",24,0,1,1,1,FALSE
"A566","MG",24,0,1,1,1,FALSE
"A567","MG",24,0,1,1,1,FALSE
"500540001A","MS",24,0,7,7,7,FALSE
"A703","MS",24,0,7,7,7,FALSE
"A719","MS",24,0,6,6,6,FALSE
"A722","MS",24,0,6,6,6,FALSE
"A756","MS",24,0,6,6,6,FALSE
"A742","MS",24,0,5,5,5,FALSE
"500190401A","MS",24,0,4,4,4,FALSE
"63850000","MS",24,0,4,4,4,FALSE
"A752","MS",24,0,4,4,4,FALSE
"500270401A","MS",24,0,3,3,3,FALSE
"500348801A","MS",24,0,3,3,3,FALSE
"500470001A","MS",24,0,3,3,3,FALSE
"500660601A","MS",24,0,3,3,3,FALSE
"500830501A","MS",24,0,3,3,3,FALSE
"63001223","MS",24,0,3,3,3,FALSE
"63001225","MS",24,0,3,3,3,FALSE
"A704","MS",24,0,3,3,3,FALSE
"A720","MS",24,0,3,3,3,FALSE
"A724","MS",24,0,3,3,3,FALSE
"A743","MS",24,0,3,3,3,FALSE
"A749","MS",24,0,3,3,3,FALSE
"A751","MS",24,0,3,3,3,FALSE
"A758","MS",24,0,3,3,3,FALSE
"500270403A","MS",24,0,2,2,2,FALSE
"500320702A","MS",24,0,2,2,2,FALSE
"63001228","MS",24,0,2,2,2,FALSE
"63001605","MS",24,0,2,2,2,FALSE
"63001650","MS",24,0,2,2,2,FALSE
"63250800","MS",24,0,2,2,2,FALSE
"63250850","MS",24,0,2,2,2,FALSE
"63250900","MS",24,0,2,2,2,FALSE
"63920080","MS",24,0,2,2,2,FALSE
"66810000","MS",24,0,2,2,2,FALSE
"66870000","MS",24,0,2,2,2,FALSE
"A709","MS",24,0,2,2,2,FALSE
"A717","MS",24,0,2,2,2,FALSE
"A721","MS",24,0,2,2,2,FALSE
"A750","MS",24,0,2,2,2,FALSE
"A754","MS",24,0,2,2,2,FALSE
"A759","MS",24,0,2,2,2,FALSE
"A761","MS",24,0,2,2,2,FALSE
"500110201A","MS",24,0,1,1,1,FALSE
"500310801A","MS",24,0,1,1,1,FALSE
"500460101A","MS",24,0,1,1,1,FALSE
"500750501A","MS",24,0,1,1,1,FALSE
"500769501A","MS",24,0,1,1,1,FALSE
"60968000","MS",24,0,1,1,1,FALSE
"63001230","MS",24,0,1,1,1,FALSE
"63001560","MS",24,0,1,1,1,FALSE
"63910000","MS",24,0,1,1,1,FALSE
"64725000","MS",24,0,1,1,1,FALSE
"67100000","MS",24,0,1,1,1,FALSE
"A723","MS",24,0,1,1,1,FALSE
"A731","MS",24,0,1,1,1,FALSE
"A757","MS",24,0,1,1,1,FALSE
"A760","MS",24,0,1,1,1,FALSE
"S701","MS",24,0,1,1,1,FALSE
"S702","MS",24,0,1,1,1,FALSE
"510263701A","MT",24,0,6,6,6,FALSE
"510760201A","MT",24,0,5,5,5,FALSE
"A902","MT",24,0,5,5,5,FALSE
"A908","MT",24,0,5,5,5,FALSE
"17091310","MT",24,0,4,4,4,FALSE
"66386000","MT",24,0,4,4,4,FALSE
"A914","MT",24,0,4,4,4,FALSE
"A920","MT",24,0,4,4,4,FALSE
"17093010","MT",24,0,3,3,3,FALSE
"510623201A","MT",24,0,3,3,3,FALSE
"510675201A","MT",24,0,3,3,3,FALSE
"66052500","MT",24,0,3,3,3,FALSE
"66070004","MT",24,0,3,3,3,FALSE
"66260001","MT",24,0,3,3,3,FALSE
"A904","MT",24,0,3,3,3,FALSE
"A913","MT",24,0,3,3,3,FALSE
"A916","MT",24,0,3,3,3,FALSE
"A932","MT",24,0,3,3,3,FALSE
"15123080","MT",24,0,2,2,2,FALSE
"17090600","MT",24,0,2,2,2,FALSE
"17091410","MT",24,0,2,2,2,FALSE
"17094400","MT",24,0,2,2,2,FALSE
"17354700","MT",24,0,2,2,2,FALSE
"18409000","MT",24,0,2,2,2,FALSE
"18422000","MT",24,0,2,2,2,FALSE
"26500000","MT",24,0,2,2,2,FALSE
"510340301H","MT",24,0,2,2,2,FALSE
"510340303A","MT",24,0,2,2,2,FALSE
"510700801A","MT",24,0,2,2,2,FALSE
"510730501A","MT",24,0,2,2,2,FALSE
"510780001A","MT",24,0,2,2,2,FALSE
"510860001A","MT",24,0,2,2,2,FALSE
"66171500","MT",24,0,2,2,2,FALSE
"66174000","MT",24,0,2,2,2,FALSE
"66384000","MT",24,0,2,2,2,FALSE
"A901","MT",24,0,2,2,2,FALSE
"A909","MT",24,0,2,2,2,FALSE
"A910","MT",24,0,2,2,2,FALSE
"A926","MT",24,0,2,2,2,FALSE
"A934","MT",24,0,2,2,2,FALSE
"A936","MT",24,0,2,2,2,FALSE
"15720000","MT",24,0,1,1,1,FALSE
"15748000","MT",24,0,1,1,1,FALSE
"15750500","MT",24,0,1,1,1,FALSE
"17091030","MT",24,0,1,1,1,FALSE
"17091090","MT",24,0,1,1,1,FALSE
"17091097","MT",24,0,1,1,1,FALSE
"17091170","MT",24,0,1,1,1,FALSE
"17091400","MT",24,0,1,1,1,FALSE
"17091600","MT",24,0,1,1,1,FALSE
"17092960","MT",24,0,1,1,1,FALSE
"17094550","MT",24,0,1,1,1,FALSE
"17275100","MT",24,0,1,1,1,FALSE
"17388000","MT",24,0,1,1,1,FALSE
"17395900","MT",24,0,1,1,1,FALSE
"17410100","MT",24,0,1,1,1,FALSE
"18409650","MT",24,0,1,1,1,FALSE
"18435000","MT",24,0,1,1,1,FALSE
"24500000","MT",24,0,1,1,1,FALSE
"24653000","MT",24,0,1,1,1,FALSE
"510250401A","MT",24,0,1,1,1,FALSE
"510335301A","MT",24,0,1,1,1,FALSE
"510340302A","MT",24,0,1,1,1,FALSE
"510621601A","MT",24,0,1,1,1,FALSE
"510630701A","MT",24,0,1,1,1,FALSE
"66028000","MT",24,0,1,1,1,FALSE
"66056000","MT",24,0,1,1,1,FALSE
"66071397","MT",24,0,1,1,1,FALSE
"66162000","MT",24,0,1,1,1,FALSE
"66164600","MT",24,0,1,1,1,FALSE
"66280000","MT",24,0,1,1,1,FALSE
"66425000","MT",24,0,1,1,1,FALSE
"66460000","MT",24,0,1,1,1,FALSE
"A915","MT",24,0,1,1,1,FALSE
"A917","MT",24,0,1,1,1,FALSE
"A919","MT",24,0,1,1,1,FALSE
"A924","MT",24,0,1,1,1,FALSE
"A933","MT",24,0,1,1,1,FALSE
"A937","MT",24,0,1,1,1,FALSE
"150619502A","PA",24,0,6,6,6,FALSE
"150680704A","PA",24,0,6,6,6,FALSE
"150100601A","PA",24,0,5,5,5,FALSE
"150120401A","PA",24,0,5,5,5,FALSE
"150140204A","PA",24,0,5,5,5,FALSE
"A201","PA",24,0,5,5,5,FALSE
"A209","PA",24,0,5,5,5,FALSE
"150050302A","PA",24,0,4,4,4,FALSE
"150420806A","PA",24,0,4,4,4,FALSE
"150553604A","PA",24,0,4,4,4,FALSE
"150780501A","PA",24,0,4,4,4,FALSE
"27500000","PA",24,0,4,4,4,FALSE
"150060202A","PA",24,0,3,3,3,FALSE
"150140203A","PA",24,0,3,3,3,FALSE
"150140210A","PA",24,0,3,3,3,FALSE
"150360601A","PA",24,0,3,3,3,FALSE
"150390301A","PA",24,0,3,3,3,FALSE
"150420801A","PA",24,0,3,3,3,FALSE
"19985000","PA",24,0,3,3,3,FALSE
"29050000","PA",24,0,3,3,3,FALSE
"A214","PA",24,0,3,3,3,FALSE
"A227","PA",24,0,3,3,3,FALSE
"150060203A","PA",24,0,2,2,2,FALSE
"150295401A","PA",24,0,2,2,2,FALSE
"150350702A","PA",24,0,2,2,2,FALSE
"150480202A","PA",24,0,2,2,2,FALSE
"150497601A","PA",24,0,2,2,2,FALSE
"150553602A","PA",24,0,2,2,2,FALSE
"150553603A","PA",24,0,2,2,2,FALSE
"150745801A","PA",24,0,2,2,2,FALSE
"150805001A","PA",24,0,2,2,2,FALSE
"150810001A","PA",24,0,2,2,2,FALSE
"29070100","PA",24,0,2,2,2,FALSE
"31645000","PA",24,0,2,2,2,FALSE
"31680000","PA",24,0,2,2,2,FALSE
"31700000","PA",24,0,2,2,2,FALSE
"A211","PA",24,0,2,2,2,FALSE
"A213","PA",24,0,2,2,2,FALSE
"A230","PA",24,0,2,2,2,FALSE
"A245","PA",24,0,2,2,2,FALSE
"A248","PA",24,0,2,2,2,FALSE
"A253","PA",24,0,2,2,2,FALSE
"150010703A","PA",24,0,1,1,1,FALSE
"150040402A","PA",24,0,1,1,1,FALSE
"150140207A","PA",24,0,1,1,1,FALSE
"150350701A","PA",24,0,1,1,1,FALSE
"150380401A","PA",24,0,1,1,1,FALSE
"150420802A","PA",24,0,1,1,1,FALSE
"150420803A","PA",24,0,1,1,1,FALSE
"150420804A","PA",24,0,1,1,1,FALSE
"150553601A","PA",24,0,1,1,1,FALSE
"150600501A","PA",24,0,1,1,1,FALSE
"150680702A","PA",24,0,1,1,1,FALSE
"150680703A","PA",24,0,1,1,1,FALSE
"16500000","PA",24,0,1,1,1,FALSE
"17050001","PA",24,0,1,1,1,FALSE
"18119000","PA",24,0,1,1,1,FALSE
"18480000","PA",24,0,1,1,1,FALSE
"18600000","PA",24,0,1,1,1,FALSE
"18880000","PA",24,0,1,1,1,FALSE
"18950003","PA",24,0,1,1,1,FALSE
"29100000","PA",24,0,1,1,1,FALSE
"32620000","PA",24,0,1,1,1,FALSE
"A202","PA",24,0,1,1,1,FALSE
"A215","PA",24,0,1,1,1,FALSE
"A228","PA",24,0,1,1,1,FALSE
"A232","PA",24,0,1,1,1,FALSE
"A234","PA",24,0,1,1,1,FALSE
"A236","PA",24,0,1,1,1,FALSE
"A254","PA",24,0,1,1,1,FALSE
"250180702A","PB",24,0,7,7,7,FALSE
"250980001A","PB",24,0,7,7,7,FALSE
"250320903A","PB",24,0,6,6,6,FALSE
"250400903A","PB",24,0,6,6,6,FALSE
"250750703A","PB",24,0,6,6,6,FALSE
"250030401A","PB",24,0,5,5,5,FALSE
"250050201A","PB",24,0,5,5,5,FALSE
"250300101A","PB",24,0,5,5,5,FALSE
"250320902A","PB",24,0,5,5,5,FALSE
"251620101A","PB",24,0,5,5,5,FALSE
"A313","PB",24,0,5,5,5,FALSE
"A320","PB",24,0,5,5,5,FALSE
"A333","PB",24,0,5,5,5,FALSE
"A348","PB",24,0,5,5,5,FALSE
"250400905A","PB",24,0,4,4,4,FALSE
"250750706A","PB",24,0,4,4,4,FALSE
"A334","PB",24,0,4,4,4,FALSE
"A352","PB",24,0,4,4,4,FALSE
"250750704A","PB",24,0,3,3,3,FALSE
"250910701A","PB",24,0,3,3,3,FALSE
"251190501A","PB",24,0,3,3,3,FALSE
"250320901A","PB",24,0,2,2,2,FALSE
"251080802A","PB",24,0,2,2,2,FALSE
"251390101A","PB",24,0,2,2,2,FALSE
"251600301C","PB",24,0,2,2,2,FALSE
"A321","PB",24,0,2,2,2,FALSE
"250400901C","PB",24,0,1,1,1,FALSE
"250400907A","PB",24,0,1,1,1,FALSE
"250930501A","PB",24,0,1,1,1,FALSE
"251080801A","PB",24,0,1,1,1,FALSE
"251210101C","PB",24,0,1,1,1,FALSE
"A373","PB",24,0,1,1,1,FALSE
"260140902A","PE",24,0,7,7,7,FALSE
"260590501A","PE",24,0,7,7,7,FALSE
"260620001A","PE",24,0,7,7,7,FALSE
"260620002A","PE",24,0,7,7,7,FALSE
"260680403A","PE",24,0,7,7,7,FALSE
"260680405A","PE",24,0,7,7,7,FALSE
"260720801A","PE",24,0,7,7,7,FALSE
"260795001A","PE",24,0,7,7,7,FALSE
"260920402A","PE",24,0,7,7,7,FALSE
"260940201A","PE",24,0,7,7,7,FALSE
"260950102A","PE",24,0,7,7,7,FALSE
"260950103A","PE",24,0,7,7,7,FALSE
"261150701A","PE",24,0,7,7,7,FALSE
"261160604A","PE",24,0,7,7,7,FALSE
"261160615A","PE",24,0,7,7,7,FALSE
"261160617A","PE",24,0,7,7,7,FALSE
"261160620A","PE",24,0,7,7,7,FALSE
"261650601A","PE",24,0,7,7,7,FALSE
"260290203A","PE",24,0,6,6,6,FALSE
"260345406A","PE",24,0,6,6,6,FALSE
"260410601A","PE",24,0,6,6,6,FALSE
"260450201A","PE",24,0,6,6,6,FALSE
"260470001A","PE",24,0,6,6,6,FALSE
"260960004A","PE",24,0,6,6,6,FALSE
"261070704A","PE",24,0,6,6,6,FALSE
"261160603A","PE",24,0,6,6,6,FALSE
"261160618A","PE",24,0,6,6,6,FALSE
"261160623A","PE",24,0,6,6,6,FALSE
"261180401A","PE",24,0,6,6,6,FALSE
"261190301A","PE",24,0,6,6,6,FALSE
"261370101A","PE",24,0,6,6,6,FALSE
"261370102A","PE",24,0,6,6,6,FALSE
"261370104A","PE",24,0,6,6,6,FALSE
"261420401A","PE",24,0,6,6,6,FALSE
"261640702A","PE",24,0,6,6,6,FALSE
"261640704A","PE",24,0,6,6,6,FALSE
"A329","PE",24,0,6,6,6,FALSE
"260105201A","PE",24,0,5,5,5,FALSE
"260270401A","PE",24,0,5,5,5,FALSE
"260290205A","PE",24,0,5,5,5,FALSE
"260345402A","PE",24,0,5,5,5,FALSE
"260480901A","PE",24,0,5,5,5,FALSE
"260540001A","PE",24,0,5,5,5,FALSE
"260790107A","PE",24,0,5,5,5,FALSE
"260845301A","PE",24,0,5,5,5,FALSE
"260850301A","PE",24,0,5,5,5,FALSE
"260960003A","PE",24,0,5,5,5,FALSE
"261150702A","PE",24,0,5,5,5,FALSE
"261160601A","PE",24,0,5,5,5,FALSE
"261160610A","PE",24,0,5,5,5,FALSE
"261160613A","PE",24,0,5,5,5,FALSE
"261630801A","PE",24,0,5,5,5,FALSE
"A309","PE",24,0,5,5,5,FALSE
"260005402A","PE",24,0,4,4,4,FALSE
"260040101A","PE",24,0,4,4,4,FALSE
"260090601A","PE",24,0,4,4,4,FALSE
"260140901A","PE",24,0,4,4,4,FALSE
"260150802A","PE",24,0,4,4,4,FALSE
"260345403A","PE",24,0,4,4,4,FALSE
"260420502A","PE",24,0,4,4,4,FALSE
"260420503A","PE",24,0,4,4,4,FALSE
"260420504A","PE",24,0,4,4,4,FALSE
"260720804A","PE",24,0,4,4,4,FALSE
"260765301A","PE",24,0,4,4,4,FALSE
"260790102A","PE",24,0,4,4,4,FALSE
"260790106A","PE",24,0,4,4,4,FALSE
"260790109A","PE",24,0,4,4,4,FALSE
"260870101A","PE",24,0,4,4,4,FALSE
"260910501A","PE",24,0,4,4,4,FALSE
"260920401A","PE",24,0,4,4,4,FALSE
"260950101A","PE",24,0,4,4,4,FALSE
"260960002A","PE",24,0,4,4,4,FALSE
"261050901A","PE",24,0,4,4,4,FALSE
"261070702A","PE",24,0,4,4,4,FALSE
"261070705A","PE",24,0,4,4,4,FALSE
"261160619A","PE",24,0,4,4,4,FALSE
"261160622A","PE",24,0,4,4,4,FALSE
"261240601A","PE",24,0,4,4,4,FALSE
"261310701A","PE",24,0,4,4,4,FALSE
"261320601A","PE",24,0,4,4,4,FALSE
"261485702A","PE",24,0,4,4,4,FALSE
"261530001A","PE",24,0,4,4,4,FALSE
"39571000","PE",24,0,4,4,4,FALSE
"A328","PE",24,0,4,4,4,FALSE
"260080701A","PE",24,0,3,3,3,FALSE
"260080702A","PE",24,0,3,3,3,FALSE
"260100301A","PE",24,0,3,3,3,FALSE
"260230801A","PE",24,0,3,3,3,FALSE
"260290204A","PE",24,0,3,3,3,FALSE
"260345405A","PE",24,0,3,3,3,FALSE
"260410607A","PE",24,0,3,3,3,FALSE
"260440301A","PE",24,0,3,3,3,FALSE
"260460101A","PE",24,0,3,3,3,FALSE
"260520201A","PE",24,0,3,3,3,FALSE
"260550901A","PE",24,0,3,3,3,FALSE
"260610102A","PE",24,0,3,3,3,FALSE
"260620003A","PE",24,0,3,3,3,FALSE
"260680404A","PE",24,0,3,3,3,FALSE
"260720803A","PE",24,0,3,3,3,FALSE
"260720805A","PE",24,0,3,3,3,FALSE
"260765302A","PE",24,0,3,3,3,FALSE
"260780201A","PE",24,0,3,3,3,FALSE
"260790101A","PE",24,0,3,3,3,FALSE
"260790110A","PE",24,0,3,3,3,FALSE
"260860201A","PE",24,0,3,3,3,FALSE
"260890901A","PE",24,0,3,3,3,FALSE
"260960001G","PE",24,0,3,3,3,FALSE
"261060802A","PE",24,0,3,3,3,FALSE
"261070703A","PE",24,0,3,3,3,FALSE
"261070706A","PE",24,0,3,3,3,FALSE
"261120001A","PE",24,0,3,3,3,FALSE
"261150703A","PE",24,0,3,3,3,FALSE
"261160603G","PE",24,0,3,3,3,FALSE
"261160605A","PE",24,0,3,3,3,FALSE
"261160606A","PE",24,0,3,3,3,FALSE
"261160608A","PE",24,0,3,3,3,FALSE
"261160616A","PE",24,0,3,3,3,FALSE
"261190303A","PE",24,0,3,3,3,FALSE
"261330501A","PE",24,0,3,3,3,FALSE
"261470901A","PE",24,0,3,3,3,FALSE
"261485701A","PE",24,0,3,3,3,FALSE
"261530002A","PE",24,0,3,3,3,FALSE
"261550801A","PE",24,0,3,3,3,FALSE
"261630802A","PE",24,0,3,3,3,FALSE
"39590000","PE",24,0,3,3,3,FALSE
"39863500","PE",24,0,3,3,3,FALSE
"A322","PE",24,0,3,3,3,FALSE
"A341","PE",24,0,3,3,3,FALSE
"260050002A","PE",24,0,2,2,2,FALSE
"260070801A","PE",24,0,2,2,2,FALSE
"260130016H","PE",24,0,2,2,2,FALSE
"260140917H","PE",24,0,2,2,2,FALSE
"260190401A","PE",24,0,2,2,2,FALSE
"260220901A","PE",24,0,2,2,2,FALSE
"260280301A","PE",24,0,2,2,2,FALSE
"260345401A","PE",24,0,2,2,2,FALSE
"260350401A","PE",24,0,2,2,2,FALSE
"260360301A","PE",24,0,2,2,2,FALSE
"260410602A","PE",24,0,2,2,2,FALSE
"260410606A","PE",24,0,2,2,2,FALSE
"260415501A","PE",24,0,2,2,2,FALSE
"260490801A","PE",24,0,2,2,2,FALSE
"260570701A","PE",24,0,2,2,2,FALSE
"260680406A","PE",24,0,2,2,2,FALSE
"260730702A","PE",24,0,2,2,2,FALSE
"260760401A","PE",24,0,2,2,2,FALSE
"260770301A","PE",24,0,2,2,2,FALSE
"260790103A","PE",24,0,2,2,2,FALSE
"260795002A","PE",24,0,2,2,2,FALSE
"260820602A","PE",24,0,2,2,2,FALSE
"260880001A","PE",24,0,2,2,2,FALSE
"260970901C","PE",24,0,2,2,2,FALSE
"261020201A","PE",24,0,2,2,2,FALSE
"261110103A","PE",24,0,2,2,2,FALSE
"261130901A","PE",24,0,2,2,2,FALSE
"261130902A","PE",24,0,2,2,2,FALSE
"261160606G","PE",24,0,2,2,2,FALSE
"261160612A","PE",24,0,2,2,2,FALSE
"261160616G","PE",24,0,2,2,2,FALSE
"261350302A","PE",24,0,2,2,2,FALSE
"261380001A","PE",24,0,2,2,2,FALSE
"261420402A","PE",24,0,2,2,2,FALSE
"261470902A","PE",24,0,2,2,2,FALSE
"261510201A","PE",24,0,2,2,2,FALSE
"261650602A","PE",24,0,2,2,2,FALSE
"39081250","PE",24,0,2,2,2,FALSE
"39450000","PE",24,0,2,2,2,FALSE
"39540550","PE",24,0,2,2,2,FALSE
"39580000","PE",24,0,2,2,2,FALSE
"39690000","PE",24,0,2,2,2,FALSE
"A349","PE",24,0,2,2,2,FALSE
"A350","PE",24,0,2,2,2,FALSE
"A351","PE",24,0,2,2,2,FALSE
"A357","PE",24,0,2,2,2,FALSE
"A366","PE",24,0,2,2,2,FALSE
"260005401A","PE",24,0,1,1,1,FALSE
"260040102A","PE",24,0,1,1,1,FALSE
"260140903A","PE",24,0,1,1,1,FALSE
"260290202A","PE",24,0,1,1,1,FALSE
"260300901A","PE",24,0,1,1,1,FALSE
"260310801A","PE",24,0,1,1,1,FALSE
"260310802A","PE",24,0,1,1,1,FALSE
"260320701A","PE",24,0,1,1,1,FALSE
"260330601A","PE",24,0,1,1,1,FALSE
"260420501A","PE",24,0,1,1,1,FALSE
"260510301A","PE",24,0,1,1,1,FALSE
"260520202A","PE",24,0,1,1,1,FALSE
"260520202H","PE",24,0,1,1,1,FALSE
"260590502A","PE",24,0,1,1,1,FALSE
"260590518H","PE",24,0,1,1,1,FALSE
"260720802A","PE",24,0,1,1,1,FALSE
"260730703A","PE",24,0,1,1,1,FALSE
"260740601A","PE",24,0,1,1,1,FALSE
"260775201A","PE",24,0,1,1,1,FALSE
"260790102G","PE",24,0,1,1,1,FALSE
"260790104A","PE",24,0,1,1,1,FALSE
"260790115H","PE",24,0,1,1,1,FALSE
"260820601A","PE",24,0,1,1,1,FALSE
"260840401A","PE",24,0,1,1,1,FALSE
"260900601A","PE",24,0,1,1,1,FALSE
"260950104A","PE",24,0,1,1,1,FALSE
"260960001A","PE",24,0,1,1,1,FALSE
"260980801A","PE",24,0,1,1,1,FALSE
"261000402A","PE",24,0,1,1,1,FALSE
"261000403A","PE",24,0,1,1,1,FALSE
"261010301A","PE",24,0,1,1,1,FALSE
"261060801A","PE",24,0,1,1,1,FALSE
"261110101A","PE",24,0,1,1,1,FALSE
"261110102A","PE",24,0,1,1,1,FALSE
"261110104A","PE",24,0,1,1,1,FALSE
"261140802A","PE",24,0,1,1,1,FALSE
"261160604G","PE",24,0,1,1,1,FALSE
"261160605G","PE",24,0,1,1,1,FALSE
"261160607A","PE",24,0,1,1,1,FALSE
"261160613G","PE",24,0,1,1,1,FALSE
"261180402A","PE",24,0,1,1,1,FALSE
"261200001A","PE",24,0,1,1,1,FALSE
"261240601C","PE",24,0,1,1,1,FALSE
"261290102A","PE",24,0,1,1,1,FALSE
"261330502A","PE",24,0,1,1,1,FALSE
"261450101A","PE",24,0,1,1,1,FALSE
"261540901A","PE",24,0,1,1,1,FALSE
"261570601A","PE",24,0,1,1,1,FALSE
"261640705A","PE",24,0,1,1,1,FALSE
"39084000","PE",24,0,1,1,1,FALSE
"39433000","PE",24,0,1,1,1,FALSE
"39480300","PE",24,0,1,1,1,FALSE
"39540750","PE",24,0,1,1,1,FALSE
"39541010","PE",24,0,1,1,1,FALSE
"39550000","PE",24,0,1,1,1,FALSE
"39560000","PE",24,0,1,1,1,FALSE
"39715000","PE",24,0,1,1,1,FALSE
"48020000","PE",24,0,1,1,1,FALSE
"220150701A","PI",24,0,6,6,6,FALSE
"221120901A","PI",24,0,5,5,5,FALSE
"A354","PI",24,0,5,5,5,FALSE
"A363","PI",24,0,5,5,5,FALSE
"220194501A","PI",24,0,4,4,4,FALSE
"220200001A","PI",24,0,4,4,4,FALSE
"220390901A","PI",24,0,4,4,4,FALSE
"A312","PI",24,0,4,4,4,FALSE
"A335","PI",24,0,4,4,4,FALSE
"220580501A","PI",24,0,3,3,3,FALSE
"220620901A","PI",24,0,3,3,3,FALSE
"220750402A","PI",24,0,3,3,3,FALSE
"221005201A","PI",24,0,3,3,3,FALSE
"221110001A","PI",24,0,3,3,3,FALSE
"A330","PI",24,0,3,3,3,FALSE
"A343","PI",24,0,3,3,3,FALSE
"220265301A","PI",24,0,2,2,2,FALSE
"220770201A","PI",24,0,2,2,2,FALSE
"220770203A","PI",24,0,2,2,2,FALSE
"220830401A","PI",24,0,2,2,2,FALSE
"221100101A","PI",24,0,2,2,2,FALSE
"221100103A","PI",24,0,2,2,2,FALSE
"221100104A","PI",24,0,2,2,2,FALSE
"34270000","PI",24,0,2,2,2,FALSE
"A308","PI",24,0,2,2,2,FALSE
"A338","PI",24,0,2,2,2,FALSE
"A346","PI",24,0,2,2,2,FALSE
"A362","PI",24,0,2,2,2,FALSE
"A364","PI",24,0,2,2,2,FALSE
"A365","PI",24,0,2,2,2,FALSE
"220030101A","PI",24,0,1,1,1,FALSE
"220120001A","PI",24,0,1,1,1,FALSE
"220208301A","PI",24,0,1,1,1,FALSE
"220220801A","PI",24,0,1,1,1,FALSE
"220270301A","PI",24,0,1,1,1,FALSE
"220390902A","PI",24,0,1,1,1,FALSE
"220610001A","PI",24,0,1,1,1,FALSE
"220770202A","PI",24,0,1,1,1,FALSE
"220915301A","PI",24,0,1,1,1,FALSE
"34060000","PI",24,0,1,1,1,FALSE
"34251000","PI",24,0,1,1,1,FALSE
"34471000","PI",24,0,1,1,1,FALSE
"34600000","PI",24,0,1,1,1,FALSE
"34660000","PI",24,0,1,1,1,FALSE
"34690000","PI",24,0,1,1,1,FALSE
"34770000","PI",24,0,1,1,1,FALSE
"34789000","PI",24,0,1,1,1,FALSE
"34879500","PI",24,0,1,1,1,FALSE
"34933000","PI",24,0,1,1,1,FALSE
"34976000","PI",24,0,1,1,1,FALSE
"34980000","PI",24,0,1,1,1,FALSE
"A326","PI",24,0,1,1,1,FALSE
"A331","PI",24,0,1,1,1,FALSE
"A336","PI",24,0,1,1,1,FALSE
"A345","PI",24,0,1,1,1,FALSE
"A375","PI",24,0,1,1,1,FALSE
"410040003A","PR",24,0,7,7,7,FALSE
"410040004A","PR",24,0,7,7,7,FALSE
"410140803A","PR",24,0,7,7,7,FALSE
"410410501A","PR",24,0,7,7,7,FALSE
"410445101A","PR",24,0,7,7,7,FALSE
"410690210A","PR",24,0,7,7,7,FALSE
"410830401A","PR",24,0,7,7,7,FALSE
"410830403A","PR",24,0,7,7,7,FALSE
"411200901A","PR",24,0,7,7,7,FALSE
"411705701A","PR",24,0,7,7,7,FALSE
"412220601A","PR",24,0,7,7,7,FALSE
"412790801A","PR",24,0,7,7,7,FALSE
"A807","PR",24,0,7,7,7,FALSE
"410420402A","PR",24,0,6,6,6,FALSE
"410520101A","PR",24,0,6,6,6,FALSE
"410650601A","PR",24,0,6,6,6,FALSE
"410690202A","PR",24,0,6,6,6,FALSE
"411200903A","PR",24,0,6,6,6,FALSE
"A821","PR",24,0,6,6,6,FALSE
"A874","PR",24,0,6,6,6,FALSE
"410040008A","PR",24,0,5,5,5,FALSE
"410140802A","PR",24,0,5,5,5,FALSE
"410165501A","PR",24,0,5,5,5,FALSE
"410420401A","PR",24,0,5,5,5,FALSE
"410690208A","PR",24,0,5,5,5,FALSE
"410830402A","PR",24,0,5,5,5,FALSE
"410940104A","PR",24,0,5,5,5,FALSE
"411070601A","PR",24,0,5,5,5,FALSE
"411190201A","PR",24,0,5,5,5,FALSE
"411950903A","PR",24,0,5,5,5,FALSE
"412100001A","PR",24,0,5,5,5,FALSE
"412230503A","PR",24,0,5,5,5,FALSE
"412550604A","PR",24,0,5,5,5,FALSE
"412560502A","PR",24,0,5,5,5,FALSE
"412820302A","PR",24,0,5,5,5,FALSE
"64489000","PR",24,0,5,5,5,FALSE
"A843","PR",24,0,5,5,5,FALSE
"410120004A","PR",24,0,4,4,4,FALSE
"410400603A","PR",24,0,4,4,4,FALSE
"410420403A","PR",24,0,4,4,4,FALSE
"410460001A","PR",24,0,4,4,4,FALSE
"410480806A","PR",24,0,4,4,4,FALSE
"410690203A","PR",24,0,4,4,4,FALSE
"410690206A","PR",24,0,4,4,4,FALSE
"410765201A","PR",24,0,4,4,4,FALSE
"410840301A","PR",24,0,4,4,4,FALSE
"411850101A","PR",24,0,4,4,4,FALSE
"411850102A","PR",24,0,4,4,4,FALSE
"411850104A","PR",24,0,4,4,4,FALSE
"411915203A","PR",24,0,4,4,4,FALSE
"411950901A","PR",24,0,4,4,4,FALSE
"412570403A","PR",24,0,4,4,4,FALSE
"64480995","PR",24,0,4,4,4,FALSE
"64490800","PR",24,0,4,4,4,FALSE
"64491000","PR",24,0,4,4,4,FALSE
"65825497","PR",24,0,4,4,4,FALSE
"81301001","PR",24,0,4,4,4,FALSE
"A820","PR",24,0,4,4,4,FALSE
"A873","PR",24,0,4,4,4,FALSE
"410040002A","PR",24,0,3,3,3,FALSE
"410120002A","PR",24,0,3,3,3,FALSE
"410140801A","PR",24,0,3,3,3,FALSE
"410480805A","PR",24,0,3,3,3,FALSE
"410690201A","PR",24,0,3,3,3,FALSE
"410690204A","PR",24,0,3,3,3,FALSE
"410840302A","PR",24,0,3,3,3,FALSE
"410940105A","PR",24,0,3,3,3,FALSE
"411620803A","PR",24,0,3,3,3,FALSE
"411820403A","PR",24,0,3,3,3,FALSE
"411915201A","PR",24,0,3,3,3,FALSE
"411915202A","PR",24,0,3,3,3,FALSE
"412230501A","PR",24,0,3,3,3,FALSE
"412550606A","PR",24,0,3,3,3,FALSE
"64270080","PR",24,0,3,3,3,FALSE
"64464995","PR",24,0,3,3,3,FALSE
"64497010","PR",24,0,3,3,3,FALSE
"64863100","PR",24,0,3,3,3,FALSE
"65141000","PR",24,0,3,3,3,FALSE
"A835","PR",24,0,3,3,3,FALSE
"A871","PR",24,0,3,3,3,FALSE
"410040006A","PR",24,0,2,2,2,FALSE
"410180402A","PR",24,0,2,2,2,FALSE
"410400601A","PR",24,0,2,2,2,FALSE
"410690205A","PR",24,0,2,2,2,FALSE
"410690207A","PR",24,0,2,2,2,FALSE
"410690209A","PR",24,0,2,2,2,FALSE
"410720701A","PR",24,0,2,2,2,FALSE
"411125801A","PR",24,0,2,2,2,FALSE
"411620801A","PR",24,0,2,2,2,FALSE
"411820401A","PR",24,0,2,2,2,FALSE
"411820402A","PR",24,0,2,2,2,FALSE
"411850103A","PR",24,0,2,2,2,FALSE
"411915205A","PR",24,0,2,2,2,FALSE
"411915206A","PR",24,0,2,2,2,FALSE
"411915207A","PR",24,0,2,2,2,FALSE
"412220602A","PR",24,0,2,2,2,FALSE
"412220603A","PR",24,0,2,2,2,FALSE
"412550607A","PR",24,0,2,2,2,FALSE
"412570401A","PR",24,0,2,2,2,FALSE
"412810401A","PR",24,0,2,2,2,FALSE
"412820301A","PR",24,0,2,2,2,FALSE
"64390000","PR",24,0,2,2,2,FALSE
"64478100","PR",24,0,2,2,2,FALSE
"64507000","PR",24,0,2,2,2,FALSE
"64785000","PR",24,0,2,2,2,FALSE
"64864100","PR",24,0,2,2,2,FALSE
"64864150","PR",24,0,2,2,2,FALSE
"65774400","PR",24,0,2,2,2,FALSE
"65813100","PR",24,0,2,2,2,FALSE
"65855080","PR",24,0,2,2,2,FALSE
"65889700","PR",24,0,2,2,2,FALSE
"65956000","PR",24,0,2,2,2,FALSE
"A822","PR",24,0,2,2,2,FALSE
"A847","PR",24,0,2,2,2,FALSE
"A855","PR",24,0,2,2,2,FALSE
"A869","PR",24,0,2,2,2,FALSE
"A872","PR",24,0,2,2,2,FALSE
"410040005A","PR",24,0,1,1,1,FALSE
"410180403A","PR",24,0,1,1,1,FALSE
"410315601A","PR",24,0,1,1,1,FALSE
"410460002A","PR",24,0,1,1,1,FALSE
"410480804A","PR",24,0,1,1,1,FALSE
"410690211A","PR",24,0,1,1,1,FALSE
"410850201A","PR",24,0,1,1,1,FALSE
"411155501A","PR",24,0,1,1,1,FALSE
"411950902A","PR",24,0,1,1,1,FALSE
"412230502A","PR",24,0,1,1,1,FALSE
"412560501A","PR",24,0,1,1,1,FALSE
"412627201A","PR",24,0,1,1,1,FALSE
"64230400","PR",24,0,1,1,1,FALSE
"64230450","PR",24,0,1,1,1,FALSE
"64240000","PR",24,0,1,1,1,FALSE
"64241520","PR",24,0,1,1,1,FALSE
"64247000","PR",24,0,1,1,1,FALSE
"64441020","PR",24,0,1,1,1,FALSE
"64444000","PR",24,0,1,1,1,FALSE
"64474800","PR",24,0,1,1,1,FALSE
"64477000","PR",24,0,1,1,1,FALSE
"64504210","PR",24,0,1,1,1,FALSE
"64508500","PR",24,0,1,1,1,FALSE
"64515920","PR",24,0,1,1,1,FALSE
"64547500","PR",24,0,1,1,1,FALSE
"64565500","PR",24,0,1,1,1,FALSE
"64645000","PR",24,0,1,1,1,FALSE
"64682000","PR",24,0,1,1,1,FALSE
"64815000","PR",24,0,1,1,1,FALSE
"65010000","PR",24,0,1,1,1,FALSE
"65025000","PR",24,0,1,1,1,FALSE
"65365801","PR",24,0,1,1,1,FALSE
"65775800","PR",24,0,1,1,1,FALSE
"65803001","PR",24,0,1,1,1,FALSE
"65808500","PR",24,0,1,1,1,FALSE
"65809000","PR",24,0,1,1,1,FALSE
"65824991","PR",24,0,1,1,1,FALSE
"65883051","PR",24,0,1,1,1,FALSE
"65950200","PR",24,0,1,1,1,FALSE
"65963071","PR",24,0,1,1,1,FALSE
"65973501","PR",24,0,1,1,1,FALSE
"81019350","PR",24,0,1,1,1,FALSE
"81030000","PR",24,0,1,1,1,FALSE
"82230015","PR",24,0,1,1,1,FALSE
"A842","PR",24,0,1,1,1,FALSE
"A846","PR",24,0,1,1,1,FALSE
"B803","PR",24,0,1,1,1,FALSE
"B804","PR",24,0,1,1,1,FALSE
"B806","PR",24,0,1,1,1,FALSE
"330200704A","RJ",24,0,7,7,7,FALSE
"330270001A","RJ",24,0,7,7,7,FALSE
"330455734A","RJ",24,0,7,7,7,FALSE
"330010003A","RJ",24,0,6,6,6,FALSE
"330030803A","RJ",24,0,6,6,6,FALSE
"330040706A","RJ",24,0,6,6,6,FALSE
"330190008A","RJ",24,0,6,6,6,FALSE
"330220501A","RJ",24,0,6,6,6,FALSE
"330455711A","RJ",24,0,6,6,6,FALSE
"A636","RJ",24,0,6,6,6,FALSE
"330010017A","RJ",24,0,5,5,5,FALSE
"330010029A","RJ",24,0,5,5,5,FALSE
"330330214A","RJ",24,0,5,5,5,FALSE
"330414403A","RJ",24,0,5,5,5,FALSE
"330414405A","RJ",24,0,5,5,5,FALSE
"330430005A","RJ",24,0,5,5,5,FALSE
"330455703A","RJ",24,0,5,5,5,FALSE
"330455719A","RJ",24,0,5,5,5,FALSE
"330455721A","RJ",24,0,5,5,5,FALSE
"330455731A","RJ",24,0,5,5,5,FALSE
"330490402A","RJ",24,0,5,5,5,FALSE
"330510907A","RJ",24,0,5,5,5,FALSE
"A602","RJ",24,0,5,5,5,FALSE
"A604","RJ",24,0,5,5,5,FALSE
"A610","RJ",24,0,5,5,5,FALSE
"A611","RJ",24,0,5,5,5,FALSE
"A621","RJ",24,0,5,5,5,FALSE
"A624","RJ",24,0,5,5,5,FALSE
"A626","RJ",24,0,5,5,5,FALSE
"330010012A","RJ",24,0,4,4,4,FALSE
"330010015A","RJ",24,0,4,4,4,FALSE
"330015901A","RJ",24,0,4,4,4,FALSE
"330020904A","RJ",24,0,4,4,4,FALSE
"330045604A","RJ",24,0,4,4,4,FALSE
"330260101A","RJ",24,0,4,4,4,FALSE
"330395501A","RJ",24,0,4,4,4,FALSE
"330411001A","RJ",24,0,4,4,4,FALSE
"330414406A","RJ",24,0,4,4,4,FALSE
"330430001A","RJ",24,0,4,4,4,FALSE
"330455713A","RJ",24,0,4,4,4,FALSE
"330455718A","RJ",24,0,4,4,4,FALSE
"330455732A","RJ",24,0,4,4,4,FALSE
"330455733A","RJ",24,0,4,4,4,FALSE
"330510905A","RJ",24,0,4,4,4,FALSE
"330550501A","RJ",24,0,4,4,4,FALSE
"330580204A","RJ",24,0,4,4,4,FALSE
"330630501A","RJ",24,0,4,4,4,FALSE
"A601","RJ",24,0,4,4,4,FALSE
"A603","RJ",24,0,4,4,4,FALSE
"A609","RJ",24,0,4,4,4,FALSE
"A629","RJ",24,0,4,4,4,FALSE
"A659","RJ",24,0,4,4,4,FALSE
"330010013A","RJ",24,0,3,3,3,FALSE
"330010014A","RJ",24,0,3,3,3,FALSE
"330010019A","RJ",24,0,3,3,3,FALSE
"330010021A","RJ",24,0,3,3,3,FALSE
"330010022A","RJ",24,0,3,3,3,FALSE
"330010024A","RJ",24,0,3,3,3,FALSE
"330070404A","RJ",24,0,3,3,3,FALSE
"330100902A","RJ",24,0,3,3,3,FALSE
"330100904A","RJ",24,0,3,3,3,FALSE
"330100905A","RJ",24,0,3,3,3,FALSE
"330110801A","RJ",24,0,3,3,3,FALSE
"330150402A","RJ",24,0,3,3,3,FALSE
"330150403A","RJ",24,0,3,3,3,FALSE
"330190007A","RJ",24,0,3,3,3,FALSE
"330205601A","RJ",24,0,3,3,3,FALSE
"330210601A","RJ",24,0,3,3,3,FALSE
"330225403A","RJ",24,0,3,3,3,FALSE
"330240301A","RJ",24,0,3,3,3,FALSE
"330320302A","RJ",24,0,3,3,3,FALSE
"330390622A","RJ",24,0,3,3,3,FALSE
"330400302A","RJ",24,0,3,3,3,FALSE
"330420102A","RJ",24,0,3,3,3,FALSE
"330455710A","RJ",24,0,3,3,3,FALSE
"330455716A","RJ",24,0,3,3,3,FALSE
"330455720A","RJ",24,0,3,3,3,FALSE
"330455724A","RJ",24,0,3,3,3,FALSE
"330455725A","RJ",24,0,3,3,3,FALSE
"330455726A","RJ",24,0,3,3,3,FALSE
"330490407A","RJ",24,0,3,3,3,FALSE
"330555404A","RJ",24,0,3,3,3,FALSE
"330630502A","RJ",24,0,3,3,3,FALSE
"A606","RJ",24,0,3,3,3,FALSE
"A619","RJ",24,0,3,3,3,FALSE
"A625","RJ",24,0,3,3,3,FALSE
"330010002A","RJ",24,0,2,2,2,FALSE
"330010004A","RJ",24,0,2,2,2,FALSE
"330010005A","RJ",24,0,2,2,2,FALSE
"330010020A","RJ",24,0,2,2,2,FALSE
"330010025A","RJ",24,0,2,2,2,FALSE
"330010026A","RJ",24,0,2,2,2,FALSE
"330020902A","RJ",24,0,2,2,2,FALSE
"330030801A","RJ",24,0,2,2,2,FALSE
"330045603A","RJ",24,0,2,2,2,FALSE
"330045606A","RJ",24,0,2,2,2,FALSE
"330060501A","RJ",24,0,2,2,2,FALSE
"330090201A","RJ",24,0,2,2,2,FALSE
"330095102A","RJ",24,0,2,2,2,FALSE
"330100906A","RJ",24,0,2,2,2,FALSE
"330160301A","RJ",24,0,2,2,2,FALSE
"330185001A","RJ",24,0,2,2,2,FALSE
"330190002A","RJ",24,0,2,2,2,FALSE
"330190005A","RJ",24,0,2,2,2,FALSE
"330200702A","RJ",24,0,2,2,2,FALSE
"330200703A","RJ",24,0,2,2,2,FALSE
"330227004A","RJ",24,0,2,2,2,FALSE
"330230401A","RJ",24,0,2,2,2,FALSE
"330240302A","RJ",24,0,2,2,2,FALSE
"330260102A","RJ",24,0,2,2,2,FALSE
"330285803A","RJ",24,0,2,2,2,FALSE
"330320303A","RJ",24,0,2,2,2,FALSE
"330330208A","RJ",24,0,2,2,2,FALSE
"330340103A","RJ",24,0,2,2,2,FALSE
"330340106A","RJ",24,0,2,2,2,FALSE
"330340110A","RJ",24,0,2,2,2,FALSE
"330340116A","RJ",24,0,2,2,2,FALSE
"330390602A","RJ",24,0,2,2,2,FALSE
"330390609A","RJ",24,0,2,2,2,FALSE
"330390613A","RJ",24,0,2,2,2,FALSE
"330390617A","RJ",24,0,2,2,2,FALSE
"330390628A","RJ",24,0,2,2,2,FALSE
"330420118H","RJ",24,0,2,2,2,FALSE
"330440901A","RJ",24,0,2,2,2,FALSE
"330440904A","RJ",24,0,2,2,2,FALSE
"330455704A","RJ",24,0,2,2,2,FALSE
"330455712A","RJ",24,0,2,2,2,FALSE
"330455722A","RJ",24,0,2,2,2,FALSE
"330475502A","RJ",24,0,2,2,2,FALSE
"330510903A","RJ",24,0,2,2,2,FALSE
"330510908A","RJ",24,0,2,2,2,FALSE
"330550504A","RJ",24,0,2,2,2,FALSE
"330580203A","RJ",24,0,2,2,2,FALSE
"330580205G","RJ",24,0,2,2,2,FALSE
"330580225A","RJ",24,0,2,2,2,FALSE
"330600807A","RJ",24,0,2,2,2,FALSE
"330610702A","RJ",24,0,2,2,2,FALSE
"A608","RJ",24,0,2,2,2,FALSE
"A618","RJ",24,0,2,2,2,FALSE
"A627","RJ",24,0,2,2,2,FALSE
"A630","RJ",24,0,2,2,2,FALSE
"A635","RJ",24,0,2,2,2,FALSE
"330010001G","RJ",24,0,1,1,1,FALSE
"330010006A","RJ",24,0,1,1,1,FALSE
"330010006G","RJ",24,0,1,1,1,FALSE
"330010009A","RJ",24,0,1,1,1,FALSE
"330010010A","RJ",24,0,1,1,1,FALSE
"330010011A","RJ",24,0,1,1,1,FALSE
"330010016A","RJ",24,0,1,1,1,FALSE
"330010018A","RJ",24,0,1,1,1,FALSE
"330010023A","RJ",24,0,1,1,1,FALSE
"330010027A","RJ",24,0,1,1,1,FALSE
"330010028A","RJ",24,0,1,1,1,FALSE
"330020903A","RJ",24,0,1,1,1,FALSE
"330022503A","RJ",24,0,1,1,1,FALSE
"330040705A","RJ",24,0,1,1,1,FALSE
"330110805A","RJ",24,0,1,1,1,FALSE
"330115701A","RJ",24,0,1,1,1,FALSE
"330120702A","RJ",24,0,1,1,1,FALSE
"330160302A","RJ",24,0,1,1,1,FALSE
"330180103A","RJ",24,0,1,1,1,FALSE
"330185004A","RJ",24,0,1,1,1,FALSE
"330185015H","RJ",24,0,1,1,1,FALSE
"330190003A","RJ",24,0,1,1,1,FALSE
"330220502A","RJ",24,0,1,1,1,FALSE
"330227005A","RJ",24,0,1,1,1,FALSE
"330245201A","RJ",24,0,1,1,1,FALSE
"330250207A","RJ",24,0,1,1,1,FALSE
"330270003A","RJ",24,0,1,1,1,FALSE
"330270005A","RJ",24,0,1,1,1,FALSE
"330300501A","RJ",24,0,1,1,1,FALSE
"330330209A","RJ",24,0,1,1,1,FALSE
"330330212A","RJ",24,0,1,1,1,FALSE
"330340102A","RJ",24,0,1,1,1,FALSE
"330340107A","RJ",24,0,1,1,1,FALSE
"330340109A","RJ",24,0,1,1,1,FALSE
"330340114A","RJ",24,0,1,1,1,FALSE
"330340117A","RJ",24,0,1,1,1,FALSE
"330340121A","RJ",24,0,1,1,1,FALSE
"330340123A","RJ",24,0,1,1,1,FALSE
"330350010A","RJ",24,0,1,1,1,FALSE
"330370803A","RJ",24,0,1,1,1,FALSE
"330390612A","RJ",24,0,1,1,1,FALSE
"330390615A","RJ",24,0,1,1,1,FALSE
"330390626A","RJ",24,0,1,1,1,FALSE
"330390629A","RJ",24,0,1,1,1,FALSE
"330414404A","RJ",24,0,1,1,1,FALSE
"330455715A","RJ",24,0,1,1,1,FALSE
"330455727A","RJ",24,0,1,1,1,FALSE
"330460704A","RJ",24,0,1,1,1,FALSE
"330470601A","RJ",24,0,1,1,1,FALSE
"330490403A","RJ",24,0,1,1,1,FALSE
"330510906A","RJ",24,0,1,1,1,FALSE
"330515801A","RJ",24,0,1,1,1,FALSE
"330515802A","RJ",24,0,1,1,1,FALSE
"330555402A","RJ",24,0,1,1,1,FALSE
"330555403A","RJ",24,0,1,1,1,FALSE
"330570307A","RJ",24,0,1,1,1,FALSE
"330580202G","RJ",24,0,1,1,1,FALSE
"330580219A","RJ",24,0,1,1,1,FALSE
"58790002","RJ",24,0,1,1,1,FALSE
"58974000","RJ",24,0,1,1,1,FALSE
"A628","RJ",24,0,1,1,1,FALSE
"A667","RJ",24,0,1,1,1,FALSE
"240220402A","RN",24,0,6,6,6,FALSE
"240810202A","RN",24,0,6,6,6,FALSE
"A316","RN",24,0,6,6,6,FALSE
"240140401A","RN",24,0,5,5,5,FALSE
"240810201A","RN",24,0,5,5,5,FALSE
"A304","RN",24,0,5,5,5,FALSE
"A318","RN",24,0,5,5,5,FALSE
"240420001A","RN",24,0,4,4,4,FALSE
"A317","RN",24,0,4,4,4,FALSE
"A340","RN",24,0,4,4,4,FALSE
"240100801A","RN",24,0,3,3,3,FALSE
"240200601A","RN",24,0,3,3,3,FALSE
"240220401A","RN",24,0,3,3,3,FALSE
"240800302A","RN",24,0,3,3,3,FALSE
"240810205A","RN",24,0,3,3,3,FALSE
"240990201A","RN",24,0,3,3,3,FALSE
"241220301A","RN",24,0,3,3,3,FALSE
"240470501A","RN",24,0,2,2,2,FALSE
"240800303A","RN",24,0,2,2,2,FALSE
"240800308A","RN",24,0,2,2,2,FALSE
"240810203A","RN",24,0,2,2,2,FALSE
"240810207A","RN",24,0,2,2,2,FALSE
"241470401A","RN",24,0,2,2,2,FALSE
"A344","RN",24,0,2,2,2,FALSE
"240070301A","RN",24,0,1,1,1,FALSE
"240360801A","RN",24,0,1,1,1,FALSE
"240450701A","RN",24,0,1,1,1,FALSE
"240650201C","RN",24,0,1,1,1,FALSE
"240720301A","RN",24,0,1,1,1,FALSE
"240750001A","RN",24,0,1,1,1,FALSE
"240800304A","RN",24,0,1,1,1,FALSE
"240800305A","RN",24,0,1,1,1,FALSE
"240810208A","RN",24,0,1,1,1,FALSE
"241220302A","RN",24,0,1,1,1,FALSE
"241440701A","RN",24,0,1,1,1,FALSE
"A372","RN",24,0,1,1,1,FALSE
"15318000","RO",24,0,7,7,7,FALSE
"15320002","RO",24,0,3,3,3,FALSE
"15341000","RO",24,0,3,3,3,FALSE
"15553800","RO",24,0,3,3,3,FALSE
"15559000","RO",24,0,3,3,3,FALSE
"A939","RO",24,0,3,3,3,FALSE
"15170200","RO",24,0,2,2,2,FALSE
"15324500","RO",24,0,2,2,2,FALSE
"15340600","RO",24,0,2,2,2,FALSE
"15390000","RO",24,0,2,2,2,FALSE
"15430000","RO",24,0,2,2,2,FALSE
"15552560","RO",24,0,2,2,2,FALSE
"15555800","RO",24,0,2,2,2,FALSE
"A938","RO",24,0,2,2,2,FALSE
"110018901A","RO",24,0,1,1,1,FALSE
"15123200","RO",24,0,1,1,1,FALSE
"15138000","RO",24,0,1,1,1,FALSE
"15150800","RO",24,0,1,1,1,FALSE
"15200000","RO",24,0,1,1,1,FALSE
"15248010","RO",24,0,1,1,1,FALSE
"15250001","RO",24,0,1,1,1,FALSE
"15335000","RO",24,0,1,1,1,FALSE
"15360000","RO",24,0,1,1,1,FALSE
"15405000","RO",24,0,1,1,1,FALSE
"15406000","RO",24,0,1,1,1,FALSE
"15459090","RO",24,0,1,1,1,FALSE
"15490000","RO",24,0,1,1,1,FALSE
"15550000","RO",24,0,1,1,1,FALSE
"15553950","RO",24,0,1,1,1,FALSE
"15564000","RO",24,0,1,1,1,FALSE
"A925","RO",24,0,1,1,1,FALSE
"14540000","RR",24,0,6,6,6,FALSE
"14489000","RR",24,0,5,5,5,FALSE
"14495000","RR",24,0,5,5,5,FALSE
"14515000","RR",24,0,3,3,3,FALSE
"14530000","RR",24,0,3,3,3,FALSE
"14558000","RR",24,0,3,3,3,FALSE
"14710000","RR",24,0,3,3,3,FALSE
"140010001A","RR",24,0,2,2,2,FALSE
"140010002A","RR",24,0,2,2,2,FALSE
"140010003A","RR",24,0,2,2,2,FALSE
"140010004A","RR",24,0,2,2,2,FALSE
"140010005A","RR",24,0,2,2,2,FALSE
"14488000","RR",24,0,2,2,2,FALSE
"14500000","RR",24,0,2,2,2,FALSE
"14527000","RR",24,0,2,2,2,FALSE
"14620000","RR",24,0,2,2,2,FALSE
"140070401A","RR",24,0,1,1,1,FALSE
"14526400","RR",24,0,1,1,1,FALSE
"14690000","RR",24,0,1,1,1,FALSE
"14790000","RR",24,0,1,1,1,FALSE
"16129000","RR",24,0,1,1,1,FALSE
"430420002A","RS",24,0,7,7,7,FALSE
"430450701A","RS",24,0,7,7,7,FALSE
"430510801A","RS",24,0,7,7,7,FALSE
"430830001A","RS",24,0,7,7,7,FALSE
"431420901A","RS",24,0,7,7,7,FALSE
"431490221A","RS",24,0,7,7,7,FALSE
"432040401A","RS",24,0,7,7,7,FALSE
"432130301A","RS",24,0,7,7,7,FALSE
"88260000","RS",24,0,7,7,7,FALSE
"A811","RS",24,0,7,7,7,FALSE
"A838","RS",24,0,7,7,7,FALSE
"A839","RS",24,0,7,7,7,FALSE
"A840","RS",24,0,7,7,7,FALSE
"A856","RS",24,0,7,7,7,FALSE
"A879","RS",24,0,7,7,7,FALSE
"A880","RS",24,0,7,7,7,FALSE
"A884","RS",24,0,7,7,7,FALSE
"A886","RS",24,0,7,7,7,FALSE
"430235201A","RS",24,0,6,6,6,FALSE
"430280801A","RS",24,0,6,6,6,FALSE
"430300402A","RS",24,0,6,6,6,FALSE
"430300403A","RS",24,0,6,6,6,FALSE
"430450703A","RS",24,0,6,6,6,FALSE
"430450704A","RS",24,0,6,6,6,FALSE
"430460601A","RS",24,0,6,6,6,FALSE
"430466301A","RS",24,0,6,6,6,FALSE
"431123901A","RS",24,0,6,6,6,FALSE
"431440705A","RS",24,0,6,6,6,FALSE
"431490203A","RS",24,0,6,6,6,FALSE
"431720202A","RS",24,0,6,6,6,FALSE
"432300202A","RS",24,0,6,6,6,FALSE
"A804","RS",24,0,6,6,6,FALSE
"A831","RS",24,0,6,6,6,FALSE
"A883","RS",24,0,6,6,6,FALSE
"430060401A","RS",24,0,5,5,5,FALSE
"430060402A","RS",24,0,5,5,5,FALSE
"430060403A","RS",24,0,5,5,5,FALSE
"430060404A","RS",24,0,5,5,5,FALSE
"430130501A","RS",24,0,5,5,5,FALSE
"430460603A","RS",24,0,5,5,5,FALSE
"430620501A","RS",24,0,5,5,5,FALSE
"430693201A","RS",24,0,5,5,5,FALSE
"431100701A","RS",24,0,5,5,5,FALSE
"431140301A","RS",24,0,5,5,5,FALSE
"431140303A","RS",24,0,5,5,5,FALSE
"431177501A","RS",24,0,5,5,5,FALSE
"431310201A","RS",24,0,5,5,5,FALSE
"431320101A","RS",24,0,5,5,5,FALSE
"431410003A","RS",24,0,5,5,5,FALSE
"431490202A","RS",24,0,5,5,5,FALSE
"431540401A","RS",24,0,5,5,5,FALSE
"431690703A","RS",24,0,5,5,5,FALSE
"431800201A","RS",24,0,5,5,5,FALSE
"431880403A","RS",24,0,5,5,5,FALSE
"432026301A","RS",24,0,5,5,5,FALSE
"432080002A","RS",24,0,5,5,5,FALSE
"432145101A","RS",24,0,5,5,5,FALSE
"432250903A","RS",24,0,5,5,5,FALSE
"432260801A","RS",24,0,5,5,5,FALSE
"432260803A","RS",24,0,5,5,5,FALSE
"432260804A","RS",24,0,5,5,5,FALSE
"A829","RS",24,0,5,5,5,FALSE
"A837","RS",24,0,5,5,5,FALSE
"A894","RS",24,0,5,5,5,FALSE
"A899","RS",24,0,5,5,5,FALSE
"430040601A","RS",24,0,4,4,4,FALSE
"430057001A","RS",24,0,4,4,4,FALSE
"430450702A","RS",24,0,4,4,4,FALSE
"430460604A","RS",24,0,4,4,4,FALSE
"430660102A","RS",24,0,4,4,4,FALSE
"431020701A","RS",24,0,4,4,4,FALSE
"431440702A","RS",24,0,4,4,4,FALSE
"431490204A","RS",24,0,4,4,4,FALSE
"431490205A","RS",24,0,4,4,4,FALSE
"431575001A","RS",24,0,4,4,4,FALSE
"431690705A","RS",24,0,4,4,4,FALSE
"432000803A","RS",24,0,4,4,4,FALSE
"432000805A","RS",24,0,4,4,4,FALSE
"432300203A","RS",24,0,4,4,4,FALSE
"73390000","RS",24,0,4,4,4,FALSE
"85900000","RS",24,0,4,4,4,FALSE
"86100600","RS",24,0,4,4,4,FALSE
"87380000","RS",24,0,4,4,4,FALSE
"87399000","RS",24,0,4,4,4,FALSE
"A808","RS",24,0,4,4,4,FALSE
"A826","RS",24,0,4,4,4,FALSE
"A832","RS",24,0,4,4,4,FALSE
"A833","RS",24,0,4,4,4,FALSE
"A852","RS",24,0,4,4,4,FALSE
"A878","RS",24,0,4,4,4,FALSE
"A887","RS",24,0,4,4,4,FALSE
"430300401A","RS",24,0,3,3,3,FALSE
"430676704A","RS",24,0,3,3,3,FALSE
"430690801A","RS",24,0,3,3,3,FALSE
"430700501A","RS",24,0,3,3,3,FALSE
"430800301A","RS",24,0,3,3,3,FALSE
"431065201A","RS",24,0,3,3,3,FALSE
"431075101A","RS",24,0,3,3,3,FALSE
"431140302A","RS",24,0,3,3,3,FALSE
"431410004A","RS",24,0,3,3,3,FALSE
"431410005A","RS",24,0,3,3,3,FALSE
"431440701A","RS",24,0,3,3,3,FALSE
"431490220A","RS",24,0,3,3,3,FALSE
"431530501A","RS",24,0,3,3,3,FALSE
"431640203A","RS",24,0,3,3,3,FALSE
"432240001A","RS",24,0,3,3,3,FALSE
"432250901A","RS",24,0,3,3,3,FALSE
"432300205A","RS",24,0,3,3,3,FALSE
"72870900","RS",24,0,3,3,3,FALSE
"75650010","RS",24,0,3,3,3,FALSE
"76290000","RS",24,0,3,3,3,FALSE
"77150000","RS",24,0,3,3,3,FALSE
"87401750","RS",24,0,3,3,3,FALSE
"87450004","RS",24,0,3,3,3,FALSE
"87550050","RS",24,0,3,3,3,FALSE
"A881","RS",24,0,3,3,3,FALSE
"A893","RS",24,0,3,3,3,FALSE
"A897","RS",24,0,3,3,3,FALSE
"430005901A","RS",24,0,2,2,2,FALSE
"430040602A","RS",24,0,2,2,2,FALSE
"430460602A","RS",24,0,2,2,2,FALSE
"430680902A","RS",24,0,2,2,2,FALSE
"430700503A","RS",24,0,2,2,2,FALSE
"430700504A","RS",24,0,2,2,2,FALSE
"430780702A","RS",24,0,2,2,2,FALSE
"430920904A","RS",24,0,2,2,2,FALSE
"430960501A","RS",24,0,2,2,2,FALSE
"431010806A","RS",24,0,2,2,2,FALSE
"431020702A","RS",24,0,2,2,2,FALSE
"431340904A","RS",24,0,2,2,2,FALSE
"431405001A","RS",24,0,2,2,2,FALSE
"431447201A","RS",24,0,2,2,2,FALSE
"431490217A","RS",24,0,2,2,2,FALSE
"431640202A","RS",24,0,2,2,2,FALSE
"431690702A","RS",24,0,2,2,2,FALSE
"431690712H","RS",24,0,2,2,2,FALSE
"431720201A","RS",24,0,2,2,2,FALSE
"431820001A","RS",24,0,2,2,2,FALSE
"431840801A","RS",24,0,2,2,2,FALSE
"431880402A","RS",24,0,2,2,2,FALSE
"431950501A","RS",24,0,2,2,2,FALSE
"70120000","RS",24,0,2,2,2,FALSE
"70844200","RS",24,0,2,2,2,FALSE
"77500000","RS",24,0,2,2,2,FALSE
"79400000","RS",24,0,2,2,2,FALSE
"85380500","RS",24,0,2,2,2,FALSE
"85800000","RS",24,0,2,2,2,FALSE
"86102000","RS",24,0,2,2,2,FALSE
"86895000","RS",24,0,2,2,2,FALSE
"87160000","RS",24,0,2,2,2,FALSE
"87382000","RS",24,0,2,2,2,FALSE
"87905000","RS",24,0,2,2,2,FALSE
"A834","RS",24,0,2,2,2,FALSE
"B807","RS",24,0,2,2,2,FALSE
"430390501A","RS",24,0,1,1,1,FALSE
"430390503A","RS",24,0,1,1,1,FALSE
"430510803A","RS",24,0,1,1,1,FALSE
"430676701A","RS",24,0,1,1,1,FALSE
"430676702A","RS",24,0,1,1,1,FALSE
"431050401A","RS",24,0,1,1,1,FALSE
"431060301A","RS",24,0,1,1,1,FALSE
"431065203A","RS",24,0,1,1,1,FALSE
"431244301A","RS",24,0,1,1,1,FALSE
"431440704A","RS",24,0,1,1,1,FALSE
"431490216A","RS",24,0,1,1,1,FALSE
"431950508H","RS",24,0,1,1,1,FALSE
"432170906H","RS",24,0,1,1,1,FALSE
"432240003A","RS",24,0,1,1,1,FALSE
"70710000","RS",24,0,1,1,1,FALSE
"70720000","RS",24,0,1,1,1,FALSE
"70840080","RS",24,0,1,1,1,FALSE
"70842000","RS",24,0,1,1,1,FALSE
"70845000","RS",24,0,1,1,1,FALSE
"72080000","RS",24,0,1,1,1,FALSE
"72428000","RS",24,0,1,1,1,FALSE
"73420080","RS",24,0,1,1,1,FALSE
"74120900","RS",24,0,1,1,1,FALSE
"74761000","RS",24,0,1,1,1,FALSE
"74800000","RS",24,0,1,1,1,FALSE
"75060000","RS",24,0,1,1,1,FALSE
"75188000","RS",24,0,1,1,1,FALSE
"75270000","RS",24,0,1,1,1,FALSE
"75287000","RS",24,0,1,1,1,FALSE
"75290000","RS",24,0,1,1,1,FALSE
"75307000","RS",24,0,1,1,1,FALSE
"75318000","RS",24,0,1,1,1,FALSE
"75326000","RS",24,0,1,1,1,FALSE
"75343000","RS",24,0,1,1,1,FALSE
"75550000","RS",24,0,1,1,1,FALSE
"75900000","RS",24,0,1,1,1,FALSE
"76431000","RS",24,0,1,1,1,FALSE
"76750000","RS",24,0,1,1,1,FALSE
"85040000","RS",24,0,1,1,1,FALSE
"85050100","RS",24,0,1,1,1,FALSE
"85180000","RS",24,0,1,1,1,FALSE
"85290000","RS",24,0,1,1,1,FALSE
"85310000","RS",24,0,1,1,1,FALSE
"85350000","RS",24,0,1,1,1,FALSE
"85365000","RS",24,0,1,1,1,FALSE
"85623010","RS",24,0,1,1,1,FALSE
"85642000","RS",24,0,1,1,1,FALSE
"86099000","RS",24,0,1,1,1,FALSE
"86125050","RS",24,0,1,1,1,FALSE
"86321000","RS",24,0,1,1,1,FALSE
"86410050","RS",24,0,1,1,1,FALSE
"86450000","RS",24,0,1,1,1,FALSE
"86470800","RS",24,0,1,1,1,FALSE
"86472000","RS",24,0,1,1,1,FALSE
"86510000","RS",24,0,1,1,1,FALSE
"86520000","RS",24,0,1,1,1,FALSE
"86743800","RS",24,0,1,1,1,FALSE
"86950000","RS",24,0,1,1,1,FALSE
"87100000","RS",24,0,1,1,1,FALSE
"87120000","RS",24,0,1,1,1,FALSE
"87170000","RS",24,0,1,1,1,FALSE
"87242000","RS",24,0,1,1,1,FALSE
"87409000","RS",24,0,1,1,1,FALSE
"87510049","RS",24,0,1,1,1,FALSE
"87795000","RS",24,0,1,1,1,FALSE
"87920500","RS",24,0,1,1,1,FALSE
"88060200","RS",24,0,1,1,1,FALSE
"88150900","RS",24,0,1,1,1,FALSE
"A810","RS",24,0,1,1,1,FALSE
"A882","RS",24,0,1,1,1,FALSE
"A889","RS",24,0,1,1,1,FALSE
"420130704A","SC",24,0,7,7,7,FALSE
"420230501A","SC",24,0,7,7,7,FALSE
"420420202A","SC",24,0,7,7,7,FALSE
"420450903A","SC",24,0,7,7,7,FALSE
"420480601A","SC",24,0,7,7,7,FALSE
"420630603A","SC",24,0,7,7,7,FALSE
"420650403A","SC",24,0,7,7,7,FALSE
"420750202A","SC",24,0,7,7,7,FALSE
"420820316A","SC",24,0,7,7,7,FALSE
"420890601A","SC",24,0,7,7,7,FALSE
"421330202A","SC",24,0,7,7,7,FALSE
"421530703A","SC",24,0,7,7,7,FALSE
"421860801A","SC",24,0,7,7,7,FALSE
"421930904A","SC",24,0,7,7,7,FALSE
"72810000","SC",24,0,7,7,7,FALSE
"420150501A","SC",24,0,6,6,6,FALSE
"420370901A","SC",24,0,6,6,6,FALSE
"420600901A","SC",24,0,6,6,6,FALSE
"420840101A","SC",24,0,6,6,6,FALSE
"420890606A","SC",24,0,6,6,6,FALSE
"420940903A","SC",24,0,6,6,6,FALSE
"421100901A","SC",24,0,6,6,6,FALSE
"421640401A","SC",24,0,6,6,6,FALSE
"421720401A","SC",24,0,6,6,6,FALSE
"A815","SC",24,0,6,6,6,FALSE
"A848","SC",24,0,6,6,6,FALSE
"A868","SC",24,0,6,6,6,FALSE
"420120802A","SC",24,0,5,5,5,FALSE
"420140601A","SC",24,0,5,5,5,FALSE
"420280001A","SC",24,0,5,5,5,FALSE
"420300601A","SC",24,0,5,5,5,FALSE
"420455802A","SC",24,0,5,5,5,FALSE
"420890604A","SC",24,0,5,5,5,FALSE
"420915104A","SC",24,0,5,5,5,FALSE
"420980501A","SC",24,0,5,5,5,FALSE
"421565301A","SC",24,0,5,5,5,FALSE
"421567901A","SC",24,0,5,5,5,FALSE
"421580201A","SC",24,0,5,5,5,FALSE
"421680001A","SC",24,0,5,5,5,FALSE
"421810301A","SC",24,0,5,5,5,FALSE
"83059000","SC",24,0,5,5,5,FALSE
"A860","SC",24,0,5,5,5,FALSE
"A898","SC",24,0,5,5,5,FALSE
"420207301A","SC",24,0,4,4,4,FALSE
"420240407G","SC",24,0,4,4,4,FALSE
"420240408G","SC",24,0,4,4,4,FALSE
"420240413G","SC",24,0,4,4,4,FALSE
"420320405A","SC",24,0,4,4,4,FALSE
"420350101A","SC",24,0,4,4,4,FALSE
"420430101A","SC",24,0,4,4,4,FALSE
"420430102A","SC",24,0,4,4,4,FALSE
"420550602A","SC",24,0,4,4,4,FALSE
"420610801A","SC",24,0,4,4,4,FALSE
"420630601A","SC",24,0,4,4,4,FALSE
"420670202A","SC",24,0,4,4,4,FALSE
"420820304A","SC",24,0,4,4,4,FALSE
"420820305A","SC",24,0,4,4,4,FALSE
"420820314A","SC",24,0,4,4,4,FALSE
"420910208A","SC",24,0,4,4,4,FALSE
"420930002A","SC",24,0,4,4,4,FALSE
"420940905A","SC",24,0,4,4,4,FALSE
"421130604A","SC",24,0,4,4,4,FALSE
"421190003A","SC",24,0,4,4,4,FALSE
"421210601A","SC",24,0,4,4,4,FALSE
"421250201A","SC",24,0,4,4,4,FALSE
"421530701A","SC",24,0,4,4,4,FALSE
"421570301A","SC",24,0,4,4,4,FALSE
"421610701A","SC",24,0,4,4,4,FALSE
"421620602A","SC",24,0,4,4,4,FALSE
"421770903A","SC",24,0,4,4,4,FALSE
"421800402A","SC",24,0,4,4,4,FALSE
"70600000","SC",24,0,4,4,4,FALSE
"72715000","SC",24,0,4,4,4,FALSE
"72880000","SC",24,0,4,4,4,FALSE
"A817","SC",24,0,4,4,4,FALSE
"A859","SC",24,0,4,4,4,FALSE
"A895","SC",24,0,4,4,4,FALSE
"420060601A","SC",24,0,3,3,3,FALSE
"420090301A","SC",24,0,3,3,3,FALSE
"420240401A","SC",24,0,3,3,3,FALSE
"420240409G","SC",24,0,3,3,3,FALSE
"420240412G","SC",24,0,3,3,3,FALSE
"420240415A","SC",24,0,3,3,3,FALSE
"420240423A","SC",24,0,3,3,3,FALSE
"420245301A","SC",24,0,3,3,3,FALSE
"420270103A","SC",24,0,3,3,3,FALSE
"420550601A","SC",24,0,3,3,3,FALSE
"420560501A","SC",24,0,3,3,3,FALSE
"420650402A","SC",24,0,3,3,3,FALSE
"420650404A","SC",24,0,3,3,3,FALSE
"420750204A","SC",24,0,3,3,3,FALSE
"420780901A","SC",24,0,3,3,3,FALSE
"420810401A","SC",24,0,3,3,3,FALSE
"420820306A","SC",24,0,3,3,3,FALSE
"420845001A","SC",24,0,3,3,3,FALSE
"420870801A","SC",24,0,3,3,3,FALSE
"420890603A","SC",24,0,3,3,3,FALSE
"420890605A","SC",24,0,3,3,3,FALSE
"420890607A","SC",24,0,3,3,3,FALSE
"420930001A","SC",24,0,3,3,3,FALSE
"421085201A","SC",24,0,3,3,3,FALSE
"421120701A","SC",24,0,3,3,3,FALSE
"421360902A","SC",24,0,3,3,3,FALSE
"421420101A","SC",24,0,3,3,3,FALSE
"421420102A","SC",24,0,3,3,3,FALSE
"421510901A","SC",24,0,3,3,3,FALSE
"421620601A","SC",24,0,3,3,3,FALSE
"421725301A","SC",24,0,3,3,3,FALSE
"421870702A","SC",24,0,3,3,3,FALSE
"421930903A","SC",24,0,3,3,3,FALSE
"421950701A","SC",24,0,3,3,3,FALSE
"421970501A","SC",24,0,3,3,3,FALSE
"73203000","SC",24,0,3,3,3,FALSE
"73249000","SC",24,0,3,3,3,FALSE
"73960000","SC",24,0,3,3,3,FALSE
"83030000","SC",24,0,3,3,3,FALSE
"83750000","SC",24,0,3,3,3,FALSE
"84015900","SC",24,0,3,3,3,FALSE
"84095500","SC",24,0,3,3,3,FALSE
"84853000","SC",24,0,3,3,3,FALSE
"A816","SC",24,0,3,3,3,FALSE
"A851","SC",24,0,3,3,3,FALSE
"A870","SC",24,0,3,3,3,FALSE
"420130701A","SC",24,0,2,2,2,FALSE
"420130703A","SC",24,0,2,2,2,FALSE
"420240404G","SC",24,0,2,2,2,FALSE
"420240406A","SC",24,0,2,2,2,FALSE
"420240409A","SC",24,0,2,2,2,FALSE
"420240411G","SC",24,0,2,2,2,FALSE
"420240418G","SC",24,0,2,2,2,FALSE
"420290910A","SC",24,0,2,2,2,FALSE
"420380802A","SC",24,0,2,2,2,FALSE
"420420201A","SC",24,0,2,2,2,FALSE
"420520901A","SC",24,0,2,2,2,FALSE
"420570403A","SC",24,0,2,2,2,FALSE
"420700701A","SC",24,0,2,2,2,FALSE
"420750205A","SC",24,0,2,2,2,FALSE
"420985401A","SC",24,0,2,2,2,FALSE
"421010005H","SC",24,0,2,2,2,FALSE
"421040701A","SC",24,0,2,2,2,FALSE
"421050601A","SC",24,0,2,2,2,FALSE
"421110801A","SC",24,0,2,2,2,FALSE
"421170201A","SC",24,0,2,2,2,FALSE
"421170202A","SC",24,0,2,2,2,FALSE
"421190001A","SC",24,0,2,2,2,FALSE
"421320308A","SC",24,0,2,2,2,FALSE
"421410201A","SC",24,0,2,2,2,FALSE
"421430001A","SC",24,0,2,2,2,FALSE
"421460701A","SC",24,0,2,2,2,FALSE
"421660207A","SC",24,0,2,2,2,FALSE
"421670101A","SC",24,0,2,2,2,FALSE
"421770902A","SC",24,0,2,2,2,FALSE
"421790701A","SC",24,0,2,2,2,FALSE
"421800401A","SC",24,0,2,2,2,FALSE
"421870701A","SC",24,0,2,2,2,FALSE
"421880601A","SC",24,0,2,2,2,FALSE
"65293000","SC",24,0,2,2,2,FALSE
"71200000","SC",24,0,2,2,2,FALSE
"73582000","SC",24,0,2,2,2,FALSE
"74300000","SC",24,0,2,2,2,FALSE
"74400080","SC",24,0,2,2,2,FALSE
"83270000","SC",24,0,2,2,2,FALSE
"83461000","SC",24,0,2,2,2,FALSE
"84034500","SC",24,0,2,2,2,FALSE
"84100000","SC",24,0,2,2,2,FALSE
"84580000","SC",24,0,2,2,2,FALSE
"84820000","SC",24,0,2,2,2,FALSE
"A814","SC",24,0,2,2,2,FALSE
"A858","SC",24,0,2,2,2,FALSE
"A865","SC",24,0,2,2,2,FALSE
"420010103A","SC",24,0,1,1,1,FALSE
"420050701A","SC",24,0,1,1,1,FALSE
"420130702A","SC",24,0,1,1,1,FALSE
"420200801A","SC",24,0,1,1,1,FALSE
"420200802A","SC",24,0,1,1,1,FALSE
"420220604A","SC",24,0,1,1,1,FALSE
"420240401G","SC",24,0,1,1,1,FALSE
"420240402G","SC",24,0,1,1,1,FALSE
"420240404A","SC",24,0,1,1,1,FALSE
"420240406G","SC",24,0,1,1,1,FALSE
"420240407A","SC",24,0,1,1,1,FALSE
"420240412A","SC",24,0,1,1,1,FALSE
"420290907A","SC",24,0,1,1,1,FALSE
"420290912A","SC",24,0,1,1,1,FALSE
"420390701A","SC",24,0,1,1,1,FALSE
"420419401A","SC",24,0,1,1,1,FALSE
"420450901A","SC",24,0,1,1,1,FALSE
"420460802A","SC",24,0,1,1,1,FALSE
"420460803A","SC",24,0,1,1,1,FALSE
"420460803H","SC",24,0,1,1,1,FALSE
"420460804A","SC",24,0,1,1,1,FALSE
"420460805A","SC",24,0,1,1,1,FALSE
"420540703A","SC",24,0,1,1,1,FALSE
"420545601A","SC",24,0,1,1,1,FALSE
"420560502A","SC",24,0,1,1,1,FALSE
"420570402A","SC",24,0,1,1,1,FALSE
"420580301A","SC",24,0,1,1,1,FALSE
"420590202A","SC",24,0,1,1,1,FALSE
"420590206A","SC",24,0,1,1,1,FALSE
"420590209A","SC",24,0,1,1,1,FALSE
"420630602A","SC",24,0,1,1,1,FALSE
"420710601A","SC",24,0,1,1,1,FALSE
"420710603A","SC",24,0,1,1,1,FALSE
"420710606A","SC",24,0,1,1,1,FALSE
"420730401A","SC",24,0,1,1,1,FALSE
"420730402A","SC",24,0,1,1,1,FALSE
"420750203A","SC",24,0,1,1,1,FALSE
"420820302A","SC",24,0,1,1,1,FALSE
"420830201A","SC",24,0,1,1,1,FALSE
"420830205A","SC",24,0,1,1,1,FALSE
"420910206A","SC",24,0,1,1,1,FALSE
"420940904A","SC",24,0,1,1,1,FALSE
"421000104A","SC",24,0,1,1,1,FALSE
"421060501A","SC",24,0,1,1,1,FALSE
"421080301A","SC",24,0,1,1,1,FALSE
"421150401A","SC",24,0,1,1,1,FALSE
"421150402A","SC",24,0,1,1,1,FALSE
"421150407H","SC",24,0,1,1,1,FALSE
"421160301A","SC",24,0,1,1,1,FALSE
"421160306H","SC",24,0,1,1,1,FALSE
"421175101A","SC",24,0,1,1,1,FALSE
"421280901A","SC",24,0,1,1,1,FALSE
"421280915H","SC",24,0,1,1,1,FALSE
"421320301A","SC",24,0,1,1,1,FALSE
"421320302A","SC",24,0,1,1,1,FALSE
"421320306A","SC",24,0,1,1,1,FALSE
"421350001A","SC",24,0,1,1,1,FALSE
"421380701A","SC",24,0,1,1,1,FALSE
"421380703A","SC",24,0,1,1,1,FALSE
"421400301A","SC",24,0,1,1,1,FALSE
"421480502A","SC",24,0,1,1,1,FALSE
"421480506A","SC",24,0,1,1,1,FALSE
"421505901A","SC",24,0,1,1,1,FALSE
"421560402A","SC",24,0,1,1,1,FALSE
"421620603A","SC",24,0,1,1,1,FALSE
"421710501A","SC",24,0,1,1,1,FALSE
"421740201A","SC",24,0,1,1,1,FALSE
"421740205A","SC",24,0,1,1,1,FALSE
"421770901A","SC",24,0,1,1,1,FALSE
"421780801A","SC",24,0,1,1,1,FALSE
"421830101A","SC",24,0,1,1,1,FALSE
"421920001A","SC",24,0,1,1,1,FALSE
"421930902A","SC",24,0,1,1,1,FALSE
"65271000","SC",24,0,1,1,1,FALSE
"71350001","SC",24,0,1,1,1,FALSE
"71491900","SC",24,0,1,1,1,FALSE
"71540000","SC",24,0,1,1,1,FALSE
"71900000","SC",24,0,1,1,1,FALSE
"73204000","SC",24,0,1,1,1,FALSE
"73693500","SC",24,0,1,1,1,FALSE
"73770000","SC",24,0,1,1,1,FALSE
"73819000","SC",24,0,1,1,1,FALSE
"82549000","SC",24,0,1,1,1,FALSE
"83020000","SC",24,0,1,1,1,FALSE
"83029900","SC",24,0,1,1,1,FALSE
"83040000","SC",24,0,1,1,1,FALSE
"83250000","SC",24,0,1,1,1,FALSE
"83349600","SC",24,0,1,1,1,FALSE
"83441000","SC",24,0,1,1,1,FALSE
"83674000","SC",24,0,1,1,1,FALSE
"83677000","SC",24,0,1,1,1,FALSE
"83695000","SC",24,0,1,1,1,FALSE
"83800002","SC",24,0,1,1,1,FALSE
"84030000","SC",24,0,1,1,1,FALSE
"84075000","SC",24,0,1,1,1,FALSE
"84079000","SC",24,0,1,1,1,FALSE
"84520002","SC",24,0,1,1,1,FALSE
"84536000","SC",24,0,1,1,1,FALSE
"84538500","SC",24,0,1,1,1,FALSE
"84559800","SC",24,0,1,1,1,FALSE
"84580500","SC",24,0,1,1,1,FALSE
"84598002","SC",24,0,1,1,1,FALSE
"A857","SC",24,0,1,1,1,FALSE
"A861","SC",24,0,1,1,1,FALSE
"A864","SC",24,0,1,1,1,FALSE
"A866","SC",24,0,1,1,1,FALSE
"280030801A","SE",24,0,7,7,7,FALSE
"280030802A","SE",24,0,7,7,7,FALSE
"280030803A","SE",24,0,7,7,7,FALSE
"A421","SE",24,0,6,6,6,FALSE
"A417","SE",24,0,5,5,5,FALSE
"280540601A","SE",24,0,3,3,3,FALSE
"50191000","SE",24,0,3,3,3,FALSE
"280030804A","SE",24,0,2,2,2,FALSE
"50185000","SE",24,0,2,2,2,FALSE
"50187000","SE",24,0,2,2,2,FALSE
"A451","SE",24,0,2,2,2,FALSE
"280020901C","SE",24,0,1,1,1,FALSE
"49705000","SE",24,0,1,1,1,FALSE
"50080000","SE",24,0,1,1,1,FALSE
"50090000","SE",24,0,1,1,1,FALSE
"50192000","SE",24,0,1,1,1,FALSE
"50195000","SE",24,0,1,1,1,FALSE
"50290000","SE",24,0,1,1,1,FALSE
"A419","SE",24,0,1,1,1,FALSE
"350250704A","SP",24,0,7,7,7,FALSE
"350450302A","SP",24,0,7,7,7,FALSE
"350450303A","SP",24,0,7,7,7,FALSE
"350840503A","SP",24,0,7,7,7,FALSE
"351300905A","SP",24,0,7,7,7,FALSE
"351630903A","SP",24,0,7,7,7,FALSE
"352220803A","SP",24,0,7,7,7,FALSE
"352230704A","SP",24,0,7,7,7,FALSE
"352310702A","SP",24,0,7,7,7,FALSE
"352390902A","SP",24,0,7,7,7,FALSE
"352585401A","SP",24,0,7,7,7,FALSE
"352700901A","SP",24,0,7,7,7,FALSE
"352720702A","SP",24,0,7,7,7,FALSE
"352900502A","SP",24,0,7,7,7,FALSE
"353110004A","SP",24,0,7,7,7,FALSE
"354390701A","SP",24,0,7,7,7,FALSE
"355220510A","SP",24,0,7,7,7,FALSE
"A711","SP",24,0,7,7,7,FALSE
"A726","SP",24,0,7,7,7,FALSE
"A729","SP",24,0,7,7,7,FALSE
"350190501A","SP",24,0,6,6,6,FALSE
"350290301A","SP",24,0,6,6,6,FALSE
"350330701A","SP",24,0,6,6,6,FALSE
"350540101A","SP",24,0,6,6,6,FALSE
"350880101A","SP",24,0,6,6,6,FALSE
"351230801A","SP",24,0,6,6,6,FALSE
"351360301A","SP",24,0,6,6,6,FALSE
"351360302A","SP",24,0,6,6,6,FALSE
"351510305A","SP",24,0,6,6,6,FALSE
"351518601A","SP",24,0,6,6,6,FALSE
"351830501A","SP",24,0,6,6,6,FALSE
"352140801A","SP",24,0,6,6,6,FALSE
"352230703A","SP",24,0,6,6,6,FALSE
"352265301A","SP",24,0,6,6,6,FALSE
"352310708A","SP",24,0,6,6,6,FALSE
"352500302A","SP",24,0,6,6,6,FALSE
"352590403A","SP",24,0,6,6,6,FALSE
"352850203A","SP",24,0,6,6,6,FALSE
"353750301A","SP",24,0,6,6,6,FALSE
"353760203A","SP",24,0,6,6,6,FALSE
"354100002A","SP",24,0,6,6,6,FALSE
"354340203A","SP",24,0,6,6,6,FALSE
"354340204A","SP",24,0,6,6,6,FALSE
"354980504A","SP",24,0,6,6,6,FALSE
"355030834A","SP",24,0,6,6,6,FALSE
"355040701A","SP",24,0,6,6,6,FALSE
"355220504A","SP",24,0,6,6,6,FALSE
"355250201A","SP",24,0,6,6,6,FALSE
"355250203A","SP",24,0,6,6,6,FALSE
"355280904A","SP",24,0,6,6,6,FALSE
"355410201A","SP",24,0,6,6,6,FALSE
"A706","SP",24,0,6,6,6,FALSE
"A712","SP",24,0,6,6,6,FALSE
"A748","SP",24,0,6,6,6,FALSE
"350050101A","SP",24,0,5,5,5,FALSE
"350050102A","SP",24,0,5,5,5,FALSE
"350190502A","SP",24,0,5,5,5,FALSE
"350250703A","SP",24,0,5,5,5,FALSE
"350270501A","SP",24,0,5,5,5,FALSE
"350410706A","SP",24,0,5,5,5,FALSE
"350660701A","SP",24,0,5,5,5,FALSE
"350900705A","SP",24,0,5,5,5,FALSE
"350970011A","SP",24,0,5,5,5,FALSE
"351030201A","SP",24,0,5,5,5,FALSE
"351240701A","SP",24,0,5,5,5,FALSE
"351300907A","SP",24,0,5,5,5,FALSE
"351630901A","SP",24,0,5,5,5,FALSE
"351870107A","SP",24,0,5,5,5,FALSE
"351870114A","SP",24,0,5,5,5,FALSE
"351880006A","SP",24,0,5,5,5,FALSE
"352230701A","SP",24,0,5,5,5,FALSE
"352230707A","SP",24,0,5,5,5,FALSE
"352250503A","SP",24,0,5,5,5,FALSE
"352310707A","SP",24,0,5,5,5,FALSE
"352390903A","SP",24,0,5,5,5,FALSE
"352390906A","SP",24,0,5,5,5,FALSE
"352530003A","SP",24,0,5,5,5,FALSE
"352840301A","SP",24,0,5,5,5,FALSE
"352900504A","SP",24,0,5,5,5,FALSE
"353180303A","SP",24,0,5,5,5,FALSE
"353230601A","SP",24,0,5,5,5,FALSE
"353340301A","SP",24,0,5,5,5,FALSE
"353440105A","SP",24,0,5,5,5,FALSE
"353560601A","SP",24,0,5,5,5,FALSE
"353850101A","SP",24,0,5,5,5,FALSE
"353870901A","SP",24,0,5,5,5,FALSE
"353980601A","SP",24,0,5,5,5,FALSE
"354340202A","SP",24,0,5,5,5,FALSE
"354780904A","SP",24,0,5,5,5,FALSE
"355240304A","SP",24,0,5,5,5,FALSE
"355280901A","SP",24,0,5,5,5,FALSE
"355620601A","SP",24,0,5,5,5,FALSE
"355640401A","SP",24,0,5,5,5,FALSE
"355650301A","SP",24,0,5,5,5,FALSE
"64535080","SP",24,0,5,5,5,FALSE
"A705","SP",24,0,5,5,5,FALSE
"A734","SP",24,0,5,5,5,FALSE
"A739","SP",24,0,5,5,5,FALSE
"350060001A","SP",24,0,4,4,4,FALSE
"350250701A","SP",24,0,4,4,4,FALSE
"350410701A","SP",24,0,4,4,4,FALSE
"350535101A","SP",24,0,4,4,4,FALSE
"350600305A","SP",24,0,4,4,4,FALSE
"350700101A","SP",24,0,4,4,4,FALSE
"350760503A","SP",24,0,4,4,4,FALSE
"350950208A","SP",24,0,4,4,4,FALSE
"350995701A","SP",24,0,4,4,4,FALSE
"351380106A","SP",24,0,4,4,4,FALSE
"351490801A","SP",24,0,4,4,4,FALSE
"351570702A","SP",24,0,4,4,4,FALSE
"351870111A","SP",24,0,4,4,4,FALSE
"351880001A","SP",24,0,4,4,4,FALSE
"351880002A","SP",24,0,4,4,4,FALSE
"352215801A","SP",24,0,4,4,4,FALSE
"352310706A","SP",24,0,4,4,4,FALSE
"352520101A","SP",24,0,4,4,4,FALSE
"352530004A","SP",24,0,4,4,4,FALSE
"352620902A","SP",24,0,4,4,4,FALSE
"352670401A","SP",24,0,4,4,4,FALSE
"352850202A","SP",24,0,4,4,4,FALSE
"352850204A","SP",24,0,4,4,4,FALSE
"352940105A","SP",24,0,4,4,4,FALSE
"353080501A","SP",24,0,4,4,4,FALSE
"353110001A","SP",24,0,4,4,4,FALSE
"353180301A","SP",24,0,4,4,4,FALSE
"353180304A","SP",24,0,4,4,4,FALSE
"353240501A","SP",24,0,4,4,4,FALSE
"353710702A","SP",24,0,4,4,4,FALSE
"353710703A","SP",24,0,4,4,4,FALSE
"354230501A","SP",24,0,4,4,4,FALSE
"354340201A","SP",24,0,4,4,4,FALSE
"354730404A","SP",24,0,4,4,4,FALSE
"354730407A","SP",24,0,4,4,4,FALSE
"354780901A","SP",24,0,4,4,4,FALSE
"354870822A","SP",24,0,4,4,4,FALSE
"354890603A","SP",24,0,4,4,4,FALSE
"354960701A","SP",24,0,4,4,4,FALSE
"355030819A","SP",24,0,4,4,4,FALSE
"355030881A","SP",24,0,4,4,4,FALSE
"355220508A","SP",24,0,4,4,4,FALSE
"355250202A","SP",24,0,4,4,4,FALSE
"355400301A","SP",24,0,4,4,4,FALSE
"355450801A","SP",24,0,4,4,4,FALSE
"355540601A","SP",24,0,4,4,4,FALSE
"355540622A","SP",24,0,4,4,4,FALSE
"61784500","SP",24,0,4,4,4,FALSE
"81337000","SP",24,0,4,4,4,FALSE
"A708","SP",24,0,4,4,4,FALSE
"A741","SP",24,0,4,4,4,FALSE
"A753","SP",24,0,4,4,4,FALSE
"350200201A","SP",24,0,3,3,3,FALSE
"350410702A","SP",24,0,3,3,3,FALSE
"350410705A","SP",24,0,3,3,3,FALSE
"350450301A","SP",24,0,3,3,3,FALSE
"350490901A","SP",24,0,3,3,3,FALSE
"350600303A","SP",24,0,3,3,3,FALSE
"350710001A","SP",24,0,3,3,3,FALSE
"350760502A","SP",24,0,3,3,3,FALSE
"350760504A","SP",24,0,3,3,3,FALSE
"350760505A","SP",24,0,3,3,3,FALSE
"350960103A","SP",24,0,3,3,3,FALSE
"350970012A","SP",24,0,3,3,3,FALSE
"351040101A","SP",24,0,3,3,3,FALSE
"351050017A","SP",24,0,3,3,3,FALSE
"351160701A","SP",24,0,3,3,3,FALSE
"351380103A","SP",24,0,3,3,3,FALSE
"351518627H","SP",24,0,3,3,3,FALSE
"351550901A","SP",24,0,3,3,3,FALSE
"351630905A","SP",24,0,3,3,3,FALSE
"351640803A","SP",24,0,3,3,3,FALSE
"351830502A","SP",24,0,3,3,3,FALSE
"352040002A","SP",24,0,3,3,3,FALSE
"352040003A","SP",24,0,3,3,3,FALSE
"352230706A","SP",24,0,3,3,3,FALSE
"352490701A","SP",24,0,3,3,3,FALSE
"352590404A","SP",24,0,3,3,3,FALSE
"352620901A","SP",24,0,3,3,3,FALSE
"352630802A","SP",24,0,3,3,3,FALSE
"352640701A","SP",24,0,3,3,3,FALSE
"352690201A","SP",24,0,3,3,3,FALSE
"352690205A","SP",24,0,3,3,3,FALSE
"352840302A","SP",24,0,3,3,3,FALSE
"352840303A","SP",24,0,3,3,3,FALSE
"353060705A","SP",24,0,3,3,3,FALSE
"353110003A","SP",24,0,3,3,3,FALSE
"353440102A","SP",24,0,3,3,3,FALSE
"353760201A","SP",24,0,3,3,3,FALSE
"353800601A","SP",24,0,3,3,3,FALSE
"353910301A","SP",24,0,3,3,3,FALSE
"354100001A","SP",24,0,3,3,3,FALSE
"354210701A","SP",24,0,3,3,3,FALSE
"354280001A","SP",24,0,3,3,3,FALSE
"354390702A","SP",24,0,3,3,3,FALSE
"354390703A","SP",24,0,3,3,3,FALSE
"354400401A","SP",24,0,3,3,3,FALSE
"354530801A","SP",24,0,3,3,3,FALSE
"354730402A","SP",24,0,3,3,3,FALSE
"354730405A","SP",24,0,3,3,3,FALSE
"354780910A","SP",24,0,3,3,3,FALSE
"354850006A","SP",24,0,3,3,3,FALSE
"354850007G","SP",24,0,3,3,3,FALSE
"354870810A","SP",24,0,3,3,3,FALSE
"354870813A","SP",24,0,3,3,3,FALSE
"354870814A","SP",24,0,3,3,3,FALSE
"354980501A","SP",24,0,3,3,3,FALSE
"355030865A","SP",24,0,3,3,3,FALSE
"355030871A","SP",24,0,3,3,3,FALSE
"355060501A","SP",24,0,3,3,3,FALSE
"355070409A","SP",24,0,3,3,3,FALSE
"355220505A","SP",24,0,3,3,3,FALSE
"355220507A","SP",24,0,3,3,3,FALSE
"355240302A","SP",24,0,3,3,3,FALSE
"355650302A","SP",24,0,3,3,3,FALSE
"355730301A","SP",24,0,3,3,3,FALSE
"61783450","SP",24,0,3,3,3,FALSE
"62400600","SP",24,0,3,3,3,FALSE
"64098000","SP",24,0,3,3,3,FALSE
"64221500","SP",24,0,3,3,3,FALSE
"64562000","SP",24,0,3,3,3,FALSE
"A707","SP",24,0,3,3,3,FALSE
"A713","SP",24,0,3,3,3,FALSE
"A714","SP",24,0,3,3,3,FALSE
"A725","SP",24,0,3,3,3,FALSE
"A733","SP",24,0,3,3,3,FALSE
"A740","SP",24,0,3,3,3,FALSE
"A755","SP",24,0,3,3,3,FALSE
"A762","SP",24,0,3,3,3,FALSE
"A771","SP",24,0,3,3,3,FALSE
"350190503A","SP",24,0,2,2,2,FALSE
"350250702A","SP",24,0,2,2,2,FALSE
"350275401A","SP",24,0,2,2,2,FALSE
"350320801A","SP",24,0,2,2,2,FALSE
"350320802A","SP",24,0,2,2,2,FALSE
"350380203A","SP",24,0,2,2,2,FALSE
"350410703A","SP",24,0,2,2,2,FALSE
"350410704A","SP",24,0,2,2,2,FALSE
"350570803A","SP",24,0,2,2,2,FALSE
"350600304A","SP",24,0,2,2,2,FALSE
"350600307A","SP",24,0,2,2,2,FALSE
"350760501A","SP",24,0,2,2,2,FALSE
"350840501A","SP",24,0,2,2,2,FALSE
"350840502A","SP",24,0,2,2,2,FALSE
"350900702A","SP",24,0,2,2,2,FALSE
"350960102A","SP",24,0,2,2,2,FALSE
"350970001G","SP",24,0,2,2,2,FALSE
"351050011A","SP",24,0,2,2,2,FALSE
"351050019A","SP",24,0,2,2,2,FALSE
"351300903A","SP",24,0,2,2,2,FALSE
"351380108A","SP",24,0,2,2,2,FALSE
"351510303A","SP",24,0,2,2,2,FALSE
"351630904A","SP",24,0,2,2,2,FALSE
"351840402A","SP",24,0,2,2,2,FALSE
"351870101G","SP",24,0,2,2,2,FALSE
"351870109A","SP",24,0,2,2,2,FALSE
"351880003A","SP",24,0,2,2,2,FALSE
"351880008A","SP",24,0,2,2,2,FALSE
"351970901A","SP",24,0,2,2,2,FALSE
"352020201A","SP",24,0,2,2,2,FALSE
"352030102A","SP",24,0,2,2,2,FALSE
"352120001A","SP",24,0,2,2,2,FALSE
"352210905A","SP",24,0,2,2,2,FALSE
"352220801A","SP",24,0,2,2,2,FALSE
"352310701A","SP",24,0,2,2,2,FALSE
"352310705A","SP",24,0,2,2,2,FALSE
"352390905A","SP",24,0,2,2,2,FALSE
"352530001A","SP",24,0,2,2,2,FALSE
"352530002A","SP",24,0,2,2,2,FALSE
"352550804A","SP",24,0,2,2,2,FALSE
"352690202A","SP",24,0,2,2,2,FALSE
"352730601A","SP",24,0,2,2,2,FALSE
"352940108A","SP",24,0,2,2,2,FALSE
"352940110A","SP",24,0,2,2,2,FALSE
"353070601A","SP",24,0,2,2,2,FALSE
"353090401A","SP",24,0,2,2,2,FALSE
"353650501A","SP",24,0,2,2,2,FALSE
"353820401A","SP",24,0,2,2,2,FALSE
"354075401A","SP",24,0,2,2,2,FALSE
"354100002G","SP",24,0,2,2,2,FALSE
"354165301A","SP",24,0,2,2,2,FALSE
"354190101A","SP",24,0,2,2,2,FALSE
"354325301A","SP",24,0,2,2,2,FALSE
"354330301A","SP",24,0,2,2,2,FALSE
"354340207A","SP",24,0,2,2,2,FALSE
"354390704A","SP",24,0,2,2,2,FALSE
"354430101A","SP",24,0,2,2,2,FALSE
"354520901A","SP",24,0,2,2,2,FALSE
"354600901A","SP",24,0,2,2,2,FALSE
"354680101A","SP",24,0,2,2,2,FALSE
"354780905A","SP",24,0,2,2,2,FALSE
"354780906G","SP",24,0,2,2,2,FALSE
"354780912A","SP",24,0,2,2,2,FALSE
"354780916A","SP",24,0,2,2,2,FALSE
"354850005A","SP",24,0,2,2,2,FALSE
"354850010A","SP",24,0,2,2,2,FALSE
"354870805A","SP",24,0,2,2,2,FALSE
"354870817A","SP",24,0,2,2,2,FALSE
"354870818A","SP",24,0,2,2,2,FALSE
"354980503A","SP",24,0,2,2,2,FALSE
"354990401A","SP",24,0,2,2,2,FALSE
"355030820A","SP",24,0,2,2,2,FALSE
"355030846A","SP",24,0,2,2,2,FALSE
"355030862A","SP",24,0,2,2,2,FALSE
"355030869A","SP",24,0,2,2,2,FALSE
"355070406A","SP",24,0,2,2,2,FALSE
"355070418A","SP",24,0,2,2,2,FALSE
"355100903A","SP",24,0,2,2,2,FALSE
"355465601A","SP",24,0,2,2,2,FALSE
"355495301A","SP",24,0,2,2,2,FALSE
"355540616A","SP",24,0,2,2,2,FALSE
"355540619A","SP",24,0,2,2,2,FALSE
"61787000","SP",24,0,2,2,2,FALSE
"61880000","SP",24,0,2,2,2,FALSE
"61895050","SP",24,0,2,2,2,FALSE
"61898500","SP",24,0,2,2,2,FALSE
"62360060","SP",24,0,2,2,2,FALSE
"62705000","SP",24,0,2,2,2,FALSE
"62835100","SP",24,0,2,2,2,FALSE
"64182000","SP",24,0,2,2,2,FALSE
"64320010","SP",24,0,2,2,2,FALSE
"A715","SP",24,0,2,2,2,FALSE
"A716","SP",24,0,2,2,2,FALSE
"A718","SP",24,0,2,2,2,FALSE
"A728","SP",24,0,2,2,2,FALSE
"A735","SP",24,0,2,2,2,FALSE
"A737","SP",24,0,2,2,2,FALSE
"A746","SP",24,0,2,2,2,FALSE
"A763","SP",24,0,2,2,2,FALSE
"A764","SP",24,0,2,2,2,FALSE
"A768","SP",24,0,2,2,2,FALSE
"A769","SP",24,0,2,2,2,FALSE
"350270503A","SP",24,0,1,1,1,FALSE
"350380202A","SP",24,0,1,1,1,FALSE
"350390101A","SP",24,0,1,1,1,FALSE
"350570802A","SP",24,0,1,1,1,FALSE
"350600302H","SP",24,0,1,1,1,FALSE
"350635901A","SP",24,0,1,1,1,FALSE
"350715901A","SP",24,0,1,1,1,FALSE
"350850401A","SP",24,0,1,1,1,FALSE
"350900701A","SP",24,0,1,1,1,FALSE
"350900703H","SP",24,0,1,1,1,FALSE
"350920501A","SP",24,0,1,1,1,FALSE
"350920504A","SP",24,0,1,1,1,FALSE
"350925402A","SP",24,0,1,1,1,FALSE
"350950204A","SP",24,0,1,1,1,FALSE
"350950206A","SP",24,0,1,1,1,FALSE
"350950230H","SP",24,0,1,1,1,FALSE
"350970001A","SP",24,0,1,1,1,FALSE
"350970003G","SP",24,0,1,1,1,FALSE
"350970004G","SP",24,0,1,1,1,FALSE
"350970004H","SP",24,0,1,1,1,FALSE
"350970006G","SP",24,0,1,1,1,FALSE
"350970013A","SP",24,0,1,1,1,FALSE
"351050003A","SP",24,0,1,1,1,FALSE
"351050004A","SP",24,0,1,1,1,FALSE
"351050005A","SP",24,0,1,1,1,FALSE
"351050008A","SP",24,0,1,1,1,FALSE
"351050010A","SP",24,0,1,1,1,FALSE
"351050012A","SP",24,0,1,1,1,FALSE
"351060902A","SP",24,0,1,1,1,FALSE
"351170601A","SP",24,0,1,1,1,FALSE
"351220901A","SP",24,0,1,1,1,FALSE
"351270401A","SP",24,0,1,1,1,FALSE
"351300906A","SP",24,0,1,1,1,FALSE
"351340501A","SP",24,0,1,1,1,FALSE
"351350401A","SP",24,0,1,1,1,FALSE
"351350403A","SP",24,0,1,1,1,FALSE
"351350406A","SP",24,0,1,1,1,FALSE
"351380105A","SP",24,0,1,1,1,FALSE
"351380107A","SP",24,0,1,1,1,FALSE
"351500401A","SP",24,0,1,1,1,FALSE
"351500403A","SP",24,0,1,1,1,FALSE
"351510304A","SP",24,0,1,1,1,FALSE
"351570701A","SP",24,0,1,1,1,FALSE
"351570703A","SP",24,0,1,1,1,FALSE
"351570704A","SP",24,0,1,1,1,FALSE
"351630902A","SP",24,0,1,1,1,FALSE
"351630906A","SP",24,0,1,1,1,FALSE
"351640802A","SP",24,0,1,1,1,FALSE
"351640804A","SP",24,0,1,1,1,FALSE
"351840403A","SP",24,0,1,1,1,FALSE
"351870108A","SP",24,0,1,1,1,FALSE
"351870115A","SP",24,0,1,1,1,FALSE
"351870118A","SP",24,0,1,1,1,FALSE
"351870119A","SP",24,0,1,1,1,FALSE
"351870121A","SP",24,0,1,1,1,FALSE
"351880007A","SP",24,0,1,1,1,FALSE
"351907101A","SP",24,0,1,1,1,FALSE
"352040004A","SP",24,0,1,1,1,FALSE
"352040005A","SP",24,0,1,1,1,FALSE
"352042601A","SP",24,0,1,1,1,FALSE
"352100201A","SP",24,0,1,1,1,FALSE
"352110101A","SP",24,0,1,1,1,FALSE
"352210901A","SP",24,0,1,1,1,FALSE
"352220802A","SP",24,0,1,1,1,FALSE
"352250501A","SP",24,0,1,1,1,FALSE
"352250502A","SP",24,0,1,1,1,FALSE
"352260401A","SP",24,0,1,1,1,FALSE
"352400601A","SP",24,0,1,1,1,FALSE
"352440201A","SP",24,0,1,1,1,FALSE
"352470901A","SP",24,0,1,1,1,FALSE
"352550803A","SP",24,0,1,1,1,FALSE
"352590402A","SP",24,0,1,1,1,FALSE
"352690203A","SP",24,0,1,1,1,FALSE
"352720701A","SP",24,0,1,1,1,FALSE
"352940109A","SP",24,0,1,1,1,FALSE
"353060701A","SP",24,0,1,1,1,FALSE
"353060702A","SP",24,0,1,1,1,FALSE
"353170401A","SP",24,0,1,1,1,FALSE
"353440104A","SP",24,0,1,1,1,FALSE
"353490601A","SP",24,0,1,1,1,FALSE
"353620801A","SP",24,0,1,1,1,FALSE
"353680201A","SP",24,0,1,1,1,FALSE
"354060601A","SP",24,0,1,1,1,FALSE
"354330301G","SP",24,0,1,1,1,FALSE
"354330305A","SP",24,0,1,1,1,FALSE
"354330306A","SP",24,0,1,1,1,FALSE
"354330307A","SP",24,0,1,1,1,FALSE
"354340208A","SP",24,0,1,1,1,FALSE
"354500101A","SP",24,0,1,1,1,FALSE
"354580301A","SP",24,0,1,1,1,FALSE
"354580328H","SP",24,0,1,1,1,FALSE
"354730403A","SP",24,0,1,1,1,FALSE
"354780908A","SP",24,0,1,1,1,FALSE
"354780911A","SP",24,0,1,1,1,FALSE
"354780915A","SP",24,0,1,1,1,FALSE
"354780919A","SP",24,0,1,1,1,FALSE
"354850004G","SP",24,0,1,1,1,FALSE
"354850013A","SP",24,0,1,1,1,FALSE
"354870803A","SP",24,0,1,1,1,FALSE
"354870803G","SP",24,0,1,1,1,FALSE
"354870808A","SP",24,0,1,1,1,FALSE
"354870809A","SP",24,0,1,1,1,FALSE
"354870811A","SP",24,0,1,1,1,FALSE
"354870816A","SP",24,0,1,1,1,FALSE
"354880702A","SP",24,0,1,1,1,FALSE
"354880703A","SP",24,0,1,1,1,FALSE
"354890602A","SP",24,0,1,1,1,FALSE
"354980502A","SP",24,0,1,1,1,FALSE
"354990404A","SP",24,0,1,1,1,FALSE
"354990405A","SP",24,0,1,1,1,FALSE
"354990410A","SP",24,0,1,1,1,FALSE
"354995302A","SP",24,0,1,1,1,FALSE
"355000101A","SP",24,0,1,1,1,FALSE
"355030807A","SP",24,0,1,1,1,FALSE
"355030808B","SP",24,0,1,1,1,FALSE
"355030812A","SP",24,0,1,1,1,FALSE
"355030826A","SP",24,0,1,1,1,FALSE
"355030833A","SP",24,0,1,1,1,FALSE
"355030837A","SP",24,0,1,1,1,FALSE
"355030853A","SP",24,0,1,1,1,FALSE
"355030873A","SP",24,0,1,1,1,FALSE
"355030874A","SP",24,0,1,1,1,FALSE
"355030880A","SP",24,0,1,1,1,FALSE
"355030882A","SP",24,0,1,1,1,FALSE
"355030894A","SP",24,0,1,1,1,FALSE
"355070412A","SP",24,0,1,1,1,FALSE
"355070413A","SP",24,0,1,1,1,FALSE
"355070420A","SP",24,0,1,1,1,FALSE
"355100901A","SP",24,0,1,1,1,FALSE
"355100902A","SP",24,0,1,1,1,FALSE
"355100904A","SP",24,0,1,1,1,FALSE
"355100907A","SP",24,0,1,1,1,FALSE
"355240315H","SP",24,0,1,1,1,FALSE
"355280902A","SP",24,0,1,1,1,FALSE
"355540604A","SP",24,0,1,1,1,FALSE
"355540606A","SP",24,0,1,1,1,FALSE
"355540607A","SP",24,0,1,1,1,FALSE
"355540609A","SP",24,0,1,1,1,FALSE
"355540615A","SP",24,0,1,1,1,FALSE
"355540617A","SP",24,0,1,1,1,FALSE
"61810800","SP",24,0,1,1,1,FALSE
"61817004","SP",24,0,1,1,1,FALSE
"61899000","SP",24,0,1,1,1,FALSE
"61902000","SP",24,0,1,1,1,FALSE
"62346000","SP",24,0,1,1,1,FALSE
"62346500","SP",24,0,1,1,1,FALSE
"62373000","SP",24,0,1,1,1,FALSE
"62379050","SP",24,0,1,1,1,FALSE
"62557000","SP",24,0,1,1,1,FALSE
"62744080","SP",24,0,1,1,1,FALSE
"62758000","SP",24,0,1,1,1,FALSE
"62760043","SP",24,0,1,1,1,FALSE
"62776450","SP",24,0,1,1,1,FALSE
"62823000","SP",24,0,1,1,1,FALSE
"63170100","SP",24,0,1,1,1,FALSE
"64198000","SP",24,0,1,1,1,FALSE
"64232000","SP",24,0,1,1,1,FALSE
"64250010","SP",24,0,1,1,1,FALSE
"64278500","SP",24,0,1,1,1,FALSE
"80360200","SP",24,0,1,1,1,FALSE
"81350000","SP",24,0,1,1,1,FALSE
"81545000","SP",24,0,1,1,1,FALSE
"81595000","SP",24,0,1,1,1,FALSE
"81710000","SP",24,0,1,1,1,FALSE
"A744","SP",24,0,1,1,1,FALSE
"A767","SP",24,0,1,1,1,FALSE
"A770","SP",24,0,1,1,1,FALSE
"A019","TO",24,0,7,7,7,FALSE
"A009","TO",24,0,6,6,6,FALSE
"A020","TO",24,0,5,5,5,FALSE
"A044","TO",24,0,5,5,5,FALSE
"A021","TO",24,0,4,4,4,FALSE
"A038","TO",24,0,4,4,4,FALSE
"170210901A","TO",24,0,3,3,3,FALSE
"170210903A","TO",24,0,3,3,3,FALSE
"171830301A","TO",24,0,3,3,3,FALSE
"A018","TO",24,0,3,3,3,FALSE
"A043","TO",24,0,3,3,3,FALSE
"A052","TO",24,0,3,3,3,FALSE
"170220801A","TO",24,0,2,2,2,FALSE
"171886501A","TO",24,0,2,2,2,FALSE
"A051","TO",24,0,2,2,2,FALSE
"A053","TO",24,0,2,2,2,FALSE
"170730601A","TO",24,0,1,1,1,FALSE
"170820501A","TO",24,0,1,1,1,FALSE
"171820401A","TO",24,0,1,1,1,FALSE
"172030901A","TO",24,0,1,1,1,FALSE
"172210701A","TO",24,0,1,1,1,FALSE
"21770080","TO",24,0,1,1,1,FALSE
"21780180","TO",24,0,1,1,1,FALSE
"21860000","TO",24,0,1,1,1,FALSE
"22151000","TO",24,0,1,1,1,FALSE
"22490100","TO",24,0,1,1,1,FALSE
"22511000","TO",24,0,1,1,1,FALSE
"27320000","TO",24,0,1,1,1,FALSE
"28300000","TO",24,0,1,1,1,FALSE
"A010","TO",24,0,1,1,1,FALSE
"A039","TO",24,0,1,1,1,FALSE
"A040","TO",24,0,1,1,1,FALSE
"A041","TO",24,0,1,1,1,FALSE
"A048","TO",24,0,1,1,1,FALSE
"A049","TO",24,0,1,1,1,FALSE
"A054","TO",24,0,1,1,1,FALSE
